Date,Time,"Virtual Memory Committed [MB]","Virtual Memory Available [MB]","Virtual Memory Load [%]","Physical Memory Used [MB]","Physical Memory Available [MB]","Physical Memory Load [%]","Page File Usage [%]","Core VIDs (avg) [V]","P-core 0 VID [V]","P-core 1 VID [V]","E-core 2 VID [V]","E-core 3 VID [V]","E-core 4 VID [V]","E-core 5 VID [V]","E-core 6 VID [V]","E-core 7 VID [V]","E-core 8 VID [V]","E-core 9 VID [V]","Uncore VID [V]","SA VID [V]","Core Clocks (avg) [MHz]","P-core 0 Clock [MHz]","P-core 1 Clock [MHz]","E-core 2 Clock [MHz]","E-core 3 Clock [MHz]","E-core 4 Clock [MHz]","E-core 5 Clock [MHz]","E-core 6 Clock [MHz]","E-core 7 Clock [MHz]","E-core 8 Clock [MHz]","E-core 9 Clock [MHz]","Bus Clock [MHz]","Ring/LLC Clock [MHz]","Core Effective Clocks (avg) [MHz]","P-core 0 T0 Effective Clock [MHz]","P-core 0 T1 Effective Clock [MHz]","P-core 1 T0 Effective Clock [MHz]","P-core 1 T1 Effective Clock [MHz]","E-core 2 T0 Effective Clock [MHz]","E-core 3 T0 Effective Clock [MHz]","E-core 4 T0 Effective Clock [MHz]","E-core 5 T0 Effective Clock [MHz]","E-core 6 T0 Effective Clock [MHz]","E-core 7 T0 Effective Clock [MHz]","E-core 8 T0 Effective Clock [MHz]","E-core 9 T0 Effective Clock [MHz]","Average Effective Clock [MHz]","Core Usage (avg) [%]","P-core 0 T0 Usage [%]","P-core 0 T1 Usage [%]","P-core 1 T0 Usage [%]","P-core 1 T1 Usage [%]","E-core 2 T0 Usage [%]","E-core 3 T0 Usage [%]","E-core 4 T0 Usage [%]","E-core 5 T0 Usage [%]","E-core 6 T0 Usage [%]","E-core 7 T0 Usage [%]","E-core 8 T0 Usage [%]","E-core 9 T0 Usage [%]","Max CPU/Thread Usage [%]","Total CPU Usage [%]","On-Demand Clock Modulation [%]","Core Utility (avg) [%]","P-core 0 T0 Utility [%]","P-core 0 T1 Utility [%]","P-core 1 T0 Utility [%]","P-core 1 T1 Utility [%]","E-core 2 T0 Utility [%]","E-core 3 T0 Utility [%]","E-core 4 T0 Utility [%]","E-core 5 T0 Utility [%]","E-core 6 T0 Utility [%]","E-core 7 T0 Utility [%]","E-core 8 T0 Utility [%]","E-core 9 T0 Utility [%]","Total CPU Utility [%]","Core Ratios (avg) [x]","P-core 0 Ratio [x]","P-core 1 Ratio [x]","E-core 2 Ratio [x]","E-core 3 Ratio [x]","E-core 4 Ratio [x]","E-core 5 Ratio [x]","E-core 6 Ratio [x]","E-core 7 Ratio [x]","E-core 8 Ratio [x]","E-core 9 Ratio [x]","Uncore Ratio [x]","Core Temperatures (avg) [°C]","P-core 0 [°C]","P-core 1 [°C]","E-core 2 [°C]","E-core 3 [°C]","E-core 4 [°C]","E-core 5 [°C]","E-core 6 [°C]","E-core 7 [°C]","E-core 8 [°C]","E-core 9 [°C]","Core Distance to TjMAX (avg) [°C]","P-core 0 Distance to TjMAX [°C]","P-core 1 Distance to TjMAX [°C]","E-core 2 Distance to TjMAX [°C]","E-core 3 Distance to TjMAX [°C]","E-core 4 Distance to TjMAX [°C]","E-core 5 Distance to TjMAX [°C]","E-core 6 Distance to TjMAX [°C]","E-core 7 Distance to TjMAX [°C]","E-core 8 Distance to TjMAX [°C]","E-core 9 Distance to TjMAX [°C]","CPU Package [°C]","Core Max [°C]","Core Thermal Throttling (avg) [Yes/No]","P-core 0 Thermal Throttling [Yes/No]","P-core 1 Thermal Throttling [Yes/No]","E-core 2 Thermal Throttling [Yes/No]","E-core 3 Thermal Throttling [Yes/No]","E-core 4 Thermal Throttling [Yes/No]","E-core 5 Thermal Throttling [Yes/No]","E-core 6 Thermal Throttling [Yes/No]","E-core 7 Thermal Throttling [Yes/No]","E-core 8 Thermal Throttling [Yes/No]","E-core 9 Thermal Throttling [Yes/No]","Core Critical Temperature (avg) [Yes/No]","P-core 0 Critical Temperature [Yes/No]","P-core 1 Critical Temperature [Yes/No]","E-core 2 Critical Temperature [Yes/No]","E-core 3 Critical Temperature [Yes/No]","E-core 4 Critical Temperature [Yes/No]","E-core 5 Critical Temperature [Yes/No]","E-core 6 Critical Temperature [Yes/No]","E-core 7 Critical Temperature [Yes/No]","E-core 8 Critical Temperature [Yes/No]","E-core 9 Critical Temperature [Yes/No]","Core Power Limit Exceeded (avg) [Yes/No]","P-core 0 Power Limit Exceeded [Yes/No]","P-core 1 Power Limit Exceeded [Yes/No]","E-core 2 Power Limit Exceeded [Yes/No]","E-core 3 Power Limit Exceeded [Yes/No]","E-core 4 Power Limit Exceeded [Yes/No]","E-core 5 Power Limit Exceeded [Yes/No]","E-core 6 Power Limit Exceeded [Yes/No]","E-core 7 Power Limit Exceeded [Yes/No]","E-core 8 Power Limit Exceeded [Yes/No]","E-core 9 Power Limit Exceeded [Yes/No]","Package/Ring Thermal Throttling [Yes/No]","Package/Ring Critical Temperature [Yes/No]","Package/Ring Power Limit Exceeded [Yes/No]","CPU Package [°C]","CPU IA Cores [°C]","CPU GT Cores (Graphics) [°C]","VR VCC Temperature (SVID) [°C]","Voltage Offsets (avg) [V]","IA Voltage Offset [V]","GT Voltage Offset [V]","CLR (CBo/LLC/Ring) Voltage Offset [V]","GT Media Voltage Offset [V]","SA Voltage Offset [V]","L2 E-core Voltage Offset [V]","VDDQ TX Voltage [V]","VR VCC Current (SVID IOUT) [A]","CPU Package Power [W]","IA Cores Power [W]","Total System Power [W]","System Agent Power [W]","Rest-of-Chip Power [W]","PCH Power [W]","PL1 Power Limit (Static) [W]","PL1 Power Limit (Dynamic) [W]","PL2 Power Limit (Static) [W]","PL2 Power Limit (Dynamic) [W]","VR VCC Power (SVID POUT) [W]","GPU Clock [MHz]","GPU D3D Memory Dynamic [MB]","Current cTDP Level []","Package C2 Residency [%]","Core C0 Residency (avg) [%]","P-core 0 T0 C0 Residency [%]","P-core 0 T1 C0 Residency [%]","P-core 1 T0 C0 Residency [%]","P-core 1 T1 C0 Residency [%]","E-core 2 T0 C0 Residency [%]","E-core 3 T0 C0 Residency [%]","E-core 4 T0 C0 Residency [%]","E-core 5 T0 C0 Residency [%]","E-core 6 T0 C0 Residency [%]","E-core 7 T0 C0 Residency [%]","E-core 8 T0 C0 Residency [%]","E-core 9 T0 C0 Residency [%]","Core C1 Residency (avg) [%]","P-core 0 C1 Residency [%]","P-core 1 C1 Residency [%]","E-core 2 C1 Residency [%]","E-core 3 C1 Residency [%]","E-core 4 C1 Residency [%]","E-core 5 C1 Residency [%]","E-core 6 C1 Residency [%]","E-core 7 C1 Residency [%]","E-core 8 C1 Residency [%]","E-core 9 C1 Residency [%]","Core C6 Residency (avg) [%]","P-core 0 C6 Residency [%]","P-core 1 C6 Residency [%]","E-core 2 C6 Residency [%]","E-core 3 C6 Residency [%]","E-core 4 C6 Residency [%]","E-core 5 C6 Residency [%]","E-core 6 C6 Residency [%]","E-core 7 C6 Residency [%]","E-core 8 C6 Residency [%]","E-core 9 C6 Residency [%]","Core C7 Residency (avg) [%]","P-core 0 C7 Residency [%]","P-core 1 C7 Residency [%]","Memory Clock [MHz]","Memory Clock Ratio [x]","Tcas [T]","Trcd [T]","Trp [T]","Tras [T]","Trc [T]","Trfc [T]","Command Rate [T]","Gear Mode []","IA Limit Reasons (avg) [Yes/No]","IA: PROCHOT [Yes/No]","IA: Thermal Event [Yes/No]","IA: Residency State Regulation [Yes/No]","IA: Running Average Thermal Limit [Yes/No]","IA: VR Thermal Alert [Yes/No]","IA: VR TDC [Yes/No]","IA: Electrical Design Point/Other (ICCmax,PL4,SVID,DDR RAPL) [Yes/No]","IA: Package-Level RAPL/PBM PL1 [Yes/No]","IA: Package-Level RAPL/PBM PL2,PL3 [Yes/No]","IA: Max Turbo Limit [Yes/No]","IA: Turbo Attenuation (MCT) [Yes/No]","IA: Thermal Velocity Boost [Yes/No]","GT Limit Reasons (avg) [Yes/No]","GT: PROCHOT [Yes/No]","GT: Thermal Event [Yes/No]","GT: DDR RAPL [Yes/No]","GT: Residency State Regulation [Yes/No]","GT: Running Average Thermal Limit [Yes/No]","GT: VR Thermal Alert [Yes/No]","GT: VR TDC [Yes/No]","GT: Max VR Voltage, ICCmax, PL4 [Yes/No]","GT: Domain-Level PBM PLGT [Yes/No]","GT: Package-Level RAPL/PBM PL1 [Yes/No]","GT: Package-Level RAPL/PBM PL2,PL3 [Yes/No]","GT: Inefficient Operation [Yes/No]","GT: Fuses limit [Yes/No]","Ring Limit Reasons (avg) [Yes/No]","RING: PROCHOT [Yes/No]","RING: Thermal Event [Yes/No]","RING: DDR RAPL [Yes/No]","RING: Residency State Regulation [Yes/No]","RING: Running Average Thermal Limit [Yes/No]","RING: VR Thermal Alert [Yes/No]","RING: VR TDC [Yes/No]","RING: Max VR Voltage, ICCmax, PL4 [Yes/No]","RING: Package-Level RAPL/PBM PL1 [Yes/No]","RING: Package-Level RAPL/PBM PL2,PL3 [Yes/No]","PCH Temperature [°C]","Drive Temperature [°C]","Drive Temperature 2 [°C]","Drive Temperature 3 [°C]","Drive Remaining Life [%]","Drive Available Spare [%]","Drive Failure [Yes/No]","Drive Warning [Yes/No]","Total Host Writes [GB]","Total Host Reads [GB]","Read Activity [%]","Write Activity [%]","Total Activity [%]","Read Rate [MB/s]","Write Rate [MB/s]","Read Total [MB]","Write Total [MB]","Battery Voltage [V]","Remaining Capacity [Wh]","Charge Level [%]","Charge Rate [W]","Wear Level [%]","Framerate Presented (avg) [FPS]","Framerate Presented (99%) [FPS]","Framerate Presented (1%) [FPS]","Framerate Presented (0.1%) [FPS]","Framerate Presented (1% low) [FPS]","Framerate Presented (0.1% low) [FPS]","Framerate Displayed (avg) [FPS]","Framerate Displayed (99%) [FPS]","Framerate Displayed (1%) [FPS]","Framerate Displayed (0.1%) [FPS]","Framerate Displayed (1% low) [FPS]","Framerate Displayed (0.1% low) [FPS]","Frame Time Presented (avg) [ms]","Frame Time Presented (99%) [ms]","Frame Time Presented (1%) [ms]","Frame Time Presented (0.1%) [ms]","Frame Time Displayed (1% high) [ms]","Frame Time Displayed (0.1% high) [ms]","GPU Busy (avg) [ms]","GPU Wait (avg) [ms]","CPU Busy (avg) [ms]","CPU Wait (avg) [ms]","Animation Error (avg) [ms]","Total Errors []",
17.12.2025,21:18:1.912,2736,7068,27.9,3191,4692,40.4,0.2,0.905,0.682,0.986,0.897,0.947,0.897,0.897,0.947,0.932,0.932,0.935,0.713,0.768,2603.6,897.8,3990.2,2693.4,2693.4,2693.4,2693.4,2593.7,2593.7,2593.7,2593.7,99.8,1197.1,54.3,128.5,0.2,235.7,0.2,0.1,0.1,86.2,1.5,198.4,0.1,0.2,0.1,56.6,4.9,7.9,1.4,17.2,1.4,0.6,0.6,8.7,0.0,19.6,0.6,0.0,0.6,19.6,4.9,100.0,4.7,8.2,0.0,16.6,0.0,0.0,0.0,9.5,0.2,22.0,0.0,0.0,0.0,4.7,26.1,9.0,40.0,27.0,27.0,27.0,27.0,26.0,26.0,26.0,26.0,12.0,44,41,41,47,47,47,47,43,43,43,43,56,59,59,53,53,53,53,57,57,57,57,47,47,No,No,No,No,No,No,No,No,No,No,No,No,No,No,No,No,No,No,No,No,No,No,No,No,No,No,No,No,No,No,No,No,No,No,No,No,46,46,44,46,0.000,0.000,0.000,0.000,0.000,0.000,0.000,1.200,0.938,2.499,0.359,9.990,1.768,0.068,0.134,45.0,15.0,55.0,55.0,1.000,99.8,0,0,51.3,4.7,9.4,0.0,19.3,0.0,0.0,0.0,8.3,0.1,19.3,0.0,0.0,0.0,0.9,4.4,4.5,0.0,0.0,0.0,0.0,0.0,0.0,0.0,0.0,77.4,0.0,1.8,100.0,100.0,91.6,99.9,80.5,100.0,100.0,100.0,78.9,85.1,72.6,1596.1,16.00,22,22,22,52,74,560,1,2,Yes,No,No,No,No,No,No,No,No,No,Yes,No,No,No,No,No,No,No,No,No,No,No,No,No,No,No,No,No,No,No,No,No,No,No,No,No,No,No,44.0,37,37,35,89.0,100.0,No,No,19343,54886,0.0,2.1,2.1,0.000,0.159,3219,2755,12.757,44.631,100.0,0.000,17.4,0.0,0.0,0.0,0.0,0.0,0.0,0.0,0.0,0.0,0.0,0.0,0.0,0.00,0.00,0.00,0.00,0.00,0.00,0.00,0.00,0.00,0.00,0.00,0,
17.12.2025,21:18:3.895,2744,7059,27.9,3190,4694,40.4,0.2,0.786,0.795,0.777,0.774,0.784,0.784,0.784,0.784,0.794,0.791,0.791,0.738,0.768,1596.1,2094.9,1995.1,1396.6,1496.3,1496.3,1496.3,1496.3,1496.3,1496.3,1496.3,99.8,1496.3,52.9,140.3,0.2,266.8,0.4,0.2,0.2,51.8,53.4,63.2,56.2,2.1,0.2,64.2,10.6,6.0,43.3,15.5,43.5,1.1,1.1,3.1,3.8,3.6,3.9,1.2,1.1,43.5,10.6,100.0,4.4,9.3,0.0,19.5,0.0,0.0,0.0,5.3,5.6,6.4,5.9,0.2,0.0,4.4,16.0,21.0,20.0,14.0,15.0,15.0,15.0,15.0,15.0,15.0,15.0,15.0,47,43,43,49,49,49,49,46,46,46,46,53,57,57,51,51,51,51,54,54,54,54,49,49,No,No,No,No,No,No,No,No,No,No,No,No,No,No,No,No,No,No,No,No,No,No,No,No,No,No,No,No,No,No,No,No,No,No,No,No,56,56,44,45,0.000,0.000,0.000,0.000,0.000,0.000,0.000,1.200,10.938,2.989,0.721,10.576,1.800,0.096,0.133,45.0,15.0,55.0,55.0,11.000,99.8,0,0,75.0,2.7,5.4,0.0,16.5,0.0,0.0,0.0,2.3,2.1,3.0,2.3,0.2,0.0,0.9,1.8,1.4,0.0,0.0,1.4,1.5,1.3,1.1,0.0,0.0,78.5,0.5,1.0,100.0,100.0,96.1,96.2,95.3,96.5,99.8,100.0,85.4,91.8,79.1,1596.1,16.00,22,22,22,52,74,560,1,2,Yes,No,No,No,No,No,No,No,No,No,Yes,No,No,No,No,No,No,No,No,No,No,No,No,No,No,No,No,No,No,No,No,No,No,No,No,No,No,No,42.0,37,37,37,89.0,100.0,No,No,19343,54886,0.0,1.1,1.1,0.000,0.040,3219,2755,12.756,44.631,100.0,0.000,17.4,0.0,0.0,0.0,0.0,0.0,0.0,0.0,0.0,0.0,0.0,0.0,0.0,0.00,0.00,0.00,0.00,0.00,0.00,0.00,0.00,0.00,0.00,0.00,0,
17.12.2025,21:18:5.901,2756,7048,28.1,3220,4664,40.8,0.2,0.785,0.705,0.781,0.787,0.792,0.797,0.787,0.797,0.802,0.798,0.803,0.656,0.768,1486.4,1396.6,2094.9,997.6,997.6,1496.3,1496.3,1496.3,1596.1,1596.1,1695.9,99.8,798.0,74.2,201.1,1.2,391.7,1.1,6.0,5.4,107.4,54.5,60.8,34.6,14.0,12.6,96.0,3.9,10.2,2.5,21.6,0.0,0.0,0.0,6.2,2.4,2.9,0.4,0.2,0.2,21.6,3.9,100.0,6.3,14.7,0.1,28.9,0.1,0.6,0.6,11.5,5.8,6.4,3.7,1.5,1.3,6.3,14.9,14.0,21.0,10.0,10.0,15.0,15.0,15.0,16.0,16.0,17.0,8.0,44,40,41,47,47,47,47,43,43,43,43,56,60,59,53,53,53,53,57,57,57,57,48,47,No,No,No,No,No,No,No,No,No,No,No,No,No,No,No,No,No,No,No,No,No,No,No,No,No,No,No,No,No,No,No,No,No,No,No,No,47,47,44,45,0.000,0.000,0.000,0.000,0.000,0.000,0.000,1.200,1.563,3.543,1.217,11.091,1.904,0.074,0.134,45.0,15.0,55.0,55.0,0.000,99.8,0,0,62.1,4.6,11.9,0.1,24.1,0.1,0.4,0.4,7.2,3.2,3.9,1.9,0.9,0.9,0.7,1.6,2.1,0.0,0.0,0.7,1.0,0.8,1.0,0.0,0.0,77.9,0.0,2.7,99.5,99.6,91.7,95.5,94.8,96.9,99.0,99.1,77.1,85.2,68.9,1596.1,16.00,22,22,22,52,74,560,1,2,Yes,No,No,No,No,No,No,No,No,No,Yes,No,No,No,No,No,No,No,No,No,No,No,No,No,No,No,No,No,No,No,No,No,No,No,No,No,No,No,42.0,37,37,36,89.0,100.0,No,No,19343,54886,0.0,1.9,1.9,0.000,0.144,3219,2755,12.757,44.631,100.0,0.000,17.4,0.0,0.0,0.0,0.0,0.0,0.0,0.0,0.0,0.0,0.0,0.0,0.0,0.00,0.00,0.00,0.00,0.00,0.00,0.00,0.00,0.00,0.00,0.00,0,
17.12.2025,21:18:7.892,2750,7054,28.0,3213,4670,40.7,0.2,0.782,0.678,0.758,0.801,0.801,0.801,0.796,0.796,0.799,0.799,0.794,0.611,0.768,1695.9,798.0,1795.6,1795.6,1795.6,1795.6,1795.6,1795.6,1795.6,1795.6,1795.6,99.8,399.0,84.9,347.7,0.6,382.0,0.5,0.5,0.4,110.8,56.0,89.4,29.6,0.7,0.4,112.3,4.6,16.2,0.5,19.4,1.3,0.5,0.5,6.6,3.1,4.3,1.7,0.5,0.5,19.4,4.6,100.0,6.9,25.5,0.0,27.9,0.0,0.0,0.0,11.4,5.8,9.2,3.0,0.1,0.0,6.9,17.0,8.0,18.0,18.0,18.0,18.0,18.0,18.0,18.0,18.0,18.0,4.0,44,40,41,46,46,46,46,44,44,44,44,56,60,59,54,54,54,54,56,56,56,56,47,46,No,No,No,No,No,No,No,No,No,No,No,No,No,No,No,No,No,No,No,No,No,No,No,No,No,No,No,No,No,No,No,No,No,No,No,No,48,48,45,45,0.000,0.000,0.000,0.000,0.000,0.000,0.000,1.200,2.813,3.734,1.322,11.259,1.956,0.094,0.135,45.0,15.0,55.0,55.0,1.000,99.8,0,0,60.2,4.5,17.3,0.1,21.1,0.0,0.0,0.0,6.7,2.8,4.3,1.4,0.1,0.0,2.5,6.9,6.4,0.0,0.0,3.8,3.1,2.9,1.6,0.0,0.0,77.7,2.6,2.9,100.0,100.0,88.9,93.9,92.2,96.9,99.9,100.0,69.5,71.7,67.3,1596.1,16.00,22,22,22,52,74,560,1,2,Yes,No,No,No,No,No,No,No,No,No,Yes,No,No,No,No,No,No,No,No,No,No,No,No,No,No,No,No,No,No,No,No,No,No,No,No,No,No,No,44.0,37,37,38,89.0,100.0,No,No,19343,54886,0.0,1.7,1.7,0.000,0.077,3219,2755,12.756,44.631,100.0,0.000,17.4,0.0,0.0,0.0,0.0,0.0,0.0,0.0,0.0,0.0,0.0,0.0,0.0,0.00,0.00,0.00,0.00,0.00,0.00,0.00,0.00,0.00,0.00,0.00,0,
17.12.2025,21:18:9.910,2740,7064,27.9,3204,4680,40.6,0.2,1.096,1.113,1.103,1.018,1.018,1.018,1.148,1.138,1.138,1.138,1.133,1.023,0.768,3411.7,4289.5,4289.5,3192.2,3192.2,3192.2,3192.2,3192.2,3192.2,3192.2,3192.2,99.8,3691.0,24.6,80.1,0.1,184.0,0.2,0.1,0.1,18.6,2.3,9.7,0.1,0.1,0.1,35.7,1.6,4.3,0.0,13.8,0.0,0.0,0.0,1.3,0.0,0.0,0.0,0.0,0.0,13.8,1.6,100.0,1.9,5.8,0.0,13.7,0.0,0.0,0.0,1.9,0.2,0.9,0.0,0.0,0.0,1.9,34.2,43.0,43.0,32.0,32.0,32.0,32.0,32.0,32.0,32.0,32.0,37.0,46,47,39,48,48,48,48,45,45,45,45,54,53,61,52,52,52,52,55,55,55,55,48,48,No,No,No,No,No,No,No,No,No,No,No,No,No,No,No,No,No,No,No,No,No,No,No,No,No,No,No,No,No,No,No,No,No,No,No,No,48,48,44,45,0.000,0.000,0.000,0.000,0.000,0.000,0.000,1.200,1.875,4.121,1.772,11.691,1.905,0.091,0.133,45.0,15.0,55.0,55.0,1.000,99.8,0,0,78.7,1.8,4.4,0.0,14.8,0.0,0.0,0.0,1.2,0.2,0.7,0.0,0.0,0.0,0.2,0.1,0.1,0.0,0.0,0.8,0.0,1.0,0.0,0.0,0.0,79.6,0.0,0.0,100.0,100.0,97.9,99.8,98.2,100.0,100.0,100.0,89.1,95.1,83.2,1596.1,16.00,22,22,22,52,74,560,1,2,Yes,No,No,No,No,No,No,No,No,No,Yes,No,No,No,No,No,No,No,No,No,No,No,No,No,No,No,No,No,No,No,No,No,No,No,No,No,No,No,44.0,37,37,36,89.0,100.0,No,No,19343,54886,0.0,1.0,1.0,0.000,0.018,3219,2755,12.758,44.631,100.0,0.000,17.4,0.0,0.0,0.0,0.0,0.0,0.0,0.0,0.0,0.0,0.0,0.0,0.0,0.00,0.00,0.00,0.00,0.00,0.00,0.00,0.00,0.00,0.00,0.00,0,
17.12.2025,21:18:11.911,2737,7066,27.9,3201,4683,40.5,0.2,0.907,0.844,0.888,0.923,0.923,0.923,0.878,0.923,0.923,0.923,0.923,0.793,0.768,2633.6,2992.7,3391.7,2493.9,2493.9,2493.9,2493.9,2493.9,2493.9,2493.9,2493.9,99.8,2394.1,14.5,34.6,0.1,128.9,0.2,0.1,0.1,8.8,0.3,0.8,0.1,0.1,0.1,21.6,1.0,1.8,0.1,9.2,0.0,0.1,0.1,0.0,0.1,0.1,0.1,0.1,0.1,9.2,1.0,100.0,1.1,2.5,0.0,9.2,0.0,0.0,0.0,0.9,0.0,0.1,0.0,0.0,0.0,1.1,26.4,30.0,34.0,25.0,25.0,25.0,25.0,25.0,25.0,25.0,25.0,24.0,46,42,42,48,48,48,48,45,45,45,45,54,58,58,52,52,52,52,55,55,55,55,48,48,No,No,No,No,No,No,No,No,No,No,No,No,No,No,No,No,No,No,No,No,No,No,No,No,No,No,No,No,No,No,No,No,No,No,No,No,47,47,42,45,0.000,0.000,0.000,0.000,0.000,0.000,0.000,1.200,1.875,2.802,0.574,10.394,1.849,0.071,0.133,45.0,15.0,55.0,55.0,1.000,99.8,0,0,82.5,1.3,2.8,0.0,11.3,0.0,0.0,0.0,0.8,0.0,0.1,0.0,0.0,0.0,0.1,0.0,1.1,0.0,0.0,0.0,0.0,0.0,0.0,0.0,0.0,79.9,0.0,0.0,100.0,100.0,99.1,100.0,99.9,100.0,100.0,100.0,91.2,96.8,85.6,1596.1,16.00,22,22,22,52,74,560,1,2,Yes,No,No,No,No,No,No,No,No,No,Yes,No,No,No,No,No,No,No,No,No,No,No,No,No,No,No,No,No,No,No,No,No,No,No,No,No,No,No,42.0,37,37,36,89.0,100.0,No,No,19343,54886,0.0,1.0,1.0,0.000,0.020,3219,2755,12.757,44.631,100.0,0.000,17.4,0.0,0.0,0.0,0.0,0.0,0.0,0.0,0.0,0.0,0.0,0.0,0.0,0.00,0.00,0.00,0.00,0.00,0.00,0.00,0.00,0.00,0.00,0.00,0,
17.12.2025,21:18:13.906,2727,7077,27.8,3187,4696,40.4,0.2,0.817,0.813,0.810,0.815,0.815,0.815,0.815,0.815,0.815,0.829,0.829,0.763,0.768,2084.9,2493.9,2493.9,1895.4,1995.1,1995.1,1995.1,1995.1,1995.1,1995.1,1995.1,99.8,1895.4,17.0,51.5,0.1,125.1,0.2,0.1,0.1,16.2,3.5,7.1,0.1,0.1,0.1,24.6,1.7,4.0,0.7,11.3,0.0,0.7,0.7,1.8,0.3,0.0,0.7,0.0,0.0,11.3,1.7,100.0,1.3,3.8,0.0,8.9,0.0,0.0,0.0,1.7,0.4,0.8,0.0,0.0,0.0,1.3,20.9,25.0,25.0,19.0,20.0,20.0,20.0,20.0,20.0,20.0,20.0,19.0,45,41,41,48,48,48,48,43,43,43,43,55,59,59,52,52,52,52,57,57,57,57,48,48,No,No,No,No,No,No,No,No,No,No,No,No,No,No,No,No,No,No,No,No,No,No,No,No,No,No,No,No,No,No,No,No,No,No,No,No,48,48,44,44,0.000,0.000,0.000,0.000,0.000,0.000,0.000,1.200,1.875,2.581,0.407,10.127,1.818,0.065,0.134,45.0,15.0,55.0,55.0,1.000,99.8,0,0,81.2,1.5,3.6,0.0,12.2,0.0,0.0,0.0,1.2,0.4,0.7,0.0,0.0,0.0,0.1,0.2,1.1,0.0,0.0,0.0,0.0,0.0,0.0,0.0,0.0,79.9,0.0,2.0,100.0,100.0,98.7,99.6,99.2,100.0,100.0,100.0,89.4,95.8,83.0,1596.1,16.00,22,22,22,52,74,560,1,2,Yes,No,No,No,No,No,No,No,No,No,Yes,No,No,No,No,No,No,No,No,No,No,No,No,No,No,No,No,No,No,No,No,No,No,No,No,No,No,No,43.0,37,37,35,89.0,100.0,No,No,19343,54886,0.0,2.0,2.0,0.000,0.034,3219,2755,12.757,44.631,100.0,0.000,17.4,0.0,0.0,0.0,0.0,0.0,0.0,0.0,0.0,0.0,0.0,0.0,0.0,0.00,0.00,0.00,0.00,0.00,0.00,0.00,0.00,0.00,0.00,0.00,0,
17.12.2025,21:18:15.902,2726,7077,27.8,3186,4697,40.4,0.2,0.967,0.903,0.986,0.996,0.996,0.996,0.982,0.952,0.952,0.952,0.957,0.858,0.768,2942.8,3491.5,3990.2,2793.2,2793.2,2793.2,2793.2,2693.4,2693.4,2693.4,2693.4,99.8,2892.9,14.1,42.8,0.1,121.1,0.1,0.1,0.1,4.8,0.1,0.4,0.1,0.1,0.1,21.1,1.1,2.2,0.0,9.8,0.0,0.0,0.0,0.0,0.3,0.0,0.0,0.3,0.3,9.8,1.1,100.0,1.0,3.1,0.0,8.6,0.0,0.0,0.0,0.5,0.0,0.0,0.0,0.0,0.0,1.0,29.5,35.0,40.0,28.0,28.0,28.0,28.0,27.0,27.0,27.0,27.0,29.0,45,41,42,48,48,48,48,43,43,43,43,55,59,58,52,52,52,52,57,57,57,57,48,48,No,No,No,No,No,No,No,No,No,No,No,No,No,No,No,No,No,No,No,No,No,No,No,No,No,No,No,No,No,No,No,No,No,No,No,No,47,47,44,44,0.000,0.000,0.000,0.000,0.000,0.000,0.000,1.200,1.563,2.614,0.408,10.187,1.844,0.067,0.134,45.0,15.0,55.0,55.0,0.000,99.8,0,0,82.5,1.3,2.9,0.0,11.7,0.0,0.0,0.0,0.5,0.0,0.1,0.0,0.0,0.0,0.1,0.0,0.8,0.0,0.0,0.0,0.0,0.0,0.0,0.0,0.0,79.9,0.0,0.0,100.0,100.0,99.5,100.0,99.9,100.0,100.0,100.0,91.2,96.8,85.7,1596.1,16.00,22,22,22,52,74,560,1,2,No,No,No,No,No,No,No,No,No,No,No,No,No,No,No,No,No,No,No,No,No,No,No,No,No,No,No,No,No,No,No,No,No,No,No,No,No,No,43.0,37,37,35,89.0,100.0,No,No,19343,54886,0.0,1.1,1.1,0.000,0.075,3219,2756,12.756,44.631,100.0,0.000,17.4,0.0,0.0,0.0,0.0,0.0,0.0,0.0,0.0,0.0,0.0,0.0,0.0,0.00,0.00,0.00,0.00,0.00,0.00,0.00,0.00,0.00,0.00,0.00,0,
17.12.2025,21:18:17.903,2721,7083,27.7,3181,4702,40.3,0.2,1.043,1.070,1.103,0.993,1.143,0.993,0.993,0.993,0.999,1.149,0.999,1.023,0.768,3411.7,4289.5,4289.5,3192.2,3192.2,3192.2,3192.2,3192.2,3192.2,3192.2,3192.2,99.8,3691.0,14.1,41.2,0.1,125.5,0.1,0.1,0.1,1.7,0.1,0.3,0.1,0.1,0.1,21.1,5.2,2.3,0.0,9.1,49.6,0.0,0.0,0.1,0.0,1.5,0.0,0.0,0.0,49.6,5.2,100.0,1.0,3.1,0.0,8.8,0.0,0.0,0.0,0.2,0.0,0.0,0.0,0.0,0.0,1.0,34.2,43.0,43.0,32.0,32.0,32.0,32.0,32.0,32.0,32.0,32.0,37.0,44,42,46,46,46,46,46,43,43,43,43,56,58,54,54,54,54,54,57,57,57,57,47,46,No,No,No,No,No,No,No,No,No,No,No,No,No,No,No,No,No,No,No,No,No,No,No,No,No,No,No,No,No,No,No,No,No,No,No,No,46,46,44,44,0.000,0.000,0.000,0.000,0.000,0.000,0.000,1.200,0.938,2.554,0.381,10.134,1.815,0.065,0.134,45.0,15.0,55.0,55.0,1.000,99.8,0,0,84.9,1.1,2.4,0.0,10.4,0.0,0.0,0.0,0.1,0.0,0.0,0.0,0.0,0.0,0.0,0.0,0.0,0.0,0.0,0.0,0.0,0.0,0.0,0.0,0.0,80.0,0.0,0.0,100.0,100.0,99.9,100.0,100.0,100.0,100.0,100.0,92.7,97.4,87.9,1596.1,16.00,22,22,22,52,74,560,1,2,Yes,No,No,No,No,No,No,No,No,No,Yes,No,No,No,No,No,No,No,No,No,No,No,No,No,No,No,No,No,No,No,No,No,No,No,No,No,No,No,42.0,37,37,37,89.0,100.0,No,No,19343,54886,0.0,1.8,1.8,0.000,0.175,3219,2756,12.756,44.631,100.0,0.000,17.4,0.0,0.0,0.0,0.0,0.0,0.0,0.0,0.0,0.0,0.0,0.0,0.0,0.00,0.00,0.00,0.00,0.00,0.00,0.00,0.00,0.00,0.00,0.00,0,
17.12.2025,21:18:19.911,2721,7083,27.7,3181,4703,40.3,0.2,1.022,0.952,1.047,0.953,0.978,1.108,1.098,1.098,0.953,1.018,1.018,0.913,0.768,3212.1,3790.7,4189.8,2992.7,3092.4,3092.4,3092.4,2992.7,2992.7,2992.7,2892.9,99.8,3291.9,14.1,34.3,0.1,46.3,84.7,0.1,0.2,0.4,2.6,0.3,0.1,0.1,0.1,21.1,1.6,2.2,0.7,4.4,6.5,0.7,0.7,0.0,1.7,0.0,0.7,0.7,0.7,6.5,1.6,100.0,1.0,2.4,0.0,3.2,6.4,0.0,0.0,0.0,0.3,0.0,0.0,0.0,0.0,1.0,32.2,38.0,42.0,30.0,31.0,31.0,31.0,30.0,30.0,30.0,29.0,33.0,44,41,41,46,46,46,46,43,43,43,43,56,59,59,54,54,54,54,57,57,57,57,46,46,No,No,No,No,No,No,No,No,No,No,No,No,No,No,No,No,No,No,No,No,No,No,No,No,No,No,No,No,No,No,No,No,No,No,No,No,46,46,44,44,0.000,0.000,0.000,0.000,0.000,0.000,0.000,1.200,1.250,2.624,0.404,10.148,1.876,0.064,0.134,45.0,15.0,55.0,55.0,0.000,99.8,0,0,84.5,1.2,2.5,0.0,5.5,5.4,0.0,0.0,0.1,0.3,0.0,0.0,0.0,0.0,0.0,0.0,0.0,0.0,0.0,0.0,0.0,0.0,0.0,0.0,0.0,79.9,0.0,0.0,100.0,100.0,99.9,99.7,99.9,100.0,100.0,100.0,92.4,97.2,87.6,1596.1,16.00,22,22,22,52,74,560,1,2,Yes,No,No,No,No,No,No,No,No,No,Yes,No,No,No,No,No,No,No,No,No,No,No,No,No,No,No,No,No,No,No,No,No,No,No,No,No,No,No,43.0,37,37,36,89.0,100.0,No,No,19343,54886,0.3,0.4,0.7,0.008,0.050,3219,2756,12.756,44.631,100.0,0.000,17.4,0.0,0.0,0.0,0.0,0.0,0.0,0.0,0.0,0.0,0.0,0.0,0.0,0.00,0.00,0.00,0.00,0.00,0.00,0.00,0.00,0.00,0.00,0.00,0,
17.12.2025,21:18:21.927,2735,7069,27.8,3193,4690,40.5,0.2,1.004,1.078,1.135,0.786,1.001,1.001,1.001,1.008,1.008,1.008,1.008,1.023,0.768,3052.5,4289.5,4588.8,1895.4,1895.4,3192.2,3192.2,3192.2,3192.2,1895.4,3192.2,99.8,3691.0,36.2,122.0,0.2,8.7,234.9,3.4,0.1,0.1,30.7,29.6,3.8,0.1,0.1,50.0,1.8,4.8,0.0,0.0,11.5,0.3,0.0,0.0,2.3,2.0,0.0,0.0,0.0,11.5,1.8,100.0,2.6,9.1,0.0,0.1,16.2,0.3,0.0,0.0,3.1,2.0,0.4,0.0,0.0,2.6,30.6,43.0,46.0,19.0,19.0,32.0,32.0,32.0,32.0,19.0,32.0,37.0,46,41,47,48,48,48,48,45,45,45,45,54,59,53,52,52,52,52,55,55,55,55,48,48,No,No,No,No,No,No,No,No,No,No,No,No,No,No,No,No,No,No,No,No,No,No,No,No,No,No,No,No,No,No,No,No,No,No,No,No,47,47,42,45,0.000,0.000,0.000,0.000,0.000,0.000,0.000,1.200,3.438,2.589,0.409,10.058,1.833,0.065,0.134,45.0,15.0,55.0,55.0,2.000,99.8,0,0,77.3,2.0,5.2,0.0,1.1,12.9,0.3,0.0,0.0,2.5,1.7,0.3,0.0,0.0,0.5,1.3,3.4,0.0,0.0,0.0,0.1,0.0,0.2,0.0,0.0,79.4,0.0,0.0,99.7,100.0,100.0,97.1,98.1,99.4,100.0,100.0,87.4,92.9,81.8,1596.1,16.00,22,22,22,52,74,560,1,2,Yes,No,No,No,No,No,No,No,No,No,Yes,No,No,No,No,No,No,No,No,No,No,No,No,No,No,No,No,No,No,No,No,No,No,No,No,No,No,No,42.0,37,37,35,89.0,100.0,No,No,19343,54886,0.0,0.3,0.3,0.000,0.004,3219,2756,12.757,44.631,100.0,0.000,17.4,0.0,0.0,0.0,0.0,0.0,0.0,0.0,0.0,0.0,0.0,0.0,0.0,0.00,0.00,0.00,0.00,0.00,0.00,0.00,0.00,0.00,0.00,0.00,0,
17.12.2025,21:18:23.940,2735,7069,27.9,3193,4691,40.5,0.2,1.024,1.021,1.079,1.144,0.999,0.999,0.999,0.999,0.999,0.999,0.999,0.968,0.768,3391.7,4090.0,4289.5,3192.2,3192.2,3192.2,3192.2,3192.2,3192.2,3192.2,3192.2,99.8,3491.5,14.7,49.9,0.1,8.8,115.0,0.1,0.1,0.1,1.8,0.6,0.1,0.1,0.1,22.0,2.7,3.1,1.0,3.6,9.5,0.0,0.0,0.0,0.5,0.0,14.8,0.0,0.0,14.8,2.7,100.0,1.3,3.8,0.0,0.2,9.7,0.0,0.0,0.0,0.3,1.2,0.0,0.0,0.0,1.3,34.0,41.0,43.0,32.0,32.0,32.0,32.0,32.0,32.0,32.0,32.0,35.0,44,40,42,45,45,45,46,43,43,43,43,56,60,58,55,55,55,54,57,57,57,57,46,46,No,No,No,No,No,No,No,No,No,No,No,No,No,No,No,No,No,No,No,No,No,No,No,No,No,No,No,No,No,No,No,No,No,No,No,No,45,45,42,43,0.000,0.000,0.000,0.000,0.000,0.000,0.000,1.200,0.938,3.040,0.830,9.901,1.838,0.071,0.135,45.0,15.0,55.0,55.0,0.000,99.8,0,0,84.1,1.2,3.0,0.0,1.2,9.9,0.0,0.0,0.0,0.2,0.1,0.0,0.0,0.0,0.0,0.0,0.0,0.0,0.0,0.0,0.0,0.0,0.0,0.0,0.0,80.0,0.0,0.0,100.0,100.0,100.0,99.8,99.9,100.0,100.0,100.0,92.2,96.8,87.6,1596.1,16.00,22,22,22,52,74,560,1,2,Yes,No,No,No,No,No,No,No,No,No,Yes,No,No,No,No,No,No,No,No,No,No,No,No,No,No,No,No,No,No,No,No,No,No,No,No,No,No,No,43.0,37,37,36,89.0,100.0,No,No,19343,54886,0.0,1.7,1.7,0.000,0.126,3219,2756,12.758,44.631,100.0,0.000,17.4,0.0,0.0,0.0,0.0,0.0,0.0,0.0,0.0,0.0,0.0,0.0,0.0,0.00,0.00,0.00,0.00,0.00,0.00,0.00,0.00,0.00,0.00,0.00,0,
17.12.2025,21:18:25.931,2727,7077,27.8,3189,4695,40.4,0.2,0.915,0.841,0.904,0.880,0.930,0.880,0.930,0.930,0.960,0.945,0.955,0.793,0.768,2693.4,2992.7,3591.2,2593.7,2593.7,2593.7,2593.7,2693.4,2693.4,2693.4,1895.4,99.8,2394.1,18.8,61.8,0.1,10.3,147.8,0.4,0.2,0.1,1.6,2.6,0.4,0.3,0.3,27.8,1.7,4.2,0.0,1.1,12.5,0.2,0.2,0.2,0.0,1.2,0.2,0.2,0.2,12.5,1.7,100.0,1.3,4.5,0.0,0.1,10.9,0.0,0.0,0.0,0.1,0.2,0.0,0.0,0.0,1.3,27.0,30.0,36.0,26.0,26.0,26.0,26.0,27.0,27.0,27.0,19.0,24.0,43,40,39,46,46,46,46,42,42,42,42,57,60,61,54,54,54,54,58,58,58,58,46,46,No,No,No,No,No,No,No,No,No,No,No,No,No,No,No,No,No,No,No,No,No,No,No,No,No,No,No,No,No,No,No,No,No,No,No,No,47,47,44,45,0.000,0.000,0.000,0.000,0.000,0.000,0.000,1.200,1.875,2.693,0.479,10.172,1.864,0.064,0.134,45.0,15.0,55.0,55.0,1.000,99.8,0,0,78.4,1.7,4.4,0.0,1.3,13.4,0.0,0.0,0.0,0.2,0.4,0.0,0.0,0.0,0.2,0.5,1.1,0.0,0.0,0.0,0.0,0.0,0.0,0.0,0.0,79.9,0.0,0.0,100.0,100.0,100.0,99.8,99.4,100.0,100.0,100.0,89.1,94.8,83.3,1596.1,16.00,22,22,22,52,74,560,1,2,Yes,No,No,No,No,No,No,No,No,No,Yes,No,No,No,No,No,No,No,No,No,No,No,No,No,No,No,No,No,No,No,No,No,No,No,No,No,No,No,43.0,37,37,35,89.0,100.0,No,No,19343,54886,0.0,0.9,0.9,0.000,0.118,3219,2756,12.758,44.631,100.0,0.000,17.4,0.0,0.0,0.0,0.0,0.0,0.0,0.0,0.0,0.0,0.0,0.0,0.0,0.00,0.00,0.00,0.00,0.00,0.00,0.00,0.00,0.00,0.00,0.00,0,
17.12.2025,21:18:27.946,2727,7077,27.8,3190,4693,40.4,0.2,1.055,0.811,1.121,1.090,0.995,1.130,1.130,1.137,1.137,1.002,1.002,0.783,0.768,3122.4,2493.9,4588.8,3192.2,3192.2,3192.2,3192.2,3192.2,3192.2,1795.6,3192.2,99.8,2194.6,26.6,96.6,0.2,11.0,146.3,35.0,0.2,0.2,23.7,4.2,0.9,0.2,0.2,39.2,5.6,5.6,41.4,0.7,11.6,3.9,0.0,0.0,2.7,0.1,0.6,0.0,0.0,41.4,5.6,100.0,2.1,7.1,0.0,0.1,10.6,3.9,0.0,0.0,2.5,0.3,0.1,0.0,0.0,2.0,31.3,25.0,46.0,32.0,32.0,32.0,32.0,32.0,32.0,18.0,32.0,22.0,44,37,42,47,47,47,47,43,43,43,43,56,63,58,53,53,53,53,57,57,57,57,46,47,No,No,No,No,No,No,No,No,No,No,No,No,No,No,No,No,No,No,No,No,No,No,No,No,No,No,No,No,No,No,No,No,No,No,No,No,47,47,42,44,0.000,0.000,0.000,0.000,0.000,0.000,0.000,1.200,0.938,2.760,0.520,10.240,1.856,0.066,0.134,45.0,15.0,55.0,55.0,0.000,99.8,0,0,74.3,2.3,6.5,0.0,1.3,12.9,3.4,0.0,0.0,2.3,0.6,0.1,0.0,0.0,0.0,0.1,0.3,0.0,0.0,0.0,0.0,0.0,0.0,0.0,0.0,79.3,0.0,0.0,96.5,100.0,100.0,97.5,99.2,99.9,100.0,100.0,88.5,92.7,84.2,1596.1,16.00,22,22,22,52,74,560,1,2,Yes,No,No,No,No,No,No,No,No,No,Yes,No,No,No,No,No,No,No,No,No,No,No,No,No,No,No,No,No,No,No,No,No,No,No,No,No,No,No,42.0,37,37,35,89.0,100.0,No,No,19343,54886,0.0,1.0,1.0,0.000,0.026,3219,2757,12.758,44.631,100.0,0.000,17.4,0.0,0.0,0.0,0.0,0.0,0.0,0.0,0.0,0.0,0.0,0.0,0.0,0.00,0.00,0.00,0.00,0.00,0.00,0.00,0.00,0.00,0.00,0.00,0,
17.12.2025,21:18:29.947,2726,7078,27.8,3192,4692,40.4,0.2,0.964,0.667,0.949,1.074,0.949,0.949,0.949,0.979,0.979,1.004,1.141,0.626,0.768,2902.9,698.3,3890.5,2992.7,2992.7,2992.7,2992.7,3092.4,3092.4,3092.4,3192.2,99.8,399.0,12.9,24.1,0.1,8.1,116.3,0.1,0.1,0.1,4.9,0.9,0.1,0.1,0.1,19.2,1.7,1.3,0.0,7.2,9.3,0.0,0.5,0.5,0.2,0.6,0.0,0.5,0.5,9.3,1.7,100.0,1.0,2.7,0.0,0.1,8.7,0.0,0.0,0.0,0.5,0.1,0.0,0.0,0.0,0.9,29.1,7.0,39.0,30.0,30.0,30.0,30.0,31.0,31.0,31.0,32.0,4.0,44,39,40,46,46,46,46,43,43,43,43,56,61,60,54,54,54,54,57,57,57,57,46,46,No,No,No,No,No,No,No,No,No,No,No,No,No,No,No,No,No,No,No,No,No,No,No,No,No,No,No,No,No,No,No,No,No,No,No,No,46,46,42,44,0.000,0.000,0.000,0.000,0.000,0.000,0.000,1.200,1.563,2.803,0.626,10.382,1.777,0.068,0.134,45.0,15.0,55.0,55.0,1.000,99.8,0,0,84.4,1.2,2.1,0.0,1.1,10.5,0.0,0.0,0.0,0.6,0.1,0.0,0.0,0.0,0.0,0.0,0.2,0.0,0.0,0.0,0.0,0.0,0.0,0.0,0.0,80.1,0.0,1.9,100.0,100.0,100.0,99.4,99.9,100.0,100.0,100.0,91.6,97.6,85.5,1596.1,16.00,22,22,22,52,74,560,1,2,Yes,No,No,No,No,No,No,No,No,No,Yes,No,No,No,No,No,No,No,No,No,No,No,No,No,No,No,No,No,No,No,No,No,No,No,No,No,No,No,43.0,37,37,35,89.0,100.0,No,No,19343,54886,0.0,0.7,0.7,0.000,0.057,3219,2757,12.757,44.631,100.0,0.000,17.4,0.0,0.0,0.0,0.0,0.0,0.0,0.0,0.0,0.0,0.0,0.0,0.0,0.00,0.00,0.00,0.00,0.00,0.00,0.00,0.00,0.00,0.00,0.00,0,
17.12.2025,21:18:31.958,2718,7086,27.7,3184,4700,40.3,0.2,0.674,0.662,0.664,0.670,0.665,0.665,0.665,0.684,0.684,0.684,0.699,0.623,0.768,818.0,598.5,698.3,798.0,798.0,798.0,798.0,897.8,897.8,897.8,997.6,99.8,399.0,13.4,42.1,0.1,8.0,94.6,0.4,0.1,0.1,13.5,1.3,0.1,0.1,0.2,19.9,1.1,2.3,0.3,0.0,8.6,0.0,0.0,0.0,1.5,0.0,0.0,0.0,0.0,8.6,1.1,100.0,0.9,1.9,0.0,0.1,7.0,0.0,0.0,0.0,1.4,0.1,0.0,0.0,0.0,1.0,8.2,6.0,7.0,8.0,8.0,8.0,8.0,9.0,9.0,9.0,10.0,4.0,43,39,39,46,46,46,46,42,42,42,42,57,61,61,54,54,54,54,58,58,58,58,46,46,No,No,No,No,No,No,No,No,No,No,No,No,No,No,No,No,No,No,No,No,No,No,No,No,No,No,No,No,No,No,No,No,No,No,No,No,46,46,42,43,0.000,0.000,0.000,0.000,0.000,0.000,0.000,1.200,0.625,2.506,0.375,10.038,1.790,0.064,0.135,45.0,15.0,55.0,55.0,0.000,99.8,0,0,85.0,1.1,1.9,0.0,1.2,8.9,0.1,0.0,0.0,1.4,0.2,0.0,0.0,0.0,0.0,0.0,0.1,0.0,0.0,0.0,0.0,0.0,0.0,0.0,0.0,79.8,0.0,0.0,99.9,100.0,100.0,98.4,99.8,100.0,100.0,100.0,93.3,97.7,89.0,1596.1,16.00,22,22,22,52,74,560,1,2,Yes,No,No,No,No,No,No,No,No,No,Yes,No,No,No,No,No,No,No,No,No,No,No,No,No,No,No,No,No,No,No,No,No,No,No,No,No,No,No,42.0,37,37,35,89.0,100.0,No,No,19343,54886,0.0,0.5,0.5,0.000,0.006,3219,2757,12.757,44.631,100.0,0.000,17.4,0.0,0.0,0.0,0.0,0.0,0.0,0.0,0.0,0.0,0.0,0.0,0.0,0.00,0.00,0.00,0.00,0.00,0.00,0.00,0.00,0.00,0.00,0.00,0,
17.12.2025,21:18:33.963,2718,7086,27.7,3185,4698,40.4,0.2,0.908,0.668,0.958,0.968,0.903,0.968,0.938,0.920,0.920,0.920,0.920,0.631,0.768,2513.9,598.5,3890.5,2693.4,2693.4,2693.4,2593.7,2493.9,2493.9,2493.9,2493.9,99.8,399.0,18.7,37.2,0.1,8.8,158.7,0.2,0.1,0.1,17.1,1.5,0.1,0.1,0.1,27.8,2.2,3.0,0.2,6.8,10.9,1.7,0.2,0.2,1.7,1.1,0.2,0.2,0.2,10.9,2.2,100.0,1.5,3.8,0.0,0.1,11.8,0.0,0.0,0.0,1.8,0.1,0.0,0.0,0.0,1.5,25.2,6.0,39.0,27.0,27.0,27.0,26.0,25.0,25.0,25.0,25.0,4.0,43,39,36,47,47,47,47,42,42,43,43,57,61,64,53,53,53,53,58,58,57,57,46,47,No,No,No,No,No,No,No,No,No,No,No,No,No,No,No,No,No,No,No,No,No,No,No,No,No,No,No,No,No,No,No,No,No,No,No,No,47,47,42,44,0.000,0.000,0.000,0.000,0.000,0.000,0.000,1.200,2.188,2.562,0.407,10.130,1.812,0.065,0.134,45.0,15.0,55.0,55.0,1.000,99.8,0,0,81.4,1.6,3.8,0.0,1.2,12.3,0.0,0.0,0.0,1.5,0.2,0.0,0.0,0.0,0.1,0.0,0.6,0.0,0.0,0.0,0.0,0.0,0.0,0.0,0.0,79.8,0.0,0.0,100.0,100.0,100.0,98.3,99.8,100.0,100.0,100.0,90.4,95.9,84.9,1596.1,16.00,22,22,22,52,74,560,1,2,Yes,No,No,No,No,No,No,No,No,No,Yes,No,No,No,No,No,No,No,No,No,No,No,No,No,No,No,No,No,No,No,No,No,No,No,No,No,No,No,42.0,37,37,35,89.0,100.0,No,No,19343,54886,0.0,1.6,1.6,0.000,0.117,3219,2757,12.757,44.631,100.0,0.000,17.4,0.0,0.0,0.0,0.0,0.0,0.0,0.0,0.0,0.0,0.0,0.0,0.0,0.00,0.00,0.00,0.00,0.00,0.00,0.00,0.00,0.00,0.00,0.00,0,
17.12.2025,21:18:35.978,2717,7086,27.7,3183,4701,40.3,0.2,0.820,0.672,0.784,0.842,0.827,0.837,0.837,0.852,0.842,0.852,0.852,0.696,0.768,2005.1,798.0,2094.9,1995.1,1995.1,2094.9,2094.9,2194.6,2194.6,2294.4,2294.4,99.8,1097.3,15.2,50.6,0.1,8.4,109.3,0.1,0.1,0.1,11.5,1.5,0.1,0.1,0.1,22.5,1.2,3.3,0.1,0.0,10.0,0.0,0.1,0.1,0.7,0.0,0.0,0.0,0.0,10.0,1.2,100.0,1.0,3.4,0.0,0.1,7.7,0.0,0.0,0.0,1.1,0.1,0.0,0.0,0.0,1.0,20.1,8.0,21.0,20.0,20.0,21.0,21.0,22.0,22.0,23.0,23.0,11.0,44,39,41,46,46,46,46,43,43,43,43,56,61,59,54,54,54,54,57,57,57,57,46,46,No,No,No,No,No,No,No,No,No,No,No,No,No,No,No,No,No,No,No,No,No,No,No,No,No,No,No,No,No,No,No,No,No,No,No,No,46,46,42,43,0.000,0.000,0.000,0.000,0.000,0.000,0.000,1.200,1.250,2.602,0.438,10.172,1.808,0.067,0.134,45.0,15.0,55.0,55.0,0.000,99.8,0,0,83.1,1.3,2.9,0.0,1.2,10.4,0.0,0.0,0.0,0.8,0.2,0.0,0.0,0.0,0.1,0.0,1.2,0.0,0.0,0.0,0.0,0.0,0.0,0.0,0.0,79.9,0.0,0.0,100.0,100.0,100.0,99.1,99.8,100.0,100.0,100.0,91.6,96.9,86.3,1596.1,16.00,22,22,22,52,74,560,1,2,Yes,No,No,No,No,No,No,No,No,No,Yes,No,No,No,No,No,No,No,No,No,No,No,No,No,No,No,No,No,No,No,No,No,No,No,No,No,No,No,42.0,37,37,35,89.0,100.0,No,No,19343,54886,0.0,1.7,1.7,0.000,0.094,3219,2757,12.757,44.631,100.0,0.000,17.4,0.0,0.0,0.0,0.0,0.0,0.0,0.0,0.0,0.0,0.0,0.0,0.0,0.00,0.00,0.00,0.00,0.00,0.00,0.00,0.00,0.00,0.00,0.00,0,
17.12.2025,21:18:37.975,2709,7094,27.6,3174,4710,40.2,0.2,1.017,0.672,0.867,1.127,1.127,1.127,1.127,1.127,0.997,0.997,0.997,0.631,0.768,2952.8,698.3,3291.9,3192.2,3192.2,3192.2,3192.2,3192.2,3192.2,3192.2,3192.2,99.8,399.0,15.2,64.9,0.1,8.8,95.7,0.8,0.1,0.1,10.0,1.8,0.1,0.1,0.1,22.5,2.9,2.9,0.0,19.3,9.4,1.1,0.0,0.0,0.4,0.4,0.3,0.3,0.3,19.3,2.9,100.0,1.1,5.0,0.0,0.1,6.8,0.1,0.0,0.0,1.1,0.2,0.0,0.0,0.0,1.1,29.6,7.0,33.0,32.0,32.0,32.0,32.0,32.0,32.0,32.0,32.0,4.0,44,39,40,46,46,46,46,43,43,43,43,56,61,60,54,54,54,54,57,57,57,57,45,46,No,No,No,No,No,No,No,No,No,No,No,No,No,No,No,No,No,No,No,No,No,No,No,No,No,No,No,No,No,No,No,No,No,No,No,No,46,46,42,43,0.000,0.000,0.000,0.000,0.000,0.000,0.000,1.200,3.125,2.607,0.431,10.191,1.833,0.066,0.135,45.0,15.0,55.0,55.0,2.000,99.8,0,0,82.9,1.4,3.7,0.0,1.3,10.8,0.1,0.0,0.0,0.9,0.2,0.0,0.0,0.0,0.0,0.0,0.0,0.0,0.0,0.0,0.0,0.0,0.0,0.0,0.0,79.9,0.0,0.0,99.9,100.0,100.0,99.0,99.8,100.0,100.0,100.0,91.5,96.0,87.1,1596.1,16.00,22,22,22,52,74,560,1,2,Yes,No,No,No,No,No,No,No,No,No,Yes,No,No,No,No,No,No,No,No,No,No,No,No,No,No,No,No,No,No,No,No,No,No,No,No,No,No,No,42.0,37,37,36,89.0,100.0,No,No,19343,54886,0.0,0.7,0.7,0.000,0.010,3219,2757,12.756,44.631,100.0,0.000,17.4,0.0,0.0,0.0,0.0,0.0,0.0,0.0,0.0,0.0,0.0,0.0,0.0,0.00,0.00,0.00,0.00,0.00,0.00,0.00,0.00,0.00,0.00,0.00,0,
17.12.2025,21:18:39.979,2709,7095,27.6,3174,4710,40.2,0.2,1.039,0.666,1.037,1.047,1.097,0.977,1.097,1.117,1.117,1.117,1.117,0.731,0.768,2982.7,698.3,4189.8,2992.7,2992.7,3092.4,3092.4,3192.2,3192.2,3192.2,3192.2,99.8,997.6,14.2,54.1,0.1,8.1,91.5,0.6,0.1,0.1,14.6,0.6,0.1,0.1,0.1,21.1,1.2,3.3,0.1,0.0,8.6,0.0,0.1,0.1,1.1,0.0,0.2,0.2,0.2,8.6,1.2,100.0,1.1,4.0,0.0,0.1,7.1,0.1,0.0,0.0,1.6,0.1,0.0,0.0,0.0,1.1,29.9,7.0,42.0,30.0,30.0,31.0,31.0,32.0,32.0,32.0,32.0,10.0,43,39,39,46,46,46,46,43,43,43,43,57,61,61,54,54,54,54,57,57,57,57,46,46,No,No,No,No,No,No,No,No,No,No,No,No,No,No,No,No,No,No,No,No,No,No,No,No,No,No,No,No,No,No,No,No,No,No,No,No,47,47,42,43,0.000,0.000,0.000,0.000,0.000,0.000,0.000,1.200,1.250,2.497,0.339,9.648,1.800,0.065,0.134,45.0,15.0,55.0,55.0,0.000,99.8,0,0,85.1,1.2,3.2,0.0,1.2,9.0,0.1,0.0,0.0,0.9,0.1,0.0,0.0,0.0,0.0,0.0,0.0,0.0,0.0,0.0,0.0,0.0,0.0,0.0,0.0,79.9,0.0,0.0,99.9,100.0,100.0,99.0,99.9,100.0,100.0,100.0,92.7,96.6,88.9,1596.1,16.00,22,22,22,52,74,560,1,2,Yes,No,No,No,No,No,No,No,No,No,Yes,No,No,No,No,No,No,No,No,No,No,No,No,No,No,No,No,No,No,No,No,No,No,No,No,No,No,No,42.0,37,37,35,89.0,100.0,No,No,19343,54886,0.0,2.2,2.2,0.000,0.022,3219,2757,12.757,44.631,100.0,0.000,17.4,0.0,0.0,0.0,0.0,0.0,0.0,0.0,0.0,0.0,0.0,0.0,0.0,0.00,0.00,0.00,0.00,0.00,0.00,0.00,0.00,0.00,0.00,0.00,0,
17.12.2025,21:18:41.980,2708,7096,27.6,3171,4713,40.2,0.2,0.927,0.668,0.912,0.907,0.907,0.961,0.991,0.991,0.991,0.991,0.951,0.626,0.768,2603.6,698.3,3491.5,2493.9,2493.9,2693.4,2793.2,2793.2,2793.2,2793.2,2992.7,99.8,399.0,13.5,28.9,0.1,7.5,115.4,0.1,0.1,0.1,9.0,0.5,0.1,0.1,0.1,20.1,1.8,1.6,0.0,11.4,8.3,0.0,0.0,0.0,0.5,0.0,0.0,0.0,0.0,11.4,1.8,100.0,0.9,1.8,0.0,0.1,8.0,0.0,0.0,0.0,1.0,0.0,0.0,0.0,0.0,0.8,26.1,7.0,35.0,25.0,25.0,27.0,28.0,28.0,28.0,28.0,30.0,4.0,43,39,39,46,46,46,46,43,43,43,43,57,61,61,54,54,54,54,57,57,57,57,46,46,No,No,No,No,No,No,No,No,No,No,No,No,No,No,No,No,No,No,No,No,No,No,No,No,No,No,No,No,No,No,No,No,No,No,No,No,46,46,42,43,0.000,0.000,0.000,0.000,0.000,0.000,0.000,1.200,3.125,2.584,0.394,8.630,1.849,0.064,0.133,45.0,15.0,55.0,55.0,2.000,99.8,0,0,84.5,1.2,2.6,0.0,1.1,9.9,0.0,0.0,0.0,0.6,0.1,0.0,0.0,0.0,0.1,0.0,0.5,0.0,0.0,0.0,0.0,0.0,0.0,0.0,0.0,79.9,0.0,0.0,100.0,100.0,100.0,99.3,99.9,100.0,100.0,100.0,92.4,97.1,87.7,1596.1,16.00,22,22,22,52,74,560,1,2,No,No,No,No,No,No,No,No,No,No,No,No,No,No,No,No,No,No,No,No,No,No,No,No,No,No,No,No,No,No,No,No,No,No,No,No,No,No,42.0,37,37,35,89.0,100.0,No,No,19343,54886,0.0,1.0,1.0,0.000,0.036,3219,2757,12.757,44.631,100.0,0.000,17.4,0.0,0.0,0.0,0.0,0.0,0.0,0.0,0.0,0.0,0.0,0.0,0.0,0.00,0.00,0.00,0.00,0.00,0.00,0.00,0.00,0.00,0.00,0.00,0,
17.12.2025,21:18:43.974,2705,7099,27.5,3166,4717,40.1,0.2,0.901,0.666,0.903,0.948,0.898,0.948,0.898,0.948,0.933,0.933,0.933,0.676,0.768,2553.8,698.3,3591.2,2693.4,2693.4,2693.4,2693.4,2693.4,2593.7,2593.7,2593.7,99.8,997.6,18.2,41.0,0.1,8.2,157.0,0.1,0.1,0.1,10.3,1.0,0.1,0.1,0.1,27.1,3.5,2.9,0.0,27.0,11.6,0.0,0.0,0.0,0.1,0.0,0.0,0.0,0.0,27.0,3.5,100.0,1.4,3.6,0.0,0.1,12.3,0.0,0.0,0.0,1.1,0.1,0.0,0.0,0.0,1.5,25.6,7.0,36.0,27.0,27.0,27.0,27.0,27.0,26.0,26.0,26.0,10.0,43,39,36,45,45,46,46,43,43,43,43,57,61,64,55,55,54,54,57,57,57,57,45,46,No,No,No,No,No,No,No,No,No,No,No,No,No,No,No,No,No,No,No,No,No,No,No,No,No,No,No,No,No,No,No,No,No,No,No,No,46,46,44,43,0.000,0.000,0.000,0.000,0.000,0.000,0.000,1.200,2.188,2.567,0.400,8.433,1.822,0.064,0.134,45.0,15.0,55.0,55.0,1.000,99.8,0,0,82.6,1.4,2.6,0.0,1.2,11.8,0.0,0.0,0.0,1.1,0.1,0.0,0.0,0.0,0.0,0.0,0.0,0.0,0.0,0.0,0.0,0.0,0.0,0.0,0.0,79.9,0.0,0.0,100.0,100.0,100.0,98.9,99.9,100.0,100.0,100.0,91.7,97.1,86.2,1596.1,16.00,22,22,22,52,74,560,1,2,Yes,No,No,No,No,No,No,No,No,No,Yes,No,No,No,No,No,No,No,No,No,No,No,No,No,No,No,No,No,No,No,No,No,No,No,No,No,No,No,42.0,37,37,35,89.0,100.0,No,No,19343,54886,0.0,0.6,0.6,0.000,0.006,3219,2757,12.758,44.631,100.0,0.000,17.4,0.0,0.0,0.0,0.0,0.0,0.0,0.0,0.0,0.0,0.0,0.0,0.0,0.00,0.00,0.00,0.00,0.00,0.00,0.00,0.00,0.00,0.00,0.00,0,
17.12.2025,21:18:45.969,2740,7064,27.9,3211,4672,40.7,0.2,1.083,1.167,1.167,0.925,1.110,0.835,1.125,1.125,1.130,1.130,1.120,1.028,0.768,2613.6,4289.5,4289.5,997.6,997.6,997.6,3391.7,997.6,3391.7,3391.7,3391.7,99.8,3691.0,150.6,388.6,0.4,13.7,461.2,118.8,3.0,0.5,365.8,292.5,73.7,46.5,43.0,169.0,10.7,14.4,0.0,0.0,20.4,11.1,1.2,0.3,33.0,27.9,8.3,6.1,5.1,33.0,10.7,100.0,13.8,28.0,0.0,0.1,34.5,12.7,0.3,0.1,40.0,32.0,7.9,5.1,4.7,13.8,26.2,43.0,43.0,10.0,10.0,10.0,34.0,10.0,34.0,34.0,34.0,37.0,47,47,43,50,50,50,50,45,45,45,45,53,53,57,50,50,50,50,55,55,55,55,50,50,No,No,No,No,No,No,No,No,No,No,No,No,No,No,No,No,No,No,No,No,No,No,No,No,No,No,No,No,No,No,No,No,No,No,No,No,58,58,42,45,0.000,0.000,0.000,0.000,0.000,0.000,0.000,1.200,25.000,2.718,0.491,8.559,1.890,0.067,0.135,45.0,15.0,55.0,55.0,25.000,99.8,0,0,32.7,10.3,15.2,0.0,1.1,21.4,9.8,0.2,0.0,32.7,27.6,6.9,4.5,4.2,2.4,5.6,8.2,1.0,0.0,0.0,4.7,1.7,2.3,0.0,0.0,71.1,1.8,7.0,88.9,99.8,99.9,62.1,70.2,90.5,95.4,95.7,68.1,75.6,60.6,1596.1,16.00,22,22,22,52,74,560,1,2,Yes,No,No,No,No,No,No,No,No,No,Yes,No,No,No,No,No,No,No,No,No,No,No,No,No,No,No,No,No,No,No,No,No,No,No,No,No,No,No,42.0,37,37,43,89.0,100.0,No,No,19343,54886,4.1,0.5,4.6,2.960,0.148,3224,2757,12.757,44.631,100.0,0.000,17.4,0.0,0.0,0.0,0.0,0.0,0.0,0.0,0.0,0.0,0.0,0.0,0.0,0.00,0.00,0.00,0.00,0.00,0.00,0.00,0.00,0.00,0.00,0.00,0,
17.12.2025,21:18:47.978,2767,7037,28.2,3233,4650,41.0,0.2,1.132,1.158,1.105,1.175,1.130,1.125,1.125,1.116,1.131,1.116,1.141,1.026,0.768,3242.1,4588.8,4289.5,3391.7,3391.7,3391.7,3391.7,2194.6,2194.6,2194.6,3391.7,99.8,3691.0,242.5,459.0,61.8,119.1,415.8,233.1,82.7,96.9,721.9,387.4,123.0,100.7,108.6,273.8,19.5,16.9,34.5,34.8,17.3,16.6,3.2,5.8,61.0,30.5,4.9,3.7,4.8,61.0,19.5,100.0,23.4,34.0,4.6,8.2,31.1,25.6,8.9,10.4,79.7,42.5,13.2,10.7,11.8,23.4,32.5,46.0,43.0,34.0,34.0,34.0,34.0,22.0,22.0,22.0,34.0,37.0,43,38,36,46,46,46,46,43,43,43,43,57,62,64,54,54,54,54,57,57,57,57,46,46,No,No,No,No,No,No,No,No,No,No,No,No,No,No,No,No,No,No,No,No,No,No,No,No,No,No,No,No,No,No,No,No,No,No,No,No,47,47,44,45,0.000,0.000,0.000,0.000,0.000,0.000,0.000,1.200,7.188,4.986,2.308,12.387,2.150,0.116,0.132,45.0,15.0,55.0,55.0,6.000,99.8,0,0,0.3,15.0,18.0,2.3,4.4,18.2,16.8,4.0,5.9,61.6,30.9,6.5,5.3,5.6,2.9,3.9,8.0,0.8,0.7,0.8,5.3,4.4,1.3,1.7,2.5,64.4,0.6,0.4,82.0,95.2,93.1,32.4,64.1,92.0,92.7,91.7,71.1,74.0,68.2,1596.1,16.00,22,22,22,52,74,560,1,2,Yes,No,No,No,No,No,No,No,No,No,Yes,No,No,No,No,No,No,No,No,No,No,No,No,No,No,No,No,No,No,No,No,No,No,No,No,No,No,No,43.0,37,37,38,89.0,100.0,No,No,19343,54886,4.1,0.8,4.9,4.261,0.224,3233,2758,12.757,44.631,100.0,0.000,17.4,0.0,0.0,0.0,0.0,0.0,0.0,0.0,0.0,0.0,0.0,0.0,0.0,0.00,0.00,0.00,0.00,0.00,0.00,0.00,0.00,0.00,0.00,0.00,0,
17.12.2025,21:18:49.977,2749,7054,28.0,3215,4668,40.7,0.2,1.112,1.153,1.110,1.110,1.125,1.135,1.115,1.081,1.096,1.096,1.096,1.023,0.768,3601.2,4588.8,4289.5,3391.7,3391.7,3391.7,3391.7,3391.7,3391.7,3391.7,3391.7,99.8,3691.0,134.2,136.0,1.2,106.4,156.7,223.4,1.2,1.2,425.0,473.3,68.2,16.4,1.1,131.4,11.4,6.6,0.0,8.5,6.7,21.0,0.0,0.0,39.9,45.9,6.4,1.3,0.0,45.9,11.4,100.0,13.4,9.6,0.0,7.1,11.5,24.5,0.1,0.1,47.0,52.1,7.5,1.7,0.0,13.4,36.1,46.0,43.0,34.0,34.0,34.0,34.0,34.0,34.0,34.0,34.0,37.0,44,39,41,46,46,46,46,43,43,43,43,56,61,59,54,54,54,54,57,57,57,57,48,46,No,No,No,No,No,No,No,No,No,No,No,No,No,No,No,No,No,No,No,No,No,No,No,No,No,No,No,No,No,No,No,No,No,No,No,No,46,46,44,45,0.000,0.000,0.000,0.000,0.000,0.000,0.000,1.200,12.500,5.586,2.730,13.603,2.235,0.157,0.133,45.0,15.0,55.0,55.0,2.000,99.8,0,0,0.0,11.6,7.5,0.2,5.3,8.9,21.4,0.1,0.1,41.3,46.4,6.7,1.5,0.1,1.0,3.3,3.4,0.0,0.0,0.0,1.8,1.5,0.3,0.0,0.0,67.7,0.0,0.0,78.2,99.7,99.7,56.6,51.6,92.8,98.3,99.7,83.3,87.3,79.4,1596.1,16.00,22,22,22,52,74,560,1,2,Yes,No,No,No,No,No,No,No,No,No,Yes,No,No,No,No,No,No,No,No,No,No,No,No,No,No,No,No,No,No,No,No,No,No,No,No,No,No,No,42.0,37,37,37,89.0,100.0,No,No,19343,54886,0.3,1.5,1.8,0.065,0.534,3233,2759,12.758,44.631,100.0,0.000,17.4,0.0,0.0,0.0,0.0,0.0,0.0,0.0,0.0,0.0,0.0,0.0,0.0,0.00,0.00,0.00,0.00,0.00,0.00,0.00,0.00,0.00,0.00,0.00,0,
17.12.2025,21:18:51.970,2758,7046,28.1,3205,4679,40.6,0.2,0.984,0.876,1.150,1.143,1.098,1.098,1.098,1.067,0.695,0.805,0.805,0.818,0.768,2513.9,1695.9,4289.5,997.6,3391.7,3391.7,3391.7,3391.7,997.6,1795.6,1795.6,99.8,1695.9,199.6,104.4,1.2,164.6,1.0,691.3,1.7,1.2,1.2,954.5,373.8,77.3,23.1,120.8,18.6,4.4,1.4,6.3,1.4,67.0,1.5,1.4,1.4,91.3,35.3,8.7,3.4,91.3,18.6,100.0,21.1,7.1,0.0,11.1,0.0,76.5,0.1,0.0,0.0,105.9,41.1,8.4,2.5,21.1,25.2,17.0,43.0,10.0,34.0,34.0,34.0,34.0,10.0,18.0,18.0,17.0,46,42,41,48,48,48,48,46,46,46,46,54,58,59,52,52,52,52,54,54,54,54,49,48,No,No,No,No,No,No,No,No,No,No,No,No,No,No,No,No,No,No,No,No,No,No,No,No,No,No,No,No,No,No,No,No,No,No,No,No,48,48,43,46,0.000,0.000,0.000,0.000,0.000,0.000,0.000,1.200,11.563,3.732,1.257,11.192,1.884,0.125,0.133,45.0,15.0,55.0,55.0,12.000,99.8,0,0,0.0,18.1,5.4,0.2,7.7,0.2,67.5,0.2,0.1,0.1,91.6,34.7,7.6,2.1,2.1,2.8,11.7,1.1,0.0,0.0,0.0,5.2,0.0,0.0,0.0,58.8,0.0,0.0,30.9,99.7,99.8,99.8,3.1,65.1,92.3,97.7,84.1,89.7,78.4,1596.1,16.00,22,22,22,52,74,560,1,2,Yes,No,No,No,No,No,No,No,No,No,Yes,No,No,No,No,No,No,No,No,No,No,No,No,No,No,No,No,No,No,No,No,No,No,No,No,No,No,No,44.0,38,38,37,89.0,100.0,No,No,19343,54886,0.0,1.6,1.6,0.000,0.187,3233,2759,12.758,44.631,100.0,0.000,17.4,0.0,0.0,0.0,0.0,0.0,0.0,0.0,0.0,0.0,0.0,0.0,0.0,0.00,0.00,0.00,0.00,0.00,0.00,0.00,0.00,0.00,0.00,0.00,0,
17.12.2025,21:18:53.974,2755,7048,28.1,3202,4682,40.6,0.2,1.029,0.748,1.113,1.163,1.072,1.072,1.072,1.092,1.082,0.782,1.092,0.743,0.768,2493.9,1695.9,4289.5,997.6,3391.7,3391.7,3391.7,997.6,3391.7,1695.9,1695.9,99.8,1097.3,214.5,113.1,1.1,177.3,1.0,738.9,1.3,1.2,3.4,917.1,370.6,196.8,52.5,129.7,19.1,4.9,0.0,6.6,0.0,71.2,0.0,0.0,0.0,88.7,35.0,18.6,4.3,88.7,19.1,100.0,22.8,7.6,0.0,12.6,0.0,81.8,0.1,0.1,0.3,102.0,41.2,21.8,5.7,22.8,25.0,17.0,43.0,10.0,34.0,34.0,34.0,10.0,34.0,17.0,17.0,11.0,45,40,41,48,48,48,48,45,45,45,45,55,60,59,52,52,52,52,55,55,55,55,48,48,No,No,No,No,No,No,No,No,No,No,No,No,No,No,No,No,No,No,No,No,No,No,No,No,No,No,No,No,No,No,No,No,No,No,No,No,47,47,42,46,0.000,0.000,0.000,0.000,0.000,0.000,0.000,1.200,9.688,4.206,1.578,11.686,2.018,0.147,0.132,45.0,15.0,55.0,55.0,8.000,99.8,0,0,0.0,19.3,5.5,0.1,7.1,0.1,71.6,0.1,0.1,0.3,88.9,34.9,18.3,4.7,2.4,3.4,4.8,4.0,0.0,0.0,0.0,11.1,0.3,0.0,0.0,56.4,0.0,0.0,24.0,99.8,99.8,99.6,0.0,64.5,81.5,95.2,87.3,88.9,85.7,1596.1,16.00,22,22,22,52,74,560,1,2,Yes,No,No,No,No,No,No,No,No,No,Yes,No,No,No,No,No,No,No,No,No,No,No,No,No,No,No,No,No,No,No,No,No,No,No,No,No,No,No,43.0,38,38,37,89.0,100.0,No,No,19343,54886,0.0,1.4,1.4,0.000,1.501,3233,2762,12.757,44.631,100.0,0.000,17.4,0.0,0.0,0.0,0.0,0.0,0.0,0.0,0.0,0.0,0.0,0.0,0.0,0.00,0.00,0.00,0.00,0.00,0.00,0.00,0.00,0.00,0.00,0.00,0,
17.12.2025,21:18:55.969,2747,7056,28.0,3198,4686,40.5,0.2,0.940,1.051,0.931,0.811,0.856,1.101,1.111,1.084,1.084,0.684,0.689,0.968,0.768,2304.4,4090.0,3691.0,1895.4,1895.4,3391.7,3391.7,1695.9,997.6,997.6,997.6,99.8,3491.5,207.3,83.2,1.2,129.4,1.1,689.0,9.2,1.3,1.2,909.9,448.1,162.1,51.8,114.4,20.3,3.7,9.0,4.9,8.3,67.1,0.4,0.5,0.5,88.3,42.6,14.1,4.4,88.3,20.3,100.0,22.1,5.5,0.0,8.9,0.0,76.0,0.9,0.1,0.0,101.1,49.6,17.9,5.7,22.1,23.1,41.0,37.0,19.0,19.0,34.0,34.0,17.0,10.0,10.0,10.0,35.0,45,42,38,48,48,48,48,45,45,44,44,55,58,62,52,52,52,52,55,55,56,56,48,48,No,No,No,No,No,No,No,No,No,No,No,No,No,No,No,No,No,No,No,No,No,No,No,No,No,No,No,No,No,No,No,No,No,No,No,No,48,48,43,46,0.000,0.000,0.000,0.000,0.000,0.000,0.000,1.200,11.250,4.299,1.690,11.782,1.995,0.148,0.133,45.0,15.0,55.0,55.0,13.000,99.8,0,0,0.0,19.4,5.1,0.2,6.3,0.2,67.9,0.9,0.1,0.1,88.5,43.1,15.1,4.8,1.8,3.2,3.1,0.3,0.0,0.0,0.0,11.5,0.0,0.0,0.0,56.6,0.0,0.0,31.3,99.0,99.7,99.7,0.0,56.6,84.7,95.0,88.7,89.2,88.1,1596.1,16.00,22,22,22,52,74,560,1,2,Yes,No,No,No,No,No,No,No,No,No,Yes,No,No,No,No,No,No,No,No,No,No,No,No,No,No,No,No,No,No,No,No,No,No,No,No,No,No,No,42.0,38,38,35,89.0,100.0,No,No,19343,54886,0.0,0.7,0.7,0.000,0.006,3233,2762,12.756,44.631,100.0,0.000,17.4,0.0,0.0,0.0,0.0,0.0,0.0,0.0,0.0,0.0,0.0,0.0,0.0,0.00,0.00,0.00,0.00,0.00,0.00,0.00,0.00,0.00,0.00,0.00,0,
17.12.2025,21:18:57.964,2768,7035,28.2,3232,4651,41.0,0.2,1.102,1.141,1.140,1.140,1.176,1.176,1.176,1.100,1.100,0.931,0.941,1.028,0.768,2583.7,4289.5,4588.8,997.6,3192.2,3192.2,3192.2,997.6,3391.7,997.6,997.6,99.8,3691.0,302.7,305.7,1.5,203.7,1.3,683.0,35.3,16.8,1.7,917.3,679.1,491.6,295.6,156.1,24.4,9.2,0.0,7.1,0.0,64.7,3.7,2.0,0.0,81.5,58.5,41.5,24.8,81.5,24.4,100.0,31.6,22.1,0.0,13.9,0.0,75.5,3.8,1.8,0.1,101.4,74.9,53.6,32.5,31.6,25.9,43.0,46.0,10.0,32.0,32.0,32.0,10.0,34.0,10.0,10.0,37.0,49,47,44,51,51,51,51,48,48,48,48,51,53,56,49,49,49,49,52,52,52,52,51,51,No,No,No,No,No,No,No,No,No,No,No,No,No,No,No,No,No,No,No,No,No,No,No,No,No,No,No,No,No,No,No,No,No,No,No,No,49,49,44,46,0.000,0.000,0.000,0.000,0.000,0.000,0.000,1.200,15.625,4.090,1.530,11.598,1.944,0.152,0.133,45.0,15.0,55.0,55.0,16.000,99.8,0,0,0.0,24.8,10.6,0.2,8.8,0.1,65.2,3.3,1.5,0.2,82.1,59.1,41.9,24.6,6.2,9.9,19.4,10.7,0.0,0.0,0.0,12.7,5.8,3.5,0.4,48.8,0.4,0.0,23.7,96.5,98.3,99.7,5.2,34.9,54.1,74.7,72.9,76.6,69.2,1596.1,16.00,22,22,22,52,74,560,1,2,Yes,No,No,No,No,No,No,No,No,No,Yes,No,No,No,No,No,No,No,No,No,No,No,No,No,No,No,No,No,No,No,No,No,No,No,No,No,No,No,44.0,38,38,36,89.0,100.0,No,No,19343,54886,0.0,1.7,1.7,0.000,0.209,3233,2763,12.758,44.631,100.0,0.000,17.4,0.0,0.0,0.0,0.0,0.0,0.0,0.0,0.0,0.0,0.0,0.0,0.0,0.00,0.00,0.00,0.00,0.00,0.00,0.00,0.00,0.00,0.00,0.00,0,
17.12.2025,21:18:59.971,2776,7027,28.3,3239,4645,41.0,0.2,0.827,0.842,0.840,0.835,0.825,0.850,0.855,0.855,0.865,0.716,0.786,0.771,0.768,2005.1,2593.7,2992.7,997.6,2094.9,2194.6,2194.6,2194.6,2194.6,997.6,1596.1,99.8,1995.1,374.5,372.8,98.6,401.8,60.5,827.2,197.2,161.0,143.3,900.3,658.7,439.0,233.2,282.8,26.6,14.0,2.0,14.5,0.0,72.0,12.5,10.3,8.6,78.5,56.1,34.8,16.4,78.5,26.6,100.0,38.3,26.6,7.4,28.8,4.5,91.3,21.5,17.6,15.5,99.7,72.8,48.3,25.6,38.3,20.1,26.0,30.0,10.0,21.0,22.0,22.0,22.0,22.0,10.0,16.0,20.0,45,42,38,48,48,48,48,46,46,45,45,55,58,62,52,52,52,52,54,54,55,55,48,48,No,No,No,No,No,No,No,No,No,No,No,No,No,No,No,No,No,No,No,No,No,No,No,No,No,No,No,No,No,No,No,No,No,No,No,No,50,50,44,46,0.000,0.000,0.000,0.000,0.000,0.000,0.000,1.200,7.188,5.801,3.023,13.262,2.139,0.173,0.133,45.0,15.0,55.0,55.0,3.000,99.8,0,0,0.0,27.3,15.4,3.0,16.2,2.0,72.4,12.8,10.6,9.0,78.8,56.2,34.8,16.1,9.2,16.8,29.1,12.9,3.3,3.2,0.7,16.5,4.1,2.9,2.6,46.3,2.4,0.3,14.4,83.7,85.9,90.1,4.6,39.2,61.9,81.0,55.3,60.6,49.9,1596.1,16.00,22,22,22,52,74,560,1,2,Yes,No,No,No,No,No,No,No,No,No,Yes,No,No,No,No,No,No,No,No,No,No,No,No,No,No,No,No,No,No,No,No,No,No,No,No,No,No,No,44.0,38,38,36,89.0,100.0,No,No,19343,54886,0.5,0.9,1.4,0.186,0.220,3233,2763,12.757,44.631,100.0,0.000,17.4,0.0,0.0,0.0,0.0,0.0,0.0,0.0,0.0,0.0,0.0,0.0,0.0,0.00,0.00,0.00,0.00,0.00,0.00,0.00,0.00,0.00,0.00,0.00,0,
17.12.2025,21:19:1.967,2771,7033,28.2,3228,4656,40.9,0.2,0.858,0.866,0.754,0.749,0.734,0.734,0.734,0.739,1.069,1.069,1.139,0.781,0.768,2184.7,2793.2,2094.9,997.6,997.6,1596.1,1596.1,1596.1,3391.7,3391.7,3391.7,99.8,2194.6,242.9,207.5,1.5,228.5,1.1,729.8,21.9,13.9,3.0,911.7,511.5,221.1,63.2,150.9,21.5,8.2,3.7,9.2,9.1,69.0,2.3,1.5,0.0,84.6,46.3,19.6,5.0,84.6,21.5,100.0,25.3,13.9,0.0,15.7,0.0,80.6,2.3,1.4,0.2,101.1,56.5,24.5,6.8,25.3,21.9,28.0,21.0,10.0,10.0,16.0,16.0,16.0,34.0,34.0,34.0,22.0,46,42,39,48,48,48,48,46,46,46,46,54,58,61,52,52,52,52,54,54,54,54,48,48,No,No,No,No,No,No,No,No,No,No,No,No,No,No,No,No,No,No,No,No,No,No,No,No,No,No,No,No,No,No,No,No,No,No,No,No,48,48,44,46,0.000,0.000,0.000,0.000,0.000,0.000,0.000,1.200,8.438,6.499,3.681,14.103,2.177,0.177,0.132,45.0,15.0,55.0,55.0,15.000,99.8,0,0,0.0,21.0,10.4,0.2,11.6,0.1,69.5,1.8,1.0,0.2,85.0,46.7,19.7,5.4,9.2,18.9,54.5,4.9,0.0,0.0,0.0,14.0,0.0,0.0,0.0,55.0,0.0,0.0,25.0,98.0,98.8,99.7,1.0,52.9,80.0,94.4,48.6,66.2,31.1,1596.1,16.00,22,22,22,52,74,560,1,2,Yes,No,No,No,No,No,No,No,No,No,Yes,No,No,No,No,No,No,No,No,No,No,No,No,No,No,No,No,No,No,No,No,No,No,No,No,No,No,No,44.0,38,38,35,89.0,100.0,No,No,19343,54886,0.0,1.5,1.5,0.000,0.190,3233,2763,12.759,44.631,100.0,0.000,17.4,0.0,0.0,0.0,0.0,0.0,0.0,0.0,0.0,0.0,0.0,0.0,0.0,0.00,0.00,0.00,0.00,0.00,0.00,0.00,0.00,0.00,0.00,0.00,0,
17.12.2025,21:19:3.980,2769,7034,28.2,3217,4666,40.8,0.2,1.021,1.078,1.133,1.152,1.087,1.152,1.177,0.744,0.794,0.738,1.158,0.693,0.768,1466.4,1695.9,4289.5,997.6,997.6,997.6,1695.9,997.6,997.6,997.6,997.6,99.8,1097.3,241.1,227.0,1.2,212.3,1.1,757.0,36.7,4.4,8.1,951.2,460.9,199.8,33.8,156.0,20.4,10.0,0.0,9.0,0.0,71.3,3.3,0.1,0.7,88.4,41.8,17.1,2.5,88.4,20.4,100.0,25.0,15.0,0.0,14.2,0.0,83.6,4.1,0.3,0.8,105.6,50.8,22.1,3.7,25.0,14.7,17.0,43.0,10.0,10.0,10.0,17.0,10.0,10.0,10.0,10.0,11.0,46,42,42,48,48,49,49,46,46,46,46,54,58,58,52,52,51,51,54,54,54,54,48,49,No,No,No,No,No,No,No,No,No,No,No,No,No,No,No,No,No,No,No,No,No,No,No,No,No,No,No,No,No,No,No,No,No,No,No,No,48,48,44,47,0.000,0.000,0.000,0.000,0.000,0.000,0.000,1.200,17.813,5.185,2.581,12.611,1.997,0.142,0.132,45.0,15.0,55.0,55.0,20.000,99.8,0,0,0.0,20.9,12.2,0.1,11.3,0.1,71.9,3.4,0.3,0.8,88.7,42.2,17.3,2.5,7.3,25.5,32.2,3.5,0.0,0.0,0.0,11.3,0.3,0.0,0.0,55.6,0.0,0.0,24.1,96.5,99.6,99.1,0.0,57.0,82.4,97.3,54.9,57.6,52.1,1596.1,16.00,22,22,22,52,74,560,1,2,Yes,No,No,No,No,No,No,No,No,No,Yes,No,No,No,No,No,No,No,No,No,No,No,No,No,No,No,No,No,No,No,No,No,No,No,No,No,No,No,44.0,38,38,36,89.0,100.0,No,No,19343,54886,0.0,0.6,0.6,0.000,0.040,3233,2763,12.757,44.631,100.0,0.000,17.4,0.0,0.0,0.0,0.0,0.0,0.0,0.0,0.0,0.0,0.0,0.0,0.0,0.00,0.00,0.00,0.00,0.00,0.00,0.00,0.00,0.00,0.00,0.00,0,
17.12.2025,21:19:5.966,2762,7041,28.1,3211,4673,40.7,0.2,0.848,0.799,1.125,0.844,0.694,1.094,0.694,0.821,0.879,0.839,0.694,0.743,0.768,1396.6,1695.9,4289.5,997.6,997.6,997.6,997.6,997.6,997.6,997.6,997.6,99.8,1097.3,222.6,187.6,1.4,180.6,1.2,748.6,6.0,1.4,4.9,909.0,426.5,179.5,24.4,141.5,19.9,8.0,3.5,8.1,0.5,72.4,0.0,0.0,0.8,87.7,40.6,16.0,0.9,87.7,19.9,100.0,23.2,12.3,0.0,11.6,0.0,82.5,0.6,0.2,0.5,101.2,47.1,19.9,2.6,23.2,14.0,17.0,43.0,10.0,10.0,10.0,10.0,10.0,10.0,10.0,10.0,11.0,46,42,42,49,49,49,49,45,45,45,45,54,58,58,51,51,51,51,55,55,55,55,49,49,No,No,No,No,No,No,No,No,No,No,No,No,No,No,No,No,No,No,No,No,No,No,No,No,No,No,No,No,No,No,No,No,No,No,No,No,48,48,44,46,0.000,0.000,0.000,0.000,0.000,0.000,0.000,1.200,6.250,5.011,2.413,12.444,1.989,0.143,0.132,45.0,15.0,55.0,55.0,5.000,99.8,0,0,0.0,20.3,10.4,0.2,10.9,0.2,73.2,0.6,0.1,0.5,87.7,41.2,17.0,2.1,5.5,11.8,27.4,3.4,0.0,0.0,0.0,12.3,0.0,0.0,0.0,56.0,0.0,0.0,22.8,99.3,99.7,99.4,0.0,58.4,82.8,97.8,64.7,72.7,56.7,1596.1,16.00,22,22,22,52,74,560,1,2,Yes,No,No,No,No,No,No,No,No,No,Yes,No,No,No,No,No,No,No,No,No,No,No,No,No,No,No,No,No,No,No,No,No,No,No,No,No,No,No,44.0,38,38,35,89.0,100.0,No,No,19343,54886,0.0,1.9,1.9,0.000,0.062,3233,2764,12.757,44.631,100.0,0.000,17.4,0.0,0.0,0.0,0.0,0.0,0.0,0.0,0.0,0.0,0.0,0.0,0.0,0.00,0.00,0.00,0.00,0.00,0.00,0.00,0.00,0.00,0.00,0.00,0,
17.12.2025,21:19:7.974,2792,7012,28.4,3242,4642,41.1,0.2,1.059,0.740,1.104,1.154,1.114,1.074,1.074,1.064,1.094,1.084,1.084,0.741,0.768,2593.7,1695.9,4289.5,3391.7,3391.7,3391.7,3391.7,997.6,997.6,3391.7,997.6,99.8,1097.3,423.4,796.1,80.2,688.6,126.0,706.2,218.7,118.2,123.8,809.0,701.6,492.6,219.6,357.2,26.5,24.5,6.4,21.7,3.8,58.2,16.0,7.0,8.4,64.1,55.1,37.3,15.2,64.1,26.5,100.0,41.2,58.9,5.9,50.2,9.5,77.5,23.7,12.6,13.5,88.6,76.8,53.3,23.8,41.2,26.0,17.0,43.0,34.0,34.0,34.0,34.0,10.0,10.0,34.0,10.0,11.0,46,42,42,49,49,49,49,46,46,46,46,54,58,58,51,51,51,51,54,54,54,54,49,49,No,No,No,No,No,No,No,No,No,No,No,No,No,No,No,No,No,No,No,No,No,No,No,No,No,No,No,No,No,No,No,No,No,No,No,No,49,49,45,47,0.000,0.000,0.000,0.000,0.000,0.000,0.000,1.200,15.625,4.694,2.073,12.094,2.017,0.137,0.133,45.0,15.0,55.0,55.0,13.000,99.8,0,0,0.0,26.8,26.2,3.3,23.7,4.4,58.6,16.1,7.6,8.9,64.8,55.6,37.5,15.3,9.9,19.1,18.0,16.5,1.5,1.0,0.0,26.0,13.3,3.2,0.3,47.2,1.0,1.2,24.3,82.0,90.9,90.8,8.9,30.4,58.5,83.9,49.7,48.9,50.4,1596.1,16.00,22,22,22,52,74,560,1,2,Yes,No,No,No,No,No,No,No,No,No,Yes,No,No,No,No,No,No,No,No,No,No,No,No,No,No,No,No,No,No,No,No,No,No,No,No,No,No,No,44.0,38,38,36,89.0,100.0,No,No,19343,54886,0.3,1.0,1.3,0.166,0.125,3233,2764,12.757,44.631,100.0,0.000,17.4,0.0,0.0,0.0,0.0,0.0,0.0,0.0,0.0,0.0,0.0,0.0,0.0,0.00,0.00,0.00,0.00,0.00,0.00,0.00,0.00,0.00,0.00,0.00,0,
17.12.2025,21:19:9.965,2790,7014,28.4,3243,4640,41.1,0.2,1.116,0.791,1.156,1.166,1.186,1.186,1.186,1.066,1.151,1.151,1.121,0.741,0.768,2513.9,1695.9,4289.5,997.6,3192.2,3192.2,3192.2,3291.9,997.6,3291.9,997.6,99.8,1097.3,269.6,340.2,2.2,304.8,1.3,697.3,28.0,2.7,2.1,899.6,592.8,313.3,51.5,172.3,21.3,12.1,0.0,11.3,0.0,63.9,2.1,0.7,0.6,81.0,51.5,27.3,4.5,81.0,21.3,100.0,27.5,23.8,0.1,21.0,0.0,76.6,3.0,0.2,0.1,99.5,65.3,34.5,5.5,27.5,25.2,17.0,43.0,10.0,32.0,32.0,32.0,33.0,10.0,33.0,10.0,11.0,46,43,42,49,49,49,49,46,46,46,46,54,57,58,51,51,51,51,54,54,54,54,49,49,No,No,No,No,No,No,No,No,No,No,No,No,No,No,No,No,No,No,No,No,No,No,No,No,No,No,No,No,No,No,No,No,No,No,No,No,49,49,45,47,0.000,0.000,0.000,0.000,0.000,0.000,0.000,1.200,9.688,8.472,5.646,15.985,2.164,0.194,0.134,45.0,15.0,55.0,55.0,8.000,99.8,0,0,0.0,21.8,14.4,0.2,13.8,0.1,64.7,2.4,0.2,0.1,81.4,52.0,27.7,4.1,9.0,21.5,35.0,9.1,0.0,0.0,0.0,18.6,5.8,0.0,0.0,53.1,0.0,0.0,25.4,97.4,99.7,99.7,0.0,41.7,71.8,95.7,53.2,59.6,46.8,1596.1,16.00,22,22,22,52,74,560,1,2,Yes,No,No,No,No,No,No,No,No,No,Yes,No,No,No,No,No,No,No,No,No,No,No,No,No,No,No,No,No,No,No,No,No,No,No,No,No,No,No,44.0,38,38,36,89.0,100.0,No,No,19343,54886,0.0,1.2,1.2,0.000,0.018,3233,2764,12.758,44.631,100.0,0.000,17.4,0.0,0.0,0.0,0.0,0.0,0.0,0.0,0.0,0.0,0.0,0.0,0.0,0.00,0.00,0.00,0.00,0.00,0.00,0.00,0.00,0.00,0.00,0.00,0,
17.12.2025,21:19:11.980,2791,7013,28.4,3248,4636,41.1,0.2,1.137,1.119,1.114,1.107,1.117,1.122,1.137,1.172,1.162,1.147,1.177,0.673,0.768,2294.4,1596.1,4289.5,997.6,2493.9,2493.9,3192.2,997.6,2493.9,997.6,3391.7,99.8,997.6,382.2,615.4,57.3,652.3,18.6,742.4,215.0,169.6,77.8,812.1,615.7,386.0,224.5,318.5,26.4,19.6,13.0,20.9,11.5,63.1,15.5,11.0,4.7,66.6,48.5,28.2,14.4,66.6,26.4,100.0,37.5,44.0,4.2,46.4,1.2,81.4,23.3,18.3,8.3,89.3,67.5,42.1,24.3,37.5,23.0,16.0,43.0,10.0,25.0,25.0,32.0,10.0,25.0,10.0,34.0,10.0,47,43,43,50,50,50,50,47,47,47,47,53,57,57,50,50,50,50,53,53,53,53,50,50,No,No,No,No,No,No,No,No,No,No,No,No,No,No,No,No,No,No,No,No,No,No,No,No,No,No,No,No,No,No,No,No,No,No,No,No,48,48,45,47,0.000,0.000,0.000,0.000,0.000,0.000,0.000,1.200,11.563,5.586,2.974,13.019,1.992,0.151,0.135,45.0,15.0,55.0,55.0,10.000,99.8,0,0,0.0,25.7,22.4,2.8,24.0,1.2,64.0,16.1,11.7,5.3,67.5,49.3,28.9,15.1,13.9,41.5,45.0,13.5,2.4,1.8,0.4,19.0,7.8,5.0,2.3,49.1,2.1,2.1,22.0,81.1,86.1,94.0,13.0,42.5,65.7,82.1,28.4,30.7,26.0,1596.1,16.00,22,22,22,52,74,560,1,2,Yes,No,No,No,No,No,No,No,No,No,Yes,No,No,No,No,No,No,No,No,No,No,No,No,No,No,No,No,No,No,No,No,No,No,No,No,No,No,No,44.0,38,38,36,89.0,100.0,No,No,19343,54886,0.0,2.1,2.1,0.000,0.134,3233,2764,12.757,44.631,100.0,0.000,17.4,0.0,0.0,0.0,0.0,0.0,0.0,0.0,0.0,0.0,0.0,0.0,0.0,0.00,0.00,0.00,0.00,0.00,0.00,0.00,0.00,0.00,0.00,0.00,0,
17.12.2025,21:19:13.977,2783,7021,28.3,3247,4637,41.1,0.2,0.930,1.118,0.738,0.776,0.726,0.776,1.081,0.781,1.098,1.098,1.103,0.693,0.768,1755.7,1695.9,1695.9,1695.9,997.6,997.6,3391.7,1695.9,997.6,997.6,3391.7,99.8,1097.3,344.5,605.7,2.0,560.6,1.4,714.1,48.2,57.0,9.8,867.4,660.3,451.8,155.5,249.9,23.1,17.8,0.5,16.4,0.0,62.4,3.8,5.8,0.9,73.5,53.5,33.1,9.9,73.5,23.1,100.0,33.7,42.3,0.1,36.9,0.1,78.0,5.2,6.2,1.0,95.6,72.4,49.2,17.0,33.7,17.6,17.0,17.0,17.0,10.0,10.0,34.0,17.0,10.0,10.0,34.0,11.0,47,43,40,49,49,49,49,48,48,48,48,53,57,60,51,51,51,51,52,52,52,52,49,49,No,No,No,No,No,No,No,No,No,No,No,No,No,No,No,No,No,No,No,No,No,No,No,No,No,No,No,No,No,No,No,No,No,No,No,No,50,50,46,48,0.000,0.000,0.000,0.000,0.000,0.000,0.000,1.200,16.563,7.656,4.874,15.036,2.130,0.180,0.137,45.0,15.0,55.0,55.0,17.000,99.8,0,0,0.0,23.6,20.3,0.1,19.7,0.1,63.1,3.5,4.7,0.5,73.9,53.9,33.4,10.4,20.2,75.6,79.0,10.3,0.0,0.0,0.0,25.9,6.7,3.7,0.5,50.7,0.0,0.0,25.7,96.3,95.1,99.3,0.2,38.8,62.4,88.8,2.5,3.8,1.2,1596.1,16.00,22,22,22,52,74,560,1,2,Yes,No,No,No,No,No,No,No,No,No,Yes,No,No,No,No,No,No,No,No,No,No,No,No,No,No,No,No,No,No,No,No,No,No,No,No,No,No,No,46.0,38,38,35,89.0,100.0,No,No,19343,54886,0.4,1.5,1.9,0.078,0.028,3233,2764,12.757,44.631,100.0,0.000,17.4,0.0,0.0,0.0,0.0,0.0,0.0,0.0,0.0,0.0,0.0,0.0,0.0,0.00,0.00,0.00,0.00,0.00,0.00,0.00,0.00,0.00,0.00,0.00,0,
17.12.2025,21:19:15.983,2773,7031,28.2,3223,4660,40.8,0.2,1.010,0.698,1.108,1.164,1.167,1.167,1.167,1.172,0.823,0.816,0.821,0.653,0.766,2314.3,1296.8,4289.5,997.6,3192.2,3192.2,3192.2,2194.6,997.6,1895.4,1895.4,99.8,698.3,254.2,211.7,7.6,214.6,7.3,751.4,37.9,23.7,8.1,913.7,479.0,300.6,94.8,157.8,20.7,7.6,0.0,7.2,0.0,71.1,2.7,0.0,0.0,84.8,42.1,25.6,7.7,84.8,20.7,100.0,26.2,14.6,0.1,15.0,0.0,82.7,3.6,2.1,0.3,101.3,52.4,32.4,9.6,26.2,23.2,13.0,43.0,10.0,32.0,32.0,32.0,22.0,10.0,19.0,19.0,7.0,47,42,42,49,49,49,49,47,48,48,48,53,58,58,51,51,51,51,53,52,52,52,49,49,No,No,No,No,No,No,No,No,No,No,No,No,No,No,No,No,No,No,No,No,No,No,No,No,No,No,No,No,No,No,No,No,No,No,No,No,49,49,45,48,0.000,0.000,0.000,0.000,0.000,0.000,0.000,1.200,11.250,8.041,5.322,15.242,2.094,0.150,0.142,45.0,15.0,55.0,55.0,9.000,99.8,0,0,0.0,21.5,9.1,0.5,8.6,0.5,71.9,3.2,2.0,0.5,85.2,42.9,26.5,7.7,4.1,12.2,9.1,3.3,0.0,0.0,0.0,13.5,2.8,0.4,0.0,53.9,0.0,1.2,24.3,96.6,97.9,99.3,1.2,53.8,72.7,92.0,77.6,76.3,78.9,1596.1,16.00,22,22,22,52,74,560,1,2,Yes,No,No,No,No,No,No,No,No,No,Yes,No,No,No,No,No,No,No,No,No,No,No,No,No,No,No,No,No,No,No,No,No,No,No,No,No,No,No,45.0,38,38,37,89.0,100.0,No,No,19343,54886,0.4,1.6,2.0,0.011,0.069,3234,2764,12.758,44.631,100.0,0.000,17.4,0.0,0.0,0.0,0.0,0.0,0.0,0.0,0.0,0.0,0.0,0.0,0.0,0.00,0.00,0.00,0.00,0.00,0.00,0.00,0.00,0.00,0.00,0.00,0,
17.12.2025,21:19:17.994,2768,7036,28.2,3215,4668,40.7,0.2,1.128,1.112,1.112,1.112,1.092,1.092,1.147,1.142,1.157,1.156,1.156,1.028,0.768,3092.4,4289.5,4289.5,3391.7,997.6,997.6,3391.7,3391.7,3391.7,3391.7,3391.7,99.8,3691.0,104.5,283.2,0.5,209.0,0.5,261.5,7.4,0.5,0.5,254.4,120.0,67.5,48.4,95.4,7.7,15.9,0.0,8.8,0.0,23.8,0.3,0.5,0.5,22.4,10.8,6.1,3.7,23.8,7.7,100.0,10.0,20.6,0.0,15.3,0.0,28.9,0.8,0.0,0.0,28.0,13.5,7.7,5.7,10.0,31.0,43.0,43.0,34.0,10.0,10.0,34.0,34.0,34.0,34.0,34.0,37.0,48,45,44,50,50,50,50,47,47,47,47,52,55,56,50,50,50,50,53,53,53,53,50,50,No,No,No,No,No,No,No,No,No,No,No,No,No,No,No,No,No,No,No,No,No,No,No,No,No,No,No,No,No,No,No,No,No,No,No,No,49,49,45,47,0.000,0.000,0.000,0.000,0.000,0.000,0.000,1.200,14.063,4.882,2.179,12.563,2.062,0.159,0.147,45.0,15.0,55.0,55.0,10.000,99.8,0,0,41.7,8.1,17.6,0.1,9.9,0.1,24.2,0.6,0.1,0.1,22.9,11.0,6.2,4.6,2.6,7.3,7.4,4.7,0.0,0.0,0.0,6.3,0.7,0.0,0.0,71.9,1.5,0.0,70.8,99.3,99.9,99.9,70.6,88.1,93.7,95.4,76.6,71.6,81.5,1596.1,16.00,22,22,22,52,74,560,1,2,Yes,No,No,No,No,No,No,No,No,No,Yes,No,No,No,No,No,No,No,No,No,No,No,No,No,No,No,No,No,No,No,No,No,No,No,No,No,No,No,43.0,38,38,38,89.0,100.0,No,No,19343,54886,0.7,1.8,2.6,0.021,0.307,3234,2765,12.758,44.631,100.0,0.000,17.4,0.0,0.0,0.0,0.0,0.0,0.0,0.0,0.0,0.0,0.0,0.0,0.0,0.00,0.00,0.00,0.00,0.00,0.00,0.00,0.00,0.00,0.00,0.00,0,
17.12.2025,21:19:19.989,2811,6993,28.6,3271,4612,41.4,0.2,0.765,0.745,0.734,0.764,0.774,0.769,0.769,0.772,0.767,0.772,0.782,0.651,0.768,1446.5,1396.6,1396.6,997.6,1596.1,1596.1,1596.1,1596.1,997.6,1596.1,1695.9,99.8,798.0,261.0,477.7,223.2,664.3,97.9,430.0,131.4,103.8,59.1,310.0,321.2,167.0,146.0,273.4,16.9,18.1,27.8,29.0,11.3,33.2,8.9,7.0,3.4,23.0,23.2,8.8,9.0,33.2,16.9,100.0,24.2,35.3,16.7,49.6,7.5,46.9,14.2,11.3,6.3,33.8,35.0,18.1,15.7,24.2,14.5,14.0,14.0,10.0,16.0,16.0,16.0,16.0,10.0,16.0,17.0,8.0,46,40,42,49,49,49,49,46,46,46,46,54,60,58,51,51,51,51,54,54,54,54,48,49,No,No,No,No,No,No,No,No,No,No,No,No,No,No,No,No,No,No,No,No,No,No,No,No,No,No,No,No,No,No,No,No,No,No,No,No,49,49,45,47,0.000,0.000,0.000,0.000,0.000,0.000,0.000,1.200,6.875,3.775,1.337,11.415,1.940,0.102,0.146,45.0,15.0,55.0,55.0,6.000,99.8,0,0,0.7,15.4,19.3,10.6,30.5,3.7,33.8,9.1,7.0,3.4,23.4,23.6,10.4,9.9,3.0,6.3,9.0,4.3,1.4,1.1,0.2,4.4,1.2,1.3,1.2,66.9,3.2,5.6,61.1,89.3,91.8,96.1,71.5,74.5,87.9,88.4,55.2,60.0,50.4,1596.1,16.00,22,22,22,52,74,560,1,2,Yes,No,No,No,No,No,No,No,No,No,Yes,No,No,No,No,No,No,No,No,No,No,No,No,No,No,No,No,No,No,No,No,No,No,No,No,No,No,No,46.0,38,38,41,89.0,100.0,No,No,19343,54886,5.8,0.4,6.2,5.515,0.165,3244,2765,12.757,44.631,100.0,0.000,17.4,0.0,0.0,0.0,0.0,0.0,0.0,0.0,0.0,0.0,0.0,0.0,0.0,0.00,0.00,0.00,0.00,0.00,0.00,0.00,0.00,0.00,0.00,0.00,0,
17.12.2025,21:19:21.998,2763,7041,28.1,3229,4655,40.9,0.2,0.676,0.664,0.635,0.676,0.676,0.676,0.675,0.690,0.690,0.690,0.690,0.603,0.768,927.7,897.8,798.0,897.8,897.8,897.8,897.8,997.6,997.6,997.6,997.6,99.8,399.0,115.3,36.2,281.9,227.3,28.7,143.8,94.5,59.3,49.8,37.3,254.8,110.8,59.4,115.2,8.2,1.9,17.0,14.4,0.0,11.6,7.4,4.6,4.2,2.3,21.3,9.2,4.3,21.3,8.2,100.0,10.8,1.9,20.9,16.6,2.1,15.6,10.3,6.4,5.4,4.0,27.6,12.0,6.3,10.8,9.3,9.0,8.0,9.0,9.0,9.0,9.0,10.0,10.0,10.0,10.0,4.0,46,42,41,48,48,48,48,46,46,46,45,54,58,59,52,52,52,52,54,54,54,55,48,48,No,No,No,No,No,No,No,No,No,No,No,No,No,No,No,No,No,No,No,No,No,No,No,No,No,No,No,No,No,No,No,No,No,No,No,No,48,48,45,46,0.000,0.000,0.000,0.000,0.000,0.000,0.000,1.200,1.250,6.302,3.301,14.302,2.358,0.163,0.146,45.0,15.0,55.0,55.0,1.000,99.8,0,0,47.1,8.7,2.5,17.8,15.1,1.6,12.2,7.9,4.4,4.0,2.9,22.2,9.0,4.1,0.9,3.0,2.6,0.7,0.7,0.2,0.0,0.0,0.7,0.7,0.7,73.1,1.5,2.1,86.7,91.3,95.3,95.9,97.0,76.3,90.0,94.9,76.2,74.2,78.2,1596.1,16.00,22,22,22,52,74,560,1,2,Yes,No,No,No,No,No,No,No,No,No,Yes,No,No,No,No,No,No,No,No,No,No,No,No,No,No,No,No,No,No,No,No,No,No,No,No,No,No,No,44.0,38,38,37,89.0,100.0,No,No,19343,54886,1.3,2.3,3.7,1.292,0.530,3247,2766,12.757,44.631,100.0,0.000,17.4,0.0,0.0,0.0,0.0,0.0,0.0,0.0,0.0,0.0,0.0,0.0,0.0,0.00,0.00,0.00,0.00,0.00,0.00,0.00,0.00,0.00,0.00,0.00,0,
17.12.2025,21:19:23.997,2759,7045,28.1,3218,4665,40.8,0.2,1.085,0.863,1.136,1.121,1.121,1.121,1.111,1.121,1.075,1.092,1.092,0.746,0.768,3152.3,2194.6,4588.8,3391.7,3391.7,3391.7,3391.7,3391.7,997.6,3391.7,3391.7,99.8,1596.1,74.8,10.2,160.1,156.8,0.2,85.9,0.2,0.2,0.2,2.8,481.2,0.2,0.2,51.7,6.0,0.0,9.7,6.4,0.0,7.9,0.3,0.0,0.0,0.4,46.7,0.3,0.3,46.7,6.0,100.0,7.1,0.1,11.4,11.2,0.0,9.5,0.0,0.0,0.0,0.1,53.3,0.0,0.0,7.1,31.6,22.0,46.0,34.0,34.0,34.0,34.0,34.0,10.0,34.0,34.0,16.0,46,42,42,48,48,48,48,45,45,45,45,54,58,58,52,52,52,52,55,55,55,55,48,48,No,No,No,No,No,No,No,No,No,No,No,No,No,No,No,No,No,No,No,No,No,No,No,No,No,No,No,No,No,No,No,No,No,No,No,No,48,48,45,47,0.000,0.000,0.000,0.000,0.000,0.000,0.000,1.200,12.188,3.786,1.217,11.577,2.066,0.114,0.146,45.0,15.0,55.0,55.0,2.000,99.8,0,0,36.5,6.3,0.9,11.2,7.6,0.0,8.4,0.0,0.0,0.0,0.3,46.6,0.0,0.0,0.9,4.8,4.2,0.0,0.0,0.0,0.0,0.0,0.0,0.0,0.0,74.6,0.0,2.0,91.6,100.0,100.0,100.0,99.4,53.3,100.0,100.0,83.6,81.7,85.4,1596.1,16.00,22,22,22,52,74,560,1,2,Yes,No,No,No,No,No,No,No,No,No,Yes,No,No,No,No,No,No,No,No,No,No,No,No,No,No,No,No,No,No,No,No,No,No,No,No,No,No,No,45.0,38,38,37,89.0,100.0,No,No,19343,54886,0.0,1.3,1.3,0.000,0.236,3247,2767,12.758,44.631,100.0,0.000,17.4,0.0,0.0,0.0,0.0,0.0,0.0,0.0,0.0,0.0,0.0,0.0,0.0,0.00,0.00,0.00,0.00,0.00,0.00,0.00,0.00,0.00,0.00,0.00,0,
17.12.2025,21:19:25.999,2791,7012,28.4,3228,4656,40.9,0.2,0.816,0.875,0.855,0.837,0.832,0.832,0.822,0.802,0.822,0.672,0.812,0.793,0.768,1935.3,2294.4,2593.7,2094.9,2094.9,2094.9,2094.9,997.6,2094.9,997.6,1995.1,99.8,1995.1,306.8,142.4,652.4,986.3,148.0,451.8,155.1,103.7,96.0,95.0,402.0,224.8,223.5,342.0,17.4,5.1,23.6,38.3,20.5,36.2,10.5,6.3,5.4,5.7,28.9,14.9,14.0,38.3,17.4,100.0,27.9,10.0,48.9,75.0,11.4,49.2,16.7,11.2,10.5,10.2,43.9,24.2,24.1,27.9,19.4,23.0,26.0,21.0,21.0,21.0,21.0,10.0,21.0,10.0,20.0,20.0,47,43,42,49,50,50,50,46,46,46,46,53,57,58,51,50,50,50,54,54,54,54,49,50,No,No,No,No,No,No,No,No,No,No,No,No,No,No,No,No,No,No,No,No,No,No,No,No,No,No,No,No,No,No,No,No,No,No,No,No,50,50,46,47,0.000,0.000,0.000,0.000,0.000,0.000,0.000,1.200,7.813,3.221,0.843,10.808,1.896,0.093,0.137,45.0,15.0,55.0,55.0,6.000,99.8,0,0,0.2,15.8,5.1,24.0,38.7,4.5,35.7,9.4,5.1,5.6,6.0,28.8,14.1,13.0,5.2,9.1,15.7,6.6,2.4,0.7,0.0,0.2,6.4,7.4,4.0,66.3,0.5,10.6,57.3,87.9,93.9,94.1,93.4,64.2,78.2,82.5,47.1,62.2,31.9,1596.1,16.00,22,22,22,52,74,560,1,2,Yes,No,No,No,No,No,No,No,No,No,Yes,No,No,No,No,No,No,No,No,No,No,No,No,No,No,No,No,No,No,No,No,No,No,No,No,No,No,No,46.0,38,38,38,89.0,100.0,No,No,19343,54886,0.0,4.1,4.1,0.000,1.556,3247,2770,12.756,44.631,100.0,0.000,17.4,0.0,0.0,0.0,0.0,0.0,0.0,0.0,0.0,0.0,0.0,0.0,0.0,0.00,0.00,0.00,0.00,0.00,0.00,0.00,0.00,0.00,0.00,0.00,0,
17.12.2025,21:19:27.999,2783,7020,28.3,3232,4652,40.9,0.2,1.018,0.807,0.797,1.082,1.082,1.082,1.082,0.867,1.138,1.083,1.163,0.751,0.768,2583.7,2294.4,2294.4,997.6,3391.7,3391.7,3391.7,2294.4,997.6,3391.7,3391.7,99.8,1695.9,164.8,12.0,326.2,391.9,0.4,240.8,370.3,2.6,1.1,2.5,421.7,94.7,113.4,168.2,10.3,0.0,11.2,11.6,0.0,18.7,33.1,0.0,0.0,0.0,36.0,5.5,8.0,36.0,10.3,100.0,15.9,0.1,24.0,29.1,0.0,26.3,41.2,0.3,0.1,0.1,46.4,10.3,12.3,15.9,25.9,23.0,23.0,10.0,34.0,34.0,34.0,23.0,10.0,34.0,34.0,17.0,46,43,43,48,48,48,48,46,46,46,46,54,57,57,52,52,52,52,54,54,54,54,48,48,No,No,No,No,No,No,No,No,No,No,No,No,No,No,No,No,No,No,No,No,No,No,No,No,No,No,No,No,No,No,No,No,No,No,No,No,48,48,45,47,0.000,0.000,0.000,0.000,0.000,0.000,0.000,1.200,10.938,7.463,4.834,15.068,1.990,0.162,0.140,45.0,15.0,55.0,55.0,12.000,99.8,0,0,0.0,11.1,0.6,12.3,12.8,0.0,20.4,34.4,0.1,0.0,0.3,36.4,6.6,9.0,3.5,8.9,15.1,4.8,0.3,0.3,0.0,0.3,3.0,0.8,1.2,68.3,0.0,2.5,74.5,65.3,99.6,99.9,99.2,60.1,92.3,89.5,72.3,76.3,68.3,1596.1,16.00,22,22,22,52,74,560,1,2,Yes,No,No,No,No,No,No,No,No,No,Yes,No,No,No,No,No,No,No,No,No,No,No,No,No,No,No,No,No,No,No,No,No,No,No,No,No,No,No,44.0,38,38,37,89.0,100.0,No,No,19343,54886,0.0,1.2,1.2,0.000,0.036,3247,2770,12.756,44.631,100.0,0.000,17.4,0.0,0.0,0.0,0.0,0.0,0.0,0.0,0.0,0.0,0.0,0.0,0.0,0.00,0.00,0.00,0.00,0.00,0.00,0.00,0.00,0.00,0.00,0.00,0,
17.12.2025,21:19:29.997,2776,7028,28.3,3226,4658,40.9,0.2,0.962,0.792,1.167,1.097,1.097,1.087,0.877,0.882,0.851,0.882,0.892,1.028,0.768,2573.7,2194.6,4588.8,3391.7,3391.7,3391.7,2394.1,997.6,997.6,2194.6,2194.6,99.8,2793.2,179.2,64.7,334.6,629.4,28.8,313.0,36.9,35.3,42.8,38.8,390.9,137.6,97.4,185.7,11.8,3.1,15.2,35.0,0.0,28.0,3.0,3.2,4.1,2.5,32.7,10.7,4.4,35.0,11.8,100.0,16.4,4.0,24.3,46.8,2.1,34.5,3.9,3.8,4.7,4.1,42.9,15.0,10.5,16.4,25.8,22.0,46.0,34.0,34.0,34.0,24.0,10.0,10.0,22.0,22.0,28.0,46,43,40,48,48,48,48,46,45,45,45,54,57,60,52,52,52,52,54,55,55,55,48,48,No,No,No,No,No,No,No,No,No,No,No,No,No,No,No,No,No,No,No,No,No,No,No,No,No,No,No,No,No,No,No,No,No,No,No,No,49,49,46,48,0.000,0.000,0.000,0.000,0.000,0.000,0.000,1.200,4.688,4.929,2.365,12.426,1.953,0.130,0.145,45.0,15.0,55.0,55.0,5.000,99.8,0,0,0.0,11.9,3.8,16.6,36.7,1.7,26.9,2.1,2.3,3.2,2.5,32.9,10.0,4.3,9.0,47.5,36.5,1.3,0.0,0.0,0.0,0.0,2.7,1.3,0.9,71.2,0.0,3.4,71.6,97.7,97.6,96.7,97.1,64.2,88.6,94.7,26.1,31.4,20.9,1596.1,16.00,22,22,22,52,74,560,1,2,Yes,No,No,No,No,No,No,No,No,No,Yes,No,No,No,No,No,No,No,No,No,No,No,No,No,No,No,No,No,No,No,No,No,No,No,No,No,No,No,45.0,38,38,36,89.0,100.0,No,No,19343,54886,0.0,1.7,1.7,0.000,0.108,3247,2770,12.757,44.631,100.0,0.000,17.4,0.0,0.0,0.0,0.0,0.0,0.0,0.0,0.0,0.0,0.0,0.0,0.0,0.00,0.00,0.00,0.00,0.00,0.00,0.00,0.00,0.00,0.00,0.00,0,
17.12.2025,21:19:32.002,2778,7026,28.3,3225,4659,40.9,0.2,1.105,0.947,1.095,1.105,1.125,1.160,1.170,1.160,1.084,1.109,1.089,0.868,0.768,2643.5,1795.6,4289.5,3391.7,3192.2,3391.7,3192.2,3391.7,997.6,1795.6,997.6,99.8,2094.9,171.2,10.9,429.9,491.9,0.5,268.1,46.0,16.9,1.1,2.6,498.5,195.5,92.9,158.2,12.2,0.0,20.4,24.6,9.9,23.4,4.3,2.2,0.0,0.0,41.9,14.3,6.0,41.9,12.2,100.0,15.8,0.1,31.4,35.7,0.0,29.4,5.1,1.8,0.1,0.1,54.6,21.1,10.0,15.8,26.5,18.0,43.0,34.0,32.0,34.0,32.0,34.0,10.0,18.0,10.0,21.0,48,43,43,49,49,50,50,47,49,49,49,52,57,57,51,51,50,50,53,51,51,51,49,50,No,No,No,No,No,No,No,No,No,No,No,No,No,No,No,No,No,No,No,No,No,No,No,No,No,No,No,No,No,No,No,No,No,No,No,No,49,49,45,48,0.000,0.000,0.000,0.000,0.000,0.000,0.000,1.200,10.313,5.208,2.827,12.654,1.802,0.100,0.143,45.0,15.0,55.0,55.0,9.000,99.8,0,0,0.0,11.9,0.6,22.0,26.7,0.0,23.6,4.2,1.4,0.1,0.3,42.4,15.2,6.1,9.8,43.0,49.9,1.2,0.0,0.0,0.0,0.0,2.2,0.8,0.6,70.0,0.0,0.6,74.8,95.7,98.5,99.9,99.5,54.6,83.6,93.2,26.4,32.3,20.6,1596.1,16.00,22,22,22,52,74,560,1,2,Yes,No,No,No,No,No,No,No,No,No,Yes,No,No,No,No,No,No,No,No,No,No,No,No,No,No,No,No,No,No,No,No,No,No,No,No,No,No,No,45.0,38,38,37,89.0,100.0,No,No,19343,54886,0.0,1.2,1.2,0.000,0.024,3247,2770,12.756,44.631,100.0,0.000,17.4,0.0,0.0,0.0,0.0,0.0,0.0,0.0,0.0,0.0,0.0,0.0,0.0,0.00,0.00,0.00,0.00,0.00,0.00,0.00,0.00,0.00,0.00,0.00,0,
17.12.2025,21:19:34.009,2792,7012,28.4,3241,4643,41.1,0.2,0.706,0.708,0.709,0.709,0.697,0.697,0.692,0.707,0.712,0.712,0.712,0.663,0.768,1087.3,1396.6,1097.3,1097.3,997.6,997.6,997.6,997.6,1097.3,1097.3,1097.3,99.8,798.0,347.7,177.3,464.4,497.5,93.6,665.8,196.2,132.8,132.0,140.1,847.8,519.8,304.6,294.9,24.3,7.7,16.8,17.8,13.5,56.6,14.0,8.6,9.9,10.3,71.0,42.1,23.4,71.0,24.3,100.0,34.2,12.8,34.2,35.8,7.0,73.0,20.7,14.0,13.8,15.2,93.8,57.0,33.3,34.2,10.9,14.0,11.0,11.0,10.0,10.0,10.0,10.0,11.0,11.0,11.0,8.0,48,44,44,51,51,51,51,47,47,47,47,52,56,56,49,49,49,49,53,53,53,53,52,51,No,No,No,No,No,No,No,No,No,No,No,No,No,No,No,No,No,No,No,No,No,No,No,No,No,No,No,No,No,No,No,No,No,No,No,No,50,50,46,48,0.000,0.000,0.000,0.000,0.000,0.000,0.000,1.200,21.250,5.173,2.824,12.682,1.773,0.094,0.147,45.0,15.0,55.0,55.0,6.000,99.8,0,0,0.0,24.2,7.9,18.7,20.6,4.6,57.6,14.5,9.5,9.5,9.4,71.7,42.6,23.6,9.4,34.7,25.7,4.4,0.7,1.3,1.9,0.3,21.1,3.0,0.4,52.6,1.6,0.0,37.1,84.4,88.9,88.3,90.1,7.1,53.3,75.5,42.0,36.4,47.7,1596.1,16.00,22,22,22,52,74,560,1,2,Yes,No,No,No,No,No,No,No,No,No,Yes,No,No,No,No,No,No,No,No,No,No,No,No,No,No,No,No,No,No,No,No,No,No,No,No,No,No,No,46.0,38,38,39,89.0,100.0,No,No,19343,54886,0.0,2.0,2.0,0.000,0.243,3247,2770,12.757,44.631,100.0,0.000,17.4,0.0,0.0,0.0,0.0,0.0,0.0,0.0,0.0,0.0,0.0,0.0,0.0,0.00,0.00,0.00,0.00,0.00,0.00,0.00,0.00,0.00,0.00,0.00,0,
17.12.2025,21:19:36.000,2778,7026,28.3,3234,4649,41.0,0.2,1.091,0.876,1.098,1.148,1.148,1.073,1.073,1.073,1.158,1.108,1.158,0.751,0.768,3022.6,2294.4,4289.5,3391.7,3391.7,3391.7,3391.7,2294.4,3391.7,3391.7,997.6,99.8,1695.9,192.2,69.7,270.7,702.0,33.8,206.8,105.0,125.7,54.8,53.2,427.1,151.0,106.0,196.1,13.4,2.8,14.3,44.3,0.0,17.1,8.7,9.8,3.0,3.2,38.8,11.9,7.3,44.3,13.4,100.0,18.1,4.5,19.5,53.3,2.5,23.2,12.3,14.2,6.5,5.8,47.7,16.0,11.9,18.1,30.3,23.0,43.0,34.0,34.0,34.0,34.0,23.0,34.0,34.0,10.0,17.0,46,43,42,48,48,48,48,47,47,47,47,54,57,58,52,52,52,52,53,53,53,53,48,48,No,No,No,No,No,No,No,No,No,No,No,No,No,No,No,No,No,No,No,No,No,No,No,No,No,No,No,No,No,No,No,No,No,No,No,No,48,48,45,48,0.000,0.000,0.000,0.000,0.000,0.000,0.000,1.200,4.375,6.919,4.208,14.511,2.053,0.174,0.149,45.0,15.0,55.0,55.0,2.000,99.8,0,0,0.0,14.7,3.9,16.4,45.5,1.9,18.5,9.2,11.3,4.5,4.4,38.8,12.9,8.9,9.0,60.5,22.0,0.0,0.0,3.2,1.7,0.0,2.6,0.2,0.0,69.1,1.9,8.1,81.1,90.6,85.4,93.7,95.4,58.3,85.7,90.9,19.7,17.4,22.0,1596.1,16.00,22,22,22,52,74,560,1,2,Yes,No,No,No,No,No,No,No,No,No,Yes,No,No,No,No,No,No,No,No,No,No,No,No,No,No,No,No,No,No,No,No,No,No,No,No,No,No,No,46.0,38,38,36,89.0,100.0,No,No,19343,54886,0.0,1.1,1.1,0.000,0.169,3247,2771,12.756,44.631,100.0,0.000,17.4,0.0,0.0,0.0,0.0,0.0,0.0,0.0,0.0,0.0,0.0,0.0,0.0,0.00,0.00,0.00,0.00,0.00,0.00,0.00,0.00,0.00,0.00,0.00,0,
17.12.2025,21:19:37.995,2784,7020,28.4,3234,4649,41.0,0.2,1.067,0.804,1.093,1.091,1.091,1.091,1.091,1.096,1.093,1.117,1.108,0.751,0.768,2493.9,2294.4,2294.4,2294.4,2294.4,2294.4,2294.4,3391.7,997.6,3391.7,3391.7,99.8,1695.9,307.9,126.5,894.1,914.8,54.0,528.2,66.2,63.0,50.8,58.6,602.5,187.1,148.5,337.2,15.4,5.5,25.3,30.7,0.0,41.6,3.8,4.6,3.8,3.7,46.3,10.3,9.7,46.3,15.4,100.0,27.3,8.5,63.3,66.4,3.9,57.6,7.1,6.8,5.4,6.3,66.0,20.1,15.9,27.3,25.0,23.0,23.0,23.0,23.0,23.0,23.0,34.0,10.0,34.0,34.0,17.0,48,44,43,51,51,51,51,47,47,47,47,52,56,57,49,49,49,49,53,53,53,53,51,51,No,No,No,No,No,No,No,No,No,No,No,No,No,No,No,No,No,No,No,No,No,No,No,No,No,No,No,No,No,No,No,No,No,No,No,No,50,50,46,49,0.000,0.000,0.000,0.000,0.000,0.000,0.000,1.200,11.563,5.076,2.611,12.696,1.869,0.113,0.148,45.0,15.0,55.0,55.0,11.000,99.8,0,0,0.0,16.1,5.8,28.1,32.9,2.9,41.4,4.1,4.1,3.4,4.1,46.5,10.7,9.5,15.2,67.0,59.8,6.2,1.4,0.3,1.0,0.1,9.7,4.5,2.1,64.9,0.3,0.8,51.8,94.3,95.4,95.4,95.5,43.4,84.3,87.9,3.3,1.2,5.4,1596.1,16.00,22,22,22,52,74,560,1,2,Yes,No,No,No,No,No,No,No,No,No,Yes,No,No,No,No,No,No,No,No,No,No,No,No,No,No,No,No,No,No,No,No,No,No,No,No,No,No,No,45.0,38,38,36,89.0,100.0,No,No,19343,54886,0.0,1.1,1.1,0.000,0.026,3247,2771,12.757,44.631,100.0,0.000,17.4,0.0,0.0,0.0,0.0,0.0,0.0,0.0,0.0,0.0,0.0,0.0,0.0,0.00,0.00,0.00,0.00,0.00,0.00,0.00,0.00,0.00,0.00,0.00,0,
17.12.2025,21:19:40.015,2795,7008,28.5,3249,4635,41.2,0.2,1.119,1.128,1.117,1.114,1.114,1.124,1.124,1.119,1.114,1.114,1.119,1.028,0.766,3491.5,4289.5,4289.5,3391.7,3391.7,3192.2,3192.2,3192.2,3391.7,3391.7,3192.2,99.8,3691.0,196.2,22.7,666.3,699.8,5.0,268.0,19.4,4.5,4.5,6.6,530.2,68.2,59.3,211.3,14.1,0.2,24.0,34.3,31.8,22.9,2.2,0.9,0.9,1.0,42.7,4.3,3.9,42.7,14.1,100.0,16.7,0.2,46.8,51.3,0.0,28.9,1.6,0.1,0.1,0.1,58.2,6.7,6.0,16.7,35.0,43.0,43.0,34.0,34.0,32.0,32.0,32.0,34.0,34.0,32.0,37.0,56,57,56,58,58,58,58,53,53,53,53,44,43,44,42,42,42,42,47,47,47,47,58,58,No,No,No,No,No,No,No,No,No,No,No,No,No,No,No,No,No,No,No,No,No,No,No,No,No,No,No,No,No,No,No,No,No,No,No,No,53,53,46,48,0.000,0.000,0.000,0.000,0.000,0.000,0.000,1.200,19.063,8.361,5.823,15.646,1.918,0.134,0.149,45.0,15.0,55.0,55.0,16.000,99.8,0,0,0.5,11.5,1.1,26.5,35.9,0.2,22.6,0.9,0.2,0.2,0.5,43.1,3.8,3.4,7.7,37.5,32.9,0.7,0.5,0.0,0.0,0.0,2.1,1.7,1.3,72.7,3.5,5.6,76.5,98.6,99.7,99.7,99.2,54.5,94.4,95.2,27.7,30.7,24.6,1596.1,16.00,22,22,22,52,74,560,1,2,Yes,No,No,No,No,No,No,No,No,No,Yes,No,No,No,No,No,No,No,No,No,No,No,No,No,No,No,No,No,No,No,No,No,No,No,No,No,No,No,45.0,38,38,39,89.0,100.0,No,No,19343,54886,0.7,1.2,1.9,0.011,0.148,3247,2771,12.757,44.631,100.0,0.000,17.4,0.0,0.0,0.0,0.0,0.0,0.0,0.0,0.0,0.0,0.0,0.0,0.0,0.00,0.00,0.00,0.00,0.00,0.00,0.00,0.00,0.00,0.00,0.00,0,
17.12.2025,21:19:42.018,2790,7014,28.4,3244,4640,41.1,0.2,0.681,0.667,0.665,0.680,0.675,0.675,0.685,0.691,0.691,0.691,0.691,0.596,0.768,927.7,798.0,798.0,897.8,897.8,897.8,997.6,997.6,997.6,997.6,997.6,99.8,399.0,118.7,12.8,437.6,437.4,0.3,130.8,47.6,31.1,1.9,1.9,123.4,128.8,71.3,137.4,4.2,0.0,19.2,14.8,0.0,5.5,0.5,0.4,0.0,0.0,5.6,2.8,1.9,19.2,4.2,100.0,10.2,0.2,32.9,33.1,0.0,13.7,5.0,3.3,0.2,0.1,12.9,13.6,7.5,10.2,9.3,8.0,8.0,9.0,9.0,9.0,10.0,10.0,10.0,10.0,10.0,4.0,48,43,43,51,51,51,51,48,47,47,47,52,57,57,49,49,49,49,52,53,53,53,50,51,No,No,No,No,No,No,No,No,No,No,No,No,No,No,No,No,No,No,No,No,No,No,No,No,No,No,No,No,No,No,No,No,No,No,No,No,49,49,47,47,0.000,0.000,0.000,0.000,0.000,0.000,0.000,1.200,1.250,5.932,3.378,13.536,1.950,0.119,0.149,45.0,15.0,55.0,55.0,1.000,99.8,0,0,61.7,5.2,1.4,20.9,16.2,0.0,6.4,1.9,1.1,0.1,0.3,6.6,5.3,2.5,3.7,7.9,6.5,6.4,3.0,1.2,0.0,0.0,4.0,6.1,2.4,75.7,2.3,3.5,87.0,95.1,97.7,99.9,99.5,89.0,88.3,94.9,69.8,66.4,73.1,1596.1,16.00,22,22,22,52,74,560,1,2,Yes,No,No,No,No,No,No,No,No,No,Yes,No,No,No,No,No,No,No,No,No,No,No,No,No,No,No,No,No,No,No,No,No,No,No,No,No,No,No,45.0,38,38,37,89.0,100.0,No,No,19343,54886,0.0,1.9,1.9,0.000,0.124,3247,2771,12.756,44.631,100.0,0.000,17.4,0.0,0.0,0.0,0.0,0.0,0.0,0.0,0.0,0.0,0.0,0.0,0.0,0.00,0.00,0.00,0.00,0.00,0.00,0.00,0.00,0.00,0.00,0.00,0,
17.12.2025,21:19:44.016,2781,7023,28.3,3230,4654,40.9,0.2,0.667,0.635,0.633,0.666,0.666,0.661,0.676,0.680,0.680,0.680,0.690,0.596,0.766,838.0,698.3,698.3,798.0,798.0,798.0,897.8,897.8,897.8,897.8,997.6,99.8,399.0,52.1,17.5,286.2,246.8,0.3,25.1,0.3,0.1,0.2,2.3,35.0,5.4,6.2,72.1,3.7,0.2,19.7,14.6,6.5,0.5,0.0,0.0,0.0,0.1,1.5,1.0,0.1,19.7,3.7,100.0,3.9,0.2,21.0,18.0,0.0,2.6,0.0,0.0,0.0,0.1,3.5,0.5,0.6,3.9,8.4,7.0,7.0,8.0,8.0,8.0,9.0,9.0,9.0,9.0,10.0,4.0,46,42,42,49,49,49,49,46,46,46,46,54,58,58,51,51,51,51,54,54,54,54,49,49,No,No,No,No,No,No,No,No,No,No,No,No,No,No,No,No,No,No,No,No,No,No,No,No,No,No,No,No,No,No,No,No,No,No,No,No,48,48,45,47,0.000,0.000,0.000,0.000,0.000,0.000,0.000,1.200,1.875,4.846,2.438,12.403,1.930,0.099,0.150,45.0,15.0,55.0,55.0,0.000,99.8,0,0,56.2,3.8,1.8,21.4,16.1,0.0,1.5,0.0,0.0,0.0,0.4,3.5,0.3,0.3,1.9,10.3,4.6,1.1,0.0,0.0,0.0,0.0,1.2,1.1,0.7,79.3,2.3,1.9,97.2,100.0,100.0,100.0,99.4,94.9,98.4,98.9,69.3,62.8,75.8,1596.1,16.00,22,22,22,52,74,560,1,2,Yes,No,No,No,No,No,No,No,No,No,Yes,No,No,No,No,No,No,No,No,No,No,No,No,No,No,No,No,No,No,No,No,No,No,No,No,No,No,No,45.0,38,38,36,89.0,100.0,No,No,19343,54886,0.0,1.3,1.3,0.000,0.040,3247,2771,12.756,44.631,100.0,0.000,17.4,0.0,0.0,0.0,0.0,0.0,0.0,0.0,0.0,0.0,0.0,0.0,0.0,0.00,0.00,0.00,0.00,0.00,0.00,0.00,0.00,0.00,0.00,0.00,0,
17.12.2025,21:19:46.015,2776,7028,28.3,3228,4656,40.9,0.2,0.668,0.634,0.632,0.661,0.666,0.675,0.675,0.680,0.680,0.689,0.689,0.598,0.768,867.9,698.3,798.0,798.0,798.0,897.8,897.8,897.8,897.8,997.6,997.6,99.8,399.0,38.3,12.4,224.7,135.8,0.2,23.6,0.1,0.1,0.1,0.6,43.0,7.6,12.0,49.6,2.6,0.5,14.4,7.5,0.0,1.6,1.0,0.2,0.2,0.3,4.6,0.0,0.7,14.4,2.6,100.0,3.0,0.2,16.5,9.9,0.0,2.4,0.0,0.0,0.0,0.0,4.5,0.7,1.2,3.0,8.7,7.0,8.0,8.0,8.0,9.0,9.0,9.0,9.0,10.0,10.0,4.0,45,39,41,48,48,48,48,45,45,45,46,55,61,59,52,52,52,52,55,55,55,54,48,48,No,No,No,No,No,No,No,No,No,No,No,No,No,No,No,No,No,No,No,No,No,No,No,No,No,No,No,No,No,No,No,No,No,No,No,No,48,48,46,46,0.000,0.000,0.000,0.000,0.000,0.000,0.000,1.200,1.563,3.397,1.121,10.953,1.804,0.081,0.149,45.0,15.0,55.0,55.0,0.000,99.8,0,0,71.4,2.6,1.5,15.5,8.0,0.0,1.5,0.0,0.0,0.0,0.1,3.1,0.4,0.6,1.2,4.2,3.4,1.3,0.0,0.0,0.0,0.0,1.1,1.2,0.4,79.1,1.5,0.0,97.0,100.0,100.0,100.0,99.9,95.6,98.3,98.9,82.1,76.3,87.8,1596.1,16.00,22,22,22,52,74,560,1,2,Yes,No,No,No,No,No,No,No,No,No,Yes,No,No,No,No,No,No,No,No,No,No,No,No,No,No,No,No,No,No,No,No,No,No,No,No,No,No,No,44.0,38,38,37,89.0,100.0,No,No,19343,54886,0.0,0.5,0.5,0.000,0.006,3247,2771,12.757,44.631,100.0,0.000,17.4,0.0,0.0,0.0,0.0,0.0,0.0,0.0,0.0,0.0,0.0,0.0,0.0,0.00,0.00,0.00,0.00,0.00,0.00,0.00,0.00,0.00,0.00,0.00,0,
17.12.2025,21:19:48.005,2725,7079,27.7,3171,4713,40.2,0.2,0.697,0.642,0.647,0.704,0.704,0.704,0.704,0.704,0.719,0.719,0.719,0.603,0.768,1097.3,897.8,997.6,1097.3,1097.3,1097.3,1097.3,1097.3,1197.1,1197.1,1197.1,99.8,399.0,81.9,17.3,301.6,280.3,1.1,67.9,26.6,14.2,10.0,13.3,118.8,69.2,62.8,89.9,5.3,0.1,21.6,16.6,2.9,4.9,1.5,0.9,0.6,0.9,7.3,4.0,2.8,21.6,5.3,100.0,6.9,0.2,22.1,20.4,0.1,7.2,2.8,1.5,1.1,1.2,12.5,7.2,6.5,6.9,11.0,9.0,10.0,11.0,11.0,11.0,11.0,11.0,12.0,12.0,12.0,4.0,46,43,42,48,48,48,48,45,46,46,46,54,57,58,52,52,52,52,55,54,54,54,48,48,No,No,No,No,No,No,No,No,No,No,No,No,No,No,No,No,No,No,No,No,No,No,No,No,No,No,No,No,No,No,No,No,No,No,No,No,49,49,45,47,0.000,0.000,0.000,0.000,0.000,0.000,0.000,1.200,1.250,3.049,0.756,10.605,1.880,0.077,0.149,45.0,15.0,55.0,55.0,1.000,99.8,0,0,54.1,5.8,1.8,23.4,18.4,0.1,5.3,1.8,1.1,0.8,1.5,8.7,3.7,3.3,2.0,7.9,4.4,1.0,0.0,0.0,0.0,0.0,2.3,2.3,2.2,76.6,0.0,1.6,93.4,98.1,98.8,99.1,98.1,88.4,93.8,94.4,69.8,65.6,73.9,1596.1,16.00,22,22,22,52,74,560,1,2,Yes,No,No,No,No,No,No,No,No,No,Yes,No,No,No,No,No,No,No,No,No,No,No,No,No,No,No,No,No,No,No,No,No,No,No,No,No,No,No,45.0,38,38,37,89.0,100.0,No,No,19343,54886,0.0,2.3,2.3,0.000,0.155,3247,2772,12.758,44.631,100.0,0.000,17.4,0.0,0.0,0.0,0.0,0.0,0.0,0.0,0.0,0.0,0.0,0.0,0.0,0.00,0.00,0.00,0.00,0.00,0.00,0.00,0.00,0.00,0.00,0.00,0,
17.12.2025,21:19:50.014,2754,7049,28.0,3206,4678,40.6,0.2,1.110,1.106,1.131,1.101,1.101,1.121,1.136,1.116,1.101,1.076,1.117,1.023,0.766,2573.7,4289.5,4289.5,3192.2,997.6,3192.2,1396.6,997.6,3192.2,997.6,3192.2,99.8,3691.0,214.7,336.5,177.2,569.4,51.1,307.4,101.3,55.0,56.0,56.6,253.0,426.2,186.5,206.7,14.2,11.6,9.7,25.0,2.8,26.7,8.0,3.9,4.0,4.0,22.6,36.7,16.0,36.7,14.2,100.0,20.0,24.6,13.1,42.6,3.6,33.4,11.0,5.8,5.8,6.1,27.4,46.7,20.3,20.0,25.8,43.0,43.0,32.0,10.0,32.0,14.0,10.0,32.0,10.0,32.0,37.0,51,47,52,53,53,53,53,50,50,50,50,49,53,48,47,47,47,47,50,50,50,50,52,53,No,No,No,No,No,No,No,No,No,No,No,No,No,No,No,No,No,No,No,No,No,No,No,No,No,No,No,No,No,No,No,No,No,No,No,No,58,58,46,48,0.000,0.000,0.000,0.000,0.000,0.000,0.000,1.200,18.125,3.828,1.337,11.388,1.976,0.101,0.150,45.0,15.0,55.0,55.0,19.000,99.8,0,0,20.7,13.8,12.4,10.6,25.8,1.6,26.3,6.9,2.7,2.9,2.7,22.0,36.2,15.1,3.7,9.2,7.0,6.2,1.2,1.6,1.4,0.8,3.0,3.4,3.5,66.5,0.5,2.6,67.0,91.7,95.6,95.6,96.3,74.7,59.9,81.1,64.0,66.1,61.9,1596.1,16.00,22,22,22,52,74,560,1,2,Yes,No,No,No,No,No,No,No,No,No,Yes,No,No,No,No,No,No,No,No,No,No,No,No,No,No,No,No,No,No,No,No,No,No,No,No,No,No,No,45.0,38,38,37,89.0,100.0,No,No,19343,54886,0.5,1.1,1.6,0.020,0.328,3247,2772,12.757,44.631,100.0,0.000,17.4,0.0,0.0,0.0,0.0,0.0,0.0,0.0,0.0,0.0,0.0,0.0,0.0,0.00,0.00,0.00,0.00,0.00,0.00,0.00,0.00,0.00,0.00,0.00,0,
17.12.2025,21:19:52.022,2746,7058,28.0,3196,4687,40.5,0.2,0.820,0.738,0.742,0.837,0.837,0.777,0.832,0.832,0.837,1.081,0.691,0.693,0.768,1845.5,1695.9,1695.9,2094.9,2094.9,1695.9,2094.9,1695.9,997.6,3391.7,997.6,99.8,1097.3,157.1,235.5,36.1,218.3,30.9,299.4,71.3,33.8,36.9,43.0,39.4,695.4,145.0,120.3,11.9,10.4,1.9,10.3,1.1,27.5,5.4,1.7,2.3,2.8,2.5,64.7,12.6,64.7,11.9,100.0,15.7,17.0,2.7,16.0,2.5,32.9,7.7,3.6,4.1,4.6,4.5,76.9,16.0,15.7,18.5,17.0,17.0,21.0,21.0,17.0,21.0,17.0,10.0,34.0,10.0,11.0,46,42,43,48,48,48,48,46,46,46,46,54,58,57,52,52,52,52,54,54,54,54,48,48,No,No,No,No,No,No,No,No,No,No,No,No,No,No,No,No,No,No,No,No,No,No,No,No,No,No,No,No,No,No,No,No,No,No,No,No,48,48,45,48,0.000,0.000,0.000,0.000,0.000,0.000,0.000,1.200,5.000,5.396,2.755,13.008,2.057,0.142,0.148,45.0,15.0,55.0,55.0,2.000,99.8,0,0,0.0,12.3,11.6,1.4,11.3,1.3,28.0,5.7,2.1,2.5,3.1,2.8,65.3,12.9,0.8,1.9,5.2,0.0,0.0,0.0,0.0,0.0,0.0,1.1,0.0,68.1,2.7,4.6,71.4,94.0,97.7,97.2,96.7,97.1,33.1,86.7,78.9,81.1,76.8,1596.1,16.00,22,22,22,52,74,560,1,2,Yes,No,No,No,No,No,No,No,No,No,Yes,No,No,No,No,No,No,No,No,No,No,No,No,No,No,No,No,No,No,No,No,No,No,No,No,No,No,No,45.0,38,38,36,89.0,100.0,No,No,19343,54886,0.0,2.5,2.5,0.000,0.114,3247,2773,12.757,44.631,100.0,0.000,17.4,0.0,0.0,0.0,0.0,0.0,0.0,0.0,0.0,0.0,0.0,0.0,0.0,0.00,0.00,0.00,0.00,0.00,0.00,0.00,0.00,0.00,0.00,0.00,0,
17.12.2025,21:19:54.040,2724,7080,27.7,3174,4710,40.2,0.2,0.885,0.758,0.757,0.932,0.917,0.912,0.909,0.924,0.799,0.889,1.053,0.711,0.768,1965.2,1795.6,1795.6,997.6,2693.4,2693.4,2693.4,997.6,1795.6,997.6,3192.2,99.8,1197.1,136.5,196.8,1.2,190.1,1.1,336.1,46.4,1.6,1.0,5.2,1.0,733.3,124.1,96.8,11.4,9.1,0.0,8.9,0.0,32.8,4.3,0.0,0.0,0.0,0.0,70.7,11.2,70.7,11.4,100.0,13.7,13.8,0.0,13.6,0.0,37.1,5.1,0.1,0.0,0.2,0.0,81.2,13.5,13.7,19.7,18.0,18.0,10.0,27.0,27.0,27.0,10.0,18.0,10.0,32.0,12.0,45,42,42,47,47,47,47,45,45,45,45,55,58,58,53,53,53,53,55,55,55,55,48,47,No,No,No,No,No,No,No,No,No,No,No,No,No,No,No,No,No,No,No,No,No,No,No,No,No,No,No,No,No,No,No,No,No,No,No,No,48,48,45,48,0.000,0.000,0.000,0.000,0.000,0.000,0.000,1.200,3.438,4.021,1.462,11.550,1.935,0.140,0.148,45.0,15.0,55.0,55.0,2.000,99.8,0,0,0.0,11.9,10.5,0.2,10.1,0.2,33.3,4.6,0.2,0.1,0.6,0.1,71.1,11.7,1.3,2.9,5.3,0.2,0.0,0.0,0.0,0.0,0.0,4.7,0.0,67.1,0.0,0.0,66.2,95.3,99.7,99.8,98.9,99.8,23.7,88.1,83.1,83.8,82.3,1596.1,16.00,22,22,22,52,74,560,1,2,Yes,No,No,No,No,No,No,No,No,No,Yes,No,No,No,No,No,No,No,No,No,No,No,No,No,No,No,No,No,No,No,No,No,No,No,No,No,No,No,44.0,38,38,35,89.0,100.0,No,No,19343,54886,0.0,1.3,1.3,0.000,0.077,3247,2773,12.758,44.631,100.0,0.000,17.4,0.0,0.0,0.0,0.0,0.0,0.0,0.0,0.0,0.0,0.0,0.0,0.0,0.00,0.00,0.00,0.00,0.00,0.00,0.00,0.00,0.00,0.00,0.00,0,
17.12.2025,21:19:56.034,2757,7046,28.1,3200,4684,40.5,0.2,1.027,0.742,0.740,1.100,1.080,1.080,1.080,1.100,1.030,1.155,1.165,0.693,0.768,2094.9,1695.9,1695.9,997.6,3391.7,3391.7,3391.7,997.6,997.6,997.6,3391.7,99.8,1097.3,421.9,823.3,89.7,764.5,73.1,800.2,350.6,259.3,173.6,140.6,121.6,857.3,608.9,416.8,25.2,24.9,0.4,23.5,2.2,64.6,24.5,17.8,10.8,9.5,8.0,69.7,46.1,69.7,25.2,100.0,41.0,61.6,6.3,57.2,5.4,87.8,38.3,28.1,18.7,15.0,13.1,94.2,66.7,41.0,21.0,17.0,17.0,10.0,34.0,34.0,34.0,10.0,10.0,10.0,34.0,11.0,47,42,42,49,49,49,49,47,47,47,47,53,58,58,51,51,51,51,53,53,53,53,49,49,No,No,No,No,No,No,No,No,No,No,No,No,No,No,No,No,No,No,No,No,No,No,No,No,No,No,No,No,No,No,No,No,No,No,No,No,48,48,46,48,0.000,0.000,0.000,0.000,0.000,0.000,0.000,1.200,3.125,3.758,1.241,11.253,1.911,0.127,0.145,45.0,15.0,55.0,55.0,1.000,99.8,0,0,0.0,26.5,26.4,4.0,24.7,3.3,65.5,25.7,19.0,12.1,10.8,9.2,70.5,46.8,9.5,16.0,16.3,21.3,6.4,2.4,4.4,0.6,1.0,15.7,10.6,48.1,2.2,4.1,12.7,67.3,78.1,83.1,88.0,89.5,13.3,42.1,52.4,52.2,52.6,1596.1,16.00,22,22,22,52,74,560,1,2,Yes,No,No,No,No,No,No,No,No,No,Yes,No,No,No,No,No,No,No,No,No,No,No,No,No,No,No,No,No,No,No,No,No,No,No,No,No,No,No,45.0,38,38,37,89.0,100.0,No,No,19343,54886,0.0,2.9,2.9,0.000,0.047,3247,2773,12.756,44.631,100.0,0.000,17.4,0.0,0.0,0.0,0.0,0.0,0.0,0.0,0.0,0.0,0.0,0.0,0.0,0.00,0.00,0.00,0.00,0.00,0.00,0.00,0.00,0.00,0.00,0.00,0,
17.12.2025,21:19:58.036,2752,7052,28.0,3196,4687,40.5,0.2,1.129,1.119,1.138,1.138,1.044,1.044,1.174,1.164,1.164,1.154,1.154,0.703,0.768,3471.5,4289.5,4289.5,3192.2,3192.2,3192.2,3391.7,3192.2,3192.2,3391.7,3391.7,99.8,897.8,241.7,269.2,1.4,285.2,1.2,766.4,122.5,23.4,2.4,10.6,1.2,987.7,428.6,184.0,19.7,9.5,1.9,8.9,0.0,70.8,11.7,2.9,0.0,1.4,0.0,90.9,38.7,90.9,19.7,100.0,24.9,19.2,0.0,20.9,0.0,84.8,13.4,2.5,0.1,0.9,0.0,109.8,47.2,24.9,34.8,43.0,43.0,32.0,32.0,32.0,34.0,32.0,32.0,34.0,34.0,9.0,49,47,43,51,51,51,51,49,49,49,49,51,53,57,49,49,49,49,51,51,51,51,51,51,No,No,No,No,No,No,No,No,No,No,No,No,No,No,No,No,No,No,No,No,No,No,No,No,No,No,No,No,No,No,No,No,No,No,No,No,50,50,46,48,0.000,0.000,0.000,0.000,0.000,0.000,0.000,1.200,19.375,8.421,5.518,15.920,2.213,0.207,0.147,45.0,15.0,55.0,55.0,21.000,99.8,0,0,0.0,19.6,10.5,0.2,9.5,0.2,71.2,10.9,2.0,0.2,0.6,0.1,91.0,38.9,2.5,7.3,7.7,0.9,0.0,0.0,0.0,0.0,0.0,9.0,0.1,57.3,0.0,0.0,27.4,88.8,97.9,99.7,99.1,99.8,0.0,60.5,80.1,79.4,80.9,1596.1,16.00,22,22,22,52,74,560,1,2,Yes,No,No,No,No,No,No,No,No,No,Yes,No,No,No,No,No,No,No,No,No,No,No,No,No,No,No,No,No,No,No,No,No,No,No,No,No,No,No,45.0,38,38,36,89.0,100.0,No,No,19343,54886,0.0,1.1,1.1,0.000,1.435,3247,2776,12.758,44.631,100.0,0.000,17.4,0.0,0.0,0.0,0.0,0.0,0.0,0.0,0.0,0.0,0.0,0.0,0.0,0.00,0.00,0.00,0.00,0.00,0.00,0.00,0.00,0.00,0.00,0.00,0,
17.12.2025,21:20:0.031,2752,7052,28.0,3189,4695,40.4,0.2,0.840,0.720,0.715,0.860,0.860,0.860,0.865,0.945,0.945,0.935,0.694,0.673,0.766,1895.4,1596.1,1596.1,2194.6,2194.6,2194.6,2194.6,997.6,2493.9,2493.9,997.6,99.8,997.6,366.6,585.3,57.0,534.6,20.1,728.6,387.2,258.2,138.4,165.5,114.7,854.2,554.8,338.7,24.6,19.9,2.6,17.8,1.4,61.4,29.7,18.1,8.7,10.8,8.6,72.2,43.4,72.2,24.6,100.0,36.5,42.9,4.2,39.3,1.5,80.0,42.1,28.0,14.9,17.9,12.4,94.0,60.6,36.5,19.0,16.0,16.0,22.0,22.0,22.0,22.0,10.0,25.0,25.0,10.0,10.0,47,43,40,49,49,49,49,47,47,47,47,53,57,60,51,51,51,51,53,53,53,53,49,49,No,No,No,No,No,No,No,No,No,No,No,No,No,No,No,No,No,No,No,No,No,No,No,No,No,No,No,No,No,No,No,No,No,No,No,No,49,49,46,48,0.000,0.000,0.000,0.000,0.000,0.000,0.000,1.200,13.438,5.022,2.337,12.428,2.043,0.158,0.149,45.0,15.0,55.0,55.0,15.000,99.8,0,0,0.0,25.2,21.7,2.3,19.4,1.0,62.3,30.5,19.3,8.5,12.1,8.3,72.9,44.3,8.2,10.1,14.2,19.3,3.5,3.8,2.2,0.9,1.2,23.0,3.3,48.8,3.7,3.7,18.0,65.3,76.4,88.9,86.5,90.2,4.0,51.6,60.5,60.8,60.2,1596.1,16.00,22,22,22,52,74,560,1,2,Yes,No,No,No,No,No,No,No,No,No,Yes,No,No,No,No,No,No,No,No,No,No,No,No,No,No,No,No,No,No,No,No,No,No,No,No,No,No,No,45.0,38,38,37,89.0,100.0,No,No,19343,54886,0.0,3.1,3.1,0.000,0.102,3247,2776,12.758,44.631,100.0,0.000,17.4,0.0,0.0,0.0,0.0,0.0,0.0,0.0,0.0,0.0,0.0,0.0,0.0,0.00,0.00,0.00,0.00,0.00,0.00,0.00,0.00,0.00,0.00,0.00,0,
17.12.2025,21:20:2.054,2741,7062,27.9,3179,4705,40.3,0.2,1.079,0.809,1.107,1.117,1.117,1.117,1.117,1.117,1.097,1.097,1.097,1.028,0.768,3072.5,1695.9,4289.5,997.6,3391.7,3391.7,3391.7,3391.7,3391.7,3391.7,3391.7,99.8,3691.0,315.7,451.7,2.1,427.5,1.2,758.5,307.3,214.2,115.2,44.2,47.1,868.3,550.8,284.7,22.4,14.9,0.0,13.7,0.0,65.5,22.4,14.6,6.6,3.7,4.0,76.1,46.8,76.1,22.4,100.0,31.9,32.8,0.1,31.3,0.0,83.3,33.6,23.4,12.5,4.7,5.2,95.9,60.4,31.9,30.8,17.0,43.0,10.0,34.0,34.0,34.0,34.0,34.0,34.0,34.0,37.0,49,45,46,51,51,51,51,49,49,50,50,51,55,54,49,49,49,49,51,51,50,50,51,51,No,No,No,No,No,No,No,No,No,No,No,No,No,No,No,No,No,No,No,No,No,No,No,No,No,No,No,No,No,No,No,No,No,No,No,No,51,51,46,49,0.000,0.000,0.000,0.000,0.000,0.000,0.000,1.200,19.063,6.900,4.041,14.562,2.165,0.210,0.148,45.0,15.0,55.0,55.0,18.000,99.8,0,0,0.0,22.9,16.7,0.2,15.4,0.1,66.3,22.8,14.4,6.9,3.3,4.2,76.7,47.5,9.2,21.4,25.2,12.6,3.6,0.9,0.6,0.0,0.0,20.3,7.1,51.4,2.4,2.2,20.5,73.1,84.3,92.2,96.4,95.7,3.0,44.6,55.8,56.7,54.9,1596.1,16.00,22,22,22,52,74,560,1,2,Yes,No,No,No,No,No,No,No,No,No,Yes,No,No,No,No,No,No,No,No,No,No,No,No,No,No,No,No,No,No,No,No,No,No,No,No,No,No,No,45.0,38,38,36,89.0,100.0,No,No,19343,54886,0.0,0.8,0.8,0.000,0.045,3247,2776,12.756,44.631,100.0,0.000,17.4,0.0,0.0,0.0,0.0,0.0,0.0,0.0,0.0,0.0,0.0,0.0,0.0,0.00,0.00,0.00,0.00,0.00,0.00,0.00,0.00,0.00,0.00,0.00,0,
17.12.2025,21:20:4.046,2728,7076,27.8,3183,4701,40.3,0.2,0.887,0.792,0.795,0.792,0.792,0.787,0.738,0.738,1.128,1.178,1.128,0.693,0.766,1516.3,1695.9,1695.9,997.6,1695.9,997.6,997.6,997.6,3391.7,1695.9,997.6,99.8,1097.3,260.7,291.2,1.1,275.3,1.2,791.1,230.7,89.7,56.0,18.6,36.2,890.5,447.0,217.0,20.9,11.6,0.0,11.6,0.0,73.9,19.8,6.3,4.1,0.0,2.7,81.6,39.4,81.6,20.9,100.0,26.8,20.2,0.0,19.0,0.0,87.5,25.3,9.8,6.1,1.9,3.9,98.6,49.1,26.8,15.2,17.0,17.0,10.0,17.0,10.0,10.0,10.0,34.0,17.0,10.0,11.0,48,44,43,49,49,49,49,49,49,49,49,52,56,57,51,51,51,51,51,51,51,51,49,49,No,No,No,No,No,No,No,No,No,No,No,No,No,No,No,No,No,No,No,No,No,No,No,No,No,No,No,No,No,No,No,No,No,No,No,No,50,50,46,49,0.000,0.000,0.000,0.000,0.000,0.000,0.000,1.200,6.875,6.461,3.708,13.966,2.095,0.174,0.148,45.0,15.0,55.0,55.0,6.000,99.8,0,0,0.0,21.7,13.2,0.1,13.5,0.2,74.3,20.4,7.6,4.5,1.2,3.2,81.9,39.6,10.2,32.8,43.6,8.3,0.5,0.0,0.0,0.0,0.0,15.7,1.2,54.0,0.0,1.1,17.0,78.8,92.1,95.2,98.5,96.7,2.4,58.6,44.6,50.6,38.5,1596.1,16.00,22,22,22,52,74,560,1,2,Yes,No,No,No,No,No,No,No,No,No,Yes,No,No,No,No,No,No,No,No,No,No,No,No,No,No,No,No,No,No,No,No,No,No,No,No,No,No,No,44.0,38,38,36,89.0,100.0,No,No,19343,54886,0.0,1.1,1.1,0.000,0.012,3247,2776,12.757,44.631,100.0,0.000,17.4,0.0,0.0,0.0,0.0,0.0,0.0,0.0,0.0,0.0,0.0,0.0,0.0,0.00,0.00,0.00,0.00,0.00,0.00,0.00,0.00,0.00,0.00,0.00,0,
17.12.2025,21:20:6.054,2728,7076,27.8,3185,4698,40.4,0.2,1.021,0.786,0.774,1.144,0.689,1.094,1.164,1.139,1.174,1.089,1.159,0.728,0.768,1655.9,1596.1,1596.1,997.6,997.6,1596.1,997.6,3391.7,3391.7,997.6,997.6,99.8,997.6,243.4,221.9,1.9,227.4,1.5,771.4,171.0,63.4,25.6,15.1,5.7,887.2,528.5,185.5,21.7,9.0,8.8,9.7,1.1,72.6,15.6,6.7,2.1,2.1,1.3,82.9,48.9,82.9,21.7,100.0,25.2,14.9,0.1,15.3,0.0,85.3,18.7,6.8,2.7,1.6,0.5,98.3,58.4,25.2,16.6,16.0,16.0,10.0,10.0,16.0,10.0,34.0,34.0,10.0,10.0,10.0,47,43,42,50,50,50,50,47,47,47,47,53,57,58,50,50,50,50,53,53,53,53,51,50,No,No,No,No,No,No,No,No,No,No,No,No,No,No,No,No,No,No,No,No,No,No,No,No,No,No,No,No,No,No,No,No,No,No,No,No,52,52,46,49,0.000,0.000,0.000,0.000,0.000,0.000,0.000,1.200,18.125,5.487,2.831,12.907,2.025,0.148,0.147,45.0,15.0,55.0,55.0,20.000,99.8,0,0,0.0,21.0,10.9,0.2,11.8,0.2,73.0,15.0,5.3,2.0,1.3,0.4,83.3,49.1,7.4,15.9,38.8,2.5,0.5,0.0,0.0,0.0,0.0,15.8,0.2,55.0,0.0,0.0,23.9,84.2,94.5,97.8,98.6,99.5,0.9,50.3,57.1,68.7,45.5,1596.1,16.00,22,22,22,52,74,560,1,2,Yes,No,No,No,No,No,No,No,No,No,Yes,No,No,No,No,No,No,No,No,No,No,No,No,No,No,No,No,No,No,No,No,No,No,No,No,No,No,No,45.0,38,38,36,89.0,100.0,No,No,19343,54886,0.0,0.3,0.3,0.000,0.002,3247,2776,12.756,44.631,100.0,0.000,17.4,0.0,0.0,0.0,0.0,0.0,0.0,0.0,0.0,0.0,0.0,0.0,0.0,0.00,0.00,0.00,0.00,0.00,0.00,0.00,0.00,0.00,0.00,0.00,0,
17.12.2025,21:20:8.076,2736,7068,27.9,3182,4701,40.3,0.2,1.124,1.054,1.091,1.120,1.120,1.162,1.117,1.132,1.132,1.177,1.139,1.028,0.766,2673.5,1296.8,4289.5,3192.2,3192.2,3192.2,3192.2,997.6,3192.2,3192.2,997.6,99.8,2793.2,371.2,176.7,1.4,207.1,1.4,884.4,650.3,309.9,417.8,41.4,13.9,908.8,841.3,331.1,34.8,7.8,2.1,9.1,9.7,83.7,61.9,28.5,41.2,4.3,0.1,88.2,81.2,88.2,34.8,100.0,39.7,11.3,0.0,13.6,0.0,98.1,72.0,34.3,46.3,4.5,1.5,101.0,93.2,39.7,26.8,13.0,43.0,32.0,32.0,32.0,32.0,10.0,32.0,32.0,10.0,28.0,48,44,43,51,51,51,51,47,47,47,49,52,56,57,49,49,49,49,53,53,53,51,51,51,No,No,No,No,No,No,No,No,No,No,No,No,No,No,No,No,No,No,No,No,No,No,No,No,No,No,No,No,No,No,No,No,No,No,No,No,51,51,46,49,0.000,0.000,0.000,0.000,0.000,0.000,0.000,1.200,9.375,5.044,2.412,12.468,2.010,0.140,0.147,45.0,15.0,55.0,55.0,9.000,99.8,0,0,0.0,34.5,10.5,0.2,12.0,0.2,84.1,62.3,28.9,40.6,3.9,1.2,88.4,81.6,8.6,16.6,35.6,14.9,1.1,0.0,0.0,0.0,0.0,9.6,8.3,37.4,0.0,0.0,1.0,36.1,70.9,59.2,96.0,98.6,1.9,9.9,58.1,68.2,48.1,1596.1,16.00,22,22,22,52,74,560,1,2,Yes,No,No,No,No,No,No,No,No,No,Yes,No,No,No,No,No,No,No,No,No,No,No,No,No,No,No,No,No,No,No,No,No,No,No,No,No,No,No,45.0,38,38,36,89.0,100.0,No,No,19343,54886,0.6,1.6,2.2,0.080,0.040,3247,2776,12.757,44.631,100.0,0.000,17.4,0.0,0.0,0.0,0.0,0.0,0.0,0.0,0.0,0.0,0.0,0.0,0.0,0.00,0.00,0.00,0.00,0.00,0.00,0.00,0.00,0.00,0.00,0.00,0,
17.12.2025,21:20:10.083,2727,7077,27.8,3174,4710,40.2,0.2,1.009,0.694,1.065,1.036,1.036,1.036,1.036,1.041,1.051,0.921,1.174,0.653,0.766,1516.3,1396.6,1396.6,3192.2,3192.2,997.6,997.6,997.6,997.6,997.6,997.6,99.8,798.0,398.6,133.2,1.2,165.3,1.2,846.3,680.2,463.3,551.2,125.6,38.6,902.0,875.0,355.2,37.3,6.6,0.5,7.8,0.0,80.5,64.2,43.9,52.9,11.0,4.7,88.8,86.3,88.8,37.3,100.0,43.0,8.1,0.0,10.2,0.0,93.8,75.2,51.3,61.3,13.9,4.1,100.2,97.3,43.0,15.2,14.0,14.0,32.0,32.0,10.0,10.0,10.0,10.0,10.0,10.0,8.0,48,44,43,50,50,50,51,49,49,49,49,52,56,57,50,50,50,49,51,51,51,51,50,51,No,No,No,No,No,No,No,No,No,No,No,No,No,No,No,No,No,No,No,No,No,No,No,No,No,No,No,No,No,No,No,No,No,No,No,No,52,52,46,49,0.000,0.000,0.000,0.000,0.000,0.000,0.000,1.200,4.063,5.592,2.888,13.105,2.082,0.142,0.147,45.0,15.0,55.0,55.0,2.000,99.8,0,0,0.0,38.0,9.3,0.2,10.9,0.1,81.0,64.7,44.4,53.5,12.1,3.7,89.0,86.5,7.4,10.3,20.6,18.8,3.2,0.0,0.0,0.0,0.0,7.9,13.5,32.0,0.0,0.0,0.3,31.7,55.3,46.4,87.8,96.2,2.9,0.0,69.3,75.5,63.1,1596.1,16.00,22,22,22,52,74,560,1,2,Yes,No,No,No,No,No,No,No,No,No,Yes,No,No,No,No,No,No,No,No,No,No,No,No,No,No,No,No,No,No,No,No,No,No,No,No,No,No,No,45.0,38,38,36,89.0,100.0,No,No,19343,54886,0.0,2.3,2.3,0.000,0.087,3247,2776,12.757,44.631,100.0,0.000,17.4,0.0,0.0,0.0,0.0,0.0,0.0,0.0,0.0,0.0,0.0,0.0,0.0,0.00,0.00,0.00,0.00,0.00,0.00,0.00,0.00,0.00,0.00,0.00,0,
17.12.2025,21:20:12.091,2715,7089,27.6,3162,4722,40.1,0.2,1.077,1.187,1.139,1.039,1.044,1.044,1.039,1.029,1.039,1.054,1.155,1.078,0.768,2563.7,4588.8,4289.5,3192.2,997.6,3192.2,3192.2,997.6,997.6,3192.2,997.6,99.8,3990.2,403.2,133.3,2.5,165.2,2.4,835.7,718.7,552.6,352.2,227.8,77.0,829.8,941.1,345.3,37.6,7.7,0.6,8.6,0.0,78.9,67.3,52.9,32.1,22.8,7.1,80.8,92.0,92.0,37.6,100.0,43.4,7.8,0.1,10.3,0.1,92.6,79.7,61.2,39.0,25.2,8.5,92.0,104.7,43.4,25.7,46.0,43.0,32.0,10.0,32.0,32.0,10.0,10.0,32.0,10.0,40.0,48,43,42,51,51,51,51,48,48,48,48,52,57,58,49,49,49,49,52,52,52,52,51,51,No,No,No,No,No,No,No,No,No,No,No,No,No,No,No,No,No,No,No,No,No,No,No,No,No,No,No,No,No,No,No,No,No,No,No,No,52,51,46,49,0.000,0.000,0.000,0.000,0.000,0.000,0.000,1.200,15.625,5.340,2.678,12.853,2.042,0.141,0.146,45.0,15.0,55.0,55.0,15.000,99.8,0,0,0.0,37.9,10.0,0.3,11.0,0.3,79.1,67.5,52.9,31.5,22.1,7.5,81.0,92.0,7.6,8.4,16.0,20.6,5.6,0.0,0.0,0.0,0.0,17.9,8.0,31.3,0.0,0.0,0.3,26.5,46.8,68.3,77.8,92.3,1.0,0.0,71.8,76.1,67.6,1596.1,16.00,22,22,22,52,74,560,1,2,Yes,No,No,No,No,No,No,No,No,No,Yes,No,No,No,No,No,No,No,No,No,No,No,No,No,No,No,No,No,No,No,No,No,No,No,No,No,No,No,45.0,38,38,36,89.0,100.0,No,No,19343,54886,0.0,0.4,0.4,0.000,0.075,3247,2776,12.757,44.631,100.0,0.000,17.4,0.0,0.0,0.0,0.0,0.0,0.0,0.0,0.0,0.0,0.0,0.0,0.0,0.00,0.00,0.00,0.00,0.00,0.00,0.00,0.00,0.00,0.00,0.00,0,
17.12.2025,21:20:14.089,2719,7085,27.7,3157,4727,40.0,0.2,1.037,0.702,1.061,1.056,1.129,1.129,1.097,1.127,1.127,1.088,0.857,0.831,0.766,1406.6,1296.8,399.0,997.6,997.6,3192.2,997.6,997.6,3192.2,997.6,997.6,99.8,2693.4,397.8,138.5,2.0,187.3,1.3,871.0,680.5,667.0,333.0,101.8,8.5,836.2,946.4,360.1,36.9,6.9,0.0,8.5,3.6,83.9,65.2,64.2,31.7,7.1,0.0,80.6,91.7,91.7,36.9,100.0,42.7,8.1,0.1,12.0,0.0,96.5,75.1,74.0,36.8,11.3,0.9,92.8,105.2,42.7,14.1,13.0,4.0,10.0,10.0,32.0,10.0,10.0,32.0,10.0,10.0,27.0,49,43,43,51,51,51,53,48,48,49,49,51,57,57,49,49,49,47,52,52,51,51,51,53,No,No,No,No,No,No,No,No,No,No,No,No,No,No,No,No,No,No,No,No,No,No,No,No,No,No,No,No,No,No,No,No,No,No,No,No,51,51,46,49,0.000,0.000,0.000,0.000,0.000,0.000,0.000,1.200,12.813,5.365,2.708,12.871,2.037,0.140,0.145,45.0,15.0,55.0,55.0,12.000,99.8,0,0,0.0,37.6,9.9,0.2,11.5,0.2,84.4,65.8,64.5,32.1,8.8,0.7,80.9,91.8,6.6,6.2,12.8,15.7,5.4,0.0,0.0,0.0,0.0,17.4,8.2,32.3,0.0,0.0,0.0,28.4,35.3,67.7,91.0,99.2,1.6,0.0,74.2,78.2,70.3,1596.1,16.00,22,22,22,52,74,560,1,2,Yes,No,No,No,No,No,No,No,No,No,Yes,No,No,No,No,No,No,No,No,No,No,No,No,No,No,No,No,No,No,No,No,No,No,No,No,No,No,No,45.0,38,38,36,89.0,100.0,No,No,19343,54886,0.0,1.3,1.3,0.000,0.020,3247,2776,12.758,44.631,100.0,0.000,17.4,0.0,0.0,0.0,0.0,0.0,0.0,0.0,0.0,0.0,0.0,0.0,0.0,0.00,0.00,0.00,0.00,0.00,0.00,0.00,0.00,0.00,0.00,0.00,0,
17.12.2025,21:20:16.082,2744,7059,27.9,3178,4706,40.3,0.2,1.137,1.131,1.129,1.139,1.144,1.144,1.144,1.114,1.149,1.125,1.150,1.033,0.766,2753.3,4289.5,4289.5,3192.2,3192.2,3192.2,3192.2,997.6,3192.2,997.6,997.6,99.8,3691.0,763.2,1705.2,1.9,1873.9,0.8,918.1,900.8,753.3,609.9,395.4,173.4,914.8,911.2,845.5,50.9,48.6,0.0,51.8,0.0,82.4,79.6,65.5,54.3,38.2,17.4,86.8,86.6,86.8,50.9,100.0,73.6,128.3,0.1,139.2,0.0,102.5,100.1,82.7,67.4,43.2,19.3,100.2,99.8,73.6,27.6,43.0,43.0,32.0,32.0,32.0,32.0,10.0,32.0,10.0,10.0,37.0,58,49,74,56,56,56,56,59,59,57,57,42,51,26,44,44,44,44,41,41,43,43,73,74,No,No,No,No,No,No,No,No,No,No,No,No,No,No,No,No,No,No,No,No,No,No,No,No,No,No,No,No,No,No,No,No,No,No,No,No,70,70,49,50,0.000,0.000,0.000,0.000,0.000,0.000,0.000,1.200,25.625,5.289,2.654,12.770,2.014,0.139,0.147,45.0,15.0,55.0,55.0,28.000,99.8,0,0,0.0,51.5,50.7,0.1,54.3,0.0,82.1,79.6,66.3,54.6,37.9,16.8,87.8,87.6,16.1,44.9,41.5,17.6,14.2,14.8,5.2,0.0,0.0,12.2,10.7,21.4,0.7,2.1,0.3,6.2,18.4,39.7,62.0,83.1,0.0,1.7,2.7,3.4,1.9,1596.1,16.00,22,22,22,52,74,560,1,2,Yes,No,No,No,No,No,No,No,No,No,Yes,No,No,No,No,No,No,No,No,No,No,No,No,No,No,No,No,No,No,No,No,No,No,No,No,No,No,No,47.0,38,38,36,89.0,100.0,No,No,19343,54886,0.0,0.6,0.6,0.000,0.003,3247,2776,12.757,44.631,100.0,0.000,17.4,0.0,0.0,0.0,0.0,0.0,0.0,0.0,0.0,0.0,0.0,0.0,0.0,0.00,0.00,0.00,0.00,0.00,0.00,0.00,0.00,0.00,0.00,0.00,0,
17.12.2025,21:20:18.085,2755,7049,28.1,3193,4691,40.4,0.2,0.965,0.696,0.901,1.056,1.061,1.046,1.081,1.054,0.687,1.054,1.016,0.886,0.766,1246.9,1097.3,3391.7,997.6,997.6,997.6,997.6,997.6,997.6,997.6,997.6,99.8,3092.4,816.1,1736.1,10.5,1675.7,16.3,804.4,905.0,1013.8,816.1,603.5,639.5,818.6,753.2,872.2,58.1,48.3,1.3,47.6,7.1,73.4,83.7,94.6,74.4,56.6,60.3,78.1,72.2,94.6,58.1,100.0,80.7,131.1,0.2,129.1,0.5,88.3,100.3,112.8,90.2,66.8,70.6,92.7,85.4,80.7,12.5,11.0,34.0,10.0,10.0,10.0,10.0,10.0,10.0,10.0,10.0,31.0,53,48,52,55,55,55,55,53,52,53,53,47,52,48,45,45,45,45,47,48,47,47,55,55,No,No,No,No,No,No,No,No,No,No,No,No,No,No,No,No,No,No,No,No,No,No,No,No,No,No,No,No,No,No,No,No,No,No,No,No,55,55,50,51,0.000,0.000,0.000,0.000,0.000,0.000,0.000,1.200,18.125,16.120,13.511,23.327,1.986,0.136,0.147,45.0,15.0,55.0,55.0,16.000,99.8,0,0,0.0,57.7,49.9,0.3,48.3,0.4,74.3,84.1,94.6,74.9,56.6,60.6,77.0,70.9,13.1,27.2,30.6,21.7,13.1,5.4,3.0,0.6,0.0,22.0,7.3,14.2,3.7,6.2,3.8,2.7,0.0,21.8,42.4,39.3,1.0,21.2,16.4,18.4,14.4,1596.1,16.00,22,22,22,52,74,560,1,2,Yes,No,No,No,No,No,No,No,No,No,Yes,No,No,No,No,No,No,No,No,No,No,No,No,No,No,No,No,No,No,No,No,No,No,No,No,No,No,No,48.0,38,38,36,89.0,100.0,No,No,19343,54886,0.3,2.1,2.4,0.004,0.041,3247,2776,12.759,44.631,100.0,0.000,17.4,0.0,0.0,0.0,0.0,0.0,0.0,0.0,0.0,0.0,0.0,0.0,0.0,0.00,0.00,0.00,0.00,0.00,0.00,0.00,0.00,0.00,0.00,0.00,0,
17.12.2025,21:20:20.074,2743,7061,27.9,3183,4701,40.3,0.2,1.112,1.098,1.104,1.138,1.097,1.097,1.137,1.138,1.098,1.107,1.107,1.033,0.763,2174.7,4289.5,4289.5,997.6,1596.1,3192.2,997.6,997.6,997.6,997.6,3391.7,99.8,3691.0,804.9,928.4,1.2,1366.9,1999.8,561.3,862.0,655.1,641.8,773.5,328.6,603.2,937.6,877.0,49.3,24.0,0.0,34.0,43.6,49.0,79.5,60.8,59.3,71.1,29.4,54.1,87.1,87.1,49.3,100.0,77.6,71.3,0.0,106.0,152.5,62.0,97.3,73.9,72.5,86.3,37.1,68.0,104.1,77.6,21.8,43.0,43.0,10.0,16.0,32.0,10.0,10.0,10.0,10.0,34.0,37.0,60,70,55,60,60,60,60,60,60,60,60,40,30,45,40,40,40,40,40,40,40,40,70,70,No,No,No,No,No,No,No,No,No,No,No,No,No,No,No,No,No,No,No,No,No,No,No,No,No,No,No,No,No,No,No,No,No,No,No,No,68,68,54,52,0.000,0.000,0.000,0.000,0.000,0.000,0.000,1.200,22.188,17.160,14.279,23.687,2.243,0.146,0.149,45.0,15.0,55.0,55.0,24.000,99.8,0,0,0.0,49.5,24.8,0.1,35.4,43.8,49.6,78.6,60.4,58.9,70.9,29.8,53.7,87.4,6.8,7.5,6.8,10.7,13.3,6.1,3.0,6.4,0.0,5.0,8.7,26.6,5.3,4.5,39.4,8.1,33.4,38.1,22.5,70.0,40.9,3.8,35.6,61.1,10.1,1596.1,16.00,22,22,22,52,74,560,1,2,Yes,No,No,No,No,No,No,No,No,No,Yes,No,No,No,No,No,No,No,No,No,No,No,No,No,No,No,No,No,No,No,No,No,No,No,No,No,No,No,49.0,38,38,36,89.0,100.0,No,No,19343,54886,0.3,0.6,0.9,0.014,0.176,3247,2777,12.757,44.631,100.0,0.000,17.4,0.0,0.0,0.0,0.0,0.0,0.0,0.0,0.0,0.0,0.0,0.0,0.0,0.00,0.00,0.00,0.00,0.00,0.00,0.00,0.00,0.00,0.00,0.00,0,
17.12.2025,21:20:22.090,2710,7093,27.6,3160,4723,40.0,0.2,1.127,1.087,1.114,1.098,1.108,1.147,1.147,1.147,1.147,1.147,1.130,1.036,0.763,2613.6,4289.5,4289.5,3391.7,997.6,3391.7,997.6,3391.7,997.6,3391.7,997.6,99.8,3691.0,576.7,1818.2,0.5,1.6,2934.9,820.3,6.8,1.0,1.3,305.3,8.7,13.8,1008.2,698.1,25.9,40.4,0.5,0.5,64.5,78.0,0.8,0.0,0.0,28.4,1.3,1.1,95.8,95.8,25.9,100.0,50.7,140.6,0.0,0.0,227.1,90.2,0.7,0.1,0.1,35.0,1.0,0.9,112.4,50.7,26.2,43.0,43.0,34.0,10.0,34.0,10.0,34.0,10.0,34.0,10.0,37.0,61,48,78,60,60,60,60,62,59,59,60,39,52,22,40,40,40,40,38,41,41,40,78,78,No,No,No,No,No,No,No,No,No,No,No,No,No,No,No,No,No,No,No,No,No,No,No,No,No,No,No,No,No,No,No,No,No,No,No,No,77,77,51,52,0.000,0.000,0.000,0.000,0.000,0.000,0.000,1.200,18.750,20.633,17.914,25.916,2.105,0.115,0.149,45.0,15.0,55.0,55.0,20.000,99.8,0,0,0.0,25.9,40.4,0.0,0.1,64.7,78.7,0.3,0.1,0.1,28.5,0.8,1.2,95.8,2.4,9.4,4.5,7.2,0.0,0.0,0.0,0.0,0.0,0.0,3.1,60.1,12.2,6.0,14.0,99.6,99.9,99.8,71.5,99.1,97.6,1.0,31.0,37.4,24.6,1596.1,16.00,22,22,22,52,74,560,1,2,Yes,No,No,No,No,No,No,No,No,No,Yes,No,No,No,No,No,No,No,No,No,No,No,No,No,No,No,No,No,No,No,No,No,No,No,No,No,No,No,49.0,38,38,36,89.0,100.0,No,No,19343,54886,0.0,3.0,3.0,0.000,0.046,3247,2777,12.757,44.631,100.0,0.000,17.4,0.0,0.0,0.0,0.0,0.0,0.0,0.0,0.0,0.0,0.0,0.0,0.0,0.00,0.00,0.00,0.00,0.00,0.00,0.00,0.00,0.00,0.00,0.00,0,
17.12.2025,21:20:24.098,2722,7081,27.7,3169,4715,40.1,0.2,0.910,0.698,0.695,0.690,0.690,1.043,1.043,1.048,1.048,1.048,1.098,0.651,0.763,1316.8,1496.3,1496.3,997.6,997.6,997.6,3192.2,997.6,997.6,997.6,997.6,99.8,897.8,384.7,751.4,0.3,1.7,78.5,621.7,422.9,802.2,63.4,858.4,85.5,14.8,915.7,342.8,32.3,17.3,0.3,0.3,3.8,61.0,40.0,76.9,6.1,82.9,8.9,0.2,90.0,90.0,32.3,100.0,40.6,57.9,0.0,0.0,12.8,70.1,46.1,87.4,6.7,93.7,9.0,0.9,102.3,40.6,13.2,15.0,15.0,10.0,10.0,10.0,32.0,10.0,10.0,10.0,10.0,9.0,52,48,46,55,55,53,53,51,51,51,52,48,52,54,45,45,47,47,49,49,49,48,55,55,No,No,No,No,No,No,No,No,No,No,No,No,No,No,No,No,No,No,No,No,No,No,No,No,No,No,No,No,No,No,No,No,No,No,No,No,54,54,50,52,0.000,0.000,0.000,0.000,0.000,0.000,0.000,1.200,4.063,20.028,17.468,24.637,1.993,0.064,0.150,45.0,15.0,55.0,55.0,2.000,99.8,0,0,0.0,32.6,18.2,0.0,0.1,3.2,60.5,41.2,78.3,5.4,84.5,8.3,1.4,89.8,1.8,3.5,0.4,5.9,0.0,0.0,0.0,0.8,0.0,0.0,7.8,42.0,2.6,2.4,33.3,58.8,21.7,94.6,14.7,91.6,97.6,2.3,83.0,74.8,91.3,1596.1,16.00,22,22,22,52,74,560,1,2,Yes,No,No,No,No,No,No,No,No,No,Yes,No,No,No,No,No,No,No,No,No,No,No,No,No,No,No,No,No,No,No,No,No,No,No,No,No,No,No,49.0,38,38,36,89.0,100.0,No,No,19343,54886,0.0,1.3,1.3,0.000,0.068,3247,2777,12.756,44.631,100.0,0.000,17.4,0.0,0.0,0.0,0.0,0.0,0.0,0.0,0.0,0.0,0.0,0.0,0.0,0.00,0.00,0.00,0.00,0.00,0.00,0.00,0.00,0.00,0.00,0.00,0,
17.12.2025,21:20:26.091,2719,7085,27.7,3156,4728,40.0,0.2,0.948,0.693,0.694,1.042,1.047,1.047,0.675,1.097,1.043,1.043,1.093,0.651,0.766,1097.3,1496.3,1496.3,997.6,997.6,997.6,997.6,997.6,997.6,997.6,997.6,99.8,897.8,355.4,70.6,0.2,1.3,93.0,617.5,451.4,171.6,99.9,957.2,703.8,194.0,904.4,188.2,34.3,3.5,0.2,0.3,4.2,60.3,44.5,16.1,9.5,94.5,69.8,18.9,89.2,94.5,34.3,100.0,39.0,4.9,0.0,0.0,7.1,68.5,50.1,19.3,11.1,106.5,78.7,21.0,100.5,39.0,11.0,15.0,15.0,10.0,10.0,10.0,10.0,10.0,10.0,10.0,10.0,9.0,52,48,46,55,54,54,54,51,51,51,52,48,52,54,45,46,46,46,49,49,49,48,53,55,No,No,No,No,No,No,No,No,No,No,No,No,No,No,No,No,No,No,No,No,No,No,No,No,No,No,No,No,No,No,No,No,No,No,No,No,54,54,50,51,0.000,0.000,0.000,0.000,0.000,0.000,0.000,1.200,21.563,6.937,4.632,12.787,1.748,0.065,0.149,45.0,15.0,55.0,55.0,21.000,99.8,0,0,0.0,34.3,3.8,0.0,0.1,4.1,60.4,44.0,16.4,9.4,94.5,69.7,19.3,89.4,0.9,1.1,0.6,2.5,0.0,0.0,0.0,2.9,0.0,0.0,2.2,38.8,0.0,0.0,36.8,55.9,83.6,90.6,2.5,30.3,80.0,8.4,94.4,94.0,94.9,1596.1,16.00,22,22,22,52,74,560,1,2,Yes,No,No,No,No,No,No,No,No,No,Yes,No,No,No,No,No,No,No,No,No,No,No,No,No,No,No,No,No,No,No,No,No,No,No,No,No,No,No,49.0,38,38,36,89.0,100.0,No,No,19343,54886,0.0,3.8,3.8,0.000,0.644,3247,2778,12.756,44.631,100.0,0.000,17.4,0.0,0.0,0.0,0.0,0.0,0.0,0.0,0.0,0.0,0.0,0.0,0.0,0.00,0.00,0.00,0.00,0.00,0.00,0.00,0.00,0.00,0.00,0.00,0,
17.12.2025,21:20:28.100,2717,7087,27.7,3155,4729,40.0,0.2,0.955,0.735,0.737,0.778,1.103,1.103,1.099,1.094,1.109,1.109,0.689,0.691,0.766,1207.0,1695.9,1695.9,1695.9,997.6,997.6,997.6,997.6,997.6,997.6,997.6,99.8,1097.3,341.1,58.6,0.3,1.4,72.8,783.7,630.8,475.8,128.8,934.0,9.7,42.7,954.9,269.0,33.0,3.3,0.0,0.0,3.7,76.3,62.3,46.7,12.7,92.3,0.4,3.9,94.3,94.3,33.0,100.0,37.5,4.0,0.0,0.0,5.5,87.2,70.2,52.9,14.3,104.1,1.1,4.0,106.3,37.5,12.1,17.0,17.0,17.0,10.0,10.0,10.0,10.0,10.0,10.0,10.0,11.0,51,46,46,53,53,53,55,51,51,51,51,49,54,54,47,47,47,45,49,49,49,49,53,55,No,No,No,No,No,No,No,No,No,No,No,No,No,No,No,No,No,No,No,No,No,No,No,No,No,No,No,No,No,No,No,No,No,No,No,No,53,53,50,51,0.000,0.000,0.000,0.000,0.000,0.000,0.000,1.200,19.688,4.431,2.138,10.509,1.741,0.060,0.149,45.0,15.0,55.0,55.0,22.000,99.8,0,0,0.0,33.0,3.6,0.0,0.1,3.5,76.3,62.2,47.0,12.3,92.2,0.9,4.2,94.3,1.6,0.6,0.0,6.9,0.0,0.0,0.0,5.0,0.0,0.0,3.6,39.4,0.0,0.0,16.6,37.8,53.0,87.6,2.7,99.1,94.8,2.0,95.3,94.7,96.0,1596.1,16.00,22,22,22,52,74,560,1,2,Yes,No,No,No,No,No,No,No,No,No,Yes,No,No,No,No,No,No,No,No,No,No,No,No,No,No,No,No,No,No,No,No,No,No,No,No,No,No,No,49.0,38,38,36,89.0,100.0,No,No,19343,54886,0.0,1.0,1.0,0.000,0.010,3247,2778,12.758,44.631,100.0,0.000,17.4,0.0,0.0,0.0,0.0,0.0,0.0,0.0,0.0,0.0,0.0,0.0,0.0,0.00,0.00,0.00,0.00,0.00,0.00,0.00,0.00,0.00,0.00,0.00,0,
17.12.2025,21:20:30.096,2704,7099,27.5,3147,4737,39.9,0.2,1.016,0.739,1.111,1.111,1.151,1.091,1.087,1.027,1.076,1.076,0.694,0.691,0.766,1396.6,1695.9,4289.5,997.6,997.6,997.6,997.6,997.6,997.6,997.6,997.6,99.8,1097.3,268.3,59.9,0.3,1.2,95.5,821.0,428.4,46.5,44.0,732.4,0.1,14.8,975.6,187.1,25.3,2.4,0.0,0.0,3.0,81.0,42.0,4.0,2.4,72.1,0.0,0.3,96.3,96.3,25.3,100.0,29.3,3.9,0.0,0.0,7.1,91.3,47.7,5.2,5.1,81.4,0.0,0.9,108.7,29.3,14.0,17.0,43.0,10.0,10.0,10.0,10.0,10.0,10.0,10.0,10.0,11.0,50,45,46,53,53,53,53,49,49,49,51,50,55,54,47,47,47,47,51,51,51,49,53,53,No,No,No,No,No,No,No,No,No,No,No,No,No,No,No,No,No,No,No,No,No,No,No,No,No,No,No,No,No,No,No,No,No,No,No,No,53,53,49,51,0.000,0.000,0.000,0.000,0.000,0.000,0.000,1.200,19.688,4.154,2.071,10.338,1.533,0.061,0.149,45.0,15.0,55.0,55.0,11.000,99.8,0,0,0.0,25.8,3.5,0.0,0.1,3.6,81.2,42.2,4.5,4.2,72.1,0.0,1.4,96.3,0.7,2.1,1.2,0.6,0.0,0.0,0.0,0.0,0.0,0.0,3.4,49.3,0.0,0.0,18.1,57.7,95.5,95.8,27.9,100.0,97.5,0.3,93.9,93.1,94.7,1596.1,16.00,22,22,22,52,74,560,1,2,Yes,No,No,No,No,No,No,No,No,No,Yes,No,No,No,No,No,No,No,No,No,No,No,No,No,No,No,No,No,No,No,No,No,No,No,No,No,No,No,48.0,38,38,36,89.0,100.0,No,No,19343,54886,0.0,1.6,1.6,0.000,0.018,3247,2778,12.757,44.631,100.0,0.000,17.4,0.0,0.0,0.0,0.0,0.0,0.0,0.0,0.0,0.0,0.0,0.0,0.0,0.00,0.00,0.00,0.00,0.00,0.00,0.00,0.00,0.00,0.00,0.00,0,
17.12.2025,21:20:32.100,2716,7088,27.7,3158,4726,40.0,0.2,0.881,0.714,0.812,0.807,1.112,0.682,0.685,1.094,1.109,1.109,0.690,0.671,0.766,1266.9,1596.1,2394.1,1695.9,997.6,997.6,997.6,997.6,997.6,997.6,997.6,99.8,997.6,316.0,203.8,0.3,2.4,176.5,663.9,387.8,364.6,98.9,576.2,54.1,326.4,936.9,237.3,29.2,7.8,5.5,0.0,7.2,64.3,36.5,35.2,10.6,55.5,5.2,31.8,91.4,91.4,29.2,100.0,33.9,15.0,0.0,0.0,13.3,73.6,43.1,40.4,10.7,64.1,5.9,35.9,104.2,33.9,12.7,16.0,24.0,17.0,10.0,10.0,10.0,10.0,10.0,10.0,10.0,10.0,50,45,44,53,53,52,52,50,50,50,50,50,55,56,47,47,48,48,50,50,50,50,52,53,No,No,No,No,No,No,No,No,No,No,No,No,No,No,No,No,No,No,No,No,No,No,No,No,No,No,No,No,No,No,No,No,No,No,No,No,53,53,49,51,0.000,0.000,0.000,0.000,0.000,0.000,0.000,1.200,3.750,4.095,1.841,10.010,1.704,0.059,0.149,45.0,15.0,55.0,55.0,2.000,99.8,0,0,0.0,28.8,8.2,0.0,0.1,7.2,64.4,37.3,35.2,9.1,55.5,4.9,32.0,91.5,3.2,4.6,1.6,11.9,3.2,1.1,2.5,1.1,0.0,0.0,5.7,44.3,0.1,0.0,23.5,59.4,63.6,88.3,43.4,95.0,67.3,2.7,88.1,85.9,90.3,1596.1,16.00,22,22,22,52,74,560,1,2,Yes,No,No,No,No,No,No,No,No,No,Yes,No,No,No,No,No,No,No,No,No,No,No,No,No,No,No,No,No,No,No,No,No,No,No,No,No,No,No,48.0,38,38,36,89.0,100.0,No,No,19343,54886,0.0,1.3,1.3,0.000,0.059,3247,2778,12.757,44.631,100.0,0.000,17.4,0.0,0.0,0.0,0.0,0.0,0.0,0.0,0.0,0.0,0.0,0.0,0.0,0.00,0.00,0.00,0.00,0.00,0.00,0.00,0.00,0.00,0.00,0.00,0,
17.12.2025,21:20:34.097,2709,7094,27.6,3154,4729,40.0,0.2,0.963,0.740,1.089,0.734,0.734,1.099,1.099,1.094,0.844,1.109,1.089,1.081,0.766,1396.6,1695.9,4289.5,997.6,997.6,997.6,997.6,997.6,997.6,997.6,997.6,99.8,3990.2,273.3,56.5,0.2,1.0,66.5,576.2,845.5,70.9,17.4,649.6,1.0,15.5,979.6,204.3,26.2,2.1,0.3,8.8,2.8,55.4,82.8,6.4,0.0,61.5,0.0,0.3,94.4,94.4,26.2,100.0,29.9,3.9,0.0,0.0,5.0,63.9,94.2,7.9,2.0,72.2,0.1,1.0,109.1,29.9,14.0,17.0,43.0,10.0,10.0,10.0,10.0,10.0,10.0,10.0,10.0,40.0,50,45,44,53,53,53,53,49,49,49,49,50,55,56,47,47,47,47,51,51,51,51,52,53,No,No,No,No,No,No,No,No,No,No,No,No,No,No,No,No,No,No,No,No,No,No,No,No,No,No,No,No,No,No,No,No,No,No,No,No,53,53,49,51,0.000,0.000,0.000,0.000,0.000,0.000,0.000,1.200,13.438,4.842,2.543,10.813,1.731,0.078,0.149,45.0,15.0,55.0,55.0,15.000,99.8,0,0,0.0,25.9,3.1,0.0,0.1,2.7,55.8,82.7,6.8,1.6,61.8,0.1,1.4,94.5,1.2,0.4,0.0,5.7,0.0,0.0,0.0,0.0,0.0,0.0,5.5,48.2,0.0,0.0,38.2,17.3,93.1,98.3,38.1,99.9,97.5,0.0,96.2,95.4,96.9,1596.1,16.00,22,22,22,52,74,560,1,2,Yes,No,No,No,No,No,No,No,No,No,Yes,No,No,No,No,No,No,No,No,No,No,No,No,No,No,No,No,No,No,No,No,No,No,No,No,No,No,No,48.0,38,38,36,89.0,100.0,No,No,19343,54886,0.0,1.5,1.5,0.000,0.014,3247,2778,12.756,44.631,100.0,0.000,17.4,0.0,0.0,0.0,0.0,0.0,0.0,0.0,0.0,0.0,0.0,0.0,0.0,0.00,0.00,0.00,0.00,0.00,0.00,0.00,0.00,0.00,0.00,0.00,0,
17.12.2025,21:20:36.103,2712,7091,27.6,3157,4727,40.0,0.2,1.039,0.739,1.164,1.194,1.096,1.096,1.096,0.689,1.109,1.109,1.095,0.691,0.766,1636.0,1695.9,4289.5,3391.7,997.6,997.6,997.6,997.6,997.6,997.6,997.6,99.8,1097.3,294.1,80.5,0.3,2.5,67.3,623.0,354.9,566.4,192.7,705.9,24.8,15.5,895.1,236.0,27.5,4.0,0.0,0.0,3.4,60.7,34.1,54.6,17.9,66.2,3.6,1.0,84.7,84.7,27.5,100.0,32.1,5.5,0.0,0.1,5.0,69.2,39.3,63.0,21.4,78.5,2.7,1.0,99.5,32.1,16.4,17.0,43.0,34.0,10.0,10.0,10.0,10.0,10.0,10.0,10.0,11.0,50,45,43,53,55,53,53,49,49,49,50,50,55,57,47,45,47,47,51,51,51,50,54,55,No,No,No,No,No,No,No,No,No,No,No,No,No,No,No,No,No,No,No,No,No,No,No,No,No,No,No,No,No,No,No,No,No,No,No,No,53,53,49,51,0.000,0.000,0.000,0.000,0.000,0.000,0.000,1.200,25.938,4.151,1.866,10.047,1.736,0.059,0.149,45.0,15.0,55.0,55.0,29.000,99.8,0,0,0.0,27.4,4.4,0.0,0.1,3.3,60.7,33.6,54.5,17.7,66.2,1.9,1.4,84.7,1.0,1.6,0.2,1.8,0.0,0.0,0.0,1.8,0.0,0.0,5.1,46.9,0.0,0.0,37.3,66.4,45.4,82.3,32.0,98.1,97.5,10.1,94.1,92.5,95.8,1596.1,16.00,22,22,22,52,74,560,1,2,Yes,No,No,No,No,No,No,No,No,No,Yes,No,No,No,No,No,No,No,No,No,No,No,No,No,No,No,No,No,No,No,No,No,No,No,No,No,No,No,47.0,38,38,36,89.0,100.0,No,No,19343,54886,0.0,0.6,0.6,0.000,0.061,3247,2778,12.756,44.631,100.0,0.000,17.4,0.0,0.0,0.0,0.0,0.0,0.0,0.0,0.0,0.0,0.0,0.0,0.0,0.00,0.00,0.00,0.00,0.00,0.00,0.00,0.00,0.00,0.00,0.00,0,
17.12.2025,21:20:38.100,2746,7058,28.0,3178,4706,40.3,0.2,1.072,0.994,1.080,1.150,1.050,1.050,1.050,1.080,1.090,1.090,1.080,0.891,0.766,2593.7,1695.9,4289.5,997.6,3391.7,3391.7,3391.7,3391.7,997.6,997.6,3391.7,99.8,2294.4,448.2,598.6,163.6,106.5,529.4,860.8,699.2,267.2,414.7,427.9,261.7,178.8,869.5,455.0,32.2,16.2,26.5,3.1,14.7,75.8,59.0,18.8,32.7,32.8,19.2,13.1,74.3,75.8,32.2,100.0,45.4,45.0,12.6,7.8,40.1,95.3,77.5,29.3,46.0,47.0,28.9,19.1,96.5,45.4,26.0,17.0,43.0,10.0,34.0,34.0,34.0,34.0,10.0,10.0,34.0,23.0,52,45,46,55,55,55,55,51,51,51,51,48,55,54,45,45,45,45,49,49,49,49,53,55,No,No,No,No,No,No,No,No,No,No,No,No,No,No,No,No,No,No,No,No,No,No,No,No,No,No,No,No,No,No,No,No,No,No,No,No,53,53,50,52,0.000,0.000,0.000,0.000,0.000,0.000,0.000,1.200,4.375,4.236,1.996,10.766,1.685,0.065,0.149,45.0,15.0,55.0,55.0,3.000,99.8,0,0,0.0,30.4,17.0,4.3,3.2,15.1,76.1,59.1,17.6,31.7,33.0,19.3,13.6,74.4,5.8,5.9,9.6,5.7,7.8,1.1,2.6,5.4,1.4,0.7,17.9,43.5,1.8,3.4,17.9,32.8,80.9,65.6,60.9,79.3,84.6,7.5,70.1,71.0,69.3,1596.1,16.00,22,22,22,52,74,560,1,2,Yes,No,No,No,No,No,No,No,No,No,Yes,No,No,No,No,No,No,No,No,No,No,No,No,No,No,No,No,No,No,No,No,No,No,No,No,No,No,No,48.0,38,38,37,89.0,100.0,No,No,19343,54886,0.0,1.2,1.2,0.000,0.020,3247,2779,12.756,44.631,100.0,0.000,17.4,0.0,0.0,0.0,0.0,0.0,0.0,0.0,0.0,0.0,0.0,0.0,0.0,0.00,0.00,0.00,0.00,0.00,0.00,0.00,0.00,0.00,0.00,0.00,0,
17.12.2025,21:20:40.095,2751,7053,28.0,3189,4694,40.4,0.2,0.943,0.779,0.771,0.766,1.101,0.771,0.731,1.136,1.116,1.176,1.086,0.728,0.766,1316.8,1995.1,1995.1,1596.1,997.6,1596.1,997.6,997.6,997.6,997.6,997.6,99.8,1396.6,283.8,104.9,0.2,2.5,118.0,716.8,409.9,306.9,61.5,632.0,261.8,62.8,728.3,215.1,26.1,5.2,0.3,0.3,5.1,69.5,39.0,28.7,5.0,61.1,24.7,4.6,70.4,70.4,26.1,100.0,30.7,7.2,0.0,0.0,8.9,79.6,45.4,34.1,6.8,70.2,29.2,6.3,80.9,30.7,13.2,20.0,20.0,16.0,10.0,16.0,10.0,10.0,10.0,10.0,10.0,14.0,50,44,43,53,53,53,53,49,49,49,50,50,56,57,47,47,47,47,51,51,51,50,53,53,No,No,No,No,No,No,No,No,No,No,No,No,No,No,No,No,No,No,No,No,No,No,No,No,No,No,No,No,No,No,No,No,No,No,No,No,53,53,49,51,0.000,0.000,0.000,0.000,0.000,0.000,0.000,1.200,23.438,8.251,5.714,15.774,1.936,0.110,0.149,45.0,15.0,55.0,55.0,23.000,99.8,0,0,0.0,26.4,5.6,0.0,0.1,5.1,69.6,39.0,29.1,5.5,61.1,25.1,5.7,70.4,2.3,1.2,0.4,11.9,0.0,0.0,0.0,1.8,0.0,0.0,7.3,47.1,0.0,0.0,18.3,60.8,70.8,94.5,36.9,74.9,93.3,22.0,92.6,91.6,93.7,1596.1,16.00,22,22,22,52,74,560,1,2,Yes,No,No,No,No,No,No,No,No,No,Yes,No,No,No,No,No,No,No,No,No,No,No,No,No,No,No,No,No,No,No,No,No,No,No,No,No,No,No,48.0,38,38,35,89.0,100.0,No,No,19343,54886,0.0,0.3,0.3,0.000,0.004,3247,2779,12.756,44.631,100.0,0.000,17.4,0.0,0.0,0.0,0.0,0.0,0.0,0.0,0.0,0.0,0.0,0.0,0.0,0.00,0.00,0.00,0.00,0.00,0.00,0.00,0.00,0.00,0.00,0.00,0,
17.12.2025,21:20:42.096,2743,7060,27.9,3181,4702,40.3,0.2,1.097,1.074,1.100,1.145,1.085,1.085,1.080,1.100,1.095,1.110,1.094,1.026,0.766,2114.8,1695.9,4289.5,997.6,3391.7,3391.7,3391.7,997.6,997.6,997.6,997.6,99.8,3691.0,334.2,259.3,1.7,4.0,295.3,889.1,411.2,570.0,199.9,444.5,70.8,56.4,807.7,328.8,27.2,8.0,0.8,0.8,8.0,81.1,34.3,52.9,17.2,38.8,6.1,4.3,74.3,81.1,27.2,100.0,35.3,19.2,0.1,0.1,22.1,98.8,45.6,63.3,22.2,49.2,7.6,5.5,89.5,35.3,21.2,17.0,43.0,10.0,34.0,34.0,34.0,10.0,10.0,10.0,10.0,37.0,52,47,47,55,55,55,55,51,51,51,50,48,53,53,45,45,45,45,49,49,49,50,54,55,No,No,No,No,No,No,No,No,No,No,No,No,No,No,No,No,No,No,No,No,No,No,No,No,No,No,No,No,No,No,No,No,No,No,No,No,54,54,49,51,0.000,0.000,0.000,0.000,0.000,0.000,0.000,1.200,10.313,4.343,2.029,11.976,1.757,0.067,0.149,45.0,15.0,55.0,55.0,15.000,99.8,0,0,0.0,27.5,9.6,0.1,0.2,9.1,81.2,34.9,53.0,17.2,39.4,5.6,4.9,74.6,4.2,7.4,7.6,13.4,2.2,0.0,0.0,2.3,0.0,0.0,8.7,46.4,0.0,3.5,5.3,62.7,46.9,82.7,58.0,94.4,94.0,16.5,80.1,81.4,78.8,1596.1,16.00,22,22,22,52,74,560,1,2,Yes,No,No,No,No,No,No,No,No,No,Yes,No,No,No,No,No,No,No,No,No,No,No,No,No,No,No,No,No,No,No,No,No,No,No,No,No,No,No,46.0,38,38,35,89.0,100.0,No,No,19343,54886,0.0,1.2,1.2,0.000,0.145,3247,2779,12.758,44.631,100.0,0.000,17.4,0.0,0.0,0.0,0.0,0.0,0.0,0.0,0.0,0.0,0.0,0.0,0.0,0.00,0.00,0.00,0.00,0.00,0.00,0.00,0.00,0.00,0.00,0.00,0,
17.12.2025,21:20:44.095,2733,7071,27.8,3177,4707,40.3,0.2,0.983,0.780,0.773,1.110,1.100,0.755,0.684,1.164,1.169,1.169,1.129,0.671,0.766,1646.0,1596.1,1596.1,997.6,997.6,1496.3,997.6,3391.7,997.6,997.6,3391.7,99.8,997.6,341.3,211.3,29.3,52.5,189.5,693.9,608.3,481.4,500.8,633.9,111.5,78.1,505.2,345.9,27.5,7.7,0.0,0.9,6.8,62.6,53.1,41.3,44.6,57.1,7.2,5.4,43.3,62.6,27.5,100.0,36.2,15.1,2.2,3.7,14.0,76.9,67.4,53.6,55.3,70.1,12.5,7.9,56.0,36.2,16.5,16.0,16.0,10.0,10.0,15.0,10.0,34.0,10.0,10.0,34.0,10.0,50,43,46,53,53,53,53,49,49,49,49,50,57,54,47,47,47,47,51,51,51,51,53,53,No,No,No,No,No,No,No,No,No,No,No,No,No,No,No,No,No,No,No,No,No,No,No,No,No,No,No,No,No,No,No,No,No,No,No,No,53,53,49,51,0.000,0.000,0.000,0.000,0.000,0.000,0.000,1.200,4.063,5.226,2.881,12.956,1.768,0.088,0.149,45.0,15.0,55.0,55.0,3.000,100.0,0,0,0.0,28.0,8.2,1.3,2.4,7.1,62.9,53.2,41.6,44.7,57.3,8.3,5.8,43.7,3.2,2.7,1.6,17.5,2.8,0.0,0.5,0.2,0.0,0.0,6.6,45.4,0.0,1.6,19.3,43.8,58.4,54.6,42.2,91.6,93.1,49.3,87.4,87.2,87.7,1596.1,16.00,22,22,22,52,74,560,1,2,Yes,No,No,No,No,No,No,No,No,No,Yes,No,No,No,No,No,No,No,No,No,No,No,No,No,No,No,No,No,No,No,No,No,No,No,No,No,No,No,48.0,38,38,35,89.0,100.0,No,No,19343,54886,0.0,1.0,1.0,0.000,0.014,3247,2779,12.757,44.631,100.0,0.000,17.4,0.0,0.0,0.0,0.0,0.0,0.0,0.0,0.0,0.0,0.0,0.0,0.0,0.00,0.00,0.00,0.00,0.00,0.00,0.00,0.00,0.00,0.00,0.00,0,
17.12.2025,21:20:46.106,2738,7066,27.9,3172,4712,40.2,0.2,1.079,1.144,1.105,1.091,1.091,0.666,1.174,1.139,1.159,1.159,1.061,1.023,0.766,1875.4,4289.5,4090.0,997.6,997.6,997.6,997.6,997.6,997.6,3391.7,997.6,99.8,3691.0,289.9,95.8,0.3,2.0,222.3,468.3,686.4,358.6,121.8,795.4,54.4,15.1,658.3,244.4,26.5,4.5,0.0,0.0,7.1,44.7,67.6,35.0,11.6,78.1,5.6,0.9,63.0,78.1,26.5,100.0,31.1,6.6,0.0,0.0,17.1,51.7,76.5,39.8,13.6,88.7,6.0,0.9,72.9,31.1,18.8,43.0,41.0,10.0,10.0,10.0,10.0,10.0,10.0,34.0,10.0,37.0,52,47,47,55,55,55,55,51,51,51,51,48,53,53,45,45,45,45,49,49,49,49,54,55,No,No,No,No,No,No,No,No,No,No,No,No,No,No,No,No,No,No,No,No,No,No,No,No,No,No,No,No,No,No,No,No,No,No,No,No,52,52,48,51,0.000,0.000,0.000,0.000,0.000,0.000,0.000,1.200,12.500,4.642,2.325,12.263,1.764,0.064,0.150,45.0,15.0,55.0,55.0,11.000,99.8,0,0,0.0,26.5,5.2,0.0,0.1,7.0,44.9,67.5,34.5,11.5,77.9,4.7,1.4,63.3,1.0,3.0,1.2,2.3,0.0,0.0,0.0,0.3,0.0,0.0,3.6,48.6,0.0,0.0,52.4,32.5,65.5,88.5,21.6,95.2,97.5,33.0,90.4,90.0,90.7,1596.1,16.00,22,22,22,52,74,560,1,2,Yes,No,No,No,No,No,No,No,No,No,Yes,No,No,No,No,No,No,No,No,No,No,No,No,No,No,No,No,No,No,No,No,No,No,No,No,No,No,No,48.0,38,38,35,89.0,100.0,No,No,19343,54886,0.0,1.0,1.0,0.000,0.055,3247,2779,12.757,44.631,100.0,0.000,17.4,0.0,0.0,0.0,0.0,0.0,0.0,0.0,0.0,0.0,0.0,0.0,0.0,0.00,0.00,0.00,0.00,0.00,0.00,0.00,0.00,0.00,0.00,0.00,0,
17.12.2025,21:20:48.100,2726,7078,27.8,3158,4726,40.0,0.2,1.118,1.119,1.140,1.158,1.109,1.094,1.109,1.099,1.099,1.099,1.156,0.973,0.766,1396.6,1695.9,4289.5,997.6,997.6,997.6,997.6,997.6,997.6,997.6,997.6,99.8,2593.7,271.2,82.6,0.3,1.3,76.7,691.4,324.3,103.3,748.8,327.1,202.7,135.3,560.4,253.6,28.0,3.8,12.6,12.6,3.4,68.6,31.9,8.6,75.0,32.2,20.2,12.9,54.7,75.0,28.0,100.0,29.5,5.6,0.0,0.0,5.4,76.9,35.8,11.0,83.9,36.4,22.6,14.4,62.0,29.5,14.0,17.0,43.0,10.0,10.0,10.0,10.0,10.0,10.0,10.0,10.0,26.0,49,45,44,53,53,53,53,48,48,48,49,51,55,56,47,47,47,47,52,52,52,51,52,53,No,No,No,No,No,No,No,No,No,No,No,No,No,No,No,No,No,No,No,No,No,No,No,No,No,No,No,No,No,No,No,No,No,No,No,No,52,52,48,50,0.000,0.000,0.000,0.000,0.000,0.000,0.000,1.200,15.625,4.122,1.844,11.802,1.726,0.061,0.149,45.0,15.0,55.0,55.0,16.000,99.8,0,0,0.0,26.0,4.0,0.0,0.1,3.3,68.5,31.9,10.0,74.5,32.0,19.8,13.2,54.8,0.3,1.0,0.0,2.5,0.0,0.0,0.0,0.0,0.0,0.0,0.0,49.1,0.0,0.0,28.8,68.1,89.9,25.5,67.9,80.2,85.9,45.0,94.9,93.4,96.3,1596.1,16.00,22,22,22,52,74,560,1,2,Yes,No,No,No,No,No,No,No,No,No,Yes,No,No,No,No,No,No,No,No,No,No,No,No,No,No,No,No,No,No,No,No,No,No,No,No,No,No,No,47.0,38,38,36,89.0,100.0,No,No,19343,54886,0.0,0.8,0.8,0.000,0.010,3247,2779,12.757,44.631,100.0,0.000,17.4,0.0,0.0,0.0,0.0,0.0,0.0,0.0,0.0,0.0,0.0,0.0,0.0,0.00,0.00,0.00,0.00,0.00,0.00,0.00,0.00,0.00,0.00,0.00,0,
17.12.2025,21:20:50.096,2723,7081,27.7,3167,4716,40.1,0.2,0.801,0.784,0.785,0.785,0.780,0.780,0.761,0.800,0.810,0.690,1.038,0.723,0.766,1476.4,1596.1,2094.9,1596.1,1596.1,1596.1,1596.1,997.6,1695.9,997.6,997.6,99.8,997.6,276.3,76.7,0.3,63.8,27.2,948.5,872.8,77.1,39.9,835.1,123.6,55.3,195.7,263.3,25.9,2.8,0.0,2.9,0.0,93.6,86.4,8.4,3.0,81.4,10.7,3.6,17.8,93.6,25.9,100.0,30.2,5.3,0.0,4.7,2.5,105.4,97.2,9.1,4.3,92.3,13.7,5.0,22.4,30.2,14.8,16.0,21.0,16.0,16.0,16.0,16.0,10.0,17.0,10.0,10.0,10.0,50,45,44,53,53,53,53,49,49,49,49,50,55,56,47,47,47,47,51,51,51,51,53,53,No,No,No,No,No,No,No,No,No,No,No,No,No,No,No,No,No,No,No,No,No,No,No,No,No,No,No,No,No,No,No,No,No,No,No,No,53,53,48,50,0.000,0.000,0.000,0.000,0.000,0.000,0.000,1.200,6.563,4.065,1.908,11.858,1.603,0.066,0.149,45.0,15.0,55.0,55.0,4.000,99.8,0,0,0.0,26.3,3.9,0.0,2.0,1.2,93.8,86.4,7.1,3.6,82.0,11.9,5.0,19.1,0.4,1.2,0.8,1.6,0.0,0.0,0.0,0.4,0.0,0.0,0.0,48.8,0.0,0.0,4.6,13.5,92.9,96.4,17.5,88.1,94.0,80.8,94.5,93.5,95.5,1596.1,16.00,22,22,22,52,74,560,1,2,Yes,No,No,No,No,No,No,No,No,No,Yes,No,No,No,No,No,No,No,No,No,No,No,No,No,No,No,No,No,No,No,No,No,No,No,No,No,No,No,47.0,38,38,36,89.0,100.0,No,No,19343,54886,0.0,0.6,0.6,0.000,0.030,3247,2779,12.757,44.631,100.0,0.000,17.4,0.0,0.0,0.0,0.0,0.0,0.0,0.0,0.0,0.0,0.0,0.0,0.0,0.00,0.00,0.00,0.00,0.00,0.00,0.00,0.00,0.00,0.00,0.00,0,
17.12.2025,21:20:52.105,2742,7062,27.9,3177,4706,40.3,0.2,0.959,0.719,1.106,0.689,1.108,1.094,0.694,1.159,1.157,0.767,1.093,0.671,0.766,1506.3,1596.1,4289.5,997.6,997.6,997.6,997.6,997.6,1596.1,1596.1,997.6,99.8,997.6,329.2,215.0,0.5,259.7,0.4,835.0,646.0,749.9,175.7,786.9,170.6,104.1,6.7,360.3,27.4,7.1,0.2,8.7,0.2,76.4,58.6,68.5,13.7,73.5,13.7,8.0,0.7,76.4,27.4,100.0,35.0,15.6,0.0,19.1,0.0,92.6,71.6,83.1,19.7,87.1,19.0,11.3,0.7,35.0,15.1,16.0,43.0,10.0,10.0,10.0,10.0,10.0,16.0,16.0,10.0,10.0,49,44,43,52,52,53,53,49,49,49,50,51,56,57,48,48,47,47,51,51,51,50,52,53,No,No,No,No,No,No,No,No,No,No,No,No,No,No,No,No,No,No,No,No,No,No,No,No,No,No,No,No,No,No,No,No,No,No,No,No,52,52,48,50,0.000,0.000,0.000,0.000,0.000,0.000,0.000,1.200,17.500,5.350,3.030,13.001,1.751,0.080,0.149,45.0,15.0,55.0,55.0,22.000,99.8,0,0,0.0,27.8,7.6,0.0,9.2,0.0,76.6,59.3,68.7,14.8,73.9,14.3,8.1,0.6,3.9,4.6,5.1,16.4,3.1,0.0,0.0,9.5,0.0,0.0,0.0,45.4,0.0,1.4,6.9,37.3,31.1,85.1,16.4,85.7,90.9,99.4,84.7,86.3,83.1,1596.1,16.00,22,22,22,52,74,560,1,2,Yes,No,No,No,No,No,No,No,No,No,Yes,No,No,No,No,No,No,No,No,No,No,No,No,No,No,No,No,No,No,No,No,No,No,No,No,No,No,No,48.0,38,38,35,89.0,100.0,No,No,19343,54886,0.0,1.7,1.7,0.000,0.022,3247,2779,12.757,44.631,100.0,0.000,17.4,0.0,0.0,0.0,0.0,0.0,0.0,0.0,0.0,0.0,0.0,0.0,0.0,0.00,0.00,0.00,0.00,0.00,0.00,0.00,0.00,0.00,0.00,0.00,0,
17.12.2025,21:20:54.104,2743,7060,27.9,3181,4703,40.3,0.2,1.038,1.124,1.119,1.184,1.184,1.094,1.109,1.084,0.694,0.694,1.091,0.973,0.766,1626.0,1596.1,4289.5,3391.7,997.6,997.6,997.6,997.6,997.6,997.6,997.6,99.8,2593.7,279.7,82.1,0.2,103.0,0.2,913.1,313.2,500.6,80.2,938.4,409.6,15.2,0.2,249.1,26.2,3.5,0.3,3.7,0.3,88.4,29.9,47.9,8.0,91.4,39.5,1.1,0.3,91.4,26.2,100.0,30.3,5.2,0.0,7.0,0.0,101.5,34.7,55.9,8.9,104.1,45.5,0.9,0.0,30.3,16.3,16.0,43.0,34.0,10.0,10.0,10.0,10.0,10.0,10.0,10.0,26.0,49,45,44,52,52,52,52,49,49,49,49,51,55,56,48,48,48,48,51,51,51,51,51,52,No,No,No,No,No,No,No,No,No,No,No,No,No,No,No,No,No,No,No,No,No,No,No,No,No,No,No,No,No,No,No,No,No,No,No,No,53,53,48,51,0.000,0.000,0.000,0.000,0.000,0.000,0.000,1.200,14.688,4.169,1.977,11.919,1.645,0.060,0.149,45.0,15.0,55.0,55.0,16.000,99.8,0,0,0.0,26.0,3.9,0.0,3.8,0.0,88.4,28.7,47.6,7.7,91.5,39.4,1.4,0.0,2.1,2.4,1.9,8.8,0.0,0.0,0.0,8.1,0.0,0.0,0.0,47.7,0.0,0.0,2.7,71.3,52.4,92.3,0.4,60.6,97.5,100.0,93.3,92.5,94.0,1596.1,16.00,22,22,22,52,74,560,1,2,Yes,No,No,No,No,No,No,No,No,No,Yes,No,No,No,No,No,No,No,No,No,No,No,No,No,No,No,No,No,No,No,No,No,No,No,No,No,No,No,47.0,38,38,35,89.0,100.0,No,No,19343,54886,0.0,1.1,1.1,0.000,0.172,3247,2779,12.756,44.631,100.0,0.000,17.4,0.0,0.0,0.0,0.0,0.0,0.0,0.0,0.0,0.0,0.0,0.0,0.0,0.00,0.00,0.00,0.00,0.00,0.00,0.00,0.00,0.00,0.00,0.00,0,
17.12.2025,21:20:56.096,2767,7037,28.2,3197,4687,40.5,0.2,0.985,0.739,0.708,1.110,1.109,1.109,1.109,1.099,0.694,1.097,1.077,0.691,0.766,2114.8,1695.9,1596.1,997.6,997.6,3192.2,3391.7,3391.7,997.6,1496.3,3391.7,99.8,1097.3,467.1,686.6,123.4,544.2,118.6,856.4,824.0,636.3,349.7,793.0,290.1,229.5,153.6,517.4,31.3,18.7,5.2,16.0,5.0,71.8,67.8,48.5,25.7,66.2,22.7,16.6,11.0,71.8,31.3,100.0,47.2,51.5,9.5,40.6,9.1,94.7,91.3,70.5,38.2,87.9,32.0,24.5,16.9,47.2,21.2,17.0,16.0,10.0,10.0,32.0,34.0,34.0,10.0,15.0,34.0,11.0,50,45,43,52,52,52,52,50,50,50,50,50,55,57,48,48,48,48,50,50,50,50,52,52,No,No,No,No,No,No,No,No,No,No,No,No,No,No,No,No,No,No,No,No,No,No,No,No,No,No,No,No,No,No,No,No,No,No,No,No,54,54,49,52,0.000,0.000,0.000,0.000,0.000,0.000,0.000,1.200,7.500,8.255,5.731,15.907,1.919,0.117,0.149,45.0,15.0,55.0,55.0,5.000,99.8,0,0,0.0,31.1,19.7,3.8,16.9,3.6,72.2,68.0,48.6,25.0,66.4,21.6,17.4,9.8,6.6,8.0,7.6,18.2,1.0,10.5,2.5,13.7,1.7,3.0,0.0,42.2,3.1,1.9,9.4,30.6,40.5,72.2,19.6,76.5,78.5,90.0,68.8,66.3,71.2,1596.1,16.00,22,22,22,52,74,560,1,2,Yes,No,No,No,No,No,No,No,No,No,Yes,No,No,No,No,No,No,No,No,No,No,No,No,No,No,No,No,No,No,No,No,No,No,No,No,No,No,No,47.0,38,38,36,89.0,100.0,No,No,19343,54886,0.0,0.7,0.7,0.000,0.063,3247,2779,12.756,44.631,100.0,0.000,17.4,0.0,0.0,0.0,0.0,0.0,0.0,0.0,0.0,0.0,0.0,0.0,0.0,0.00,0.00,0.00,0.00,0.00,0.00,0.00,0.00,0.00,0.00,0.00,0,
17.12.2025,21:20:58.097,2760,7044,28.1,3186,4697,40.4,0.2,1.019,0.739,1.068,1.118,1.099,1.106,1.106,0.681,1.091,1.091,1.091,0.691,0.766,1925.3,1695.9,1695.9,1695.9,997.6,997.6,997.6,997.6,3391.7,3391.7,3391.7,99.8,1097.3,292.7,105.3,0.2,124.9,0.2,771.7,433.0,155.2,414.1,832.2,124.6,454.8,95.9,250.6,26.7,4.4,0.0,4.8,0.0,74.6,41.0,13.2,39.0,81.1,10.7,44.3,7.6,81.1,26.7,100.0,31.7,7.5,0.0,9.0,0.0,85.7,47.9,17.1,46.2,92.2,13.8,50.4,10.6,31.7,19.3,17.0,17.0,17.0,10.0,10.0,10.0,10.0,34.0,34.0,34.0,11.0,50,45,44,51,55,55,55,49,50,50,50,50,55,56,49,45,45,45,51,50,50,50,52,55,No,No,No,No,No,No,No,No,No,No,No,No,No,No,No,No,No,No,No,No,No,No,No,No,No,No,No,No,No,No,No,No,No,No,No,No,56,56,48,50,0.000,0.000,0.000,0.000,0.000,0.000,0.000,1.200,14.063,4.316,1.995,12.031,1.754,0.077,0.149,45.0,15.0,55.0,55.0,14.000,99.8,0,0,0.0,27.5,5.3,0.0,5.8,0.0,74.9,41.5,14.4,40.1,81.5,11.8,44.7,9.5,2.5,1.0,0.7,15.4,2.8,0.0,0.0,5.5,0.0,0.0,0.0,45.7,0.0,0.0,9.6,55.5,85.5,59.8,12.8,88.1,54.7,90.5,92.3,92.4,92.2,1596.1,16.00,22,22,22,52,74,560,1,2,Yes,No,No,No,No,No,No,No,No,No,Yes,No,No,No,No,No,No,No,No,No,No,No,No,No,No,No,No,No,No,No,No,No,No,No,No,No,No,No,47.0,38,38,36,89.0,100.0,No,No,19343,54886,0.0,1.4,1.4,0.000,0.132,3247,2780,12.757,44.631,100.0,0.000,17.4,0.0,0.0,0.0,0.0,0.0,0.0,0.0,0.0,0.0,0.0,0.0,0.0,0.00,0.00,0.00,0.00,0.00,0.00,0.00,0.00,0.00,0.00,0.00,0,
17.12.2025,21:21:0.094,2754,7049,28.0,3178,4706,40.3,0.2,0.914,0.944,0.926,0.956,0.936,0.936,0.911,0.921,0.966,0.694,0.944,0.871,0.766,2224.6,3591.2,3591.2,2493.9,997.6,1496.3,2693.4,2693.4,2693.4,997.6,997.6,99.8,2992.7,315.3,279.1,0.6,233.5,0.5,904.9,678.7,204.9,244.5,784.7,119.8,294.8,37.2,318.3,27.2,9.6,1.0,7.7,0.0,85.0,62.8,18.6,23.5,74.9,11.0,28.1,4.0,85.0,27.2,100.0,33.3,20.0,0.0,16.9,0.0,100.5,75.4,22.6,27.2,87.2,13.3,32.1,4.1,33.3,22.3,36.0,36.0,25.0,10.0,15.0,27.0,27.0,27.0,10.0,10.0,30.0,50,45,44,54,54,54,54,49,49,50,49,50,55,56,46,46,46,46,51,51,50,51,53,54,No,No,No,No,No,No,No,No,No,No,No,No,No,No,No,No,No,No,No,No,No,No,No,No,No,No,No,No,No,No,No,No,No,No,No,No,52,52,49,51,0.000,0.000,0.000,0.000,0.000,0.000,0.000,1.200,5.000,5.216,2.873,12.867,1.779,0.075,0.149,45.0,15.0,55.0,55.0,4.000,99.8,0,0,0.0,27.1,10.4,0.1,8.2,0.1,85.1,62.9,17.9,22.9,75.0,10.9,28.6,3.1,5.1,11.5,9.6,12.1,4.9,0.0,0.0,12.6,0.0,0.0,0.0,46.2,0.0,0.0,2.8,32.0,81.9,77.1,12.1,89.0,70.6,96.8,78.6,76.3,81.0,1596.1,16.00,22,22,22,52,74,560,1,2,Yes,No,No,No,No,No,No,No,No,No,Yes,No,No,No,No,No,No,No,No,No,No,No,No,No,No,No,No,No,No,No,No,No,No,No,No,No,No,No,47.0,38,38,36,89.0,100.0,No,No,19343,54886,0.0,1.2,1.2,0.000,0.010,3247,2780,12.756,44.631,100.0,0.000,17.4,0.0,0.0,0.0,0.0,0.0,0.0,0.0,0.0,0.0,0.0,0.0,0.0,0.00,0.00,0.00,0.00,0.00,0.00,0.00,0.00,0.00,0.00,0.00,0,
17.12.2025,21:21:2.088,2764,7040,28.1,3196,4687,40.5,0.2,0.835,0.975,0.840,0.847,0.847,0.847,0.856,0.694,0.824,0.824,0.799,0.806,0.766,1885.4,3691.0,399.0,2094.9,2094.9,1995.1,2194.6,997.6,1795.6,1795.6,1795.6,99.8,2493.9,436.8,574.4,52.2,522.2,37.3,755.4,588.5,727.2,390.9,761.1,362.1,282.4,188.5,456.0,33.9,20.6,2.0,19.2,29.4,63.5,48.0,62.3,30.1,66.4,29.4,21.7,14.1,66.4,33.9,100.0,44.5,42.4,3.9,38.8,2.8,83.5,64.6,80.2,42.9,83.9,39.8,30.6,20.7,44.5,18.9,37.0,4.0,21.0,21.0,20.0,22.0,10.0,18.0,18.0,18.0,25.0,50,48,46,53,53,53,53,49,49,49,50,50,52,54,47,47,47,47,51,51,51,50,53,53,No,No,No,No,No,No,No,No,No,No,No,No,No,No,No,No,No,No,No,No,No,No,No,No,No,No,No,No,No,No,No,No,No,No,No,No,53,53,47,51,0.000,0.000,0.000,0.000,0.000,0.000,0.000,1.200,5.625,6.936,4.359,14.643,1.968,0.122,0.150,45.0,15.0,55.0,55.0,3.000,99.8,0,0,0.0,31.8,21.7,2.0,20.1,1.4,63.8,48.4,62.7,29.8,66.8,29.0,22.2,14.1,6.9,10.5,9.3,21.6,7.2,2.7,3.7,6.5,4.8,1.6,1.1,41.8,4.7,2.8,14.4,43.7,34.1,66.2,26.2,65.9,75.2,84.6,63.7,61.0,66.4,1596.1,16.00,22,22,22,52,74,560,1,2,Yes,No,No,No,No,No,No,No,No,No,Yes,No,No,No,No,No,No,No,No,No,No,No,No,No,No,No,No,No,No,No,No,No,No,No,No,No,No,No,47.0,38,38,36,89.0,100.0,No,No,19343,54886,0.0,2.8,2.8,0.000,0.065,3247,2780,12.756,44.631,100.0,0.000,17.4,0.0,0.0,0.0,0.0,0.0,0.0,0.0,0.0,0.0,0.0,0.0,0.0,0.00,0.00,0.00,0.00,0.00,0.00,0.00,0.00,0.00,0.00,0.00,0,
17.12.2025,21:21:4.087,2756,7047,28.1,3198,4686,40.5,0.2,1.065,1.104,0.704,1.099,1.124,1.109,1.099,1.111,1.151,1.076,1.075,1.028,0.766,1835.5,1596.1,1596.1,997.6,3391.7,997.6,997.6,3391.7,997.6,997.6,3391.7,99.8,2793.2,364.3,362.4,0.4,350.5,0.5,826.8,576.5,665.4,260.4,672.1,383.0,139.1,134.5,380.4,28.0,12.3,0.0,10.8,0.0,72.2,47.5,54.4,18.8,61.2,34.1,11.4,13.1,72.2,28.0,100.0,37.7,26.9,0.0,24.3,0.0,91.2,63.7,72.1,28.1,74.1,42.1,14.7,14.6,37.7,18.4,16.0,16.0,10.0,34.0,10.0,10.0,34.0,10.0,10.0,34.0,28.0,50,45,44,52,52,52,52,50,50,50,50,50,55,56,48,48,48,48,50,50,50,50,53,52,No,No,No,No,No,No,No,No,No,No,No,No,No,No,No,No,No,No,No,No,No,No,No,No,No,No,No,No,No,No,No,No,No,No,No,No,53,53,49,51,0.000,0.000,0.000,0.000,0.000,0.000,0.000,1.200,8.750,6.164,3.678,13.780,1.899,0.097,0.149,45.0,15.0,55.0,55.0,10.000,99.8,0,0,0.0,28.5,13.1,0.1,12.3,0.1,72.7,47.8,55.4,19.8,61.7,34.9,12.0,12.5,6.8,10.5,16.0,15.0,9.1,2.5,3.3,9.7,1.6,0.3,0.0,44.2,2.8,0.0,12.1,42.8,41.8,76.7,27.9,63.4,86.7,87.4,71.0,71.9,70.2,1596.1,16.00,22,22,22,52,74,560,1,2,Yes,No,No,No,No,No,No,No,No,No,Yes,No,No,No,No,No,No,No,No,No,No,No,No,No,No,No,No,No,No,No,No,No,No,No,No,No,No,No,48.0,38,38,36,89.0,100.0,No,No,19343,54886,0.0,3.1,3.1,0.000,0.039,3247,2780,12.756,44.631,100.0,0.000,17.4,0.0,0.0,0.0,0.0,0.0,0.0,0.0,0.0,0.0,0.0,0.0,0.0,0.00,0.00,0.00,0.00,0.00,0.00,0.00,0.00,0.00,0.00,0.00,0,
17.12.2025,21:21:6.102,2739,7065,27.9,3179,4704,40.3,0.2,0.949,1.064,0.823,0.802,0.818,0.772,1.097,0.657,1.140,1.160,1.160,1.028,0.766,1855.5,1596.1,2693.4,1895.4,997.6,1596.1,3391.7,997.6,997.6,997.6,3391.7,99.8,2793.2,299.8,169.9,0.7,150.1,0.4,797.3,586.1,389.4,491.2,568.7,402.7,31.7,8.8,323.1,28.1,6.3,7.3,5.1,9.2,75.4,54.5,37.8,46.1,53.4,39.7,2.1,0.0,75.4,28.1,100.0,32.1,11.6,0.0,10.5,0.0,88.5,65.2,43.2,54.5,62.5,44.8,2.7,1.3,32.1,18.6,16.0,27.0,19.0,10.0,16.0,34.0,10.0,10.0,10.0,34.0,28.0,50,45,44,53,53,53,53,49,49,49,49,50,55,56,47,47,47,47,51,51,51,51,53,53,No,No,No,No,No,No,No,No,No,No,No,No,No,No,No,No,No,No,No,No,No,No,No,No,No,No,No,No,No,No,No,No,No,No,No,No,53,53,49,51,0.000,0.000,0.000,0.000,0.000,0.000,0.000,1.200,4.375,4.636,2.367,12.388,1.712,0.071,0.149,45.0,15.0,55.0,55.0,13.000,99.8,0,0,0.0,26.9,7.2,0.1,5.7,0.0,75.6,54.9,37.4,45.8,53.8,39.3,2.8,0.3,2.8,5.3,4.7,13.9,0.1,0.4,0.0,4.2,0.0,0.0,0.0,47.0,0.0,0.0,10.4,44.8,62.1,54.1,41.6,60.7,96.2,99.6,87.4,86.0,88.7,1596.1,16.00,22,22,22,52,74,560,1,2,Yes,No,No,No,No,No,No,No,No,No,Yes,No,No,No,No,No,No,No,No,No,No,No,No,No,No,No,No,No,No,No,No,No,No,No,No,No,No,No,47.0,38,38,35,89.0,100.0,No,No,19343,54886,0.0,0.7,0.7,0.000,0.068,3247,2780,12.756,44.631,100.0,0.000,17.4,0.0,0.0,0.0,0.0,0.0,0.0,0.0,0.0,0.0,0.0,0.0,0.0,0.00,0.00,0.00,0.00,0.00,0.00,0.00,0.00,0.00,0.00,0.00,0,
17.12.2025,21:21:8.102,2745,7058,28.0,3174,4709,40.2,0.2,0.926,0.740,0.861,0.847,0.682,1.094,1.109,1.084,1.099,0.694,1.049,0.793,0.766,1276.9,1695.9,3092.4,997.6,997.6,997.6,997.6,997.6,997.6,997.6,997.6,99.8,2394.1,291.4,176.6,0.3,139.9,0.3,822.2,824.9,293.8,221.2,793.2,200.9,22.3,1.5,309.9,29.0,6.8,11.8,5.6,19.1,79.3,80.2,27.1,20.6,76.9,19.1,1.5,0.2,80.2,29.0,100.0,31.3,12.7,0.0,10.3,0.0,91.5,91.7,32.6,24.7,88.1,22.5,1.7,0.2,31.3,12.8,17.0,31.0,10.0,10.0,10.0,10.0,10.0,10.0,10.0,10.0,24.0,49,44,43,52,52,53,53,48,48,48,48,51,56,57,48,48,47,47,52,52,52,52,52,53,No,No,No,No,No,No,No,No,No,No,No,No,No,No,No,No,No,No,No,No,No,No,No,No,No,No,No,No,No,No,No,No,No,No,No,No,53,53,48,51,0.000,0.000,0.000,0.000,0.000,0.000,0.000,1.200,11.875,4.582,2.285,12.307,1.740,0.068,0.149,45.0,15.0,55.0,55.0,12.000,99.8,0,0,0.0,26.6,7.4,0.0,5.9,0.0,79.3,80.2,27.1,21.0,77.1,19.6,2.0,0.1,2.7,3.6,2.5,15.2,0.0,0.4,0.0,5.7,0.0,0.0,0.0,47.1,0.0,0.0,5.5,19.6,72.4,78.9,17.0,80.4,96.9,99.9,89.1,87.4,90.7,1596.1,16.00,22,22,22,52,74,560,1,2,Yes,No,No,No,No,No,No,No,No,No,Yes,No,No,No,No,No,No,No,No,No,No,No,No,No,No,No,No,No,No,No,No,No,No,No,No,No,No,No,48.0,38,38,36,89.0,100.0,No,No,19343,54886,0.0,1.6,1.6,0.000,0.024,3247,2780,12.757,44.631,100.0,0.000,17.4,0.0,0.0,0.0,0.0,0.0,0.0,0.0,0.0,0.0,0.0,0.0,0.0,0.00,0.00,0.00,0.00,0.00,0.00,0.00,0.00,0.00,0.00,0.00,0,
17.12.2025,21:21:10.097,2771,7033,28.2,3197,4687,40.5,0.2,0.994,1.093,0.956,0.916,0.910,0.920,0.920,1.049,1.049,1.064,1.064,0.968,0.766,2055.0,4090.0,3591.2,997.6,997.6,1296.8,2593.7,997.6,1995.1,1995.1,1995.1,99.8,3491.5,461.1,358.2,69.7,395.9,81.4,948.3,790.9,754.9,313.1,851.0,529.3,266.3,174.2,464.1,35.0,12.0,2.8,12.8,3.2,83.0,66.9,64.3,23.7,76.6,45.3,18.5,11.4,83.0,35.0,100.0,48.2,26.4,5.1,29.4,6.1,105.2,87.8,83.6,34.5,94.4,58.5,28.6,18.9,48.2,20.6,41.0,36.0,10.0,10.0,13.0,26.0,10.0,20.0,20.0,20.0,35.0,52,48,47,53,54,54,54,53,53,53,53,48,52,53,47,46,46,46,47,47,47,47,54,54,No,No,No,No,No,No,No,No,No,No,No,No,No,No,No,No,No,No,No,No,No,No,No,No,No,No,No,No,No,No,No,No,No,No,No,No,54,54,48,51,0.000,0.000,0.000,0.000,0.000,0.000,0.000,1.200,24.688,6.684,4.108,14.466,1.953,0.134,0.149,45.0,15.0,55.0,55.0,6.000,99.8,0,0,0.0,35.4,13.5,2.0,14.3,2.3,83.3,67.3,64.7,23.8,77.0,45.5,19.8,10.9,5.2,7.5,5.6,11.6,10.1,4.5,3.7,6.8,0.9,1.4,0.0,37.2,2.4,2.9,5.0,22.5,30.4,72.3,15.9,53.4,78.0,88.9,74.7,74.3,75.0,1596.1,16.00,22,22,22,52,74,560,1,2,Yes,No,No,No,No,No,No,No,No,No,Yes,No,No,No,No,No,No,No,No,No,No,No,No,No,No,No,No,No,No,No,No,No,No,No,No,No,No,No,47.0,38,38,37,89.0,100.0,No,No,19343,54886,0.8,1.4,2.2,0.063,0.056,3247,2780,12.756,44.631,100.0,0.000,17.4,0.0,0.0,0.0,0.0,0.0,0.0,0.0,0.0,0.0,0.0,0.0,0.0,0.00,0.00,0.00,0.00,0.00,0.00,0.00,0.00,0.00,0.00,0.00,0,
17.12.2025,21:21:12.095,2769,7034,28.2,3199,4684,40.5,0.2,0.978,0.698,0.695,1.050,1.055,1.050,1.046,1.043,1.053,1.043,1.043,0.651,0.766,1775.7,1396.6,1396.6,1396.6,3192.2,3192.2,997.6,997.6,997.6,3192.2,997.6,99.8,798.0,418.5,99.9,13.1,133.4,5.4,886.4,781.5,690.0,710.2,826.5,505.1,217.0,153.5,415.0,37.9,5.7,0.0,6.2,0.0,81.6,71.7,62.4,64.9,80.5,48.4,19.9,13.4,81.6,37.9,100.0,45.3,6.5,1.0,9.3,0.4,98.2,86.2,76.0,78.6,91.5,56.2,23.4,16.9,45.3,17.8,14.0,14.0,14.0,32.0,32.0,10.0,10.0,10.0,32.0,10.0,8.0,50,45,43,53,53,53,55,50,49,49,49,50,55,57,47,47,47,45,50,51,51,51,53,55,No,No,No,No,No,No,No,No,No,No,No,No,No,No,No,No,No,No,No,No,No,No,No,No,No,No,No,No,No,No,No,No,No,No,No,No,53,53,48,51,0.000,0.000,0.000,0.000,0.000,0.000,0.000,1.200,11.250,5.371,2.572,13.115,2.166,0.144,0.149,45.0,15.0,55.0,55.0,2.000,99.8,0,0,0.0,38.4,6.7,0.6,7.8,0.3,82.0,72.2,62.9,65.2,80.7,48.6,20.4,13.8,6.9,0.6,2.5,16.4,16.3,10.1,0.7,17.3,1.9,2.8,0.1,28.6,0.0,0.0,1.5,11.1,26.5,33.8,1.9,49.3,76.0,86.0,88.6,89.7,87.4,1596.1,16.00,22,22,22,52,74,560,1,2,Yes,No,No,No,No,No,No,No,No,No,Yes,No,No,No,No,No,No,No,No,No,No,No,No,No,No,No,No,No,No,No,No,No,No,No,No,No,No,No,48.0,38,38,38,89.0,100.0,No,No,19343,54886,1.7,1.3,3.0,1.032,0.185,3249,2781,12.757,44.631,100.0,0.000,17.4,0.0,0.0,0.0,0.0,0.0,0.0,0.0,0.0,0.0,0.0,0.0,0.0,0.00,0.00,0.00,0.00,0.00,0.00,0.00,0.00,0.00,0.00,0.00,0,
17.12.2025,21:21:14.106,2762,7042,28.1,3187,4696,40.4,0.2,1.056,0.702,0.920,1.065,1.060,1.080,1.080,1.140,1.180,1.175,1.156,0.651,0.766,2823.1,1496.3,3391.7,3192.2,3192.2,3192.2,3192.2,3192.2,3192.2,3192.2,997.6,99.8,798.0,417.7,126.9,1.4,123.4,1.5,831.1,959.5,684.8,473.9,794.2,285.5,270.5,459.8,400.3,37.7,6.1,0.0,6.3,0.0,76.2,87.4,60.7,40.5,76.8,28.0,26.2,44.2,87.4,37.7,100.0,45.3,8.7,0.0,8.4,0.1,92.0,106.5,75.6,52.4,88.0,31.6,29.5,50.8,45.3,28.3,15.0,34.0,32.0,32.0,32.0,32.0,32.0,32.0,32.0,10.0,8.0,50,44,43,51,53,53,53,49,49,49,51,50,56,57,49,47,47,47,51,51,51,49,51,53,No,No,No,No,No,No,No,No,No,No,No,No,No,No,No,No,No,No,No,No,No,No,No,No,No,No,No,No,No,No,No,No,No,No,No,No,53,53,49,51,0.000,0.000,0.000,0.000,0.000,0.000,0.000,1.200,4.375,5.385,2.732,12.860,2.026,0.139,0.149,45.0,15.0,55.0,55.0,2.000,99.8,0,0,0.0,38.0,7.1,0.2,6.5,0.2,76.5,87.6,61.1,41.5,77.2,27.5,26.5,43.9,6.9,1.9,5.1,19.7,12.4,11.7,0.0,18.0,0.0,0.1,0.0,29.4,0.0,0.0,3.7,0.0,26.8,58.1,4.8,72.3,72.5,55.9,87.4,88.7,86.2,1596.1,16.00,22,22,22,52,74,560,1,2,Yes,No,No,No,No,No,No,No,No,No,Yes,No,No,No,No,No,No,No,No,No,No,No,No,No,No,No,No,No,No,No,No,No,No,No,No,No,No,No,47.0,38,38,36,89.0,100.0,No,No,19343,54886,0.0,1.1,1.1,0.000,0.245,3249,2781,12.757,44.631,100.0,0.000,17.4,0.0,0.0,0.0,0.0,0.0,0.0,0.0,0.0,0.0,0.0,0.0,0.0,0.00,0.00,0.00,0.00,0.00,0.00,0.00,0.00,0.00,0.00,0.00,0,
17.12.2025,21:21:16.096,2753,7051,28.0,3180,4704,40.3,0.2,1.004,0.697,1.073,0.785,1.183,1.178,1.153,0.690,1.193,1.043,1.043,0.651,0.766,1655.9,1396.6,2793.2,997.6,3192.2,3192.2,997.6,997.6,997.6,997.6,997.6,99.8,798.0,395.5,102.3,1.5,95.4,1.6,862.8,1008.6,720.5,490.7,822.6,329.7,101.4,209.2,410.4,36.9,4.0,1.1,3.5,3.4,81.4,96.0,67.2,46.2,79.5,31.2,8.7,20.2,96.0,36.9,100.0,43.1,7.0,0.1,6.5,0.1,95.7,112.2,79.6,54.2,91.1,36.3,10.5,23.5,43.1,16.6,14.0,28.0,10.0,32.0,32.0,10.0,10.0,10.0,10.0,10.0,8.0,50,45,43,53,53,53,53,50,49,49,49,50,55,57,47,47,47,47,50,51,51,51,52,53,No,No,No,No,No,No,No,No,No,No,No,No,No,No,No,No,No,No,No,No,No,No,No,No,No,No,No,No,No,No,No,No,No,No,No,No,52,52,48,51,0.000,0.000,0.000,0.000,0.000,0.000,0.000,1.200,3.750,5.056,2.423,12.568,2.012,0.134,0.149,45.0,15.0,55.0,55.0,3.000,99.8,0,0,0.0,37.1,5.4,0.2,4.8,0.2,81.8,96.1,67.9,45.9,80.0,32.0,9.9,20.6,5.4,1.3,5.3,18.2,3.9,3.4,2.0,20.1,0.0,0.0,0.0,31.6,0.0,0.0,0.0,0.0,28.1,51.7,0.0,67.8,89.0,79.3,89.9,91.3,88.5,1596.1,16.00,22,22,22,52,74,560,1,2,Yes,No,No,No,No,No,No,No,No,No,Yes,No,No,No,No,No,No,No,No,No,No,No,No,No,No,No,No,No,No,No,No,No,No,No,No,No,No,No,47.0,38,38,37,89.0,100.0,No,No,19343,54886,0.0,1.3,1.3,0.000,0.158,3249,2781,12.756,44.631,100.0,0.000,17.4,0.0,0.0,0.0,0.0,0.0,0.0,0.0,0.0,0.0,0.0,0.0,0.0,0.00,0.00,0.00,0.00,0.00,0.00,0.00,0.00,0.00,0.00,0.00,0,
17.12.2025,21:21:18.093,2742,7062,27.9,3169,4714,40.2,0.2,1.066,1.062,1.131,1.161,1.051,1.051,1.053,1.042,1.047,1.029,1.029,0.973,0.766,1366.7,1396.6,4289.5,997.6,997.6,997.6,997.6,997.6,997.6,997.6,997.6,99.8,2593.7,398.7,95.1,1.4,101.5,1.5,832.1,878.1,703.3,461.5,834.9,276.4,232.3,366.2,384.3,37.2,5.2,0.0,4.9,0.0,78.2,82.1,64.9,42.1,82.3,27.3,22.1,36.7,82.3,37.2,100.0,43.4,6.2,0.0,6.8,0.0,92.2,97.3,77.6,50.9,92.6,31.0,24.7,40.8,43.4,13.7,14.0,43.0,10.0,10.0,10.0,10.0,10.0,10.0,10.0,10.0,26.0,50,45,44,53,53,53,53,51,51,51,51,50,55,56,47,47,47,47,49,49,49,49,51,53,No,No,No,No,No,No,No,No,No,No,No,No,No,No,No,No,No,No,No,No,No,No,No,No,No,No,No,No,No,No,No,No,No,No,No,No,53,53,49,51,0.000,0.000,0.000,0.000,0.000,0.000,0.000,1.200,3.750,5.068,2.358,12.518,2.076,0.146,0.149,45.0,15.0,55.0,55.0,2.000,99.8,0,0,0.0,37.4,6.1,0.2,5.7,0.2,78.5,82.3,65.3,42.1,82.6,26.9,22.9,36.5,7.3,5.3,8.2,21.6,17.7,7.7,0.0,12.2,0.0,0.0,0.0,30.2,0.0,0.0,0.0,0.0,26.5,57.6,5.0,72.9,76.2,63.4,85.8,86.8,84.8,1596.1,16.00,22,22,22,52,74,560,1,2,Yes,No,No,No,No,No,No,No,No,No,Yes,No,No,No,No,No,No,No,No,No,No,No,No,No,No,No,No,No,No,No,No,No,No,No,No,No,No,No,48.0,38,38,36,89.0,100.0,No,No,19343,54886,0.0,0.7,0.7,0.000,0.010,3249,2781,12.757,44.631,100.0,0.000,17.4,0.0,0.0,0.0,0.0,0.0,0.0,0.0,0.0,0.0,0.0,0.0,0.0,0.00,0.00,0.00,0.00,0.00,0.00,0.00,0.00,0.00,0.00,0.00,0,
17.12.2025,21:21:20.098,2739,7065,27.9,3160,4724,40.0,0.2,1.043,1.108,1.082,0.997,1.087,0.667,1.117,1.094,1.048,1.149,1.084,1.028,0.766,2244.5,1396.6,4289.5,3192.2,3192.2,997.6,3192.2,997.6,3192.2,997.6,997.6,99.8,3691.0,391.9,43.8,63.0,87.6,1.2,448.3,869.6,835.3,642.4,879.9,357.7,332.9,140.8,373.9,36.7,2.7,3.9,4.7,0.0,42.5,81.8,78.4,61.3,86.8,35.0,32.6,10.5,86.8,36.7,100.0,42.7,2.7,4.4,5.7,0.0,49.9,96.6,92.7,71.4,97.7,39.4,36.6,15.5,42.7,22.5,14.0,43.0,32.0,32.0,10.0,32.0,10.0,32.0,10.0,10.0,37.0,50,44,46,51,51,53,53,50,50,50,50,50,56,54,49,49,47,47,50,50,50,50,51,53,No,No,No,No,No,No,No,No,No,No,No,No,No,No,No,No,No,No,No,No,No,No,No,No,No,No,No,No,No,No,No,No,No,No,No,No,52,52,48,51,0.000,0.000,0.000,0.000,0.000,0.000,0.000,1.200,3.438,5.116,2.339,12.701,2.129,0.159,0.149,45.0,15.0,55.0,55.0,2.000,99.8,0,0,0.0,37.1,2.9,3.2,5.3,0.2,42.8,82.1,78.6,61.6,86.9,35.0,32.7,13.7,5.1,1.7,5.0,4.3,17.2,7.8,1.4,13.1,0.0,0.2,0.0,32.1,0.0,0.0,52.9,0.7,13.4,36.5,0.0,64.7,66.4,86.1,89.1,90.3,87.8,1596.1,16.00,22,22,22,52,74,560,1,2,Yes,No,No,No,No,No,No,No,No,No,Yes,No,No,No,No,No,No,No,No,No,No,No,No,No,No,No,No,No,No,No,No,No,No,No,No,No,No,No,47.0,38,38,37,89.0,100.0,No,No,19343,54886,0.0,1.7,1.7,0.000,1.440,3249,2784,12.756,44.631,100.0,0.000,17.4,0.0,0.0,0.0,0.0,0.0,0.0,0.0,0.0,0.0,0.0,0.0,0.0,0.00,0.00,0.00,0.00,0.00,0.00,0.00,0.00,0.00,0.00,0.00,0,
Date,Time,"Virtual Memory Committed [MB]","Virtual Memory Available [MB]","Virtual Memory Load [%]","Physical Memory Used [MB]","Physical Memory Available [MB]","Physical Memory Load [%]","Page File Usage [%]","Core VIDs (avg) [V]","P-core 0 VID [V]","P-core 1 VID [V]","E-core 2 VID [V]","E-core 3 VID [V]","E-core 4 VID [V]","E-core 5 VID [V]","E-core 6 VID [V]","E-core 7 VID [V]","E-core 8 VID [V]","E-core 9 VID [V]","Uncore VID [V]","SA VID [V]","Core Clocks (avg) [MHz]","P-core 0 Clock [MHz]","P-core 1 Clock [MHz]","E-core 2 Clock [MHz]","E-core 3 Clock [MHz]","E-core 4 Clock [MHz]","E-core 5 Clock [MHz]","E-core 6 Clock [MHz]","E-core 7 Clock [MHz]","E-core 8 Clock [MHz]","E-core 9 Clock [MHz]","Bus Clock [MHz]","Ring/LLC Clock [MHz]","Core Effective Clocks (avg) [MHz]","P-core 0 T0 Effective Clock [MHz]","P-core 0 T1 Effective Clock [MHz]","P-core 1 T0 Effective Clock [MHz]","P-core 1 T1 Effective Clock [MHz]","E-core 2 T0 Effective Clock [MHz]","E-core 3 T0 Effective Clock [MHz]","E-core 4 T0 Effective Clock [MHz]","E-core 5 T0 Effective Clock [MHz]","E-core 6 T0 Effective Clock [MHz]","E-core 7 T0 Effective Clock [MHz]","E-core 8 T0 Effective Clock [MHz]","E-core 9 T0 Effective Clock [MHz]","Average Effective Clock [MHz]","Core Usage (avg) [%]","P-core 0 T0 Usage [%]","P-core 0 T1 Usage [%]","P-core 1 T0 Usage [%]","P-core 1 T1 Usage [%]","E-core 2 T0 Usage [%]","E-core 3 T0 Usage [%]","E-core 4 T0 Usage [%]","E-core 5 T0 Usage [%]","E-core 6 T0 Usage [%]","E-core 7 T0 Usage [%]","E-core 8 T0 Usage [%]","E-core 9 T0 Usage [%]","Max CPU/Thread Usage [%]","Total CPU Usage [%]","On-Demand Clock Modulation [%]","Core Utility (avg) [%]","P-core 0 T0 Utility [%]","P-core 0 T1 Utility [%]","P-core 1 T0 Utility [%]","P-core 1 T1 Utility [%]","E-core 2 T0 Utility [%]","E-core 3 T0 Utility [%]","E-core 4 T0 Utility [%]","E-core 5 T0 Utility [%]","E-core 6 T0 Utility [%]","E-core 7 T0 Utility [%]","E-core 8 T0 Utility [%]","E-core 9 T0 Utility [%]","Total CPU Utility [%]","Core Ratios (avg) [x]","P-core 0 Ratio [x]","P-core 1 Ratio [x]","E-core 2 Ratio [x]","E-core 3 Ratio [x]","E-core 4 Ratio [x]","E-core 5 Ratio [x]","E-core 6 Ratio [x]","E-core 7 Ratio [x]","E-core 8 Ratio [x]","E-core 9 Ratio [x]","Uncore Ratio [x]","Core Temperatures (avg) [°C]","P-core 0 [°C]","P-core 1 [°C]","E-core 2 [°C]","E-core 3 [°C]","E-core 4 [°C]","E-core 5 [°C]","E-core 6 [°C]","E-core 7 [°C]","E-core 8 [°C]","E-core 9 [°C]","Core Distance to TjMAX (avg) [°C]","P-core 0 Distance to TjMAX [°C]","P-core 1 Distance to TjMAX [°C]","E-core 2 Distance to TjMAX [°C]","E-core 3 Distance to TjMAX [°C]","E-core 4 Distance to TjMAX [°C]","E-core 5 Distance to TjMAX [°C]","E-core 6 Distance to TjMAX [°C]","E-core 7 Distance to TjMAX [°C]","E-core 8 Distance to TjMAX [°C]","E-core 9 Distance to TjMAX [°C]","CPU Package [°C]","Core Max [°C]","Core Thermal Throttling (avg) [Yes/No]","P-core 0 Thermal Throttling [Yes/No]","P-core 1 Thermal Throttling [Yes/No]","E-core 2 Thermal Throttling [Yes/No]","E-core 3 Thermal Throttling [Yes/No]","E-core 4 Thermal Throttling [Yes/No]","E-core 5 Thermal Throttling [Yes/No]","E-core 6 Thermal Throttling [Yes/No]","E-core 7 Thermal Throttling [Yes/No]","E-core 8 Thermal Throttling [Yes/No]","E-core 9 Thermal Throttling [Yes/No]","Core Critical Temperature (avg) [Yes/No]","P-core 0 Critical Temperature [Yes/No]","P-core 1 Critical Temperature [Yes/No]","E-core 2 Critical Temperature [Yes/No]","E-core 3 Critical Temperature [Yes/No]","E-core 4 Critical Temperature [Yes/No]","E-core 5 Critical Temperature [Yes/No]","E-core 6 Critical Temperature [Yes/No]","E-core 7 Critical Temperature [Yes/No]","E-core 8 Critical Temperature [Yes/No]","E-core 9 Critical Temperature [Yes/No]","Core Power Limit Exceeded (avg) [Yes/No]","P-core 0 Power Limit Exceeded [Yes/No]","P-core 1 Power Limit Exceeded [Yes/No]","E-core 2 Power Limit Exceeded [Yes/No]","E-core 3 Power Limit Exceeded [Yes/No]","E-core 4 Power Limit Exceeded [Yes/No]","E-core 5 Power Limit Exceeded [Yes/No]","E-core 6 Power Limit Exceeded [Yes/No]","E-core 7 Power Limit Exceeded [Yes/No]","E-core 8 Power Limit Exceeded [Yes/No]","E-core 9 Power Limit Exceeded [Yes/No]","Package/Ring Thermal Throttling [Yes/No]","Package/Ring Critical Temperature [Yes/No]","Package/Ring Power Limit Exceeded [Yes/No]","CPU Package [°C]","CPU IA Cores [°C]","CPU GT Cores (Graphics) [°C]","VR VCC Temperature (SVID) [°C]","Voltage Offsets (avg) [V]","IA Voltage Offset [V]","GT Voltage Offset [V]","CLR (CBo/LLC/Ring) Voltage Offset [V]","GT Media Voltage Offset [V]","SA Voltage Offset [V]","L2 E-core Voltage Offset [V]","VDDQ TX Voltage [V]","VR VCC Current (SVID IOUT) [A]","CPU Package Power [W]","IA Cores Power [W]","Total System Power [W]","System Agent Power [W]","Rest-of-Chip Power [W]","PCH Power [W]","PL1 Power Limit (Static) [W]","PL1 Power Limit (Dynamic) [W]","PL2 Power Limit (Static) [W]","PL2 Power Limit (Dynamic) [W]","VR VCC Power (SVID POUT) [W]","GPU Clock [MHz]","GPU D3D Memory Dynamic [MB]","Current cTDP Level []","Package C2 Residency [%]","Core C0 Residency (avg) [%]","P-core 0 T0 C0 Residency [%]","P-core 0 T1 C0 Residency [%]","P-core 1 T0 C0 Residency [%]","P-core 1 T1 C0 Residency [%]","E-core 2 T0 C0 Residency [%]","E-core 3 T0 C0 Residency [%]","E-core 4 T0 C0 Residency [%]","E-core 5 T0 C0 Residency [%]","E-core 6 T0 C0 Residency [%]","E-core 7 T0 C0 Residency [%]","E-core 8 T0 C0 Residency [%]","E-core 9 T0 C0 Residency [%]","Core C1 Residency (avg) [%]","P-core 0 C1 Residency [%]","P-core 1 C1 Residency [%]","E-core 2 C1 Residency [%]","E-core 3 C1 Residency [%]","E-core 4 C1 Residency [%]","E-core 5 C1 Residency [%]","E-core 6 C1 Residency [%]","E-core 7 C1 Residency [%]","E-core 8 C1 Residency [%]","E-core 9 C1 Residency [%]","Core C6 Residency (avg) [%]","P-core 0 C6 Residency [%]","P-core 1 C6 Residency [%]","E-core 2 C6 Residency [%]","E-core 3 C6 Residency [%]","E-core 4 C6 Residency [%]","E-core 5 C6 Residency [%]","E-core 6 C6 Residency [%]","E-core 7 C6 Residency [%]","E-core 8 C6 Residency [%]","E-core 9 C6 Residency [%]","Core C7 Residency (avg) [%]","P-core 0 C7 Residency [%]","P-core 1 C7 Residency [%]","Memory Clock [MHz]","Memory Clock Ratio [x]","Tcas [T]","Trcd [T]","Trp [T]","Tras [T]","Trc [T]","Trfc [T]","Command Rate [T]","Gear Mode []","IA Limit Reasons (avg) [Yes/No]","IA: PROCHOT [Yes/No]","IA: Thermal Event [Yes/No]","IA: Residency State Regulation [Yes/No]","IA: Running Average Thermal Limit [Yes/No]","IA: VR Thermal Alert [Yes/No]","IA: VR TDC [Yes/No]","IA: Electrical Design Point/Other (ICCmax,PL4,SVID,DDR RAPL) [Yes/No]","IA: Package-Level RAPL/PBM PL1 [Yes/No]","IA: Package-Level RAPL/PBM PL2,PL3 [Yes/No]","IA: Max Turbo Limit [Yes/No]","IA: Turbo Attenuation (MCT) [Yes/No]","IA: Thermal Velocity Boost [Yes/No]","GT Limit Reasons (avg) [Yes/No]","GT: PROCHOT [Yes/No]","GT: Thermal Event [Yes/No]","GT: DDR RAPL [Yes/No]","GT: Residency State Regulation [Yes/No]","GT: Running Average Thermal Limit [Yes/No]","GT: VR Thermal Alert [Yes/No]","GT: VR TDC [Yes/No]","GT: Max VR Voltage, ICCmax, PL4 [Yes/No]","GT: Domain-Level PBM PLGT [Yes/No]","GT: Package-Level RAPL/PBM PL1 [Yes/No]","GT: Package-Level RAPL/PBM PL2,PL3 [Yes/No]","GT: Inefficient Operation [Yes/No]","GT: Fuses limit [Yes/No]","Ring Limit Reasons (avg) [Yes/No]","RING: PROCHOT [Yes/No]","RING: Thermal Event [Yes/No]","RING: DDR RAPL [Yes/No]","RING: Residency State Regulation [Yes/No]","RING: Running Average Thermal Limit [Yes/No]","RING: VR Thermal Alert [Yes/No]","RING: VR TDC [Yes/No]","RING: Max VR Voltage, ICCmax, PL4 [Yes/No]","RING: Package-Level RAPL/PBM PL1 [Yes/No]","RING: Package-Level RAPL/PBM PL2,PL3 [Yes/No]","PCH Temperature [°C]","Drive Temperature [°C]","Drive Temperature 2 [°C]","Drive Temperature 3 [°C]","Drive Remaining Life [%]","Drive Available Spare [%]","Drive Failure [Yes/No]","Drive Warning [Yes/No]","Total Host Writes [GB]","Total Host Reads [GB]","Read Activity [%]","Write Activity [%]","Total Activity [%]","Read Rate [MB/s]","Write Rate [MB/s]","Read Total [MB]","Write Total [MB]","Battery Voltage [V]","Remaining Capacity [Wh]","Charge Level [%]","Charge Rate [W]","Wear Level [%]","Framerate Presented (avg) [FPS]","Framerate Presented (99%) [FPS]","Framerate Presented (1%) [FPS]","Framerate Presented (0.1%) [FPS]","Framerate Presented (1% low) [FPS]","Framerate Presented (0.1% low) [FPS]","Framerate Displayed (avg) [FPS]","Framerate Displayed (99%) [FPS]","Framerate Displayed (1%) [FPS]","Framerate Displayed (0.1%) [FPS]","Framerate Displayed (1% low) [FPS]","Framerate Displayed (0.1% low) [FPS]","Frame Time Presented (avg) [ms]","Frame Time Presented (99%) [ms]","Frame Time Presented (1%) [ms]","Frame Time Presented (0.1%) [ms]","Frame Time Displayed (1% high) [ms]","Frame Time Displayed (0.1% high) [ms]","GPU Busy (avg) [ms]","GPU Wait (avg) [ms]","CPU Busy (avg) [ms]","CPU Wait (avg) [ms]","Animation Error (avg) [ms]","Total Errors []",
,,System: DELL Latitude 5440,System: DELL Latitude 5440,System: DELL Latitude 5440,System: DELL Latitude 5440,System: DELL Latitude 5440,System: DELL Latitude 5440,System: DELL Latitude 5440,CPU [#0]: Intel Core i5-1335U,CPU [#0]: Intel Core i5-1335U,CPU [#0]: Intel Core i5-1335U,CPU [#0]: Intel Core i5-1335U,CPU [#0]: Intel Core i5-1335U,CPU [#0]: Intel Core i5-1335U,CPU [#0]: Intel Core i5-1335U,CPU [#0]: Intel Core i5-1335U,CPU [#0]: Intel Core i5-1335U,CPU [#0]: Intel Core i5-1335U,CPU [#0]: Intel Core i5-1335U,CPU [#0]: Intel Core i5-1335U,CPU [#0]: Intel Core i5-1335U,CPU [#0]: Intel Core i5-1335U,CPU [#0]: Intel Core i5-1335U,CPU [#0]: Intel Core i5-1335U,CPU [#0]: Intel Core i5-1335U,CPU [#0]: Intel Core i5-1335U,CPU [#0]: Intel Core i5-1335U,CPU [#0]: Intel Core i5-1335U,CPU [#0]: Intel Core i5-1335U,CPU [#0]: Intel Core i5-1335U,CPU [#0]: Intel Core i5-1335U,CPU [#0]: Intel Core i5-1335U,CPU [#0]: Intel Core i5-1335U,CPU [#0]: Intel Core i5-1335U,CPU [#0]: Intel Core i5-1335U,CPU [#0]: Intel Core i5-1335U,CPU [#0]: Intel Core i5-1335U,CPU [#0]: Intel Core i5-1335U,CPU [#0]: Intel Core i5-1335U,CPU [#0]: Intel Core i5-1335U,CPU [#0]: Intel Core i5-1335U,CPU [#0]: Intel Core i5-1335U,CPU [#0]: Intel Core i5-1335U,CPU [#0]: Intel Core i5-1335U,CPU [#0]: Intel Core i5-1335U,CPU [#0]: Intel Core i5-1335U,CPU [#0]: Intel Core i5-1335U,CPU [#0]: Intel Core i5-1335U,CPU [#0]: Intel Core i5-1335U,CPU [#0]: Intel Core i5-1335U,CPU [#0]: Intel Core i5-1335U,CPU [#0]: Intel Core i5-1335U,CPU [#0]: Intel Core i5-1335U,CPU [#0]: Intel Core i5-1335U,CPU [#0]: Intel Core i5-1335U,CPU [#0]: Intel Core i5-1335U,CPU [#0]: Intel Core i5-1335U,CPU [#0]: Intel Core i5-1335U,CPU [#0]: Intel Core i5-1335U,CPU [#0]: Intel Core i5-1335U,CPU [#0]: Intel Core i5-1335U,CPU [#0]: Intel Core i5-1335U,CPU [#0]: Intel Core i5-1335U,CPU [#0]: Intel Core i5-1335U,CPU [#0]: Intel Core i5-1335U,CPU [#0]: Intel Core i5-1335U,CPU [#0]: Intel Core i5-1335U,CPU [#0]: Intel Core i5-1335U,CPU [#0]: Intel Core i5-1335U,CPU [#0]: Intel Core i5-1335U,CPU [#0]: Intel Core i5-1335U,CPU [#0]: Intel Core i5-1335U,CPU [#0]: Intel Core i5-1335U,CPU [#0]: Intel Core i5-1335U,CPU [#0]: Intel Core i5-1335U,CPU [#0]: Intel Core i5-1335U,CPU [#0]: Intel Core i5-1335U,CPU [#0]: Intel Core i5-1335U,CPU [#0]: Intel Core i5-1335U,CPU [#0]: Intel Core i5-1335U,CPU [#0]: Intel Core i5-1335U,CPU [#0]: Intel Core i5-1335U,CPU [#0]: Intel Core i5-1335U,CPU [#0]: Intel Core i5-1335U,CPU [#0]: Intel Core i5-1335U,CPU [#0]: Intel Core i5-1335U,CPU [#0]: Intel Core i5-1335U,CPU [#0]: Intel Core i5-1335U,CPU [#0]: Intel Core i5-1335U,CPU [#0]: Intel Core i5-1335U,CPU [#0]: Intel Core i5-1335U: DTS,CPU [#0]: Intel Core i5-1335U: DTS,CPU [#0]: Intel Core i5-1335U: DTS,CPU [#0]: Intel Core i5-1335U: DTS,CPU [#0]: Intel Core i5-1335U: DTS,CPU [#0]: Intel Core i5-1335U: DTS,CPU [#0]: Intel Core i5-1335U: DTS,CPU [#0]: Intel Core i5-1335U: DTS,CPU [#0]: Intel Core i5-1335U: DTS,CPU [#0]: Intel Core i5-1335U: DTS,CPU [#0]: Intel Core i5-1335U: DTS,CPU [#0]: Intel Core i5-1335U: DTS,CPU [#0]: Intel Core i5-1335U: DTS,CPU [#0]: Intel Core i5-1335U: DTS,CPU [#0]: Intel Core i5-1335U: DTS,CPU [#0]: Intel Core i5-1335U: DTS,CPU [#0]: Intel Core i5-1335U: DTS,CPU [#0]: Intel Core i5-1335U: DTS,CPU [#0]: Intel Core i5-1335U: DTS,CPU [#0]: Intel Core i5-1335U: DTS,CPU [#0]: Intel Core i5-1335U: DTS,CPU [#0]: Intel Core i5-1335U: DTS,CPU [#0]: Intel Core i5-1335U: DTS,CPU [#0]: Intel Core i5-1335U: DTS,CPU [#0]: Intel Core i5-1335U: DTS,CPU [#0]: Intel Core i5-1335U: DTS,CPU [#0]: Intel Core i5-1335U: DTS,CPU [#0]: Intel Core i5-1335U: DTS,CPU [#0]: Intel Core i5-1335U: DTS,CPU [#0]: Intel Core i5-1335U: DTS,CPU [#0]: Intel Core i5-1335U: DTS,CPU [#0]: Intel Core i5-1335U: DTS,CPU [#0]: Intel Core i5-1335U: DTS,CPU [#0]: Intel Core i5-1335U: DTS,CPU [#0]: Intel Core i5-1335U: DTS,CPU [#0]: Intel Core i5-1335U: DTS,CPU [#0]: Intel Core i5-1335U: DTS,CPU [#0]: Intel Core i5-1335U: DTS,CPU [#0]: Intel Core i5-1335U: DTS,CPU [#0]: Intel Core i5-1335U: DTS,CPU [#0]: Intel Core i5-1335U: DTS,CPU [#0]: Intel Core i5-1335U: DTS,CPU [#0]: Intel Core i5-1335U: DTS,CPU [#0]: Intel Core i5-1335U: DTS,CPU [#0]: Intel Core i5-1335U: DTS,CPU [#0]: Intel Core i5-1335U: DTS,CPU [#0]: Intel Core i5-1335U: DTS,CPU [#0]: Intel Core i5-1335U: DTS,CPU [#0]: Intel Core i5-1335U: DTS,CPU [#0]: Intel Core i5-1335U: DTS,CPU [#0]: Intel Core i5-1335U: DTS,CPU [#0]: Intel Core i5-1335U: DTS,CPU [#0]: Intel Core i5-1335U: DTS,CPU [#0]: Intel Core i5-1335U: DTS,CPU [#0]: Intel Core i5-1335U: DTS,CPU [#0]: Intel Core i5-1335U: DTS,CPU [#0]: Intel Core i5-1335U: DTS,CPU [#0]: Intel Core i5-1335U: DTS,CPU [#0]: Intel Core i5-1335U: DTS,CPU [#0]: Intel Core i5-1335U: DTS,CPU [#0]: Intel Core i5-1335U: Enhanced,CPU [#0]: Intel Core i5-1335U: Enhanced,CPU [#0]: Intel Core i5-1335U: Enhanced,CPU [#0]: Intel Core i5-1335U: Enhanced,CPU [#0]: Intel Core i5-1335U: Enhanced,CPU [#0]: Intel Core i5-1335U: Enhanced,CPU [#0]: Intel Core i5-1335U: Enhanced,CPU [#0]: Intel Core i5-1335U: Enhanced,CPU [#0]: Intel Core i5-1335U: Enhanced,CPU [#0]: Intel Core i5-1335U: Enhanced,CPU [#0]: Intel Core i5-1335U: Enhanced,CPU [#0]: Intel Core i5-1335U: Enhanced,CPU [#0]: Intel Core i5-1335U: Enhanced,CPU [#0]: Intel Core i5-1335U: Enhanced,CPU [#0]: Intel Core i5-1335U: Enhanced,CPU [#0]: Intel Core i5-1335U: Enhanced,CPU [#0]: Intel Core i5-1335U: Enhanced,CPU [#0]: Intel Core i5-1335U: Enhanced,CPU [#0]: Intel Core i5-1335U: Enhanced,CPU [#0]: Intel Core i5-1335U: Enhanced,CPU [#0]: Intel Core i5-1335U: Enhanced,CPU [#0]: Intel Core i5-1335U: Enhanced,CPU [#0]: Intel Core i5-1335U: Enhanced,CPU [#0]: Intel Core i5-1335U: Enhanced,CPU [#0]: Intel Core i5-1335U: Enhanced,CPU [#0]: Intel Core i5-1335U: Enhanced,CPU [#0]: Intel Core i5-1335U: Enhanced,CPU [#0]: Intel Core i5-1335U: C-State Residency,CPU [#0]: Intel Core i5-1335U: C-State Residency,CPU [#0]: Intel Core i5-1335U: C-State Residency,CPU [#0]: Intel Core i5-1335U: C-State Residency,CPU [#0]: Intel Core i5-1335U: C-State Residency,CPU [#0]: Intel Core i5-1335U: C-State Residency,CPU [#0]: Intel Core i5-1335U: C-State Residency,CPU [#0]: Intel Core i5-1335U: C-State Residency,CPU [#0]: Intel Core i5-1335U: C-State Residency,CPU [#0]: Intel Core i5-1335U: C-State Residency,CPU [#0]: Intel Core i5-1335U: C-State Residency,CPU [#0]: Intel Core i5-1335U: C-State Residency,CPU [#0]: Intel Core i5-1335U: C-State Residency,CPU [#0]: Intel Core i5-1335U: C-State Residency,CPU [#0]: Intel Core i5-1335U: C-State Residency,CPU [#0]: Intel Core i5-1335U: C-State Residency,CPU [#0]: Intel Core i5-1335U: C-State Residency,CPU [#0]: Intel Core i5-1335U: C-State Residency,CPU [#0]: Intel Core i5-1335U: C-State Residency,CPU [#0]: Intel Core i5-1335U: C-State Residency,CPU [#0]: Intel Core i5-1335U: C-State Residency,CPU [#0]: Intel Core i5-1335U: C-State Residency,CPU [#0]: Intel Core i5-1335U: C-State Residency,CPU [#0]: Intel Core i5-1335U: C-State Residency,CPU [#0]: Intel Core i5-1335U: C-State Residency,CPU [#0]: Intel Core i5-1335U: C-State Residency,CPU [#0]: Intel Core i5-1335U: C-State Residency,CPU [#0]: Intel Core i5-1335U: C-State Residency,CPU [#0]: Intel Core i5-1335U: C-State Residency,CPU [#0]: Intel Core i5-1335U: C-State Residency,CPU [#0]: Intel Core i5-1335U: C-State Residency,CPU [#0]: Intel Core i5-1335U: C-State Residency,CPU [#0]: Intel Core i5-1335U: C-State Residency,CPU [#0]: Intel Core i5-1335U: C-State Residency,CPU [#0]: Intel Core i5-1335U: C-State Residency,CPU [#0]: Intel Core i5-1335U: C-State Residency,CPU [#0]: Intel Core i5-1335U: C-State Residency,CPU [#0]: Intel Core i5-1335U: C-State Residency,CPU [#0]: Intel Core i5-1335U: C-State Residency,Memory Timings,Memory Timings,Memory Timings,Memory Timings,Memory Timings,Memory Timings,Memory Timings,Memory Timings,Memory Timings,Memory Timings,CPU [#0]: Intel Core i5-1335U: Performance Limit Reasons,CPU [#0]: Intel Core i5-1335U: Performance Limit Reasons,CPU [#0]: Intel Core i5-1335U: Performance Limit Reasons,CPU [#0]: Intel Core i5-1335U: Performance Limit Reasons,CPU [#0]: Intel Core i5-1335U: Performance Limit Reasons,CPU [#0]: Intel Core i5-1335U: Performance Limit Reasons,CPU [#0]: Intel Core i5-1335U: Performance Limit Reasons,CPU [#0]: Intel Core i5-1335U: Performance Limit Reasons,CPU [#0]: Intel Core i5-1335U: Performance Limit Reasons,CPU [#0]: Intel Core i5-1335U: Performance Limit Reasons,CPU [#0]: Intel Core i5-1335U: Performance Limit Reasons,CPU [#0]: Intel Core i5-1335U: Performance Limit Reasons,CPU [#0]: Intel Core i5-1335U: Performance Limit Reasons,CPU [#0]: Intel Core i5-1335U: Performance Limit Reasons,CPU [#0]: Intel Core i5-1335U: Performance Limit Reasons,CPU [#0]: Intel Core i5-1335U: Performance Limit Reasons,CPU [#0]: Intel Core i5-1335U: Performance Limit Reasons,CPU [#0]: Intel Core i5-1335U: Performance Limit Reasons,CPU [#0]: Intel Core i5-1335U: Performance Limit Reasons,CPU [#0]: Intel Core i5-1335U: Performance Limit Reasons,CPU [#0]: Intel Core i5-1335U: Performance Limit Reasons,CPU [#0]: Intel Core i5-1335U: Performance Limit Reasons,CPU [#0]: Intel Core i5-1335U: Performance Limit Reasons,CPU [#0]: Intel Core i5-1335U: Performance Limit Reasons,CPU [#0]: Intel Core i5-1335U: Performance Limit Reasons,CPU [#0]: Intel Core i5-1335U: Performance Limit Reasons,CPU [#0]: Intel Core i5-1335U: Performance Limit Reasons,CPU [#0]: Intel Core i5-1335U: Performance Limit Reasons,CPU [#0]: Intel Core i5-1335U: Performance Limit Reasons,CPU [#0]: Intel Core i5-1335U: Performance Limit Reasons,CPU [#0]: Intel Core i5-1335U: Performance Limit Reasons,CPU [#0]: Intel Core i5-1335U: Performance Limit Reasons,CPU [#0]: Intel Core i5-1335U: Performance Limit Reasons,CPU [#0]: Intel Core i5-1335U: Performance Limit Reasons,CPU [#0]: Intel Core i5-1335U: Performance Limit Reasons,CPU [#0]: Intel Core i5-1335U: Performance Limit Reasons,CPU [#0]: Intel Core i5-1335U: Performance Limit Reasons,CPU [#0]: Intel Core i5-1335U: Performance Limit Reasons,DELL 02RJPP (Intel PCH),S.M.A.R.T.: PM9B1 NVMe Samsung 256GB (S6N1NE0W412449) [C:],S.M.A.R.T.: PM9B1 NVMe Samsung 256GB (S6N1NE0W412449) [C:],S.M.A.R.T.: PM9B1 NVMe Samsung 256GB (S6N1NE0W412449) [C:],S.M.A.R.T.: PM9B1 NVMe Samsung 256GB (S6N1NE0W412449) [C:],S.M.A.R.T.: PM9B1 NVMe Samsung 256GB (S6N1NE0W412449) [C:],S.M.A.R.T.: PM9B1 NVMe Samsung 256GB (S6N1NE0W412449) [C:],S.M.A.R.T.: PM9B1 NVMe Samsung 256GB (S6N1NE0W412449) [C:],S.M.A.R.T.: PM9B1 NVMe Samsung 256GB (S6N1NE0W412449) [C:],S.M.A.R.T.: PM9B1 NVMe Samsung 256GB (S6N1NE0W412449) [C:],Drive: PM9B1 NVMe Samsung 256GB (S6N1NE0W412449) [C:],Drive: PM9B1 NVMe Samsung 256GB (S6N1NE0W412449) [C:],Drive: PM9B1 NVMe Samsung 256GB (S6N1NE0W412449) [C:],Drive: PM9B1 NVMe Samsung 256GB (S6N1NE0W412449) [C:],Drive: PM9B1 NVMe Samsung 256GB (S6N1NE0W412449) [C:],Drive: PM9B1 NVMe Samsung 256GB (S6N1NE0W412449) [C:],Drive: PM9B1 NVMe Samsung 256GB (S6N1NE0W412449) [C:],Battery: SMP DELL 9HKT536,Battery: SMP DELL 9HKT536,Battery: SMP DELL 9HKT536,Battery: SMP DELL 9HKT536,Battery: SMP DELL 9HKT536,PresentMon,PresentMon,PresentMon,PresentMon,PresentMon,PresentMon,PresentMon,PresentMon,PresentMon,PresentMon,PresentMon,PresentMon,PresentMon,PresentMon,PresentMon,PresentMon,PresentMon,PresentMon,PresentMon,PresentMon,PresentMon,PresentMon,PresentMon,Windows Hardware Errors (WHEA),
