Date,Time,"Virtual Memory Committed [MB]","Virtual Memory Available [MB]","Virtual Memory Load [%]","Physical Memory Used [MB]","Physical Memory Available [MB]","Physical Memory Load [%]","Page File Usage [%]","Core VIDs (avg) [V]","P-core 0 VID [V]","P-core 1 VID [V]","E-core 2 VID [V]","E-core 3 VID [V]","E-core 4 VID [V]","E-core 5 VID [V]","E-core 6 VID [V]","E-core 7 VID [V]","E-core 8 VID [V]","E-core 9 VID [V]","Uncore VID [V]","SA VID [V]","Core Clocks (avg) [MHz]","P-core 0 Clock [MHz]","P-core 1 Clock [MHz]","E-core 2 Clock [MHz]","E-core 3 Clock [MHz]","E-core 4 Clock [MHz]","E-core 5 Clock [MHz]","E-core 6 Clock [MHz]","E-core 7 Clock [MHz]","E-core 8 Clock [MHz]","E-core 9 Clock [MHz]","Bus Clock [MHz]","Ring/LLC Clock [MHz]","Core Effective Clocks (avg) [MHz]","P-core 0 T0 Effective Clock [MHz]","P-core 0 T1 Effective Clock [MHz]","P-core 1 T0 Effective Clock [MHz]","P-core 1 T1 Effective Clock [MHz]","E-core 2 T0 Effective Clock [MHz]","E-core 3 T0 Effective Clock [MHz]","E-core 4 T0 Effective Clock [MHz]","E-core 5 T0 Effective Clock [MHz]","E-core 6 T0 Effective Clock [MHz]","E-core 7 T0 Effective Clock [MHz]","E-core 8 T0 Effective Clock [MHz]","E-core 9 T0 Effective Clock [MHz]","Average Effective Clock [MHz]","Core Usage (avg) [%]","P-core 0 T0 Usage [%]","P-core 0 T1 Usage [%]","P-core 1 T0 Usage [%]","P-core 1 T1 Usage [%]","E-core 2 T0 Usage [%]","E-core 3 T0 Usage [%]","E-core 4 T0 Usage [%]","E-core 5 T0 Usage [%]","E-core 6 T0 Usage [%]","E-core 7 T0 Usage [%]","E-core 8 T0 Usage [%]","E-core 9 T0 Usage [%]","Max CPU/Thread Usage [%]","Total CPU Usage [%]","On-Demand Clock Modulation [%]","Core Utility (avg) [%]","P-core 0 T0 Utility [%]","P-core 0 T1 Utility [%]","P-core 1 T0 Utility [%]","P-core 1 T1 Utility [%]","E-core 2 T0 Utility [%]","E-core 3 T0 Utility [%]","E-core 4 T0 Utility [%]","E-core 5 T0 Utility [%]","E-core 6 T0 Utility [%]","E-core 7 T0 Utility [%]","E-core 8 T0 Utility [%]","E-core 9 T0 Utility [%]","Total CPU Utility [%]","Core Ratios (avg) [x]","P-core 0 Ratio [x]","P-core 1 Ratio [x]","E-core 2 Ratio [x]","E-core 3 Ratio [x]","E-core 4 Ratio [x]","E-core 5 Ratio [x]","E-core 6 Ratio [x]","E-core 7 Ratio [x]","E-core 8 Ratio [x]","E-core 9 Ratio [x]","Uncore Ratio [x]","Core Temperatures (avg) [°C]","P-core 0 [°C]","P-core 1 [°C]","E-core 2 [°C]","E-core 3 [°C]","E-core 4 [°C]","E-core 5 [°C]","E-core 6 [°C]","E-core 7 [°C]","E-core 8 [°C]","E-core 9 [°C]","Core Distance to TjMAX (avg) [°C]","P-core 0 Distance to TjMAX [°C]","P-core 1 Distance to TjMAX [°C]","E-core 2 Distance to TjMAX [°C]","E-core 3 Distance to TjMAX [°C]","E-core 4 Distance to TjMAX [°C]","E-core 5 Distance to TjMAX [°C]","E-core 6 Distance to TjMAX [°C]","E-core 7 Distance to TjMAX [°C]","E-core 8 Distance to TjMAX [°C]","E-core 9 Distance to TjMAX [°C]","CPU Package [°C]","Core Max [°C]","Core Thermal Throttling (avg) [Yes/No]","P-core 0 Thermal Throttling [Yes/No]","P-core 1 Thermal Throttling [Yes/No]","E-core 2 Thermal Throttling [Yes/No]","E-core 3 Thermal Throttling [Yes/No]","E-core 4 Thermal Throttling [Yes/No]","E-core 5 Thermal Throttling [Yes/No]","E-core 6 Thermal Throttling [Yes/No]","E-core 7 Thermal Throttling [Yes/No]","E-core 8 Thermal Throttling [Yes/No]","E-core 9 Thermal Throttling [Yes/No]","Core Critical Temperature (avg) [Yes/No]","P-core 0 Critical Temperature [Yes/No]","P-core 1 Critical Temperature [Yes/No]","E-core 2 Critical Temperature [Yes/No]","E-core 3 Critical Temperature [Yes/No]","E-core 4 Critical Temperature [Yes/No]","E-core 5 Critical Temperature [Yes/No]","E-core 6 Critical Temperature [Yes/No]","E-core 7 Critical Temperature [Yes/No]","E-core 8 Critical Temperature [Yes/No]","E-core 9 Critical Temperature [Yes/No]","Core Power Limit Exceeded (avg) [Yes/No]","P-core 0 Power Limit Exceeded [Yes/No]","P-core 1 Power Limit Exceeded [Yes/No]","E-core 2 Power Limit Exceeded [Yes/No]","E-core 3 Power Limit Exceeded [Yes/No]","E-core 4 Power Limit Exceeded [Yes/No]","E-core 5 Power Limit Exceeded [Yes/No]","E-core 6 Power Limit Exceeded [Yes/No]","E-core 7 Power Limit Exceeded [Yes/No]","E-core 8 Power Limit Exceeded [Yes/No]","E-core 9 Power Limit Exceeded [Yes/No]","Package/Ring Thermal Throttling [Yes/No]","Package/Ring Critical Temperature [Yes/No]","Package/Ring Power Limit Exceeded [Yes/No]","CPU Package [°C]","CPU IA Cores [°C]","CPU GT Cores (Graphics) [°C]","VR VCC Temperature (SVID) [°C]","iGPU VID [V]","Voltage Offsets (avg) [V]","IA Voltage Offset [V]","GT Voltage Offset [V]","CLR (CBo/LLC/Ring) Voltage Offset [V]","GT Media Voltage Offset [V]","SA Voltage Offset [V]","L2 E-core Voltage Offset [V]","VDDQ TX Voltage [V]","VR VCC Current (SVID IOUT) [A]","CPU Package Power [W]","IA Cores Power [W]","GT Cores Power [W]","Total System Power [W]","System Agent Power [W]","Rest-of-Chip Power [W]","PCH Power [W]","PL1 Power Limit (Static) [W]","PL1 Power Limit (Dynamic) [W]","PL2 Power Limit (Static) [W]","PL2 Power Limit (Dynamic) [W]","VR VCC Power (SVID POUT) [W]","GPU Clock [MHz]","GPU D3D Usage [%]","GPU D3D Utilizations (avg) [%]","GPU Video Decode 0 Usage [%]","GPU Video Decode 1 Usage [%]","GPU Video Processing 0 Usage [%]","GPU D3D Memory Dynamic [MB]","Current cTDP Level []","Package C2 Residency [%]","Package C3 Residency [%]","Package C6 Residency [%]","Package C8 Residency [%]","Core C0 Residency (avg) [%]","P-core 0 T0 C0 Residency [%]","P-core 0 T1 C0 Residency [%]","P-core 1 T0 C0 Residency [%]","P-core 1 T1 C0 Residency [%]","E-core 2 T0 C0 Residency [%]","E-core 3 T0 C0 Residency [%]","E-core 4 T0 C0 Residency [%]","E-core 5 T0 C0 Residency [%]","E-core 6 T0 C0 Residency [%]","E-core 7 T0 C0 Residency [%]","E-core 8 T0 C0 Residency [%]","E-core 9 T0 C0 Residency [%]","Core C1 Residency (avg) [%]","P-core 0 C1 Residency [%]","P-core 1 C1 Residency [%]","E-core 2 C1 Residency [%]","E-core 3 C1 Residency [%]","E-core 4 C1 Residency [%]","E-core 5 C1 Residency [%]","E-core 6 C1 Residency [%]","E-core 7 C1 Residency [%]","E-core 8 C1 Residency [%]","E-core 9 C1 Residency [%]","Core C6 Residency (avg) [%]","P-core 0 C6 Residency [%]","P-core 1 C6 Residency [%]","E-core 2 C6 Residency [%]","E-core 3 C6 Residency [%]","E-core 4 C6 Residency [%]","E-core 5 C6 Residency [%]","E-core 6 C6 Residency [%]","E-core 7 C6 Residency [%]","E-core 8 C6 Residency [%]","E-core 9 C6 Residency [%]","Core C7 Residency (avg) [%]","P-core 0 C7 Residency [%]","P-core 1 C7 Residency [%]","Memory Clock [MHz]","Memory Clock Ratio [x]","Tcas [T]","Trcd [T]","Trp [T]","Tras [T]","Trc [T]","Trfc [T]","Command Rate [T]","Gear Mode []","IA Limit Reasons (avg) [Yes/No]","IA: PROCHOT [Yes/No]","IA: Thermal Event [Yes/No]","IA: Residency State Regulation [Yes/No]","IA: Running Average Thermal Limit [Yes/No]","IA: VR Thermal Alert [Yes/No]","IA: VR TDC [Yes/No]","IA: Electrical Design Point/Other (ICCmax,PL4,SVID,DDR RAPL) [Yes/No]","IA: Package-Level RAPL/PBM PL1 [Yes/No]","IA: Package-Level RAPL/PBM PL2,PL3 [Yes/No]","IA: Max Turbo Limit [Yes/No]","IA: Turbo Attenuation (MCT) [Yes/No]","IA: Thermal Velocity Boost [Yes/No]","GT Limit Reasons (avg) [Yes/No]","GT: PROCHOT [Yes/No]","GT: Thermal Event [Yes/No]","GT: DDR RAPL [Yes/No]","GT: Residency State Regulation [Yes/No]","GT: Running Average Thermal Limit [Yes/No]","GT: VR Thermal Alert [Yes/No]","GT: VR TDC [Yes/No]","GT: Max VR Voltage, ICCmax, PL4 [Yes/No]","GT: Domain-Level PBM PLGT [Yes/No]","GT: Package-Level RAPL/PBM PL1 [Yes/No]","GT: Package-Level RAPL/PBM PL2,PL3 [Yes/No]","GT: Inefficient Operation [Yes/No]","GT: Fuses limit [Yes/No]","Ring Limit Reasons (avg) [Yes/No]","RING: PROCHOT [Yes/No]","RING: Thermal Event [Yes/No]","RING: DDR RAPL [Yes/No]","RING: Residency State Regulation [Yes/No]","RING: Running Average Thermal Limit [Yes/No]","RING: VR Thermal Alert [Yes/No]","RING: VR TDC [Yes/No]","RING: Max VR Voltage, ICCmax, PL4 [Yes/No]","RING: Package-Level RAPL/PBM PL1 [Yes/No]","RING: Package-Level RAPL/PBM PL2,PL3 [Yes/No]","PCH Temperature [°C]","Drive Temperature [°C]","Drive Temperature 2 [°C]","Drive Temperature 3 [°C]","Drive Remaining Life [%]","Drive Available Spare [%]","Drive Failure [Yes/No]","Drive Warning [Yes/No]","Total Host Writes [GB]","Total Host Reads [GB]","Read Activity [%]","Write Activity [%]","Total Activity [%]","Read Rate [MB/s]","Write Rate [MB/s]","Read Total [MB]","Write Total [MB]","Battery Voltage [V]","Remaining Capacity [Wh]","Charge Level [%]","Charge Rate [W]","Wear Level [%]","Framerate Presented (avg) [FPS]","Framerate Presented (99%) [FPS]","Framerate Presented (1%) [FPS]","Framerate Presented (0.1%) [FPS]","Framerate Presented (1% low) [FPS]","Framerate Presented (0.1% low) [FPS]","Framerate Displayed (avg) [FPS]","Framerate Displayed (99%) [FPS]","Framerate Displayed (1%) [FPS]","Framerate Displayed (0.1%) [FPS]","Framerate Displayed (1% low) [FPS]","Framerate Displayed (0.1% low) [FPS]","Frame Time Presented (avg) [ms]","Frame Time Presented (99%) [ms]","Frame Time Presented (1%) [ms]","Frame Time Presented (0.1%) [ms]","Frame Time Displayed (1% high) [ms]","Frame Time Displayed (0.1% high) [ms]","GPU Busy (avg) [ms]","GPU Wait (avg) [ms]","CPU Busy (avg) [ms]","CPU Wait (avg) [ms]","Animation Error (avg) [ms]","Total Errors []",
1.2.2026,21:36:45.591,5363,3033,63.8,5190,2694,65.8,0.0,1.054,0.787,1.045,1.050,1.055,1.100,1.120,1.089,1.098,1.098,1.098,0.791,0.768,2952.8,2094.9,2094.9,2892.9,2892.9,2992.7,2992.7,3391.7,3391.7,3391.7,3391.7,99.8,1496.3,248.7,763.4,1.6,708.5,2.4,399.4,105.1,567.0,158.1,89.9,186.4,1.2,1.3,338.2,14.1,29.1,0.0,23.8,0.0,34.0,5.9,44.8,12.1,2.7,16.3,0.0,0.0,44.8,14.1,100.0,22.6,56.2,0.1,52.0,0.1,42.8,11.0,63.3,17.5,7.2,20.8,0.2,0.1,22.6,29.6,21.0,21.0,29.0,29.0,30.0,30.0,34.0,34.0,34.0,34.0,15.0,45,40,41,49,49,49,49,43,43,45,45,55,60,59,51,51,51,51,57,57,55,55,49,49,No,No,No,No,No,No,No,No,No,No,No,No,No,No,No,No,No,No,No,No,No,No,No,No,No,No,No,No,No,No,No,No,No,No,No,No,58,58,44,49,0.225,0.000,0.000,0.000,0.000,0.000,0.000,0.000,1.200,23.125,6.145,3.002,0.001,13.896,2.612,0.128,0.058,45.0,12.0,55.0,55.0,25.000,300.0,8.7,0.0,0.0,0.0,0.0,658,0,0.0,0.0,0.0,0.0,16.2,32.3,0.2,27.3,0.1,36.2,8.0,53.2,13.7,5.7,17.7,0.0,0.0,3.3,23.9,9.3,0.0,0.0,0.0,0.0,0.0,0.0,0.0,0.0,67.8,18.3,0.0,62.1,91.2,46.4,86.2,91.9,82.2,99.9,99.9,41.3,23.7,58.9,1596.1,16.00,22,22,22,52,74,560,1,2,Yes,No,No,No,No,No,No,No,No,No,Yes,No,No,No,No,No,No,No,No,No,No,No,No,No,No,No,No,No,No,No,No,No,No,No,No,No,No,No,43.0,54,54,55,88.0,100.0,No,No,21506,55883,1.1,1.1,2.2,0.244,0.558,2042,791,12.429,41.633,100.0,0.000,22.9,32.6,66.2,7.4,6.2,6.1,6.1,32.6,60.6,7.3,6.1,6.0,6.0,30.65,134.74,15.11,15.03,163.83,163.83,2.14,0.17,30.65,0.00,16.83,0,
1.2.2026,21:36:45.670,5364,3032,63.8,5192,2691,65.8,0.0,1.158,1.211,1.142,1.142,1.142,1.142,1.142,1.152,1.177,1.177,1.148,1.023,0.768,3511.4,4289.5,4289.5,3391.7,3192.2,3391.7,3192.2,3192.2,3391.7,3391.7,3391.7,99.8,3691.0,1169.4,3443.3,9.2,3375.7,5.9,2002.5,1490.5,1259.1,644.0,1597.1,147.9,41.6,15.7,1528.8,48.7,83.6,41.3,81.3,35.9,74.1,52.9,61.1,37.6,66.8,25.3,12.8,12.1,83.6,48.7,100.0,108.5,264.9,0.4,257.9,0.2,220.2,159.0,137.0,67.9,173.2,16.0,4.3,1.3,108.5,35.2,43.0,43.0,34.0,32.0,34.0,32.0,32.0,34.0,34.0,34.0,37.0,50,43,47,54,54,54,54,48,48,48,48,50,57,53,46,46,46,46,52,52,52,52,53,54,No,No,No,No,No,No,No,No,No,No,No,No,No,No,No,No,No,No,No,No,No,No,No,No,No,No,No,No,No,No,No,No,No,No,No,No,51,51,44,49,0.225,0.000,0.000,0.000,0.000,0.000,0.000,0.000,1.200,12.500,23.975,19.762,0.119,32.606,3.359,0.354,0.057,45.0,12.0,55.0,55.0,13.000,300.0,21.9,0.0,0.0,0.0,0.0,659,0,0.0,0.0,0.0,0.0,35.6,82.3,0.2,80.0,0.1,71.2,48.9,51.3,21.6,65.0,4.9,1.3,0.5,11.6,6.9,18.4,27.1,8.6,26.6,9.1,19.6,0.0,0.0,0.0,45.0,10.8,0.6,1.1,41.3,21.4,67.5,14.2,94.8,98.5,99.4,0.3,0.0,0.6,1596.1,16.00,22,22,22,52,74,560,1,2,Yes,No,No,No,No,No,No,No,No,No,Yes,No,No,No,No,No,No,No,No,No,No,No,No,No,No,No,No,No,No,No,No,No,No,No,No,No,No,No,42.0,54,54,56,88.0,100.0,No,No,21506,55883,3.1,7.8,10.9,1.724,5.110,2042,791,12.429,41.633,100.0,0.000,22.9,32.6,105.4,7.4,6.2,6.1,6.1,32.6,60.6,7.3,6.1,6.0,6.0,30.63,134.74,9.48,7.52,163.83,163.83,2.58,0.69,30.63,0.00,14.93,0,
1.2.2026,21:36:45.782,5364,3032,63.8,5193,2691,65.8,0.0,0.793,0.741,0.741,0.716,0.721,0.691,1.096,0.755,0.690,0.690,1.090,0.693,0.768,1187.1,1695.9,1596.1,997.6,997.6,997.6,997.6,997.6,997.6,997.6,1596.1,99.8,1097.3,379.7,834.4,1.6,1055.3,1.4,813.0,577.7,366.5,92.2,685.9,123.4,2.5,2.1,467.8,18.8,16.1,0.0,23.2,13.3,62.6,37.7,12.5,0.0,60.3,0.0,0.0,0.0,62.6,18.8,100.0,37.2,62.1,0.2,83.9,0.2,91.1,66.5,40.7,11.8,75.9,13.6,0.3,0.2,37.3,11.9,17.0,16.0,10.0,10.0,10.0,10.0,10.0,10.0,10.0,16.0,11.0,48,42,42,51,51,51,51,47,47,47,47,52,58,58,49,49,49,49,53,53,53,53,49,51,No,No,No,No,No,No,No,No,No,No,No,No,No,No,No,No,No,No,No,No,No,No,No,No,No,No,No,No,No,No,No,No,No,No,No,No,51,51,44,49,0.225,0.000,0.000,0.000,0.000,0.000,0.000,0.000,1.200,7.500,9.687,6.289,0.123,17.355,2.625,0.271,0.056,45.0,12.0,55.0,55.0,5.000,300.0,17.9,0.0,0.0,0.0,0.0,651,0,0.0,0.0,0.0,0.0,23.8,28.6,0.1,33.6,0.1,68.0,46.2,24.4,7.4,66.0,11.0,0.2,0.1,10.1,35.8,20.6,32.0,0.0,0.0,4.4,8.2,0.0,0.0,0.0,59.3,35.5,28.5,0.0,52.4,75.3,87.7,25.0,88.8,99.8,99.9,8.2,0.0,16.4,1596.1,16.00,22,22,22,52,74,560,1,2,Yes,No,No,No,No,No,No,No,No,No,Yes,No,No,No,No,No,No,No,No,No,No,No,No,No,No,No,No,No,No,No,No,No,No,No,No,No,No,No,42.0,54,54,54,88.0,100.0,No,No,21506,55883,0.0,0.0,0.0,0.000,0.000,2042,791,12.429,41.633,100.0,0.000,22.9,33.1,104.6,7.5,6.2,6.1,6.1,33.1,60.6,7.4,6.1,6.0,6.0,30.19,133.77,9.56,7.53,163.83,163.83,2.82,1.05,30.19,0.00,14.45,0,
1.2.2026,21:36:45.892,5356,3040,63.7,5192,2691,65.8,0.0,0.770,0.721,0.736,0.741,0.741,0.689,0.689,0.734,0.694,0.979,0.979,0.673,0.768,1396.6,1596.1,1695.9,997.6,997.6,997.6,997.6,997.6,997.6,1695.9,2992.7,99.8,997.6,326.8,824.8,2.2,745.7,1.9,879.6,297.9,356.7,168.7,624.8,6.9,10.4,2.0,409.7,28.1,37.8,11.2,33.7,0.0,81.2,33.7,31.1,24.7,61.2,11.5,11.6,0.0,81.2,28.1,100.0,31.5,61.9,0.1,55.8,0.1,97.1,33.3,39.6,18.7,69.1,0.7,1.0,0.2,31.5,14.0,16.0,17.0,10.0,10.0,10.0,10.0,10.0,10.0,17.0,30.0,10.0,46,42,41,49,49,49,49,46,46,46,46,54,58,59,51,51,51,51,54,54,54,54,49,49,No,No,No,No,No,No,No,No,No,No,No,No,No,No,No,No,No,No,No,No,No,No,No,No,No,No,No,No,No,No,No,No,No,No,No,No,48,48,44,49,0.225,0.000,0.000,0.000,0.000,0.000,0.000,0.000,1.200,2.813,8.059,4.822,0.018,15.758,2.602,0.206,0.057,45.0,12.0,55.0,55.0,1.000,300.0,3.3,0.0,0.0,0.0,0.0,651,0,0.0,0.0,0.0,0.0,22.4,31.4,0.2,26.9,0.1,79.6,25.1,32.3,15.4,56.9,0.5,0.7,0.1,7.7,12.9,0.1,20.4,0.0,0.0,0.0,43.2,0.0,0.0,0.0,52.5,0.0,0.0,0.0,74.4,67.4,84.4,0.0,99.3,99.2,99.8,60.9,52.8,69.0,1596.1,16.00,22,22,22,52,74,560,1,2,Yes,No,No,No,No,No,No,No,No,No,Yes,No,No,No,No,No,No,No,No,No,No,No,No,No,No,No,No,No,No,No,No,No,No,No,No,No,No,No,43.0,54,54,55,88.0,100.0,No,No,21506,55883,1.3,0.0,1.3,0.796,0.000,2042,791,12.429,41.633,100.0,0.000,22.9,32.7,105.4,7.4,6.2,6.1,6.1,32.6,60.6,7.3,6.1,6.0,6.0,30.62,134.74,9.48,7.52,163.83,163.83,2.46,1.08,30.62,0.00,14.87,0,
1.2.2026,21:36:46.020,5356,3040,63.7,5193,2691,65.8,0.0,1.068,0.791,1.106,1.161,1.126,1.068,1.068,1.088,1.133,1.068,1.068,0.693,0.768,2593.7,1695.9,4289.5,997.6,3391.7,3391.7,3391.7,997.6,997.6,3391.7,3391.7,99.8,1097.3,346.3,703.3,1.7,1006.8,1.4,549.1,386.9,563.8,547.7,226.8,165.5,1.8,1.3,470.1,24.8,27.4,0.0,32.2,11.7,44.5,28.4,58.7,51.4,18.6,24.4,0.0,0.0,58.7,24.8,100.0,33.0,52.0,0.1,76.0,0.1,60.6,42.4,62.6,60.8,23.9,17.1,0.2,0.1,33.0,26.0,17.0,43.0,10.0,34.0,34.0,34.0,10.0,10.0,34.0,34.0,11.0,45,40,36,49,49,49,49,44,44,44,45,55,60,64,51,51,51,51,56,56,56,55,49,49,No,No,No,No,No,No,No,No,No,No,No,No,No,No,No,No,No,No,No,No,No,No,No,No,No,No,No,No,No,No,No,No,No,No,No,No,51,51,44,49,0.225,0.000,0.000,0.000,0.000,0.000,0.000,0.000,1.200,14.063,7.820,4.820,0.011,15.109,2.468,0.143,0.056,45.0,12.0,55.0,55.0,18.000,300.0,4.2,0.0,0.0,0.0,0.0,651,0,0.0,0.0,0.0,0.0,23.3,29.5,0.1,34.2,0.1,45.2,29.4,53.3,52.0,20.2,15.5,0.1,0.0,5.2,14.0,0.1,22.2,0.0,0.0,0.0,15.6,0.0,0.0,0.0,54.2,0.0,0.0,31.7,69.4,46.5,47.9,62.5,84.4,99.9,99.9,57.4,52.8,62.1,1596.1,16.00,22,22,22,52,74,560,1,2,Yes,No,No,No,No,No,No,No,No,No,Yes,No,No,No,No,No,No,No,No,No,No,No,No,No,No,No,No,No,No,No,No,No,No,No,No,No,No,No,42.0,54,54,54,88.0,100.0,No,No,21506,55883,0.0,0.0,0.0,0.000,0.000,2042,791,12.429,41.633,100.0,0.000,22.9,29.6,107.1,7.1,6.2,6.1,6.1,29.5,60.3,7.0,6.1,6.0,6.0,33.79,141.25,9.34,7.51,163.83,163.83,2.13,1.70,33.79,0.00,18.09,0,
1.2.2026,21:36:46.108,5364,3032,63.8,5192,2692,65.8,0.0,1.120,1.115,1.089,1.159,1.159,1.084,1.099,1.079,1.159,1.129,1.129,1.028,0.768,2374.2,4289.5,4289.5,997.6,997.6,997.6,997.6,997.6,3391.7,3391.7,3391.7,99.8,3691.0,668.7,2454.7,4.9,2427.5,10.0,1323.3,681.0,152.2,3.8,954.8,4.3,4.1,3.9,882.2,33.2,61.5,21.9,58.5,0.0,89.2,37.7,7.5,0.0,64.2,0.0,45.9,12.1,89.2,33.2,100.0,58.9,188.2,0.2,183.1,0.2,144.0,71.4,12.3,0.3,105.1,1.5,0.2,0.2,58.8,23.8,43.0,43.0,10.0,10.0,10.0,10.0,10.0,34.0,34.0,34.0,37.0,53,51,55,58,58,58,58,47,47,47,47,47,49,45,42,42,42,42,53,53,53,53,56,58,No,No,No,No,No,No,No,No,No,No,No,No,No,No,No,No,No,No,No,No,No,No,No,No,No,No,No,No,No,No,No,No,No,No,No,No,59,59,44,49,0.225,0.000,0.000,0.000,0.000,0.000,0.000,0.000,1.200,21.563,15.850,12.028,0.027,23.729,3.175,0.230,0.061,45.0,12.0,55.0,55.0,24.000,300.0,16.4,0.0,0.0,0.0,0.0,655,0,0.0,0.0,0.0,0.0,27.4,62.9,0.2,60.6,0.3,90.1,39.7,9.7,0.2,64.5,0.3,0.3,0.3,2.4,13.9,0.1,4.1,0.0,0.0,0.0,5.5,0.0,0.0,0.0,58.6,5.6,0.0,5.2,59.3,89.9,99.4,27.8,99.4,99.4,99.4,25.6,15.8,35.3,1596.1,16.00,22,22,22,52,74,560,1,2,Yes,No,No,No,No,No,No,No,No,No,Yes,No,No,No,No,No,No,No,No,No,No,No,No,No,No,No,No,No,No,No,No,No,No,No,No,No,No,No,42.0,54,54,56,88.0,100.0,No,No,21506,55883,2.7,16.6,19.3,10.607,46.328,2044,796,12.429,41.633,100.0,0.000,22.9,30.6,105.4,7.2,6.2,6.1,6.1,30.5,60.3,7.1,6.1,6.0,6.0,32.67,139.63,9.48,7.52,163.83,163.83,2.05,1.59,32.67,0.00,19.08,0,
1.2.2026,21:36:46.215,5364,3031,63.8,5191,2692,65.8,0.0,0.908,0.928,0.905,0.905,0.920,0.900,0.890,0.905,0.920,0.894,0.909,0.871,0.768,2114.8,3591.2,3391.7,2394.1,2394.1,997.6,997.6,997.6,1596.1,2394.1,2394.1,99.8,2992.7,781.5,1887.4,18.8,2253.3,29.1,1307.6,1512.3,645.2,724.7,960.4,23.4,7.9,7.4,1047.3,33.7,43.9,0.0,53.5,11.2,52.9,77.5,34.1,40.3,57.8,11.3,10.8,10.8,77.5,33.7,100.0,74.1,142.6,0.9,173.0,1.3,145.6,168.7,73.3,77.5,103.3,2.1,0.3,0.4,74.1,21.2,36.0,34.0,24.0,24.0,10.0,10.0,10.0,16.0,24.0,24.0,30.0,47,44,42,51,51,51,51,46,46,46,46,53,56,58,49,49,49,49,54,54,54,54,51,51,No,No,No,No,No,No,No,No,No,No,No,No,No,No,No,No,No,No,No,No,No,No,No,No,No,No,No,No,No,No,No,No,No,No,No,No,51,51,44,49,0.225,0.000,0.000,0.000,0.000,0.000,0.000,0.000,1.200,6.563,18.045,13.971,0.039,25.924,3.379,0.276,0.057,45.0,12.0,55.0,55.0,4.000,300.0,4.8,0.0,0.0,0.0,0.0,651,0,0.0,0.0,0.0,0.0,30.8,46.4,0.7,55.5,1.0,54.3,78.3,35.2,34.8,60.8,1.1,0.5,0.5,6.3,10.7,13.4,5.4,12.4,0.5,5.6,15.0,0.0,0.0,0.0,54.1,26.9,27.8,38.7,8.1,62.8,58.5,22.1,98.2,98.7,98.8,8.3,14.6,1.9,1596.1,16.00,22,22,22,52,74,560,1,2,Yes,No,No,No,No,No,No,No,No,No,Yes,No,No,No,No,No,No,No,No,No,No,No,No,No,No,No,No,No,No,No,No,No,No,No,No,No,No,No,43.0,54,54,55,88.0,100.0,No,No,21506,55883,2.5,1.0,3.5,6.226,0.035,2044,796,12.429,41.633,100.0,0.000,22.9,36.4,103.1,11.9,11.8,11.8,11.8,36.4,60.3,12.0,12.0,12.0,12.0,27.48,84.35,9.70,7.55,84.94,84.94,1.97,1.79,27.48,0.00,12.81,0,
1.2.2026,21:36:46.336,5365,3031,63.8,5194,2690,65.8,0.0,0.807,0.790,0.800,0.800,0.810,0.815,0.807,0.812,0.807,0.812,0.812,0.731,0.768,1386.6,1596.1,2294.4,997.6,1695.9,1596.1,997.6,1695.9,997.6,997.6,997.6,99.8,997.6,481.0,1397.7,8.9,1300.6,7.4,456.9,754.4,808.0,229.6,665.6,128.7,7.0,6.8,620.4,28.8,45.2,12.0,40.6,0.0,33.0,63.2,67.1,19.4,55.6,9.8,0.0,0.0,67.1,28.8,100.0,44.8,105.5,0.3,97.7,0.3,48.4,83.1,89.2,26.1,71.8,14.0,0.4,0.4,44.8,13.9,16.0,23.0,10.0,17.0,16.0,10.0,17.0,10.0,10.0,10.0,10.0,47,42,41,51,51,51,51,46,46,46,46,53,58,59,49,49,49,49,54,54,54,54,51,51,No,No,No,No,No,No,No,No,No,No,No,No,No,No,No,No,No,No,No,No,No,No,No,No,No,No,No,No,No,No,No,No,No,No,No,No,51,51,45,49,0.225,0.000,0.000,0.000,0.000,0.000,0.000,0.000,1.200,5.000,10.597,7.044,0.007,18.838,2.928,0.217,0.058,45.0,12.0,55.0,55.0,3.000,300.0,2.8,0.0,0.0,0.0,0.0,651,0,0.0,0.0,0.0,0.0,28.9,47.3,0.5,43.1,0.4,35.2,64.1,67.9,19.6,57.3,10.8,0.6,0.6,10.4,14.1,9.2,6.5,35.9,12.1,0.0,26.2,0.0,0.0,0.0,48.7,20.8,9.5,55.9,0.0,19.0,79.9,14.9,88.8,98.9,98.9,25.3,15.9,34.8,1596.1,16.00,22,22,22,52,74,560,1,2,Yes,No,No,No,No,No,No,No,No,No,Yes,No,No,No,No,No,No,No,No,No,No,No,No,No,No,No,No,No,No,No,No,No,No,No,No,No,No,No,44.0,54,54,57,88.0,100.0,No,No,21506,55883,2.2,0.0,2.2,0.072,0.000,2044,796,12.429,41.633,100.0,0.000,22.9,35.0,102.3,11.9,11.8,11.8,11.8,35.0,60.3,12.0,12.0,12.0,12.0,28.54,84.34,9.77,7.55,84.94,84.94,2.01,2.32,28.54,0.00,13.43,0,
1.2.2026,21:36:46.439,5377,3018,64.0,5201,2683,65.9,0.0,1.118,1.147,1.112,1.112,1.112,1.127,1.117,1.102,1.117,1.117,1.117,1.026,0.768,3601.2,4588.8,4289.5,3391.7,3391.7,3391.7,3391.7,3391.7,3391.7,3391.7,3391.7,99.8,3691.0,512.5,1247.9,5.4,1587.6,5.8,1117.0,1247.0,7.5,5.1,912.6,4.8,4.7,4.8,652.9,25.5,34.0,0.0,47.4,0.0,69.3,84.6,0.0,0.0,70.5,0.0,0.0,0.0,84.6,25.5,100.0,48.1,95.5,0.2,120.5,0.2,122.1,137.5,0.7,0.2,99.8,0.2,0.2,0.2,48.1,36.1,46.0,43.0,34.0,34.0,34.0,34.0,34.0,34.0,34.0,34.0,37.0,51,53,46,55,55,55,55,48,48,49,49,49,47,54,45,45,45,45,52,52,51,51,55,55,No,No,No,No,No,No,No,No,No,No,No,No,No,No,No,No,No,No,No,No,No,No,No,No,No,No,No,No,No,No,No,No,No,No,No,No,54,54,45,49,0.225,0.000,0.000,0.000,0.000,0.000,0.000,0.000,1.200,19.688,12.294,8.881,0.018,19.930,2.799,0.208,0.056,45.0,12.0,55.0,55.0,24.000,300.0,9.2,0.0,0.0,0.0,0.0,651,0,0.0,0.0,0.0,0.0,26.6,37.3,0.4,50.5,0.4,71.5,85.3,0.5,0.3,71.7,0.4,0.4,0.4,8.5,29.2,1.5,10.6,14.7,1.0,0.0,28.3,0.0,0.0,0.0,51.4,2.4,0.0,17.1,0.0,98.0,99.3,0.0,99.1,99.2,99.2,37.2,29.2,45.2,1596.1,16.00,22,22,22,52,74,560,1,2,Yes,No,No,No,No,No,No,No,No,No,Yes,No,No,No,No,No,No,No,No,No,No,No,No,No,No,No,No,No,No,No,No,No,No,No,No,No,No,No,43.0,54,54,57,88.0,100.0,No,No,21506,55883,1.3,2.1,3.5,0.113,0.607,2044,796,12.429,41.633,100.0,0.000,22.9,35.0,102.3,10.5,10.0,10.0,10.0,35.0,60.3,10.6,10.1,10.0,10.0,28.55,94.98,9.77,7.55,100.15,100.15,2.05,2.56,28.55,0.00,16.77,0,
1.2.2026,21:36:46.552,5379,3017,64.0,5201,2683,65.9,0.0,0.748,0.717,0.725,0.715,0.725,0.715,0.775,0.770,0.775,0.780,0.780,0.673,0.768,1296.8,1596.1,1596.1,997.6,997.6,997.6,1596.1,997.6,997.6,1596.1,1596.1,99.8,997.6,711.4,1333.3,6.7,1409.9,5.3,1369.7,1038.3,1122.5,1110.1,875.6,85.9,88.6,90.9,924.5,33.3,42.0,0.3,43.6,0.3,72.9,46.7,57.0,57.6,69.1,4.1,2.9,3.0,72.9,33.3,100.0,70.5,99.8,0.3,107.1,0.2,152.2,115.3,122.2,122.1,98.2,9.3,9.6,9.9,70.6,13.0,16.0,16.0,10.0,10.0,10.0,16.0,10.0,10.0,16.0,16.0,10.0,47,43,41,51,51,51,51,46,46,46,46,53,57,59,49,49,49,49,54,54,54,54,51,51,No,No,No,No,No,No,No,No,No,No,No,No,No,No,No,No,No,No,No,No,No,No,No,No,No,No,No,No,No,No,No,No,No,No,No,No,50,50,45,49,0.225,0.000,0.000,0.000,0.000,0.000,0.000,0.000,1.200,4.688,13.557,9.741,0.055,21.712,3.057,0.299,0.056,45.0,12.0,55.0,55.0,3.000,300.0,8.7,0.0,0.0,0.0,0.0,651,0,0.0,0.0,0.0,0.0,33.9,43.7,0.3,45.2,0.3,73.2,46.9,58.7,58.3,69.7,4.2,3.0,3.1,17.2,18.5,29.8,26.9,53.1,7.0,6.5,30.3,0.0,0.0,0.0,37.0,0.0,14.7,0.0,0.0,32.7,34.0,0.0,95.3,96.6,96.5,22.1,35.0,9.2,1596.1,16.00,22,22,22,52,74,560,1,2,Yes,No,No,No,No,No,No,No,No,No,Yes,No,No,No,No,No,No,No,No,No,No,No,No,No,No,No,No,No,No,No,No,No,No,No,No,No,No,No,43.0,54,54,55,88.0,100.0,No,No,21506,55883,1.0,9.1,10.2,0.035,28.576,2044,799,12.429,41.633,100.0,0.000,22.9,39.0,99.4,10.6,10.0,10.0,10.0,39.0,60.3,10.7,10.1,10.0,10.0,25.65,94.37,10.06,7.58,100.15,100.15,2.09,2.50,25.65,0.00,17.25,0,
1.2.2026,21:36:46.665,5374,3021,64.0,5201,2682,65.9,0.0,0.922,0.702,0.951,0.946,0.946,0.946,0.956,0.946,0.941,0.941,0.942,0.703,0.768,2104.9,1396.6,3691.0,2593.7,2593.7,997.6,997.6,997.6,2593.7,2593.7,2593.7,99.8,798.0,347.4,813.3,3.5,913.6,3.6,882.6,850.2,398.8,22.8,228.0,16.7,31.7,4.3,486.0,22.9,38.3,0.0,35.4,0.0,77.3,76.9,29.8,0.0,16.7,0.0,0.0,0.0,77.3,22.9,100.0,32.9,60.9,0.1,68.5,0.1,97.6,93.1,43.3,2.2,23.7,1.6,3.2,0.2,32.9,21.1,14.0,37.0,26.0,26.0,10.0,10.0,10.0,26.0,26.0,26.0,8.0,46,41,41,49,49,49,49,45,45,45,45,54,59,59,51,51,51,51,55,55,55,55,49,49,No,No,No,No,No,No,No,No,No,No,No,No,No,No,No,No,No,No,No,No,No,No,No,No,No,No,No,No,No,No,No,No,No,No,No,No,49,49,44,49,0.225,0.000,0.000,0.000,0.000,0.000,0.000,0.000,1.200,3.750,6.962,3.795,0.016,14.605,2.601,0.180,0.058,45.0,12.0,55.0,55.0,2.000,300.0,3.7,0.0,0.0,0.0,0.0,651,0,0.0,0.0,0.0,0.0,24.2,40.5,0.3,38.0,0.4,77.9,78.3,31.2,1.4,18.8,1.1,2.5,0.4,7.7,6.3,0.1,22.1,12.2,8.3,0.0,28.1,0.0,0.0,0.0,51.2,0.0,0.3,0.0,8.9,58.7,98.1,51.3,98.5,97.1,99.2,53.4,49.6,57.3,1596.1,16.00,22,22,22,52,74,560,1,2,Yes,No,No,No,No,No,No,No,No,No,Yes,No,No,No,No,No,No,No,No,No,No,No,No,No,No,No,No,No,No,No,No,No,No,No,No,No,No,No,43.0,54,54,55,88.0,100.0,No,No,21506,55883,1.1,0.0,1.1,0.038,0.000,2044,799,12.429,41.633,100.0,0.000,22.9,35.8,65.5,10.5,10.0,10.0,10.0,35.8,60.3,10.6,10.1,10.0,10.0,27.93,95.13,15.26,15.14,100.15,100.15,1.68,2.34,27.93,0.00,20.01,0,
1.2.2026,21:36:46.761,5374,3021,64.0,5201,2682,65.9,0.0,0.982,0.831,0.821,0.816,1.157,1.083,1.157,0.932,0.944,1.039,1.039,0.878,0.768,2134.8,2693.4,2593.7,997.6,997.6,3391.7,997.6,997.6,2892.9,2892.9,2892.9,99.8,2194.6,379.2,1047.7,11.4,1357.0,4.9,917.3,533.4,61.5,13.8,566.0,24.5,8.1,4.4,493.4,19.6,35.8,0.0,43.3,0.0,67.9,36.0,0.0,0.0,41.9,10.5,0.0,0.0,67.9,19.6,100.0,34.2,78.7,0.4,102.7,0.2,100.8,56.1,6.5,1.3,60.6,2.5,0.7,0.2,34.2,21.4,27.0,26.0,10.0,10.0,34.0,10.0,10.0,29.0,29.0,29.0,22.0,48,47,42,51,52,52,52,46,46,46,46,52,53,58,49,48,48,48,54,54,54,54,51,52,No,No,No,No,No,No,No,No,No,No,No,No,No,No,No,No,No,No,No,No,No,No,No,No,No,No,No,No,No,No,No,No,No,No,No,No,53,53,44,48,0.225,0.000,0.000,0.000,0.000,0.000,0.000,0.000,1.200,7.813,9.220,5.762,0.011,16.963,2.863,0.194,0.058,45.0,12.0,55.0,55.0,7.000,300.0,5.7,0.0,0.0,0.0,0.0,651,0,0.0,0.0,0.0,0.0,20.7,39.4,0.5,46.7,0.3,70.0,39.3,4.2,0.7,45.7,1.2,0.5,0.3,13.4,43.1,24.1,30.0,31.3,0.0,0.0,5.6,0.0,0.0,0.0,56.7,0.0,0.0,0.0,29.3,95.4,98.9,46.7,98.4,99.2,99.3,21.4,16.1,26.8,1596.1,16.00,22,22,22,52,74,560,1,2,Yes,No,No,No,No,No,No,No,No,No,Yes,No,No,No,No,No,No,No,No,No,No,No,No,No,No,No,No,No,No,No,No,No,No,No,No,No,No,No,42.0,54,54,55,88.0,100.0,No,No,21506,55883,2.1,11.9,14.1,0.072,2.493,2044,799,12.429,41.633,100.0,0.000,22.9,31.1,65.1,10.0,10.0,10.0,10.0,31.0,60.3,10.0,10.0,10.0,10.0,32.20,99.77,15.36,15.15,100.15,100.15,1.36,2.69,32.20,0.00,27.57,0,
1.2.2026,21:36:46.869,5302,3094,63.1,5169,2714,65.5,0.0,1.026,0.727,1.092,1.092,1.167,1.097,1.092,0.682,1.027,1.162,1.117,0.728,0.768,2045.0,1596.1,4289.5,997.6,997.6,997.6,997.6,997.6,3192.2,3192.2,3192.2,99.8,997.6,489.8,1321.0,6.1,848.3,5.2,1071.4,799.3,499.0,123.4,1176.4,16.9,5.1,4.8,584.2,33.5,39.0,11.6,24.8,11.7,78.9,53.7,42.8,16.9,99.1,0.0,11.6,11.6,99.1,33.5,100.0,47.6,99.0,0.2,62.9,0.2,118.8,91.0,53.1,13.1,130.5,1.5,0.2,0.3,47.6,20.5,16.0,43.0,10.0,10.0,10.0,10.0,10.0,32.0,32.0,32.0,10.0,46,42,38,49,49,49,50,46,46,46,46,54,58,62,51,51,51,50,54,54,54,54,49,50,No,No,No,No,No,No,No,No,No,No,No,No,No,No,No,No,No,No,No,No,No,No,No,No,No,No,No,No,No,No,No,No,No,No,No,No,49,49,44,49,0.220,0.000,0.000,0.000,0.000,0.000,0.000,0.000,1.200,3.438,10.443,7.104,0.018,18.071,2.689,0.237,0.058,45.0,12.0,55.0,55.0,2.000,300.0,2.5,0.0,0.0,0.0,0.0,651,0,0.0,0.0,0.0,0.0,28.9,41.5,0.2,27.4,0.4,79.2,53.6,37.1,6.4,99.3,0.7,0.3,0.3,5.6,9.8,24.9,20.8,0.0,0.0,0.0,0.0,0.0,0.0,0.0,49.8,0.0,0.0,0.0,45.3,61.9,93.2,0.6,98.9,99.2,99.3,44.0,44.1,43.9,1596.1,16.00,22,22,22,52,74,560,1,2,Yes,No,No,No,No,No,No,No,No,No,Yes,No,No,No,No,No,No,No,No,No,No,No,No,No,No,No,No,No,No,No,No,No,No,No,No,No,No,No,42.0,54,54,56,88.0,100.0,No,No,21506,55883,1.2,0.0,1.2,0.038,0.000,2044,799,12.429,41.633,100.0,0.000,22.9,30.0,65.8,10.0,10.0,10.0,10.0,30.0,60.3,10.0,10.0,10.0,10.0,33.33,99.78,15.21,15.14,100.15,100.15,1.33,2.38,33.33,0.00,32.54,0,
1.2.2026,21:36:46.985,5302,3094,63.1,5169,2715,65.5,0.0,0.830,0.847,0.823,0.828,0.833,0.828,0.828,0.828,0.823,0.823,0.838,0.781,0.768,2144.8,2793.2,2693.4,1995.1,1995.1,1995.1,1995.1,1995.1,1995.1,1995.1,1995.1,99.8,2094.9,271.0,743.4,7.9,951.1,5.1,560.1,92.0,142.4,4.1,733.4,4.5,4.3,4.2,313.3,18.2,39.6,0.0,38.1,0.0,53.7,4.0,11.0,0.0,72.4,0.0,0.0,0.0,72.4,18.2,100.0,24.7,55.4,0.3,71.3,0.2,61.2,9.4,16.1,0.3,81.4,0.3,0.2,0.2,24.7,21.5,28.0,27.0,20.0,20.0,20.0,20.0,20.0,20.0,20.0,20.0,21.0,46,40,39,49,49,49,49,45,45,45,45,54,60,61,51,51,51,51,55,55,55,55,49,49,No,No,No,No,No,No,No,No,No,No,No,No,No,No,No,No,No,No,No,No,No,No,No,No,No,No,No,No,No,No,No,No,No,No,No,No,49,49,44,49,0.225,0.000,0.000,0.000,0.000,0.000,0.000,0.000,1.200,2.813,7.051,3.959,0.005,14.263,2.522,0.164,0.057,45.0,12.0,55.0,55.0,1.000,300.0,2.5,0.0,0.0,0.0,0.0,651,0,0.0,0.0,0.0,0.0,17.0,33.5,0.4,32.1,0.5,48.9,6.0,12.0,0.3,69.0,0.3,0.3,0.3,9.3,10.9,0.1,51.1,0.0,0.0,0.0,31.0,0.0,0.0,0.0,57.7,0.0,0.0,0.0,93.0,86.9,99.3,0.0,99.3,99.2,99.3,57.9,52.2,63.5,1596.1,16.00,22,22,22,52,74,560,1,2,Yes,No,No,No,No,No,No,No,No,No,Yes,No,No,No,No,No,No,No,No,No,No,No,No,No,No,No,No,No,No,No,No,No,No,No,No,No,No,No,43.0,54,54,54,88.0,100.0,No,No,21506,55883,1.0,0.0,1.0,0.035,0.000,2044,799,12.429,41.633,100.0,0.000,22.9,29.5,65.8,10.0,10.0,10.0,10.0,29.5,60.3,10.0,10.0,10.0,10.0,33.93,99.79,15.21,15.14,100.15,100.15,1.34,2.66,33.93,0.00,31.27,0,
1.2.2026,21:36:47.096,5302,3094,63.1,5168,2715,65.5,0.0,0.796,0.813,0.823,0.813,0.818,0.818,0.793,0.788,0.803,0.808,0.688,0.771,0.768,1715.8,2593.7,2593.7,1795.6,1795.6,1795.6,1795.6,997.6,997.6,1795.6,997.6,99.8,1995.1,335.0,1058.9,11.2,1405.6,5.4,675.8,6.8,4.3,4.2,836.0,4.1,4.1,4.0,396.5,18.2,37.7,0.0,48.9,0.0,54.4,11.5,0.0,0.0,65.5,0.0,0.0,0.0,65.5,18.2,100.0,29.5,79.2,0.3,106.7,0.2,73.9,0.5,0.2,0.2,91.8,0.2,0.2,0.2,29.5,17.2,26.0,26.0,18.0,18.0,18.0,18.0,10.0,10.0,18.0,10.0,20.0,45,41,41,48,48,48,48,45,45,45,45,55,59,59,52,52,52,52,55,55,55,55,49,48,No,No,No,No,No,No,No,No,No,No,No,No,No,No,No,No,No,No,No,No,No,No,No,No,No,No,No,No,No,No,No,No,No,No,No,No,49,49,44,49,0.225,0.000,0.000,0.000,0.000,0.000,0.000,0.000,1.200,3.438,7.702,4.509,0.010,14.939,2.634,0.166,0.058,45.0,12.0,55.0,55.0,1.000,300.0,3.3,0.0,0.0,0.0,0.0,651,0,0.0,0.0,0.0,0.0,18.1,40.2,0.7,50.9,0.4,55.9,0.5,0.3,0.3,67.0,0.3,0.3,0.3,8.1,12.4,8.7,26.7,0.0,0.0,0.0,33.1,0.0,0.0,0.0,61.2,0.0,0.0,16.4,99.1,99.3,99.3,0.0,99.3,99.3,99.3,40.0,42.9,37.2,1596.1,16.00,22,22,22,52,74,560,1,2,Yes,No,No,No,No,No,No,No,No,No,Yes,No,No,No,No,No,No,No,No,No,No,No,No,No,No,No,No,No,No,No,No,No,No,No,No,No,No,No,42.0,54,54,55,88.0,100.0,No,No,21506,55883,1.3,0.0,1.3,0.037,0.000,2044,799,12.430,41.633,100.0,0.000,22.9,30.6,65.8,10.0,10.0,10.0,10.0,30.6,60.3,10.0,10.0,10.0,10.0,32.63,99.82,15.20,15.14,100.15,100.15,1.32,2.42,32.63,0.00,30.97,0,
1.2.2026,21:36:47.203,5301,3094,63.1,5168,2716,65.5,0.0,1.107,1.096,1.139,1.144,1.159,1.159,1.067,1.057,1.057,1.057,1.137,1.078,0.768,3381.7,2094.9,4588.8,3391.7,3391.7,3391.7,3391.7,3391.7,3391.7,3391.7,3391.7,99.8,3990.2,274.3,837.3,9.6,1130.4,5.0,1052.5,4.5,4.7,4.2,229.5,4.5,4.4,4.4,381.0,14.1,28.3,0.0,36.6,0.0,82.9,0.0,0.0,0.0,21.8,0.0,0.0,0.0,82.9,14.1,100.0,24.2,61.8,0.7,84.4,0.2,116.2,0.2,0.2,0.2,25.9,0.2,0.2,0.2,24.2,33.9,21.0,46.0,34.0,34.0,34.0,34.0,34.0,34.0,34.0,34.0,40.0,45,39,38,48,48,48,48,44,45,45,45,55,61,62,52,52,52,52,56,55,55,55,49,48,No,No,No,No,No,No,No,No,No,No,No,No,No,No,No,No,No,No,No,No,No,No,No,No,No,No,No,No,No,No,No,No,No,No,No,No,51,51,42,48,0.225,0.000,0.000,0.000,0.000,0.000,0.000,0.000,1.200,11.563,7.203,4.225,0.009,14.738,2.407,0.169,0.058,45.0,12.0,55.0,55.0,12.000,300.0,3.5,0.0,0.0,0.0,0.0,651,0,0.0,0.0,0.0,0.0,14.8,30.2,0.5,38.5,0.3,83.5,0.3,0.3,0.3,21.8,0.5,0.5,0.4,3.6,7.9,0.1,16.5,0.0,0.0,0.0,11.2,0.0,0.0,0.0,66.1,0.0,0.0,0.0,99.3,99.3,99.4,66.1,99.0,99.0,99.1,56.9,57.1,56.7,1596.1,16.00,22,22,22,52,74,560,1,2,Yes,No,No,No,No,No,No,No,No,No,Yes,No,No,No,No,No,No,No,No,No,No,No,No,No,No,No,No,No,No,No,No,No,No,No,No,No,No,No,42.0,54,54,55,88.0,100.0,No,No,21506,55883,1.1,0.0,1.1,0.038,0.000,2044,799,12.430,41.633,100.0,0.000,22.9,24.8,64.4,10.0,10.0,10.0,10.0,24.8,60.3,10.0,10.0,10.0,10.0,40.27,99.93,15.53,15.43,100.15,100.15,1.34,3.31,40.27,0.00,40.92,0,
1.2.2026,21:36:47.313,5301,3094,63.1,5167,2717,65.5,0.0,1.078,0.783,1.137,1.147,1.082,1.082,1.152,1.137,1.093,1.062,1.103,1.078,0.768,2763.2,1995.1,4588.8,3391.7,3391.7,3391.7,997.6,997.6,2094.9,3391.7,3391.7,99.8,3990.2,246.4,947.2,5.0,693.8,12.8,1258.6,4.7,5.3,4.2,12.1,4.5,4.5,4.4,366.5,12.6,27.0,0.0,24.3,0.0,98.9,0.0,0.0,0.0,0.6,0.0,0.0,0.0,98.9,12.6,100.0,22.1,71.1,0.2,51.4,0.4,140.3,0.2,0.3,0.2,0.8,0.2,0.3,0.2,22.1,27.7,20.0,46.0,34.0,34.0,34.0,10.0,10.0,21.0,34.0,34.0,40.0,46,40,39,49,49,49,49,45,45,45,45,54,60,61,51,51,51,51,55,55,55,55,48,49,No,No,No,No,No,No,No,No,No,No,No,No,No,No,No,No,No,No,No,No,No,No,No,No,No,No,No,No,No,No,No,No,No,No,No,No,50,50,44,48,0.225,0.000,0.000,0.000,0.000,0.000,0.000,0.000,1.200,3.125,7.350,4.429,0.012,14.753,2.351,0.155,0.057,45.0,12.0,55.0,55.0,1.000,300.0,2.5,0.0,0.0,0.0,0.0,651,0,0.0,0.0,0.0,0.0,13.2,28.5,0.4,25.9,0.5,99.0,0.3,0.3,0.3,1.6,0.6,0.6,0.6,0.3,1.5,0.2,1.0,0.0,0.0,0.0,0.0,0.0,0.0,0.0,69.2,0.0,0.0,0.0,99.4,99.4,99.4,97.3,98.8,98.9,98.8,67.8,66.0,69.6,1596.1,16.00,22,22,22,52,74,560,1,2,Yes,No,No,No,No,No,No,No,No,No,Yes,No,No,No,No,No,No,No,No,No,No,No,No,No,No,No,No,No,No,No,No,No,No,No,No,No,No,No,43.0,54,54,54,88.0,100.0,No,No,21506,55883,1.1,0.0,1.1,0.036,0.000,2044,799,12.430,41.633,100.0,0.000,22.9,24.8,64.4,10.0,10.0,10.0,10.0,24.8,60.3,10.0,10.0,10.0,10.0,40.28,99.93,15.53,15.43,100.15,100.15,1.34,3.18,40.28,0.00,41.61,0,
1.2.2026,21:36:48.978,5260,3136,62.6,5128,2755,65.0,0.0,0.705,0.644,0.651,0.695,0.705,0.702,0.716,0.736,0.734,0.734,0.734,0.611,0.768,1167.1,997.6,1097.3,997.6,1097.3,1097.3,1197.1,1296.8,1296.8,1296.8,1296.8,99.8,399.0,133.4,579.4,1.9,781.7,1.4,159.1,1.3,1.3,1.6,69.2,1.2,1.2,1.3,191.0,7.1,35.1,0.0,41.3,0.0,8.3,0.0,0.0,0.0,0.6,0.0,0.0,0.0,41.3,7.1,100.0,10.5,41.7,0.1,60.7,0.1,15.2,0.2,0.1,0.1,7.0,0.1,0.1,0.1,10.5,11.7,10.0,11.0,10.0,11.0,11.0,12.0,13.0,13.0,13.0,13.0,4.0,45,42,41,48,48,48,47,43,43,43,44,55,58,59,52,52,52,53,57,57,57,56,47,48,No,No,No,No,No,No,No,No,No,No,No,No,No,No,No,No,No,No,No,No,No,No,No,No,No,No,No,No,No,No,No,No,No,No,No,No,54,54,42,48,0.225,0.000,0.000,0.000,0.000,0.000,0.000,0.000,1.200,10.938,4.448,1.821,0.077,10.745,2.078,0.147,0.058,45.0,12.0,55.0,55.0,11.000,300.0,17.1,0.0,0.0,0.0,0.0,665,0,8.5,0.2,15.2,0.0,7.6,30.8,0.2,42.3,0.1,13.0,0.1,0.1,0.1,4.2,0.1,0.1,0.1,1.5,14.8,0.1,0.0,0.0,0.0,0.0,0.0,0.0,0.0,0.0,78.2,3.0,0.0,84.5,99.9,99.9,99.8,94.8,99.9,99.9,99.9,50.0,46.4,53.7,1596.1,16.00,22,22,22,52,74,560,1,2,No,No,No,No,No,No,No,No,No,No,No,No,No,No,No,No,No,No,No,No,No,No,No,No,No,No,No,No,No,No,No,No,No,No,No,No,No,No,42.0,54,54,53,88.0,100.0,No,No,21506,55883,0.0,1.1,1.1,0.000,0.580,2044,804,12.430,41.633,100.0,0.000,22.9,32.1,78.3,3.4,2.7,2.6,2.6,32.1,61.0,3.4,2.7,2.6,2.6,31.14,296.85,12.77,12.55,380.09,380.09,2.97,0.00,31.14,0.00,30.17,0,
1.2.2026,21:36:49.093,5263,3133,62.6,5131,2752,65.0,0.0,0.726,0.747,0.737,0.725,0.730,0.730,0.720,0.720,0.715,0.720,0.715,0.706,0.768,1227.0,1396.6,1296.8,997.6,1296.8,1296.8,1197.1,1197.1,1197.1,1197.1,1197.1,99.8,997.6,299.4,1439.8,2.9,1331.8,2.8,525.4,34.9,6.3,2.3,239.6,2.4,2.1,2.4,418.3,16.1,42.4,46.3,53.2,0.2,25.3,1.5,0.4,0.3,22.5,0.2,0.2,0.2,53.2,16.1,100.0,24.4,108.9,0.1,100.6,0.1,55.2,3.6,0.5,0.2,23.5,0.1,0.1,0.2,24.4,12.3,14.0,13.0,10.0,13.0,13.0,12.0,12.0,12.0,12.0,12.0,10.0,46,42,41,48,48,48,48,45,45,45,45,54,58,59,52,52,52,52,55,55,55,55,48,48,No,No,No,No,No,No,No,No,No,No,No,No,No,No,No,No,No,No,No,No,No,No,No,No,No,No,No,No,No,No,No,No,No,No,No,No,48,48,44,48,0.220,0.000,0.000,0.000,0.000,0.000,0.000,0.000,1.200,2.188,8.757,5.502,0.179,15.636,2.488,0.225,0.058,45.0,12.0,55.0,55.0,1.000,300.0,24.2,0.0,0.0,0.0,0.0,661,0,3.1,0.0,8.7,0.0,12.1,52.5,0.2,48.2,0.2,27.4,1.5,0.3,0.1,13.6,0.2,0.2,0.2,2.7,1.8,0.1,25.2,0.0,0.0,0.0,0.0,0.0,0.0,0.0,75.3,28.4,0.0,44.5,98.3,99.6,99.7,83.6,99.7,99.7,99.7,31.6,15.2,48.0,1596.1,16.00,22,22,22,52,74,560,1,2,Yes,No,No,No,No,No,No,No,No,No,Yes,No,No,No,No,No,No,No,No,No,No,No,No,No,No,No,No,No,No,No,No,No,No,No,No,No,No,No,42.0,54,54,53,88.0,100.0,No,No,21506,55883,1.5,0.0,1.5,0.165,0.000,2044,804,12.430,41.633,100.0,0.000,22.9,33.3,78.0,3.5,2.7,2.6,2.6,33.2,61.0,3.5,2.7,2.6,2.6,30.00,282.98,12.82,12.56,380.09,380.09,3.15,0.36,30.00,0.00,27.93,0,
1.2.2026,21:36:49.205,5263,3133,62.6,5131,2752,65.0,0.0,0.778,0.800,0.791,0.801,0.791,0.760,0.760,0.765,0.770,0.775,0.770,0.741,0.768,1675.9,1995.1,1895.4,1695.9,1596.1,1596.1,1596.1,1596.1,1596.1,1596.1,1596.1,99.8,1396.6,171.2,906.5,1.4,825.1,1.5,233.7,10.1,1.5,1.1,69.8,1.1,1.3,1.3,247.6,11.9,51.1,12.1,39.0,0.0,24.1,12.6,0.0,0.0,4.4,0.0,0.0,0.0,51.1,11.9,100.0,13.5,68.6,0.1,62.0,0.1,22.7,1.0,0.1,0.1,7.2,0.1,0.1,0.1,13.5,16.8,20.0,19.0,17.0,16.0,16.0,16.0,16.0,16.0,16.0,16.0,14.0,45,41,41,48,48,48,48,45,45,45,45,55,59,59,52,52,52,52,55,55,55,55,48,48,No,No,No,No,No,No,No,No,No,No,No,No,No,No,No,No,No,No,No,No,No,No,No,No,No,No,No,No,No,No,No,No,No,No,No,No,48,48,43,48,0.225,0.000,0.000,0.000,0.000,0.000,0.000,0.000,1.200,1.875,5.203,2.406,0.102,12.103,2.168,0.178,0.053,45.0,12.0,55.0,55.0,0.000,300.0,17.9,0.0,0.0,0.0,0.0,658,0,1.8,0.1,6.3,0.0,9.1,45.7,0.1,40.7,0.1,16.0,0.7,0.1,0.1,5.4,0.1,0.1,0.1,1.1,4.1,5.5,1.2,0.0,0.0,0.0,0.0,0.0,0.0,0.0,77.1,0.0,0.0,79.7,99.2,99.9,99.9,93.1,99.9,99.9,99.9,49.1,47.3,50.9,1596.1,16.00,22,22,22,52,74,560,1,2,No,No,No,No,No,No,No,No,No,No,No,No,No,No,No,No,No,No,No,No,No,No,No,No,No,No,No,No,No,No,No,No,No,No,No,No,No,No,42.0,54,54,53,88.0,100.0,No,No,21506,55883,0.0,0.0,0.0,0.000,0.000,2044,804,12.430,41.633,100.0,0.000,22.9,35.6,77.7,3.8,2.7,2.6,2.6,35.5,61.0,3.7,2.7,2.6,2.6,28.11,266.34,12.87,12.56,380.09,380.09,3.15,0.31,28.11,0.00,24.21,0,
1.2.2026,21:36:49.311,5263,3133,62.6,5131,2752,65.0,0.0,1.090,0.825,1.108,1.108,1.108,1.120,1.120,1.147,1.132,1.132,1.097,0.771,0.768,3242.1,2593.7,4289.5,3192.2,3192.2,3192.2,3192.2,3192.2,3192.2,3192.2,3192.2,99.8,1995.1,174.1,725.1,1.3,1118.4,1.5,190.8,4.3,1.1,1.1,39.0,2.0,1.4,3.7,255.4,12.1,37.3,0.0,48.8,0.0,9.1,0.0,10.1,10.0,0.2,10.0,10.0,10.0,48.8,12.1,100.0,12.9,55.5,0.1,76.9,0.1,17.5,0.4,0.1,0.1,4.0,0.1,0.1,0.1,12.7,32.5,26.0,43.0,32.0,32.0,32.0,32.0,32.0,32.0,32.0,32.0,20.0,46,41,44,48,48,48,48,45,45,45,45,54,59,56,52,52,52,52,55,55,55,55,48,48,No,No,No,No,No,No,No,No,No,No,No,No,No,No,No,No,No,No,No,No,No,No,No,No,No,No,No,No,No,No,No,No,No,No,No,No,49,49,43,48,0.220,0.000,0.000,0.000,0.000,0.000,0.000,0.000,1.200,9.063,5.257,2.225,0.066,12.413,2.424,0.157,0.059,45.0,12.0,55.0,55.0,7.000,300.0,8.4,0.0,0.0,0.0,0.0,650,0,2.3,0.0,1.3,0.0,9.4,40.8,0.1,53.5,0.1,13.9,0.3,0.0,0.0,3.4,0.1,0.1,0.1,0.7,6.6,0.1,0.0,0.0,0.0,0.0,0.0,0.0,0.0,0.0,77.7,0.0,0.0,82.4,99.7,99.9,99.9,95.3,99.9,99.9,99.9,47.0,49.3,44.6,1596.1,16.00,22,22,22,52,74,560,1,2,Yes,No,No,No,No,No,No,No,No,No,Yes,No,No,No,No,No,No,No,No,No,No,No,No,No,No,No,No,No,No,No,No,No,No,No,No,No,No,No,42.0,54,54,52,88.0,100.0,No,No,21506,55883,0.0,0.0,0.0,0.000,0.000,2044,804,12.430,41.633,100.0,0.000,22.9,38.1,77.3,4.1,2.7,2.6,2.6,38.0,61.0,4.1,2.7,2.6,2.6,26.24,244.14,12.93,12.57,380.09,380.09,3.00,0.63,26.24,0.00,20.47,0,
1.2.2026,21:36:49.427,5262,3133,62.6,5130,2753,65.0,0.0,1.089,1.080,1.073,1.113,1.083,1.083,1.083,1.123,1.083,1.083,1.083,1.023,0.768,3132.3,4289.5,4289.5,399.0,3192.2,3192.2,3192.2,3192.2,3192.2,3192.2,3192.2,99.8,3691.0,299.7,1486.9,2.1,1747.4,23.3,305.3,2.1,1.8,1.8,19.3,2.1,2.3,2.0,446.3,13.6,40.0,0.0,53.2,11.8,11.9,11.6,11.6,11.6,0.0,11.6,0.0,0.0,53.2,13.6,100.0,24.0,112.0,0.1,139.4,1.1,32.3,0.2,0.1,0.1,1.6,0.2,0.2,0.4,24.1,31.4,43.0,43.0,4.0,32.0,32.0,32.0,32.0,32.0,32.0,32.0,37.0,46,42,47,49,49,49,49,45,45,45,45,54,58,53,51,51,51,51,55,55,55,55,48,49,No,No,No,No,No,No,No,No,No,No,No,No,No,No,No,No,No,No,No,No,No,No,No,No,No,No,No,No,No,No,No,No,No,No,No,No,48,48,44,48,0.225,0.000,0.000,0.000,0.000,0.000,0.000,0.000,1.200,3.125,8.475,5.555,0.013,15.322,2.414,0.118,0.059,45.0,12.0,55.0,55.0,2.000,300.0,3.1,0.0,0.0,0.0,0.0,650,0,7.5,0.0,3.9,0.0,9.4,42.4,0.1,52.9,0.5,14.2,0.1,0.1,0.1,1.5,0.1,0.1,0.1,4.2,24.8,9.0,8.2,0.0,0.0,0.0,0.0,0.0,0.0,0.0,79.8,26.5,0.0,75.3,99.9,99.8,99.8,97.4,99.8,99.8,99.8,20.1,5.1,35.0,1596.1,16.00,22,22,22,52,74,560,1,2,Yes,No,No,No,No,No,No,No,No,No,Yes,No,No,No,No,No,No,No,No,No,No,No,No,No,No,No,No,No,No,No,No,No,No,No,No,No,No,No,43.0,54,54,53,88.0,100.0,No,No,21506,55883,1.3,0.0,1.3,0.174,0.000,2044,804,12.430,41.633,100.0,0.000,22.9,52.5,84.9,12.8,10.0,9.7,9.7,52.4,60.9,13.1,10.2,10.0,10.0,19.04,77.94,11.77,11.17,102.64,102.64,2.94,0.65,19.04,0.00,6.40,0,
1.2.2026,21:36:49.533,5255,3141,62.5,5125,2758,65.0,0.0,0.790,0.806,0.801,0.794,0.784,0.784,0.784,0.789,0.794,0.784,0.784,0.768,0.768,1715.8,1895.4,1895.4,997.6,1795.6,1795.6,1795.6,1795.6,1795.6,1695.9,1695.9,99.8,1296.8,173.6,848.6,2.7,904.7,1.9,269.7,5.9,5.2,2.0,36.2,2.2,2.3,2.2,255.1,8.8,34.1,0.0,33.4,0.0,15.3,0.0,0.0,0.0,0.0,0.0,11.5,11.5,34.1,8.8,100.0,13.9,63.2,0.1,69.6,0.1,28.3,0.6,0.5,0.2,3.6,0.2,0.2,0.2,14.0,17.2,19.0,19.0,10.0,18.0,18.0,18.0,18.0,18.0,17.0,17.0,13.0,46,42,41,49,49,49,49,44,44,44,44,54,58,59,51,51,51,51,56,56,56,56,49,49,No,No,No,No,No,No,No,No,No,No,No,No,No,No,No,No,No,No,No,No,No,No,No,No,No,No,No,No,No,No,No,No,No,No,No,No,47,47,44,48,0.225,0.000,0.000,0.000,0.000,0.000,0.000,0.000,1.200,2.813,5.772,3.130,0.000,12.422,2.154,0.107,0.059,45.0,12.0,55.0,55.0,2.000,300.0,2.2,0.0,0.0,0.0,0.0,650,0,5.0,0.9,7.7,0.0,8.2,37.7,0.2,36.5,0.1,19.4,0.4,0.3,0.1,2.6,0.2,0.2,0.2,2.7,26.9,0.1,0.0,0.0,0.0,0.0,0.0,0.0,0.0,0.0,80.8,0.6,35.4,78.3,99.5,99.5,99.7,96.5,99.7,99.6,99.6,29.5,32.4,26.7,1596.1,16.00,22,22,22,52,74,560,1,2,Yes,No,No,No,No,No,No,No,No,No,Yes,No,No,No,No,No,No,No,No,No,No,No,No,No,No,No,No,No,No,No,No,No,No,No,No,No,No,No,42.0,53,53,53,88.0,100.0,No,No,21506,55883,0.0,26.8,26.8,0.000,8.357,2044,805,12.430,41.633,100.0,0.000,22.9,50.9,84.8,12.9,10.0,9.7,9.7,50.7,61.1,13.1,10.2,10.0,10.0,19.67,77.42,11.79,11.17,102.64,102.64,2.87,0.87,19.67,0.00,6.92,0,
1.2.2026,21:36:49.651,5254,3141,62.5,5125,2759,65.0,0.0,0.789,0.804,0.781,0.786,0.790,0.790,0.800,0.795,0.760,0.805,0.785,0.751,0.768,1755.7,2294.4,2194.6,1596.1,1596.1,1596.1,1596.1,1596.1,1596.1,1695.9,1795.6,99.8,1695.9,169.4,808.3,1.7,1098.0,1.9,108.7,1.2,1.0,1.1,6.4,1.4,1.4,1.2,252.7,6.5,28.6,0.0,44.3,0.0,5.6,0.0,0.0,0.0,0.0,0.0,0.0,0.0,44.3,6.5,100.0,12.4,57.4,0.1,79.8,0.1,10.1,0.1,0.1,0.1,0.4,0.1,0.1,0.1,12.4,17.6,23.0,22.0,16.0,16.0,16.0,16.0,16.0,16.0,17.0,18.0,17.0,45,42,42,48,48,48,48,44,44,44,44,55,58,58,52,52,52,52,56,56,56,56,48,48,No,No,No,No,No,No,No,No,No,No,No,No,No,No,No,No,No,No,No,No,No,No,No,No,No,No,No,No,No,No,No,No,No,No,No,No,48,48,44,48,0.225,0.000,0.000,0.000,0.000,0.000,0.000,0.000,1.200,6.563,5.589,3.097,0.006,11.690,2.039,0.097,0.058,45.0,12.0,55.0,55.0,5.000,300.0,3.2,0.0,0.0,0.0,0.0,650,0,5.3,0.4,12.6,0.0,7.3,31.9,0.1,47.6,0.1,7.0,0.1,0.1,0.1,0.8,0.1,0.1,0.1,4.9,22.4,24.3,2.4,0.0,0.0,0.0,0.0,0.0,0.0,0.0,78.8,0.0,0.0,89.7,99.9,99.9,99.9,98.5,99.9,99.9,99.9,34.7,43.1,26.2,1596.1,16.00,22,22,22,52,74,560,1,2,Yes,No,No,No,No,No,No,No,No,No,Yes,No,No,No,No,No,No,No,No,No,No,No,No,No,No,No,No,No,No,No,No,No,No,No,No,No,No,No,43.0,53,53,53,88.0,100.0,No,No,21506,55883,0.0,0.0,0.0,0.000,0.000,2044,805,12.430,41.633,100.0,0.000,22.9,49.9,82.8,12.6,10.1,9.9,9.9,49.8,61.1,12.7,10.2,10.0,10.0,20.05,79.18,12.07,11.20,101.12,101.12,2.68,1.31,20.05,0.00,6.31,0,
1.2.2026,21:36:49.746,5255,3141,62.5,5125,2759,65.0,0.0,1.145,1.122,1.114,1.152,1.144,1.179,1.164,1.164,1.163,1.122,1.122,1.023,0.768,3511.4,4289.5,4289.5,3192.2,3391.7,3391.7,3391.7,3391.7,3391.7,3192.2,3192.2,99.8,3691.0,195.8,1090.3,2.7,877.9,3.4,160.7,176.2,2.5,2.4,25.9,2.6,2.4,2.3,289.5,24.6,39.5,38.0,27.7,38.0,2.7,23.5,22.5,22.5,12.4,22.6,22.5,22.5,39.5,24.6,100.0,14.1,82.3,0.1,63.6,0.2,14.8,4.9,0.1,0.2,2.5,0.2,0.2,0.2,14.1,35.2,43.0,43.0,32.0,34.0,34.0,34.0,34.0,34.0,32.0,32.0,37.0,47,46,39,51,53,53,54,44,45,44,44,53,54,61,49,47,47,46,56,55,56,56,50,54,No,No,No,No,No,No,No,No,No,No,No,No,No,No,No,No,No,No,No,No,No,No,No,No,No,No,No,No,No,No,No,No,No,No,No,No,53,53,44,48,0.230,0.000,0.000,0.000,0.000,0.000,0.000,0.000,1.200,7.813,5.469,2.989,0.016,11.329,2.057,0.097,0.055,45.0,12.0,55.0,55.0,7.000,400.0,9.9,0.0,0.0,0.0,0.0,651,0,6.4,1.0,16.4,0.0,7.8,44.0,0.1,32.2,0.2,6.4,8.3,0.1,0.1,1.5,0.1,0.2,0.1,3.7,19.3,17.3,0.0,0.0,0.0,0.0,0.0,0.0,0.0,0.0,78.1,0.0,0.0,93.4,91.6,99.7,99.8,97.6,99.7,99.7,99.8,40.9,34.5,47.3,1596.1,16.00,22,22,22,52,74,560,1,2,Yes,No,No,No,No,No,No,No,No,No,Yes,No,No,No,No,No,No,No,No,No,No,No,No,No,No,No,No,No,No,No,No,No,No,No,No,No,No,No,42.0,54,54,53,88.0,100.0,No,No,21506,55883,0.0,0.0,0.0,0.000,0.000,2044,805,12.430,41.633,100.0,0.000,22.9,45.4,83.5,10.6,10.0,9.9,9.9,45.3,61.1,10.7,10.1,10.0,10.0,22.03,94.15,11.98,11.19,101.12,101.12,2.46,1.61,22.03,0.00,10.58,0,
1.2.2026,21:36:49.855,5255,3141,62.5,5124,2759,64.9,0.0,0.871,0.865,0.875,0.875,0.875,0.870,0.875,0.870,0.880,0.870,0.856,0.818,0.768,2434.0,3092.4,2992.7,2294.4,2294.4,2294.4,2294.4,2294.4,2294.4,2294.4,2194.6,99.8,2493.9,466.3,1683.2,7.5,1263.6,2.6,965.7,591.6,35.3,17.4,688.3,136.6,7.8,196.3,570.9,13.8,41.8,0.0,32.0,0.0,38.5,26.5,1.3,0.0,25.1,0.0,0.0,0.0,41.8,13.8,100.0,42.7,125.5,0.4,95.6,0.1,108.5,74.6,3.6,1.7,68.5,13.5,0.7,19.1,42.7,24.4,31.0,30.0,23.0,23.0,23.0,23.0,23.0,23.0,23.0,22.0,25.0,48,43,42,51,51,51,51,47,47,47,47,52,57,58,49,49,49,49,53,53,53,53,51,51,No,No,No,No,No,No,No,No,No,No,No,No,No,No,No,No,No,No,No,No,No,No,No,No,No,No,No,No,No,No,No,No,No,No,No,No,49,49,42,48,0.225,0.000,0.000,0.000,0.000,0.000,0.000,0.000,1.200,2.813,12.392,9.112,0.053,19.283,2.652,0.201,0.057,45.0,12.0,55.0,55.0,2.000,300.0,5.8,0.0,0.0,0.0,0.0,650,0,1.4,0.0,3.5,0.0,14.8,43.2,0.2,33.0,0.1,38.3,21.6,1.1,0.6,28.3,4.6,0.3,6.5,0.0,0.4,0.1,0.0,0.0,0.0,0.0,0.0,0.0,0.0,0.0,72.9,36.2,0.0,60.2,76.9,98.8,99.3,69.0,95.3,99.6,93.5,40.8,18.2,63.5,1596.1,16.00,22,22,22,52,74,560,1,2,Yes,No,No,No,No,No,No,No,No,No,Yes,No,No,No,No,No,No,No,No,No,No,No,No,No,No,No,No,No,No,No,No,No,No,No,No,No,No,No,43.0,53,53,53,88.0,100.0,No,No,21506,55883,3.4,2.7,6.1,0.984,0.085,2044,805,12.430,41.633,100.0,0.000,22.9,41.6,83.5,9.8,9.8,9.8,9.8,40.4,61.2,10.0,10.0,10.0,10.0,24.06,101.56,11.98,11.19,101.84,101.84,2.29,1.90,24.06,0.00,16.58,0,
1.2.2026,21:36:49.963,5255,3141,62.5,5124,2760,64.9,0.0,0.799,0.808,0.781,0.801,0.791,0.766,0.801,0.814,0.814,0.814,0.799,0.753,0.768,1815.6,1995.1,1995.1,1895.4,1895.4,997.6,1895.4,1895.4,1895.4,1895.4,1795.6,99.8,1396.6,132.9,314.5,1.5,884.9,1.6,209.2,93.4,5.2,1.1,79.4,1.2,1.1,1.0,188.9,5.1,11.5,0.0,37.2,0.0,10.0,0.0,0.0,0.0,2.8,0.0,0.0,0.0,37.2,5.1,100.0,11.0,22.4,0.1,67.3,0.1,21.9,9.9,0.5,0.1,8.8,0.1,0.1,0.1,11.0,18.2,20.0,20.0,19.0,19.0,10.0,19.0,19.0,19.0,19.0,18.0,14.0,46,43,43,48,48,48,48,45,45,45,45,54,57,57,52,52,52,52,55,55,55,55,47,48,No,No,No,No,No,No,No,No,No,No,No,No,No,No,No,No,No,No,No,No,No,No,No,No,No,No,No,No,No,No,No,No,No,No,No,No,48,48,43,48,0.225,0.000,0.000,0.000,0.000,0.000,0.000,0.000,1.200,2.188,4.268,2.239,0.008,10.041,1.627,0.104,0.060,45.0,12.0,55.0,55.0,1.000,300.0,4.7,0.0,0.0,0.0,0.0,650,0,11.1,0.2,24.7,0.0,6.9,15.8,0.1,40.2,0.1,13.8,6.3,0.4,0.1,5.9,0.1,0.1,0.1,3.8,19.0,0.6,8.5,0.0,0.0,0.0,10.3,0.0,0.0,0.0,75.1,0.0,0.0,75.9,93.0,99.6,99.9,82.7,99.9,99.9,99.9,59.4,62.0,56.8,1596.1,16.00,22,22,22,52,74,560,1,2,Yes,No,No,No,No,No,No,No,No,No,Yes,No,No,No,No,No,No,No,No,No,No,No,No,No,No,No,No,No,No,No,No,No,No,No,No,No,No,No,42.0,53,53,54,88.0,100.0,No,No,21506,55883,0.0,0.0,0.0,0.000,0.000,2044,805,12.430,41.633,100.0,0.000,22.9,41.2,82.7,9.8,9.8,9.8,9.8,40.0,61.2,10.0,10.0,10.0,10.0,24.29,101.57,12.10,11.20,101.84,101.84,2.05,2.13,24.29,0.00,16.88,0,
1.2.2026,21:36:50.080,5255,3141,62.5,5124,2760,64.9,0.0,0.838,0.838,0.813,0.803,0.828,0.828,0.843,0.853,0.853,0.863,0.863,0.781,0.768,2354.2,2793.2,2892.9,1995.1,2194.6,2194.6,2294.4,2294.4,2294.4,2294.4,2294.4,99.8,2194.6,156.6,693.1,1.5,894.8,1.7,272.5,1.5,1.2,1.2,8.6,1.2,1.1,1.2,233.4,12.2,31.3,0.0,40.4,0.0,21.5,0.0,10.6,10.6,0.0,10.6,10.6,10.6,40.4,12.2,100.0,11.7,48.0,0.1,63.8,0.1,27.4,0.1,0.1,0.1,0.5,0.1,0.1,0.1,11.7,23.6,28.0,29.0,20.0,22.0,22.0,23.0,23.0,23.0,23.0,23.0,22.0,47,43,43,49,49,49,49,46,46,46,46,53,57,57,51,51,51,51,54,54,54,54,49,49,No,No,No,No,No,No,No,No,No,No,No,No,No,No,No,No,No,No,No,No,No,No,No,No,No,No,No,No,No,No,No,No,No,No,No,No,48,48,42,48,0.225,0.000,0.000,0.000,0.000,0.000,0.000,0.000,1.200,3.438,5.037,2.880,0.010,10.339,1.716,0.100,0.056,45.0,12.0,55.0,55.0,2.000,300.0,5.3,0.0,0.0,0.0,0.0,650,0,6.0,0.3,25.2,0.0,6.4,26.1,0.1,36.0,0.1,13.4,0.1,0.1,0.1,1.0,0.1,0.1,0.1,6.2,24.8,19.6,17.2,0.0,0.0,0.0,0.0,0.0,0.0,0.0,76.7,0.0,0.0,68.9,99.9,99.9,99.9,98.1,99.9,99.9,99.9,44.5,46.5,42.6,1596.1,16.00,22,22,22,52,74,560,1,2,Yes,No,No,No,No,No,No,No,No,No,Yes,No,No,No,No,No,No,No,No,No,No,No,No,No,No,No,No,No,No,No,No,No,No,No,No,No,No,No,43.0,53,53,53,88.0,100.0,No,No,21506,55883,0.0,0.0,0.0,0.000,0.000,2044,805,12.430,41.633,100.0,0.000,22.9,43.5,79.9,9.8,9.8,9.8,9.8,42.4,61.4,10.0,10.0,10.0,10.0,22.99,101.54,12.52,11.25,101.84,101.84,1.56,1.81,22.99,0.00,14.03,0,
1.2.2026,21:36:50.192,5255,3141,62.5,5124,2760,64.9,0.0,0.768,0.791,0.775,0.750,0.750,0.780,0.750,0.750,0.752,0.792,0.792,0.738,0.768,1616.0,2094.9,2094.9,1496.3,1496.3,1496.3,1496.3,1496.3,1496.3,1496.3,1496.3,99.8,1496.3,119.5,689.5,1.7,687.4,1.6,17.0,1.1,1.4,1.2,29.1,1.6,1.2,1.1,175.1,9.4,24.5,21.4,21.1,21.4,0.0,11.6,0.0,0.0,12.7,0.0,0.0,0.0,24.5,9.4,100.0,8.8,49.7,0.1,51.1,0.1,1.8,0.1,0.1,0.1,2.9,0.1,0.1,0.1,8.9,16.2,21.0,21.0,15.0,15.0,15.0,15.0,15.0,15.0,15.0,15.0,15.0,45,41,42,48,48,48,48,44,44,44,44,55,59,58,52,52,52,52,56,56,56,56,48,48,No,No,No,No,No,No,No,No,No,No,No,No,No,No,No,No,No,No,No,No,No,No,No,No,No,No,No,No,No,No,No,No,No,No,No,No,48,48,42,47,0.217,0.000,0.000,0.000,0.000,0.000,0.000,0.000,1.200,3.125,4.600,2.525,0.011,10.361,1.712,0.082,0.052,45.0,12.0,55.0,55.0,2.000,300.0,2.1,0.0,0.0,0.0,0.0,650,0,12.1,1.0,23.9,0.0,4.4,27.1,0.1,22.9,0.1,0.8,0.1,0.1,0.1,1.7,0.1,0.1,0.1,3.6,19.2,16.4,0.0,0.0,0.0,0.0,0.0,0.0,0.0,0.0,79.6,0.0,0.0,99.0,99.9,99.9,99.9,97.6,99.9,99.9,99.9,55.1,51.4,58.9,1596.1,16.00,22,22,22,52,74,560,1,2,Yes,No,No,No,No,No,No,No,No,No,Yes,No,No,No,No,No,No,No,No,No,No,No,No,No,No,No,No,No,No,No,No,No,No,No,No,No,No,No,42.0,53,53,53,88.0,100.0,No,No,21506,55883,0.0,0.0,0.0,0.000,0.000,2044,805,12.430,41.633,100.0,0.000,22.9,42.2,79.0,9.8,9.8,9.8,9.8,41.1,61.4,10.0,10.0,10.0,10.0,23.67,101.57,12.66,11.26,101.84,101.84,1.23,2.23,23.67,0.00,15.24,0,
1.2.2026,21:36:50.298,5255,3141,62.5,5124,2760,64.9,0.0,0.900,0.902,0.900,0.900,0.900,0.895,0.900,0.900,0.910,0.900,0.900,0.846,0.768,2483.9,3391.7,3291.9,2294.4,2294.4,2294.4,2294.4,2294.4,2294.4,2194.6,2194.6,99.8,2793.2,166.6,453.3,2.3,646.6,2.0,112.1,244.3,360.7,2.5,170.4,1.6,1.6,1.5,228.0,12.8,17.2,9.7,25.7,9.7,14.2,19.8,33.6,19.8,3.8,0.0,0.0,0.0,33.6,12.8,100.0,14.6,33.2,0.1,48.5,0.1,11.1,25.7,39.0,0.2,16.6,0.2,0.1,0.1,14.6,24.9,34.0,33.0,23.0,23.0,23.0,23.0,23.0,23.0,22.0,22.0,28.0,45,41,38,48,48,48,48,44,44,44,44,55,59,62,52,52,52,52,56,56,56,56,48,48,No,No,No,No,No,No,No,No,No,No,No,No,No,No,No,No,No,No,No,No,No,No,No,No,No,No,No,No,No,No,No,No,No,No,No,No,51,51,42,48,0.225,0.000,0.000,0.000,0.000,0.000,0.000,0.000,1.200,2.813,4.136,2.165,0.007,9.198,1.600,0.096,0.056,45.0,12.0,55.0,55.0,2.000,300.0,3.8,0.0,0.0,0.0,0.0,650,0,7.5,0.6,32.4,0.0,7.9,21.5,0.1,29.2,0.1,5.5,11.8,17.8,0.1,7.9,0.1,0.1,0.1,3.6,19.6,8.5,0.0,1.5,0.0,0.0,5.9,0.0,0.0,0.0,74.5,0.0,0.0,93.5,85.7,81.7,99.8,85.0,99.9,99.9,99.9,57.8,56.0,59.6,1596.1,16.00,22,22,22,52,74,560,1,2,Yes,No,No,No,No,No,No,No,No,No,Yes,No,No,No,No,No,No,No,No,No,No,No,No,No,No,No,No,No,No,No,No,No,No,No,No,No,No,No,43.0,53,53,54,88.0,100.0,No,No,21506,55883,1.9,1.1,3.0,0.756,0.609,2045,805,12.429,41.633,100.0,0.000,22.9,37.4,79.8,9.8,9.8,9.8,9.8,36.2,61.4,10.0,10.0,10.0,10.0,26.77,101.61,12.53,11.25,101.84,101.84,1.01,2.40,26.77,0.00,19.53,0,
1.2.2026,21:36:50.411,5256,3140,62.6,5123,2760,64.9,0.0,0.989,0.758,1.111,1.161,1.121,1.140,1.140,0.877,0.872,0.862,0.847,0.713,0.768,2843.0,1795.6,4289.5,3391.7,3391.7,3391.7,3391.7,2194.6,2194.6,2194.6,2194.6,99.8,1197.1,307.1,992.3,2.7,861.9,2.0,599.4,256.3,333.8,5.2,627.3,1.5,1.5,1.4,381.7,17.6,30.6,11.5,28.7,11.6,38.1,0.0,0.4,0.0,55.1,11.5,11.5,11.5,55.1,17.6,100.0,28.1,74.6,0.1,64.8,0.1,65.4,28.0,37.1,0.5,66.6,0.1,0.1,0.1,28.1,28.5,18.0,43.0,34.0,34.0,34.0,34.0,22.0,22.0,22.0,22.0,12.0,46,42,39,50,50,50,50,44,44,44,44,54,58,61,50,50,50,50,56,56,56,56,50,50,No,No,No,No,No,No,No,No,No,No,No,No,No,No,No,No,No,No,No,No,No,No,No,No,No,No,No,No,No,No,No,No,No,No,No,No,49,49,42,49,0.225,0.000,0.000,0.000,0.000,0.000,0.000,0.000,1.200,3.750,7.688,4.407,0.006,15.526,2.720,0.153,0.058,45.0,12.0,55.0,55.0,2.000,300.0,3.2,0.0,0.0,0.0,0.0,650,0,1.3,0.2,0.0,0.0,15.8,32.7,0.1,30.8,0.2,39.7,11.3,15.7,0.2,58.9,0.1,0.1,0.1,6.3,12.0,17.3,11.8,10.1,0.8,0.0,11.1,0.0,0.0,0.0,63.6,0.0,0.0,47.5,77.8,82.9,99.7,28.9,99.8,99.8,99.9,50.5,52.2,48.9,1596.1,16.00,22,22,22,52,74,560,1,2,Yes,No,No,No,No,No,No,No,No,No,Yes,No,No,No,No,No,No,No,No,No,No,No,No,No,No,No,No,No,No,No,No,No,No,No,No,No,No,No,43.0,53,53,57,88.0,100.0,No,No,21506,55883,3.3,0.1,3.4,0.321,0.142,2045,805,12.429,41.633,100.0,0.000,22.9,35.6,64.1,9.8,9.8,9.8,9.8,33.3,61.4,10.0,10.0,10.0,10.0,28.11,101.62,15.61,15.58,101.84,101.84,0.92,2.60,28.11,0.00,21.54,0,
1.2.2026,21:36:50.525,5307,3088,63.2,5156,2728,65.3,0.0,1.037,0.992,0.986,1.021,1.056,1.056,1.056,1.036,1.056,1.056,1.056,0.913,0.768,3012.6,3890.5,3890.5,2793.2,2793.2,2793.2,2793.2,2793.2,2793.2,2793.2,2793.2,99.8,3291.9,681.8,1741.2,154.1,2667.4,168.2,1170.3,144.8,145.3,137.3,1412.9,148.0,146.4,145.7,791.1,25.3,43.7,12.8,63.1,12.9,46.2,13.7,13.7,13.4,44.2,13.3,13.3,13.2,63.1,25.3,100.0,52.7,132.5,3.1,200.2,3.7,118.1,5.8,5.9,5.0,143.9,5.0,4.9,4.8,52.8,30.2,39.0,39.0,28.0,28.0,28.0,28.0,28.0,28.0,28.0,28.0,33.0,53,51,57,55,55,55,55,51,51,51,51,47,49,43,45,45,45,45,49,49,49,49,57,57,No,No,No,No,No,No,No,No,No,No,No,No,No,No,No,No,No,No,No,No,No,No,No,No,No,No,No,No,No,No,No,No,No,No,No,No,51,51,44,48,0.220,0.000,0.000,0.000,0.000,0.000,0.000,0.000,1.200,3.750,16.820,13.151,0.004,25.036,3.075,0.203,0.056,45.0,12.0,55.0,55.0,3.000,300.0,1.5,0.0,0.0,0.0,0.0,650,0,0.8,0.3,0.0,0.0,20.4,45.3,3.9,65.7,4.1,50.4,5.4,5.4,5.0,44.8,5.1,5.0,5.0,6.3,32.7,17.2,1.0,1.5,1.5,1.6,1.5,1.8,1.9,2.0,65.9,0.0,1.8,47.1,92.8,92.9,93.2,52.2,93.0,92.9,92.9,16.5,19.7,13.4,1596.1,16.00,22,22,22,52,74,560,1,2,Yes,No,No,No,No,No,No,No,No,No,Yes,No,No,No,No,No,No,No,No,No,No,No,No,No,No,No,No,No,No,No,No,No,No,No,No,No,No,No,43.0,53,53,60,88.0,100.0,No,No,21506,55883,100.0,0.0,100.0,496.487,0.000,2092,805,12.429,41.633,100.0,0.000,22.9,34.1,64.1,9.8,9.8,9.8,9.8,32.1,63.5,10.0,10.0,10.0,10.0,29.30,101.61,15.61,15.58,101.84,101.84,0.91,2.68,29.30,0.00,21.37,0,
1.2.2026,21:36:50.631,5293,3103,63.0,5139,2744,65.1,0.0,1.111,1.120,1.109,1.114,1.114,1.114,1.114,1.109,1.109,1.109,1.094,1.028,0.768,3411.7,4289.5,4289.5,3192.2,3192.2,3192.2,3192.2,3192.2,3192.2,3192.2,3192.2,99.8,3691.0,303.5,966.2,1.2,1458.1,1.8,237.2,193.6,349.3,182.3,221.8,27.3,1.6,1.7,423.7,9.1,28.6,0.0,41.6,0.0,6.6,6.3,14.2,5.1,6.4,0.0,0.0,0.0,41.6,9.1,100.0,25.4,75.3,0.1,105.1,0.1,23.4,20.1,37.6,19.3,20.7,3.0,0.1,0.1,25.4,34.2,43.0,43.0,32.0,32.0,32.0,32.0,32.0,32.0,32.0,32.0,37.0,50,46,58,51,51,51,51,48,48,48,48,50,54,42,49,49,49,49,52,52,52,52,56,58,No,No,No,No,No,No,No,No,No,No,No,No,No,No,No,No,No,No,No,No,No,No,No,No,No,No,No,No,No,No,No,No,No,No,No,No,58,58,42,48,0.220,0.000,0.000,0.000,0.000,0.000,0.000,0.000,1.200,15.313,11.036,7.396,0.010,19.383,3.065,0.177,0.056,45.0,12.0,55.0,55.0,19.000,300.0,1.9,0.0,0.0,0.0,0.0,650,0,0.0,0.0,0.0,0.0,11.2,31.4,0.0,46.2,0.0,9.9,9.1,16.9,7.8,10.0,2.7,0.1,0.1,29.6,13.6,53.8,31.7,33.1,20.9,34.4,34.3,24.9,24.9,24.8,50.8,0.0,0.0,56.9,56.7,60.6,56.9,54.6,72.3,75.0,75.1,26.3,52.7,0.0,1596.1,16.00,22,22,22,52,74,560,1,2,Yes,No,No,No,No,No,No,No,No,No,Yes,No,No,No,No,No,No,No,No,No,No,No,No,No,No,No,No,No,No,No,No,No,No,No,No,No,No,No,42.0,53,53,60,88.0,100.0,No,No,21506,55883,100.0,0.0,100.0,295.127,0.000,2133,805,12.429,41.633,100.0,0.000,22.9,33.1,64.1,8.9,8.6,8.6,8.6,31.0,63.5,8.9,8.6,8.6,8.6,30.20,112.02,15.61,15.58,116.59,116.59,0.90,3.21,30.20,0.00,18.05,0,
1.2.2026,21:36:50.741,5692,2704,67.7,5148,2735,65.3,0.0,1.092,1.074,1.083,1.098,1.099,1.099,1.094,1.094,1.094,1.094,1.094,1.031,0.768,3411.7,4289.5,4289.5,3192.2,3192.2,3192.2,3192.2,3192.2,3192.2,3192.2,3192.2,99.8,3691.0,567.4,1903.3,1.6,3718.9,2.6,1126.9,11.0,3.6,4.4,28.7,4.7,1.3,2.0,846.5,16.2,41.1,0.0,84.1,0.0,27.8,0.7,0.0,0.0,2.4,12.9,12.8,12.8,84.1,16.2,100.0,43.3,132.0,0.1,283.5,0.2,94.9,1.3,0.7,0.4,5.4,0.5,0.1,0.2,43.3,34.2,43.0,43.0,32.0,32.0,32.0,32.0,32.0,32.0,32.0,32.0,37.0,51,48,64,50,50,50,50,50,49,49,49,49,52,36,50,50,50,50,50,51,51,51,62,64,No,No,No,No,No,No,No,No,No,No,No,No,No,No,No,No,No,No,No,No,No,No,No,No,No,No,No,No,No,No,No,No,No,No,No,No,64,64,44,48,0.225,0.000,0.000,0.000,0.000,0.000,0.000,0.000,1.200,19.375,20.009,16.140,0.008,27.842,3.275,0.180,0.056,45.0,12.0,55.0,55.0,17.000,300.0,2.1,0.0,0.0,0.0,0.0,650,0,0.0,0.0,0.0,0.0,14.2,45.8,0.0,85.7,0.1,36.2,0.3,0.1,0.1,1.6,0.1,0.0,0.1,9.7,49.5,14.3,33.0,0.0,0.0,0.0,0.0,0.0,0.0,0.0,72.6,0.0,0.0,29.6,99.6,99.8,99.8,97.6,99.8,99.9,99.9,1.9,3.9,0.0,1596.1,16.00,22,22,22,52,74,560,1,2,Yes,No,No,No,No,No,No,No,No,No,Yes,No,No,No,No,No,No,No,No,No,No,No,No,No,No,No,No,No,No,No,No,No,No,No,No,No,No,No,44.0,53,53,61,88.0,100.0,No,No,21506,55883,8.5,0.0,8.5,2.476,0.000,2133,805,12.429,41.633,100.0,0.000,22.9,35.8,63.4,9.4,8.7,8.6,8.6,34.0,63.5,9.0,8.6,8.6,8.6,27.93,106.60,15.76,15.69,116.59,116.59,0.78,2.94,27.93,0.00,17.50,0,
1.2.2026,21:36:50.850,5703,2692,67.9,5162,2721,65.4,0.0,1.116,1.101,1.135,1.117,1.117,1.117,1.117,1.117,1.117,1.117,1.112,1.031,0.768,3441.6,4289.5,4588.8,3192.2,3192.2,3192.2,3192.2,3192.2,3192.2,3192.2,3192.2,99.8,3691.0,637.0,2321.4,1.6,3843.6,2.1,1340.0,1.1,1.2,1.1,128.0,1.3,1.2,1.3,939.0,15.6,46.7,0.0,86.0,8.5,29.1,0.0,0.0,0.0,0.0,0.0,8.5,8.5,86.0,15.6,100.0,48.2,161.1,0.1,291.5,0.1,111.1,0.1,0.1,0.1,13.6,0.1,0.1,0.2,48.2,34.5,43.0,46.0,32.0,32.0,32.0,32.0,32.0,32.0,32.0,32.0,37.0,53,53,61,53,53,53,53,50,50,50,50,47,47,39,47,47,47,47,50,50,50,50,61,61,No,No,No,No,No,No,No,No,No,No,No,No,No,No,No,No,No,No,No,No,No,No,No,No,No,No,No,No,No,No,No,No,No,No,No,No,61,61,45,49,0.225,0.000,0.000,0.000,0.000,0.000,0.000,0.000,1.200,16.563,20.009,16.140,0.008,27.842,3.275,0.180,0.056,45.0,12.0,55.0,55.0,17.000,300.0,2.8,0.0,0.0,0.0,0.0,650,0,0.0,0.0,0.0,0.0,16.0,55.3,0.0,88.8,0.0,42.8,0.0,0.0,0.0,4.8,0.0,0.0,0.0,9.2,43.1,11.3,37.9,0.0,0.0,0.0,0.0,0.0,0.0,0.0,71.2,0.0,0.0,18.4,99.9,99.9,99.9,94.2,99.9,99.9,99.9,0.6,1.2,0.0,1596.1,16.00,22,22,22,52,74,560,1,2,Yes,No,No,No,No,No,No,No,No,No,Yes,No,No,No,No,No,No,No,No,No,No,No,No,No,No,No,No,No,No,No,No,No,No,No,No,No,No,No,42.0,53,53,62,88.0,100.0,No,No,21506,55883,6.8,5.7,12.5,2.436,26.852,2134,807,12.429,41.633,100.0,0.000,22.9,31.1,63.5,8.9,8.6,8.6,8.6,30.0,63.6,8.9,8.6,8.6,8.6,32.14,112.11,15.75,15.69,116.59,116.59,0.74,3.59,32.14,0.00,22.43,0,
1.2.2026,21:36:50.964,5717,2678,68.0,5183,2701,65.7,0.0,1.086,1.093,1.074,1.084,1.084,1.084,1.085,1.085,1.085,1.100,1.085,1.028,0.768,3411.7,4289.5,4289.5,3192.2,3192.2,3192.2,3192.2,3192.2,3192.2,3192.2,3192.2,99.8,3691.0,534.2,1693.0,2.8,4266.9,1.2,185.0,97.7,2.0,1.2,155.3,1.2,1.7,2.2,781.2,23.6,41.2,0.0,97.3,45.1,17.2,23.0,10.8,10.7,15.8,10.7,10.7,0.0,97.3,23.6,100.0,42.5,135.9,0.1,330.7,0.1,17.5,10.5,0.2,0.1,14.8,0.1,0.1,0.1,42.5,34.2,43.0,43.0,32.0,32.0,32.0,32.0,32.0,32.0,32.0,32.0,37.0,53,53,57,55,55,55,55,49,49,49,49,47,47,43,45,45,45,45,51,51,51,51,55,57,No,No,No,No,No,No,No,No,No,No,No,No,No,No,No,No,No,No,No,No,No,No,No,No,No,No,No,No,No,No,No,No,No,No,No,No,57,57,44,49,0.225,0.000,0.000,0.000,0.000,0.000,0.000,0.000,1.200,18.438,19.545,15.482,0.008,27.358,3.452,0.180,0.059,45.0,12.0,55.0,55.0,18.000,300.0,1.8,0.0,0.0,0.0,0.0,650,0,0.0,0.0,0.0,0.0,13.4,43.7,0.1,97.5,0.0,9.1,3.2,0.1,0.0,7.0,0.0,0.1,0.1,6.1,56.0,2.5,0.0,0.0,0.0,0.0,2.9,0.0,0.0,0.0,77.1,0.0,0.0,87.4,96.6,99.9,99.9,87.0,99.9,99.9,99.9,0.1,0.2,0.0,1596.1,16.00,22,22,22,52,74,560,1,2,Yes,No,No,No,No,No,No,No,No,No,Yes,No,No,No,No,No,No,No,No,No,No,No,No,No,No,No,No,No,No,No,No,No,No,No,No,No,No,No,42.0,53,53,61,88.0,100.0,No,No,21506,55883,3.5,0.0,3.5,2.004,0.000,2134,807,12.429,41.633,100.0,0.000,22.9,25.4,62.1,8.8,8.6,8.6,8.6,24.2,63.8,8.8,8.6,8.6,8.6,39.37,113.10,16.10,16.08,116.59,116.59,0.74,4.63,39.37,0.00,31.78,0,
1.2.2026,21:36:51.076,5790,2606,68.9,5239,2645,66.4,0.0,1.136,1.102,1.098,1.107,1.122,1.162,1.122,1.162,1.162,1.162,1.162,1.028,0.768,3571.3,4289.5,4289.5,3391.7,3391.7,3391.7,3391.7,3391.7,3391.7,3391.7,3391.7,99.8,3691.0,576.4,2113.5,3.1,3310.5,23.5,866.6,267.3,12.8,3.5,310.0,1.9,2.1,1.9,825.1,17.5,48.8,47.7,75.4,0.0,35.4,0.0,0.0,0.0,0.0,0.0,0.0,2.9,75.4,17.5,100.0,47.6,155.6,0.3,255.7,1.1,93.4,29.6,1.3,0.3,33.7,0.1,0.2,0.2,47.6,35.8,43.0,43.0,34.0,34.0,34.0,34.0,34.0,34.0,34.0,34.0,37.0,52,48,55,55,55,55,55,50,50,50,50,48,52,45,45,45,45,45,50,50,50,50,55,55,No,No,No,No,No,No,No,No,No,No,No,No,No,No,No,No,No,No,No,No,No,No,No,No,No,No,No,No,No,No,No,No,No,No,No,No,60,60,46,49,0.220,0.000,0.000,0.000,0.000,0.000,0.000,0.000,1.200,17.813,19.545,15.482,0.008,27.358,3.452,0.180,0.059,45.0,12.0,55.0,55.0,18.000,300.0,0.7,0.0,0.0,0.0,0.0,650,0,0.0,0.0,0.0,0.0,16.0,48.6,0.1,75.2,0.5,44.7,10.3,0.4,0.1,11.5,0.1,0.1,0.1,3.6,10.7,21.6,4.1,0.0,0.0,0.0,0.0,0.0,0.0,0.0,76.1,32.9,3.2,48.4,89.6,99.5,99.8,87.5,99.9,99.9,99.8,3.3,6.6,0.0,1596.1,16.00,22,22,22,52,74,560,1,2,Yes,No,No,No,No,No,No,No,No,No,Yes,No,No,No,No,No,No,No,No,No,No,No,No,No,No,No,No,No,No,No,No,No,No,No,No,No,No,No,44.0,53,53,62,88.0,100.0,No,No,21506,55883,11.7,0.0,11.7,20.847,0.000,2136,807,12.429,41.633,100.0,0.000,22.9,20.4,62.0,8.8,8.6,8.6,8.6,19.2,63.7,8.8,8.6,8.6,8.6,49.05,113.77,16.14,16.08,116.59,116.59,0.73,5.92,49.05,0.00,47.96,0,
1.2.2026,21:36:51.185,5792,2603,68.9,5245,2639,66.5,0.0,1.124,1.135,1.115,1.110,1.125,1.125,1.125,1.125,1.125,1.125,1.125,1.026,0.768,3411.7,4289.5,4289.5,3192.2,3192.2,3192.2,3192.2,3192.2,3192.2,3192.2,3192.2,99.8,3691.0,214.5,727.3,2.4,1553.9,2.1,166.6,1.4,1.4,1.8,113.0,1.4,1.6,1.5,307.1,9.7,29.3,0.0,50.5,0.0,18.7,0.0,0.0,0.0,18.1,0.0,0.0,0.0,50.5,9.7,100.0,16.3,53.6,0.1,114.6,0.1,15.3,0.1,0.1,0.2,11.0,0.1,0.2,0.1,16.3,34.2,43.0,43.0,32.0,32.0,32.0,32.0,32.0,32.0,32.0,32.0,37.0,51,49,53,52,52,52,52,49,49,49,49,49,51,47,48,48,48,48,51,51,51,51,53,53,No,No,No,No,No,No,No,No,No,No,No,No,No,No,No,No,No,No,No,No,No,No,No,No,No,No,No,No,No,No,No,No,No,No,No,No,55,55,44,49,0.225,0.000,0.000,0.000,0.000,0.000,0.000,0.000,1.200,18.750,10.190,6.351,0.008,18.672,3.298,0.139,0.056,45.0,12.0,55.0,55.0,18.000,300.0,3.4,0.0,0.0,0.0,0.0,650,0,0.0,0.0,0.0,0.0,6.8,20.3,0.1,45.6,0.0,8.2,0.0,0.0,0.1,7.0,0.0,0.0,0.0,10.9,23.8,54.4,30.8,0.0,0.0,0.0,0.0,0.0,0.0,0.0,76.2,12.5,0.0,59.6,99.9,99.9,99.9,90.7,99.9,99.9,99.9,20.8,41.5,0.0,1596.1,16.00,22,22,22,52,74,560,1,2,Yes,No,No,No,No,No,No,No,No,No,Yes,No,No,No,No,No,No,No,No,No,No,No,No,No,No,No,No,No,No,No,No,No,No,No,No,No,No,No,42.0,54,54,63,88.0,100.0,No,No,21506,55883,56.2,0.1,56.3,146.831,2.618,2153,807,12.429,41.633,100.0,0.000,22.9,18.9,61.3,8.6,8.5,8.5,8.5,17.8,63.7,8.6,8.6,8.6,8.6,52.93,116.91,16.32,16.30,116.98,116.98,0.70,5.52,52.93,0.00,58.20,0,
1.2.2026,21:36:51.295,5797,2599,69.0,5257,2627,66.6,0.0,1.097,1.104,1.095,1.110,1.110,1.100,1.090,1.090,1.090,1.090,1.090,1.028,0.768,3411.7,4289.5,4289.5,3192.2,3192.2,3192.2,3192.2,3192.2,3192.2,3192.2,3192.2,99.8,3691.0,470.3,1577.7,1.1,3207.2,1.5,842.6,1.3,1.2,1.2,5.6,1.1,1.7,1.2,704.2,17.4,35.1,29.4,68.2,0.0,4.9,11.8,11.8,11.8,0.0,11.8,11.8,11.8,68.2,17.4,100.0,34.3,114.1,0.1,230.6,0.1,66.1,0.1,0.1,0.1,0.4,0.1,0.1,0.1,34.3,34.2,43.0,43.0,32.0,32.0,32.0,32.0,32.0,32.0,32.0,32.0,37.0,52,53,58,53,53,53,53,49,49,49,49,48,47,42,47,47,47,47,51,51,51,51,60,58,No,No,No,No,No,No,No,No,No,No,No,No,No,No,No,No,No,No,No,No,No,No,No,No,No,No,No,No,No,No,No,No,No,No,No,No,57,57,45,49,0.220,0.000,0.000,0.000,0.000,0.000,0.000,0.000,1.200,15.938,17.516,13.663,0.005,25.500,3.309,0.157,0.056,45.0,12.0,55.0,55.0,16.000,300.0,1.4,0.0,0.0,0.0,0.0,650,0,0.0,0.0,0.0,0.0,11.7,39.0,0.0,74.0,0.0,26.8,0.0,0.0,0.0,0.6,0.0,0.1,0.0,12.2,61.1,26.0,34.9,0.0,0.0,0.0,0.0,0.0,0.0,0.0,73.7,0.0,0.0,38.2,99.9,99.9,99.9,98.9,99.9,99.9,99.9,0.0,0.0,0.0,1596.1,16.00,22,22,22,52,74,560,1,2,Yes,No,No,No,No,No,No,No,No,No,Yes,No,No,No,No,No,No,No,No,No,No,No,No,No,No,No,No,No,No,No,No,No,No,No,No,No,No,No,42.0,54,54,63,88.0,100.0,No,No,21506,55883,39.1,0.0,39.1,62.133,0.000,2159,807,12.429,41.633,100.0,0.000,22.9,18.1,61.3,8.6,8.5,8.5,8.5,16.6,63.7,8.6,8.6,8.6,8.6,55.21,116.92,16.32,16.30,116.98,116.98,0.76,6.19,55.21,0.00,56.14,0,
1.2.2026,21:36:51.405,5803,2592,69.1,5267,2616,66.8,0.0,1.108,1.120,1.097,1.107,1.107,1.107,1.107,1.107,1.107,1.107,1.107,1.028,0.768,3411.7,4289.5,4289.5,3192.2,3192.2,3192.2,3192.2,3192.2,3192.2,3192.2,3192.2,99.8,3691.0,450.4,1415.1,1.2,3494.7,1.5,460.7,1.3,1.3,1.2,22.6,1.2,2.3,1.2,672.1,15.4,30.5,0.0,77.3,44.5,22.1,0.0,0.0,0.0,10.7,0.0,0.0,0.0,77.3,15.4,100.0,34.2,103.4,0.1,262.6,0.1,41.0,0.1,0.1,0.1,2.1,0.1,0.2,0.1,34.2,34.2,43.0,43.0,32.0,32.0,32.0,32.0,32.0,32.0,32.0,32.0,37.0,51,48,61,52,52,52,52,49,49,49,49,49,52,39,48,48,48,48,51,51,51,51,58,61,No,No,No,No,No,No,No,No,No,No,No,No,No,No,No,No,No,No,No,No,No,No,No,No,No,No,No,No,No,No,No,No,No,No,No,No,61,61,45,49,0.225,0.000,0.000,0.000,0.000,0.000,0.000,0.000,1.200,19.063,17.729,13.819,0.011,25.670,3.334,0.171,0.056,45.0,12.0,55.0,55.0,18.000,300.0,2.9,0.0,0.0,0.0,0.0,650,0,0.0,0.0,0.0,0.0,11.3,36.9,0.0,80.6,0.0,16.8,0.0,0.0,0.0,1.3,0.0,0.1,0.0,11.0,63.2,19.4,27.3,0.0,0.0,0.0,0.0,0.0,0.0,0.0,75.3,0.0,0.0,55.2,99.9,99.9,99.9,98.0,99.9,99.9,99.9,0.0,0.0,0.0,1596.1,16.00,22,22,22,52,74,560,1,2,Yes,No,No,No,No,No,No,No,No,No,Yes,No,No,No,No,No,No,No,No,No,No,No,No,No,No,No,No,No,No,No,No,No,No,No,No,No,No,No,43.0,54,54,64,88.0,100.0,No,No,21506,55883,27.9,0.0,27.9,47.638,0.000,2164,807,12.429,41.633,100.0,0.000,22.9,15.8,61.3,8.6,8.5,8.5,8.5,15.8,60.1,8.6,8.6,8.6,8.6,63.12,116.93,16.32,16.30,116.98,116.98,0.80,6.35,63.12,0.00,71.29,0,
1.2.2026,21:36:51.516,5809,2587,69.1,5279,2604,66.9,0.0,1.102,1.126,1.082,1.102,1.102,1.102,1.102,1.102,1.102,1.102,1.102,1.031,0.768,3411.7,4289.5,4289.5,3192.2,3192.2,3192.2,3192.2,3192.2,3192.2,3192.2,3192.2,99.8,3691.0,454.0,2119.9,2.0,3059.5,1.9,207.8,1.3,1.2,1.2,49.3,1.3,1.1,1.2,674.4,10.1,47.2,0.0,68.3,0.0,5.5,0.0,0.0,0.0,0.0,0.0,0.0,0.0,68.3,10.1,100.0,35.2,160.6,0.1,233.5,0.1,21.8,0.1,0.1,0.1,5.2,0.1,0.2,0.1,35.2,34.2,43.0,43.0,32.0,32.0,32.0,32.0,32.0,32.0,32.0,32.0,37.0,53,53,62,54,54,54,54,50,50,50,50,47,47,38,46,46,46,46,50,50,50,50,64,62,No,No,No,No,No,No,No,No,No,No,No,No,No,No,No,No,No,No,No,No,No,No,No,No,No,No,No,No,No,No,No,No,No,No,No,No,62,62,45,49,0.225,0.000,0.000,0.000,0.000,0.000,0.000,0.000,1.200,17.500,19.190,15.264,0.003,27.147,3.319,0.191,0.056,45.0,12.0,55.0,55.0,17.000,300.0,3.3,0.0,0.0,0.0,0.0,650,0,0.0,0.0,0.0,0.0,11.0,50.7,0.1,70.3,0.1,8.3,0.0,0.0,0.0,2.0,0.0,0.0,0.0,6.4,34.4,29.7,0.0,0.0,0.0,0.0,0.0,0.0,0.0,0.0,78.7,0.0,0.0,90.2,99.9,99.9,99.9,97.4,99.9,99.9,99.9,6.5,13.0,0.0,1596.1,16.00,22,22,22,52,74,560,1,2,Yes,No,No,No,No,No,No,No,No,No,Yes,No,No,No,No,No,No,No,No,No,No,No,No,No,No,No,No,No,No,No,No,No,No,No,No,No,No,No,44.0,54,54,64,88.0,100.0,No,No,21506,55883,16.8,0.0,16.8,41.185,0.000,2168,807,12.429,41.633,100.0,0.000,22.9,16.3,61.3,8.6,8.5,8.5,8.5,16.3,60.1,8.6,8.6,8.6,8.6,61.46,116.92,16.32,16.30,116.98,116.98,0.82,5.75,61.46,0.00,72.87,0,
1.2.2026,21:36:51.627,5805,2591,69.1,5284,2600,67.0,0.0,1.101,1.106,1.130,1.090,1.100,1.100,1.100,1.091,1.101,1.101,1.091,1.028,0.768,3062.5,4289.5,4588.8,3192.2,3192.2,3192.2,3192.2,997.6,1596.1,3192.2,3192.2,99.8,3691.0,471.9,1498.5,1.8,3756.3,2.8,388.4,1.2,1.2,1.2,7.7,1.3,1.2,1.2,706.4,11.5,35.0,0.0,84.6,0.0,15.4,0.0,0.0,0.0,2.7,0.0,0.0,0.0,84.6,11.5,100.0,35.4,106.0,0.1,286.9,0.1,30.1,0.1,0.1,0.1,0.6,0.1,0.1,0.1,35.4,30.7,43.0,46.0,32.0,32.0,32.0,32.0,10.0,16.0,32.0,32.0,37.0,54,53,56,57,57,57,57,50,50,49,49,46,47,44,43,43,43,43,50,50,51,51,55,57,No,No,No,No,No,No,No,No,No,No,No,No,No,No,No,No,No,No,No,No,No,No,No,No,No,No,No,No,No,No,No,No,No,No,No,No,57,57,45,49,0.225,0.000,0.000,0.000,0.000,0.000,0.000,0.000,1.200,16.563,18.367,14.437,0.009,26.400,3.330,0.236,0.056,45.0,12.0,55.0,55.0,20.000,300.0,0.8,0.0,0.0,0.0,0.0,650,0,0.0,0.0,0.0,0.0,11.7,35.4,0.0,85.7,0.1,17.5,0.0,0.0,0.0,0.9,0.1,0.0,0.0,7.7,62.8,14.3,0.0,0.0,0.0,0.0,0.0,0.0,0.0,0.0,78.0,0.0,0.0,81.3,99.9,99.9,99.9,98.6,99.9,99.9,99.9,0.6,1.3,0.0,1596.1,16.00,22,22,22,52,74,560,1,2,Yes,No,No,No,No,No,No,No,No,No,Yes,No,No,No,No,No,No,No,No,No,No,No,No,No,No,No,No,No,No,No,No,No,No,No,No,No,No,No,44.0,54,54,65,88.0,100.0,No,No,21506,55883,17.5,0.0,17.5,28.810,0.000,2172,807,12.429,41.633,100.0,0.000,22.9,17.9,61.3,8.7,8.6,8.5,8.5,17.9,60.1,8.7,8.6,8.6,8.6,55.93,114.84,16.30,16.30,116.98,116.98,0.77,3.97,55.93,0.00,69.05,0,
1.2.2026,21:36:51.735,5812,2583,69.2,5297,2587,67.1,0.0,1.097,1.092,1.068,1.083,1.088,1.089,1.129,1.124,1.124,1.084,1.089,1.028,0.768,3411.7,4289.5,4289.5,3192.2,3192.2,3192.2,3192.2,3192.2,3192.2,3192.2,3192.2,99.8,3691.0,537.9,1949.7,1.4,3475.1,1.8,987.3,1.7,1.7,1.9,28.4,2.0,1.7,1.6,802.6,23.9,41.4,40.2,78.8,40.2,24.8,10.2,10.2,10.2,0.0,10.3,10.2,10.2,78.8,23.9,100.0,41.8,138.3,0.1,265.9,0.1,94.2,0.1,0.1,0.1,2.6,0.1,0.1,0.1,41.8,34.2,43.0,43.0,32.0,32.0,32.0,32.0,32.0,32.0,32.0,32.0,37.0,54,56,61,55,55,55,55,49,50,50,50,46,44,39,45,45,45,45,51,50,50,50,61,61,No,No,No,No,No,No,No,No,No,No,No,No,No,No,No,No,No,No,No,No,No,No,No,No,No,No,No,No,No,No,No,No,No,No,No,No,61,61,45,49,0.225,0.000,0.000,0.000,0.000,0.000,0.000,0.000,1.200,17.500,18.503,14.602,0.013,26.058,3.283,0.190,0.056,45.0,12.0,55.0,55.0,17.000,300.0,3.8,0.0,0.0,0.0,0.0,650,0,0.0,0.0,0.0,0.0,13.5,47.9,0.1,80.8,0.0,30.9,0.1,0.1,0.1,1.6,0.1,0.1,0.1,10.2,52.1,19.3,30.7,0.0,0.0,0.0,0.0,0.0,0.0,0.0,73.5,0.0,0.0,38.3,99.9,99.9,99.9,97.6,99.8,99.8,99.8,0.0,0.0,0.0,1596.1,16.00,22,22,22,52,74,560,1,2,Yes,No,No,No,No,No,No,No,No,No,Yes,No,No,No,No,No,No,No,No,No,No,No,No,No,No,No,No,No,No,No,No,No,No,No,No,No,No,No,44.0,54,54,65,88.0,100.0,No,No,21506,55883,22.1,0.2,22.3,40.891,4.141,2176,807,12.429,41.633,100.0,0.000,22.9,17.0,61.3,8.6,8.5,8.5,8.5,17.0,60.1,8.6,8.6,8.6,8.6,58.90,116.81,16.30,16.30,116.98,116.98,0.77,3.62,58.90,0.00,66.54,0,
1.2.2026,21:36:51.848,5821,2575,69.3,5301,2583,67.2,0.0,1.105,1.096,1.091,1.106,1.106,1.106,1.121,1.096,1.101,1.111,1.111,1.031,0.768,3042.6,4289.5,4289.5,3192.2,3192.2,3192.2,3192.2,997.6,1695.9,3192.2,3192.2,99.8,3691.0,583.6,2566.5,1.3,3429.2,1.7,956.3,6.2,1.2,1.3,35.0,1.1,1.7,1.7,870.5,14.7,56.5,0.0,77.1,0.0,28.3,12.6,0.0,0.0,1.3,0.0,0.0,0.0,77.1,14.7,100.0,45.4,187.4,0.1,259.1,0.1,93.1,0.6,0.1,0.1,3.4,0.1,0.1,0.1,45.4,30.5,43.0,43.0,32.0,32.0,32.0,32.0,10.0,17.0,32.0,32.0,37.0,53,51,61,53,53,55,55,50,50,50,50,47,49,39,47,47,45,45,50,50,50,50,61,61,No,No,No,No,No,No,No,No,No,No,No,No,No,No,No,No,No,No,No,No,No,No,No,No,No,No,No,No,No,No,No,No,No,No,No,No,62,62,45,49,0.225,0.000,0.000,0.000,0.000,0.000,0.000,0.000,1.200,17.500,18.503,14.602,0.013,26.058,3.283,0.190,0.056,45.0,12.0,55.0,55.0,19.000,300.0,0.7,0.0,0.0,0.0,0.0,650,0,0.0,0.0,0.0,0.0,14.5,60.3,0.0,79.4,0.0,32.3,0.2,0.0,0.0,1.7,0.1,0.1,0.1,8.6,36.9,20.7,28.9,0.0,0.0,0.0,0.0,0.0,0.0,0.0,73.7,2.1,0.0,37.6,99.7,99.9,99.9,97.6,99.9,99.9,99.9,0.2,0.4,0.0,1596.1,16.00,22,22,22,52,74,560,1,2,Yes,No,No,No,No,No,No,No,No,No,Yes,No,No,No,No,No,No,No,No,No,No,No,No,No,No,No,No,No,No,No,No,No,No,No,No,No,No,No,43.0,54,54,64,88.0,100.0,No,No,21506,55883,17.6,0.0,17.6,35.426,0.000,2179,807,12.429,41.633,100.0,0.000,22.9,17.0,61.3,8.6,8.5,8.5,8.5,17.0,60.1,8.6,8.6,8.6,8.6,58.88,116.81,16.30,16.30,116.98,116.98,0.78,3.44,58.88,0.00,66.56,0,
1.2.2026,21:36:51.956,5829,2566,69.4,5318,2566,67.4,0.0,1.123,1.078,1.127,1.117,1.142,1.140,1.125,1.140,1.125,1.125,1.115,1.031,0.768,3441.6,4289.5,4588.8,3192.2,3192.2,3192.2,3192.2,3192.2,3192.2,3192.2,3192.2,99.8,3691.0,484.5,1961.7,1.9,3412.1,2.6,406.0,1.2,1.2,1.2,21.7,1.3,1.5,1.4,723.5,11.5,45.9,0.0,77.7,0.0,13.7,0.0,0.0,0.0,0.7,0.0,0.0,0.0,77.7,11.5,100.0,38.5,152.7,0.1,262.4,0.1,43.5,0.1,0.1,0.1,2.0,0.1,0.2,0.2,38.5,34.5,43.0,46.0,32.0,32.0,32.0,32.0,32.0,32.0,32.0,32.0,37.0,53,53,64,53,53,53,53,50,50,50,50,47,47,36,47,47,47,47,50,50,50,50,62,64,No,No,No,No,No,No,No,No,No,No,No,No,No,No,No,No,No,No,No,No,No,No,No,No,No,No,No,No,No,No,No,No,No,No,No,No,60,60,45,49,0.225,0.000,0.000,0.000,0.000,0.000,0.000,0.000,1.200,20.313,20.426,16.350,0.013,28.407,3.471,0.193,0.057,45.0,12.0,55.0,55.0,18.000,300.0,1.8,0.0,0.0,0.0,0.0,650,0,0.0,0.0,0.0,0.0,12.0,48.8,0.1,79.1,0.1,14.6,0.1,0.0,0.0,1.4,0.0,0.0,0.0,7.3,45.0,20.9,7.0,0.0,0.0,0.0,0.0,0.0,0.0,0.0,77.8,4.0,0.0,76.8,99.9,99.9,99.9,97.9,99.9,99.9,99.9,0.9,1.8,0.0,1596.1,16.00,22,22,22,52,74,560,1,2,Yes,No,No,No,No,No,No,No,No,No,Yes,No,No,No,No,No,No,No,No,No,No,No,No,No,No,No,No,No,No,No,No,No,No,No,No,No,No,No,44.0,54,54,65,88.0,100.0,No,No,21506,55883,15.8,0.0,15.8,26.998,0.000,2182,807,12.429,41.633,100.0,0.000,22.9,17.0,61.3,8.6,8.5,8.5,8.5,17.0,60.5,8.6,8.6,8.6,8.6,58.88,116.81,16.30,16.30,116.98,116.98,0.79,3.29,58.88,0.00,66.54,0,
1.2.2026,21:36:52.067,5836,2559,69.5,5327,2556,67.5,0.0,1.113,1.125,1.107,1.107,1.107,1.107,1.102,1.122,1.122,1.122,1.107,1.028,0.766,3411.7,4289.5,4289.5,3192.2,3192.2,3192.2,3192.2,3192.2,3192.2,3192.2,3192.2,99.8,3691.0,545.0,2386.4,2.3,3440.4,1.2,648.8,1.6,1.4,1.2,53.4,1.2,1.4,1.2,810.4,16.6,55.3,0.0,78.2,41.1,21.0,0.0,0.0,0.0,1.4,0.0,1.2,1.2,78.2,16.6,100.0,43.1,178.4,0.1,264.3,0.1,68.0,0.1,0.1,0.1,5.4,0.1,0.1,0.1,43.1,34.2,43.0,43.0,32.0,32.0,32.0,32.0,32.0,32.0,32.0,32.0,37.0,53,53,58,55,55,55,55,50,49,49,49,47,47,42,45,45,45,45,50,51,51,51,58,58,No,No,No,No,No,No,No,No,No,No,No,No,No,No,No,No,No,No,No,No,No,No,No,No,No,No,No,No,No,No,No,No,No,No,No,No,61,61,45,50,0.225,0.000,0.000,0.000,0.000,0.000,0.000,0.000,1.200,20.313,18.709,14.696,0.003,26.666,3.416,0.191,0.057,45.0,12.0,55.0,55.0,18.000,300.0,2.7,0.0,0.0,0.0,0.0,650,0,0.0,0.0,0.0,0.0,13.5,56.3,0.1,78.9,0.0,23.7,0.1,0.0,0.0,2.7,0.0,0.0,0.0,3.8,15.0,21.1,1.8,0.0,0.0,0.0,0.0,0.0,0.0,0.0,79.1,24.3,0.0,71.0,99.9,99.9,99.9,96.4,99.9,99.9,99.9,1.9,3.7,0.0,1596.1,16.00,22,22,22,52,74,560,1,2,Yes,No,No,No,No,No,No,No,No,No,Yes,No,No,No,No,No,No,No,No,No,No,No,No,No,No,No,No,No,No,No,No,No,No,No,No,No,No,No,43.0,54,54,63,88.0,100.0,No,No,21506,55883,21.3,0.0,21.3,36.535,0.000,2186,807,12.429,41.633,100.0,0.000,22.9,17.0,61.2,8.6,8.5,8.5,8.5,17.0,60.5,8.6,8.6,8.6,8.6,58.90,116.81,16.34,16.33,116.98,116.98,0.80,3.29,58.90,0.00,66.54,0,
1.2.2026,21:36:52.165,5840,2556,69.5,5334,2550,67.6,0.0,1.103,1.121,1.104,1.094,1.104,1.104,1.104,1.093,1.103,1.103,1.103,1.028,0.768,3411.7,4289.5,4289.5,3192.2,3192.2,3192.2,3192.2,3192.2,3192.2,3192.2,3192.2,99.8,3691.0,515.6,1525.8,2.1,3843.1,2.6,469.0,8.9,1.2,1.2,330.3,1.2,1.2,1.2,731.7,17.6,35.3,21.1,86.4,0.0,14.2,21.4,11.3,11.3,10.0,0.0,0.0,0.0,86.4,17.6,100.0,41.1,114.7,0.1,296.7,0.1,48.3,0.9,0.1,0.1,32.1,0.1,0.1,0.1,41.1,34.2,43.0,43.0,32.0,32.0,32.0,32.0,32.0,32.0,32.0,32.0,37.0,53,52,58,55,55,55,55,50,50,50,50,47,48,42,45,45,45,45,50,50,50,50,58,58,No,No,No,No,No,No,No,No,No,No,No,No,No,No,No,No,No,No,No,No,No,No,No,No,No,No,No,No,No,No,No,No,No,No,No,No,57,57,46,50,0.225,0.000,0.000,0.000,0.000,0.000,0.000,0.000,1.200,20.000,18.885,14.725,0.010,26.867,3.555,0.199,0.058,45.0,12.0,55.0,55.0,20.000,300.0,2.0,0.0,0.0,0.0,0.0,650,0,0.0,0.0,0.0,0.0,13.0,38.0,0.1,87.2,0.1,17.1,0.4,0.0,0.0,13.2,0.0,0.0,0.0,4.8,30.4,12.8,5.2,0.0,0.0,0.0,0.0,0.0,0.0,0.0,76.9,10.3,0.0,74.8,99.5,99.9,99.9,84.2,99.9,99.9,99.9,9.8,19.5,0.0,1596.1,16.00,22,22,22,52,74,560,1,2,Yes,No,No,No,No,No,No,No,No,No,Yes,No,No,No,No,No,No,No,No,No,No,No,No,No,No,No,No,No,No,No,No,No,No,No,No,No,No,No,42.0,54,54,63,88.0,100.0,No,No,21506,55883,13.6,0.0,13.6,19.710,0.000,2188,807,12.429,41.633,100.0,0.000,22.9,17.0,61.2,8.5,8.5,8.5,8.5,17.0,60.5,8.6,8.6,8.6,8.6,58.90,117.00,16.34,16.33,117.19,117.19,0.85,5.44,58.90,0.00,66.54,0,
1.2.2026,21:36:52.275,5857,2539,69.7,5320,2563,67.4,0.0,1.113,1.132,1.102,1.102,1.102,1.102,1.147,1.147,1.097,1.097,1.107,1.028,0.768,3571.3,4289.5,4289.5,3391.7,3391.7,3391.7,3391.7,3391.7,3391.7,3391.7,3391.7,99.8,3691.0,684.7,2487.0,3.9,3914.4,3.6,720.8,19.1,4.4,4.2,1045.2,4.5,4.3,4.3,894.7,21.7,57.6,35.7,89.9,21.4,23.1,0.0,0.0,0.0,32.9,0.0,0.0,0.0,89.9,21.7,100.0,57.2,189.6,0.2,301.5,0.2,77.0,1.7,0.2,0.2,114.7,0.2,0.2,0.2,57.2,35.8,43.0,43.0,34.0,34.0,34.0,34.0,34.0,34.0,34.0,34.0,37.0,54,54,57,56,56,56,56,51,51,51,51,46,46,43,44,44,44,44,49,49,49,49,57,57,No,No,No,No,No,No,No,No,No,No,No,No,No,No,No,No,No,No,No,No,No,No,No,No,No,No,No,No,No,No,No,No,No,No,No,No,65,65,46,49,0.225,0.000,0.000,0.000,0.000,0.000,0.000,0.000,1.200,20.313,18.323,14.258,0.013,25.905,3.402,0.273,0.058,45.0,12.0,55.0,55.0,20.000,300.0,1.9,0.0,0.0,0.0,0.0,650,0,0.0,0.0,0.0,0.0,17.7,59.7,0.1,90.8,0.1,25.7,0.8,0.1,0.1,34.5,0.2,0.1,0.1,14.9,40.3,9.2,42.6,5.2,5.6,5.2,24.4,5.6,5.2,5.2,63.3,0.0,0.0,29.8,93.6,94.0,94.4,38.5,94.0,94.4,94.4,0.0,0.0,0.0,1596.1,16.00,22,22,22,52,74,560,1,2,Yes,No,No,No,No,No,No,No,No,No,Yes,No,No,No,No,No,No,No,No,No,No,No,No,No,No,No,No,No,No,No,No,No,No,No,No,No,No,No,42.0,54,54,66,88.0,100.0,No,No,21506,55883,19.6,17.3,36.9,36.334,64.289,2192,814,12.429,41.633,100.0,0.000,22.9,17.0,61.2,8.5,8.5,8.5,8.5,17.0,60.5,8.6,8.6,8.6,8.6,58.90,117.00,16.35,16.33,117.19,117.19,0.86,5.44,58.90,0.00,66.53,0,
1.2.2026,21:36:52.384,5865,2531,69.8,5331,2553,67.6,0.0,1.091,1.103,1.074,1.084,1.084,1.094,1.079,1.089,1.100,1.100,1.100,1.028,0.768,3411.7,4289.5,4289.5,3192.2,3192.2,3192.2,3192.2,3192.2,3192.2,3192.2,3192.2,99.8,3691.0,493.4,1558.5,1.1,3717.3,1.2,483.3,4.0,1.4,1.3,149.0,1.2,1.1,1.2,721.0,15.5,36.0,0.0,84.8,21.6,15.5,0.0,11.8,11.8,4.4,0.0,0.0,0.0,84.8,15.5,100.0,39.2,116.9,0.1,285.7,0.1,50.4,0.4,0.1,0.1,15.7,0.1,0.1,0.1,39.2,34.2,43.0,43.0,32.0,32.0,32.0,32.0,32.0,32.0,32.0,32.0,37.0,53,51,60,54,54,54,54,51,51,51,51,47,49,40,46,46,46,46,49,49,49,49,60,60,No,No,No,No,No,No,No,No,No,No,No,No,No,No,No,No,No,No,No,No,No,No,No,No,No,No,No,No,No,No,No,No,No,No,No,No,61,61,45,50,0.225,0.000,0.000,0.000,0.000,0.000,0.000,0.000,1.200,17.500,21.796,17.519,0.009,30.041,3.605,0.237,0.056,45.0,12.0,55.0,55.0,18.000,300.0,4.2,0.0,0.0,0.0,0.0,650,0,0.0,0.0,0.0,0.0,12.3,38.5,0.0,85.8,0.0,17.6,0.1,0.0,0.0,5.7,0.0,0.0,0.0,8.7,61.5,14.2,9.8,0.0,0.0,0.0,1.9,0.0,0.0,0.0,76.1,0.0,0.0,70.2,99.8,99.9,99.9,90.8,99.9,99.9,99.9,0.0,0.0,0.0,1596.1,16.00,22,22,22,52,74,560,1,2,Yes,No,No,No,No,No,No,No,No,No,Yes,No,No,No,No,No,No,No,No,No,No,No,No,No,No,No,No,No,No,No,No,No,No,No,No,No,No,No,44.0,54,54,66,88.0,100.0,No,No,21506,55883,20.4,0.0,20.4,37.751,0.000,2196,814,12.429,41.633,100.0,0.000,22.9,16.7,62.6,8.5,8.5,8.5,8.5,16.7,60.5,8.6,8.6,8.6,8.6,59.99,117.59,15.96,15.91,117.65,117.65,0.86,7.55,59.99,0.00,64.31,0,
1.2.2026,21:36:52.503,5872,2523,69.9,5339,2545,67.7,0.0,1.111,1.099,1.088,1.103,1.103,1.103,1.103,1.118,1.118,1.118,1.163,1.031,0.768,3411.7,4289.5,4289.5,3192.2,3192.2,3192.2,3192.2,3192.2,3192.2,3192.2,3192.2,99.8,3691.0,472.2,1591.0,1.9,3749.4,1.7,288.7,1.3,1.4,1.4,25.8,1.5,1.4,1.3,704.6,11.0,37.6,0.0,85.2,0.0,9.3,0.0,0.0,0.0,0.4,0.0,0.0,0.0,85.2,11.0,100.0,36.8,120.4,0.1,288.2,0.1,30.2,0.1,0.1,0.1,2.5,0.1,0.1,0.1,36.8,34.2,43.0,43.0,32.0,32.0,32.0,32.0,32.0,32.0,32.0,32.0,37.0,52,48,62,52,52,52,52,51,51,51,51,48,52,38,48,48,48,48,49,49,49,49,62,62,No,No,No,No,No,No,No,No,No,No,No,No,No,No,No,No,No,No,No,No,No,No,No,No,No,No,No,No,No,No,No,No,No,No,No,No,66,66,46,50,0.217,0.000,0.000,0.000,0.000,0.000,0.000,0.000,1.200,13.438,18.701,14.672,0.011,26.677,3.403,0.204,0.057,45.0,12.0,55.0,55.0,13.000,300.0,2.2,0.0,0.0,0.0,0.0,650,0,0.0,0.0,0.0,0.0,11.5,39.9,0.0,86.2,0.0,10.7,0.0,0.0,0.0,1.3,0.0,0.0,0.0,7.5,53.3,13.7,8.2,0.0,0.0,0.0,0.0,0.0,0.0,0.0,77.7,0.0,0.0,79.7,99.9,99.9,99.9,98.0,99.9,99.9,99.9,3.0,6.0,0.0,1596.1,16.00,22,22,22,52,74,560,1,2,Yes,No,No,No,No,No,No,No,No,No,Yes,No,No,No,No,No,No,No,No,No,No,No,No,No,No,No,No,No,No,No,No,No,No,No,No,No,No,No,44.0,54,54,65,88.0,100.0,No,No,21506,55883,20.0,0.0,20.0,35.848,0.000,2199,814,12.429,41.633,100.0,0.000,22.9,16.5,62.5,8.5,8.5,8.5,8.5,16.6,60.5,8.6,8.6,8.6,8.6,60.44,117.58,16.00,15.91,117.65,117.65,0.88,7.47,60.44,0.00,62.47,0,
1.2.2026,21:36:52.604,5876,2519,69.9,5349,2534,67.8,0.0,1.163,1.143,1.143,1.183,1.183,1.183,1.183,1.171,1.146,1.146,1.146,1.026,0.768,3162.3,4289.5,4289.5,3391.7,3391.7,3391.7,3391.7,997.6,3391.7,1695.9,3391.7,99.8,3691.0,560.0,2290.2,3.2,3425.3,4.2,751.5,13.9,15.3,6.8,204.4,1.9,1.7,1.6,813.8,27.7,53.4,45.6,78.3,45.6,28.6,12.0,12.0,11.8,10.1,11.7,11.7,11.7,78.3,27.7,100.0,45.4,174.9,0.2,263.6,0.2,81.0,1.4,1.6,0.7,20.4,0.1,0.1,0.1,45.4,31.7,43.0,43.0,34.0,34.0,34.0,34.0,10.0,34.0,17.0,34.0,37.0,51,49,53,53,53,53,53,50,50,50,50,49,51,47,47,47,47,47,50,50,50,50,55,53,No,No,No,No,No,No,No,No,No,No,No,No,No,No,No,No,No,No,No,No,No,No,No,No,No,No,No,No,No,No,No,No,No,No,No,No,58,58,46,50,0.225,0.000,0.000,0.000,0.000,0.000,0.000,0.000,1.200,15.625,18.506,14.464,0.008,26.273,3.457,0.193,0.057,45.0,12.0,55.0,55.0,23.000,300.0,1.9,0.0,0.0,0.0,0.0,650,0,0.0,0.0,0.0,0.0,15.0,55.0,0.1,79.3,0.1,30.6,0.4,0.5,0.2,13.3,0.1,0.1,0.1,7.6,39.1,20.7,15.8,0.0,0.0,0.0,0.0,0.0,0.0,0.0,73.5,0.0,0.0,51.0,99.4,99.5,99.7,85.8,99.8,99.8,99.8,2.6,5.3,0.0,1596.1,16.00,22,22,22,52,74,560,1,2,Yes,No,No,No,No,No,No,No,No,No,Yes,No,No,No,No,No,No,No,No,No,No,No,No,No,No,No,No,No,No,No,No,No,No,No,No,No,No,No,44.0,54,54,65,88.0,100.0,No,No,21506,55883,18.4,0.0,18.4,42.252,0.000,2204,814,12.429,41.633,100.0,0.000,22.9,17.8,62.5,8.5,8.5,8.5,8.5,17.8,60.5,8.6,8.6,8.6,8.6,56.20,117.58,16.00,15.91,117.65,117.65,0.88,7.47,56.20,0.00,58.29,0,
1.2.2026,21:36:52.714,5877,2519,69.9,5350,2534,67.8,0.0,1.094,1.128,1.072,1.087,1.087,1.087,1.087,1.086,1.086,1.106,1.116,1.028,0.768,3571.3,4289.5,4289.5,3391.7,3391.7,3391.7,3391.7,3391.7,3391.7,3391.7,3391.7,99.8,3691.0,433.9,1517.0,25.9,2130.2,2.0,735.1,28.5,11.0,38.2,711.0,2.2,2.5,2.7,561.0,19.2,47.2,0.0,59.5,0.0,44.5,13.1,12.5,13.2,40.5,0.0,0.0,0.0,59.5,19.2,100.0,36.2,114.7,1.2,160.6,0.1,76.9,3.0,1.1,4.1,72.0,0.2,0.2,0.2,36.1,35.8,43.0,43.0,34.0,34.0,34.0,34.0,34.0,34.0,34.0,34.0,37.0,53,48,57,57,57,57,57,50,50,50,50,47,52,43,43,43,43,43,50,50,50,50,57,57,No,No,No,No,No,No,No,No,No,No,No,No,No,No,No,No,No,No,No,No,No,No,No,No,No,No,No,No,No,No,No,No,No,No,No,No,57,57,45,50,0.225,0.000,0.000,0.000,0.000,0.000,0.000,0.000,1.200,19.375,12.912,9.297,0.003,20.545,3.023,0.188,0.059,45.0,12.0,55.0,55.0,14.000,300.0,3.6,0.0,0.0,0.0,0.0,650,0,0.0,0.0,0.0,0.0,14.5,41.7,0.6,55.9,0.0,39.2,1.2,0.3,1.2,33.8,0.1,0.1,0.1,10.6,27.8,44.1,14.7,0.0,0.0,0.0,19.6,0.0,0.0,0.0,70.4,21.8,0.0,42.6,98.6,99.6,98.8,42.8,99.8,99.9,99.9,4.0,8.1,0.0,1596.1,16.00,22,22,22,52,74,560,1,2,Yes,No,No,No,No,No,No,No,No,No,Yes,No,No,No,No,No,No,No,No,No,No,No,No,No,No,No,No,No,No,No,No,No,No,No,No,No,No,No,44.0,54,54,64,88.0,100.0,No,No,21506,55883,19.0,0.2,19.2,32.694,2.636,2208,814,12.429,41.633,100.0,0.000,22.9,16.6,62.6,8.5,8.5,8.5,8.5,16.6,60.1,8.6,8.6,8.6,8.6,60.41,117.58,15.99,15.91,117.65,117.65,0.90,8.89,60.41,0.00,56.33,0,
1.2.2026,21:36:52.826,5884,2512,70.0,5360,2524,67.9,0.0,1.102,1.078,1.129,1.104,1.104,1.104,1.104,1.099,1.099,1.099,1.099,1.031,0.768,3441.6,4289.5,4588.8,3192.2,3192.2,3192.2,3192.2,3192.2,3192.2,3192.2,3192.2,99.8,3691.0,656.9,1219.8,2.4,3799.7,2.3,1468.8,2.9,2.0,1.8,1377.8,1.8,1.9,1.8,812.5,18.6,26.7,14.1,84.1,13.2,24.4,0.0,0.0,0.0,21.2,13.3,13.3,13.3,84.1,18.6,100.0,51.5,106.6,0.1,290.9,0.1,114.3,0.2,0.1,0.1,105.6,0.2,0.2,0.2,51.6,34.5,43.0,46.0,32.0,32.0,32.0,32.0,32.0,32.0,32.0,32.0,37.0,54,54,61,56,56,56,56,51,51,51,51,46,46,39,44,44,44,44,49,49,49,49,61,61,No,No,No,No,No,No,No,No,No,No,No,No,No,No,No,No,No,No,No,No,No,No,No,No,No,No,No,No,No,No,No,No,No,No,No,No,60,60,46,50,0.225,0.000,0.000,0.000,0.000,0.000,0.000,0.000,1.200,17.500,12.912,9.297,0.003,20.545,3.023,0.188,0.059,45.0,12.0,55.0,55.0,18.000,300.0,1.8,0.0,0.0,0.0,0.0,650,0,0.0,0.0,0.0,0.0,17.6,36.0,0.1,86.9,0.1,45.3,0.1,0.1,0.1,42.1,0.1,0.1,0.1,13.5,58.5,13.1,31.3,0.0,0.0,0.0,31.8,0.0,0.0,0.0,64.8,0.1,0.0,23.4,99.8,99.8,99.9,26.0,99.8,99.8,99.8,2.3,4.6,0.0,1596.1,16.00,22,22,22,52,74,560,1,2,Yes,No,No,No,No,No,No,No,No,No,Yes,No,No,No,No,No,No,No,No,No,No,No,No,No,No,No,No,No,No,No,No,No,No,No,No,No,No,No,42.0,54,54,65,88.0,100.0,No,No,21506,55883,20.1,0.0,20.1,27.274,0.000,2210,814,12.429,41.633,100.0,0.000,22.9,17.3,62.5,8.5,8.5,8.5,8.5,17.3,60.2,8.6,8.6,8.6,8.6,57.83,117.58,15.99,15.91,117.65,117.65,0.87,8.37,57.83,0.00,56.96,0,
1.2.2026,21:36:52.927,5888,2508,70.1,5368,2516,68.0,0.0,1.136,1.148,1.123,1.123,1.138,1.138,1.138,1.138,1.138,1.138,1.138,1.028,0.766,3411.7,4289.5,4289.5,3192.2,3192.2,3192.2,3192.2,3192.2,3192.2,3192.2,3192.2,99.8,3691.0,511.6,3478.5,1.6,1816.1,1.9,430.2,39.3,15.9,2.9,348.3,1.4,1.4,1.5,723.3,17.5,80.3,0.0,49.9,0.0,23.5,11.9,11.3,10.9,21.8,0.0,0.0,0.0,80.3,17.5,100.0,40.7,260.5,0.1,141.3,0.1,44.0,4.2,1.7,0.2,35.7,0.1,0.1,0.1,40.7,34.2,43.0,43.0,32.0,32.0,32.0,32.0,32.0,32.0,32.0,32.0,37.0,54,54,57,57,57,57,57,50,50,50,50,46,46,43,43,43,43,43,50,50,50,50,58,57,No,No,No,No,No,No,No,No,No,No,No,No,No,No,No,No,No,No,No,No,No,No,No,No,No,No,No,No,No,No,No,No,No,No,No,No,61,61,46,50,0.225,0.000,0.000,0.000,0.000,0.000,0.000,0.000,1.200,14.375,18.784,14.544,0.047,26.749,3.566,0.236,0.057,45.0,12.0,55.0,55.0,19.000,300.0,9.9,0.0,0.0,0.0,0.0,651,0,0.0,0.0,0.0,0.0,13.0,79.4,0.0,44.7,0.0,15.7,1.3,0.5,0.1,13.6,0.0,0.0,0.0,9.2,14.0,55.0,1.2,0.0,0.0,0.0,22.1,0.0,0.0,0.0,74.5,2.8,0.3,80.9,98.6,99.5,99.8,62.8,99.9,99.9,99.9,1.7,3.4,0.0,1596.1,16.00,22,22,22,52,74,560,1,2,Yes,No,No,No,No,No,No,No,No,No,Yes,No,No,No,No,No,No,No,No,No,No,No,No,No,No,No,No,No,No,No,No,No,No,No,No,No,No,No,44.0,54,54,66,88.0,100.0,No,No,21506,55883,15.2,0.0,15.2,16.496,0.000,2212,814,12.429,41.633,100.0,0.000,22.9,21.1,65.0,8.7,8.5,8.5,8.5,21.1,60.2,8.8,8.6,8.6,8.6,47.49,114.30,15.38,15.27,117.65,117.65,1.06,6.78,47.49,0.00,45.31,0,
1.2.2026,21:36:53.036,5888,2507,70.1,5370,2514,68.1,0.0,1.129,1.116,1.112,1.122,1.128,1.128,1.128,1.108,1.163,1.163,1.123,1.028,0.766,3571.3,4289.5,4289.5,3391.7,3391.7,3391.7,3391.7,3391.7,3391.7,3391.7,3391.7,99.8,3691.0,711.2,1957.8,6.1,2221.5,1.3,2438.1,26.7,1.1,1.1,1875.6,1.4,2.0,1.2,831.7,17.8,43.2,11.5,50.4,0.0,61.0,0.0,0.0,0.0,47.4,0.0,0.0,0.0,61.0,17.8,100.0,60.0,146.0,0.2,168.8,0.1,227.2,2.9,0.1,0.1,174.9,0.1,0.1,0.1,60.0,35.8,43.0,43.0,34.0,34.0,34.0,34.0,34.0,34.0,34.0,34.0,37.0,53,49,49,56,56,56,56,51,51,51,51,47,51,51,44,44,44,44,49,49,49,49,56,56,No,No,No,No,No,No,No,No,No,No,No,No,No,No,No,No,No,No,No,No,No,No,No,No,No,No,No,No,No,No,No,No,No,No,No,No,57,57,46,50,0.225,0.000,0.000,0.000,0.000,0.000,0.000,0.000,1.200,10.313,18.280,14.099,0.022,25.484,3.424,0.324,0.057,45.0,12.0,55.0,55.0,14.000,300.0,4.3,0.0,0.0,0.0,0.0,651,0,0.0,0.0,0.0,0.0,19.2,46.3,0.1,52.3,0.1,73.3,0.8,0.0,0.1,57.3,0.0,0.1,0.0,16.0,53.7,47.7,21.4,0.0,0.0,0.0,37.5,0.0,0.0,0.0,60.9,0.0,0.0,5.0,99.1,99.9,99.9,4.8,99.9,99.9,99.9,0.0,0.0,0.0,1596.1,16.00,22,22,22,52,74,560,1,2,Yes,No,No,No,No,No,No,No,No,No,Yes,No,No,No,No,No,No,No,No,No,No,No,No,No,No,No,No,No,No,No,No,No,No,No,No,No,No,No,44.0,54,54,64,88.0,100.0,No,No,21506,55883,15.5,0.0,15.5,22.359,0.000,2215,814,12.429,41.633,100.0,0.000,22.9,25.9,64.9,8.8,8.5,8.5,8.5,25.9,60.2,8.9,8.6,8.6,8.6,38.67,113.42,15.41,15.27,117.65,117.65,0.96,5.74,38.67,0.00,32.30,0,
1.2.2026,21:36:53.153,5900,2496,70.2,5382,2501,68.2,0.0,1.107,1.099,1.081,1.081,1.141,1.106,1.121,1.106,1.106,1.106,1.121,1.028,0.768,3291.9,4289.5,4289.5,2194.6,2194.6,3192.2,3192.2,3391.7,3391.7,3391.7,3391.7,99.8,3691.0,700.9,1845.9,1.3,2288.0,1.1,2423.1,10.2,1.8,7.9,1828.0,1.1,1.1,1.1,822.4,19.5,38.7,0.0,47.1,39.6,63.7,0.0,0.0,0.0,45.0,0.0,0.0,0.0,63.7,19.5,100.0,59.0,132.2,0.1,160.5,0.1,240.3,1.0,0.1,0.8,172.3,0.1,0.2,0.1,59.0,33.0,43.0,43.0,22.0,22.0,32.0,32.0,34.0,34.0,34.0,34.0,37.0,54,49,60,58,58,58,58,50,50,50,50,46,51,40,42,42,42,42,50,50,50,50,60,60,No,No,No,No,No,No,No,No,No,No,No,No,No,No,No,No,No,No,No,No,No,No,No,No,No,No,No,No,No,No,No,No,No,No,No,No,61,61,46,50,0.225,0.000,0.000,0.000,0.000,0.000,0.000,0.000,1.200,20.000,18.914,14.735,0.014,26.993,3.543,0.225,0.057,45.0,12.0,55.0,55.0,20.000,300.0,4.0,0.0,0.0,0.0,0.0,650,0,0.0,0.0,0.0,0.0,19.2,44.5,0.0,54.4,0.0,74.6,0.3,0.1,0.2,55.6,0.0,0.0,0.0,15.1,55.5,45.6,25.6,0.0,0.0,0.0,24.7,0.0,0.0,0.0,61.8,0.0,0.0,0.0,99.6,99.9,99.7,19.0,99.9,99.9,99.9,0.0,0.0,0.0,1596.1,16.00,22,22,22,52,74,560,1,2,Yes,No,No,No,No,No,No,No,No,No,Yes,No,No,No,No,No,No,No,No,No,No,No,No,No,No,No,No,No,No,No,No,No,No,No,No,No,No,No,44.0,54,54,66,88.0,100.0,No,No,21506,55883,19.2,0.0,19.2,32.365,0.000,2217,814,12.429,41.633,100.0,0.000,22.9,28.1,64.8,8.9,8.5,8.5,8.5,28.1,60.2,8.9,8.6,8.6,8.6,35.63,112.71,15.44,15.27,117.65,117.65,0.91,4.95,35.63,0.00,27.86,0,
1.2.2026,21:36:53.271,5904,2491,70.3,5388,2495,68.3,0.0,1.100,1.083,1.086,1.101,1.101,1.101,1.101,1.104,1.104,1.104,1.119,1.031,0.768,3411.7,4289.5,4289.5,3192.2,3192.2,3192.2,3192.2,3192.2,3192.2,3192.2,3192.2,99.8,3691.0,532.8,1699.4,2.1,3881.6,3.2,634.9,42.4,3.2,2.9,116.3,2.6,2.7,2.7,783.7,13.9,39.5,0.0,88.3,0.0,24.2,12.3,0.0,0.0,2.4,0.0,0.0,0.0,88.3,13.9,100.0,42.8,127.6,0.1,299.1,0.1,71.9,4.4,0.2,0.2,10.1,0.2,0.2,0.2,42.9,34.2,43.0,43.0,32.0,32.0,32.0,32.0,32.0,32.0,32.0,32.0,37.0,53,50,61,53,53,53,53,51,51,51,51,47,50,39,47,47,47,47,49,49,49,49,61,61,No,No,No,No,No,No,No,No,No,No,No,No,No,No,No,No,No,No,No,No,No,No,No,No,No,No,No,No,No,No,No,No,No,No,No,No,61,61,46,50,0.225,0.000,0.000,0.000,0.000,0.000,0.000,0.000,1.200,13.438,19.369,15.237,0.009,27.322,3.502,0.230,0.057,45.0,12.0,55.0,55.0,15.000,300.0,5.2,0.0,0.0,0.0,0.0,650,0,0.0,0.0,0.0,0.0,13.6,42.0,0.1,89.2,0.1,24.2,1.4,0.1,0.1,5.6,0.2,0.2,0.2,12.9,58.0,10.6,32.3,0.0,0.0,0.0,27.8,0.0,0.0,0.0,70.2,0.0,0.2,41.0,98.3,99.7,99.7,64.5,99.6,99.6,99.6,0.0,0.0,0.0,1596.1,16.00,22,22,22,52,74,560,1,2,Yes,No,No,No,No,No,No,No,No,No,Yes,No,No,No,No,No,No,No,No,No,No,No,No,No,No,No,No,No,No,No,No,No,No,No,No,No,No,No,44.0,54,54,67,88.0,100.0,No,No,21506,55883,17.3,0.0,17.3,26.699,0.000,2220,814,12.429,41.633,100.0,0.000,22.9,36.2,64.6,10.0,10.0,10.0,10.0,36.2,60.2,10.0,10.0,10.0,10.0,27.61,99.91,15.47,15.28,100.00,100.00,0.83,2.96,27.61,0.00,19.35,0,
1.2.2026,21:36:53.380,5910,2485,70.3,5396,2488,68.4,0.0,1.128,1.118,1.104,1.119,1.139,1.129,1.129,1.129,1.129,1.144,1.139,1.031,0.766,3571.3,4289.5,4289.5,3391.7,3391.7,3391.7,3391.7,3391.7,3391.7,3391.7,3391.7,99.8,3691.0,586.8,3859.8,11.3,1706.4,11.3,1200.7,19.6,19.0,13.6,153.5,15.7,15.6,15.5,855.2,22.5,85.5,12.0,39.7,21.8,34.7,0.0,22.0,12.2,4.6,12.6,12.6,12.6,85.5,22.5,100.0,46.1,289.8,0.4,127.9,0.4,115.0,1.1,1.1,0.5,14.8,0.7,0.7,0.7,46.1,35.8,43.0,43.0,34.0,34.0,34.0,34.0,34.0,34.0,34.0,34.0,37.0,55,62,51,60,60,60,60,49,49,49,49,45,38,49,40,40,40,40,51,51,51,51,62,62,No,No,No,No,No,No,No,No,No,No,No,No,No,No,No,No,No,No,No,No,No,No,No,No,No,No,No,No,No,No,No,No,No,No,No,No,63,63,46,50,0.217,0.000,0.000,0.000,0.000,0.000,0.000,0.000,1.200,19.688,19.369,15.237,0.009,27.322,3.502,0.230,0.057,45.0,12.0,55.0,55.0,21.000,300.0,2.7,0.0,0.0,0.0,0.0,650,0,0.0,0.0,0.0,0.0,15.5,88.7,0.3,42.1,0.4,40.9,0.9,0.9,0.7,6.5,1.5,1.5,1.4,9.4,11.3,52.5,30.0,0.0,0.0,0.0,0.0,0.0,0.0,0.0,70.6,0.0,5.3,27.0,97.7,97.7,97.8,90.7,96.7,96.7,96.8,0.0,0.0,0.0,1596.1,16.00,22,22,22,52,74,560,1,2,Yes,No,No,No,No,No,No,No,No,No,Yes,No,No,No,No,No,No,No,No,No,No,No,No,No,No,No,No,No,No,No,No,No,No,No,No,No,No,No,44.0,54,54,67,88.0,100.0,No,No,21506,55883,11.4,0.0,11.4,11.473,0.000,2221,814,12.429,41.633,100.0,0.000,22.9,38.2,65.0,10.0,10.0,10.0,10.0,38.2,60.3,10.0,10.0,10.0,10.0,26.19,99.91,15.39,15.27,100.00,100.00,0.83,3.11,26.19,0.00,16.05,0,
1.2.2026,21:36:53.478,5917,2479,70.4,5414,2470,68.6,0.0,1.118,1.134,1.124,1.124,1.124,1.124,1.134,1.099,1.099,1.109,1.109,1.028,0.768,3571.3,4289.5,4289.5,3391.7,3391.7,3391.7,3391.7,3391.7,3391.7,3391.7,3391.7,99.8,3691.0,524.5,1747.3,30.4,1887.1,16.9,1620.6,46.9,55.3,16.5,822.6,16.9,16.7,16.6,677.6,20.6,40.5,12.9,43.8,12.8,52.5,1.2,1.5,12.9,30.8,12.9,12.9,12.9,52.5,20.6,100.0,45.7,132.6,0.9,141.5,0.5,175.0,3.7,5.0,0.7,86.4,0.7,0.7,0.7,45.7,35.8,43.0,43.0,34.0,34.0,34.0,34.0,34.0,34.0,34.0,34.0,37.0,53,48,43,58,58,58,58,51,51,51,51,47,52,57,42,42,42,42,49,49,49,49,58,58,No,No,No,No,No,No,No,No,No,No,No,No,No,No,No,No,No,No,No,No,No,No,No,No,No,No,No,No,No,No,No,No,No,No,No,No,57,57,46,50,0.225,0.000,0.000,0.000,0.000,0.000,0.000,0.000,1.200,18.125,19.547,15.453,0.011,27.545,3.482,0.194,0.057,45.0,12.0,55.0,55.0,20.000,300.0,10.0,0.0,0.0,0.0,0.0,649,0,0.0,0.0,0.0,0.0,15.1,42.0,0.8,45.6,0.4,54.2,1.6,1.8,0.6,32.8,0.7,0.7,0.7,22.5,58.0,46.1,19.2,13.9,13.9,13.9,17.9,13.9,13.9,13.9,58.8,0.0,8.2,24.4,84.0,83.9,85.1,46.9,85.1,85.0,85.0,0.0,0.0,0.0,1596.1,16.00,22,22,22,52,74,560,1,2,Yes,No,No,No,No,No,No,No,No,No,Yes,No,No,No,No,No,No,No,No,No,No,No,No,No,No,No,No,No,No,No,No,No,No,No,No,No,No,No,44.0,54,54,67,88.0,100.0,No,No,21506,55883,40.7,0.1,40.8,80.072,0.696,2230,815,12.429,41.633,100.0,0.000,22.9,37.7,64.9,10.0,10.0,10.0,10.0,37.7,60.3,10.0,10.0,10.0,10.0,26.51,99.90,15.41,15.27,100.00,100.00,0.86,3.05,26.51,0.00,15.70,0,
1.2.2026,21:36:53.588,5918,2478,70.4,5394,2489,68.4,0.0,1.140,1.147,1.147,1.157,1.117,1.117,1.117,1.167,1.167,1.177,1.082,1.031,0.768,3531.4,4289.5,4289.5,3391.7,3391.7,3391.7,3391.7,3391.7,3391.7,3192.2,3192.2,99.8,3691.0,564.9,1247.8,3.4,1264.0,2.5,2375.5,475.5,404.1,92.2,791.6,118.7,1.8,1.8,733.1,14.1,27.9,0.0,30.2,0.0,67.5,11.3,9.1,0.0,22.7,0.0,0.0,0.0,67.5,14.1,100.0,53.2,93.8,0.1,95.8,0.1,253.2,46.6,38.4,10.1,86.5,13.0,0.1,0.1,53.1,35.4,43.0,43.0,34.0,34.0,34.0,34.0,34.0,34.0,32.0,32.0,37.0,53,49,48,60,60,60,60,49,49,49,49,47,51,52,40,40,40,40,51,51,51,51,60,60,No,No,No,No,No,No,No,No,No,No,No,No,No,No,No,No,No,No,No,No,No,No,No,No,No,No,No,No,No,No,No,No,No,No,No,No,62,62,46,50,0.225,0.000,0.000,0.000,0.000,0.000,0.000,0.000,1.200,8.750,17.251,13.126,0.052,25.633,3.442,0.236,0.056,45.0,12.0,55.0,55.0,9.000,300.0,6.2,0.0,0.0,0.0,0.0,649,0,0.0,0.0,0.0,0.0,16.0,30.7,0.2,32.6,0.1,71.3,14.3,12.2,2.8,24.5,3.6,0.1,0.1,15.2,57.5,66.7,12.8,2.7,4.9,0.0,7.6,0.0,0.0,0.0,64.5,6.6,0.0,14.5,82.6,82.6,97.0,66.3,96.2,99.8,99.8,2.4,4.4,0.3,1596.1,16.00,22,22,22,52,74,560,1,2,Yes,No,No,No,No,No,No,No,No,No,Yes,No,No,No,No,No,No,No,No,No,No,No,No,No,No,No,No,No,No,No,No,No,No,No,No,No,No,No,44.0,54,54,67,88.0,100.0,No,No,21506,55883,19.3,15.0,34.3,17.987,54.250,2232,820,12.430,41.633,100.0,0.000,22.9,42.9,64.8,10.8,10.1,10.0,10.0,42.9,60.3,10.8,10.1,10.0,10.0,23.33,92.98,15.42,15.27,100.00,100.00,0.87,2.05,23.33,0.00,11.81,0,
1.2.2026,21:36:53.699,5922,2474,70.5,5399,2484,68.4,0.0,1.132,1.064,1.098,1.147,1.162,1.162,1.162,1.073,1.147,1.162,1.146,0.968,0.766,3551.3,4090.0,4289.5,3391.7,3391.7,3391.7,3391.7,3391.7,3391.7,3391.7,3391.7,99.8,3491.5,482.6,1092.1,2.6,1433.7,1.6,1903.8,578.8,395.2,1.6,377.7,1.7,1.3,1.3,676.2,13.7,24.5,0.0,33.7,0.0,56.2,16.4,0.0,0.0,11.4,0.0,11.3,11.3,56.2,13.7,100.0,45.5,82.2,0.2,109.1,0.1,208.0,63.5,43.5,0.1,38.6,0.1,0.1,0.1,45.5,35.6,41.0,43.0,34.0,34.0,34.0,34.0,34.0,34.0,34.0,34.0,35.0,52,47,47,57,57,57,57,49,49,49,49,48,53,53,43,43,43,43,51,51,51,51,56,57,No,No,No,No,No,No,No,No,No,No,No,No,No,No,No,No,No,No,No,No,No,No,No,No,No,No,No,No,No,No,No,No,No,No,No,No,58,58,46,50,0.225,0.000,0.000,0.000,0.000,0.000,0.000,0.000,1.200,18.438,16.692,12.530,0.010,24.585,3.553,0.203,0.056,45.0,12.0,55.0,55.0,20.000,300.0,3.7,0.0,0.0,0.0,0.0,649,0,0.0,0.0,0.0,0.0,13.8,26.3,0.1,36.1,0.1,58.0,17.7,12.8,0.0,13.9,0.1,0.0,0.0,15.8,26.9,46.9,42.0,20.2,14.1,0.0,7.8,0.0,0.0,0.0,61.0,0.0,0.0,0.0,61.3,72.7,99.9,76.6,99.9,99.9,99.9,29.5,44.4,14.7,1596.1,16.00,22,22,22,52,74,560,1,2,Yes,No,No,No,No,No,No,No,No,No,Yes,No,No,No,No,No,No,No,No,No,No,No,No,No,No,No,No,No,No,No,No,No,No,No,No,No,No,No,46.0,54,54,66,88.0,100.0,No,No,21506,55883,20.1,1.0,21.1,26.367,0.895,2234,820,12.430,41.633,100.0,0.000,22.9,50.5,64.8,14.6,12.1,11.9,11.9,50.5,60.7,14.8,12.2,12.0,12.0,19.79,68.30,15.44,15.27,84.04,84.04,0.84,1.63,19.79,0.00,7.96,0,
1.2.2026,21:36:53.807,5928,2468,70.5,5400,2484,68.4,0.0,1.120,1.127,1.116,1.096,1.116,1.116,1.116,1.158,1.118,1.118,1.118,1.028,0.768,3601.2,4289.5,4588.8,3391.7,3391.7,3391.7,3391.7,3391.7,3391.7,3391.7,3391.7,99.8,3691.0,424.4,1114.1,1.4,1336.0,1.8,1530.8,3.8,1.2,1.2,1099.3,1.3,1.2,1.2,498.8,15.0,25.2,45.4,30.3,0.0,45.3,0.0,0.0,0.0,34.1,0.0,0.0,0.0,45.4,15.0,100.0,39.4,83.6,0.1,99.3,0.1,166.8,0.4,0.1,0.1,122.1,0.2,0.1,0.1,39.3,36.1,43.0,46.0,34.0,34.0,34.0,34.0,34.0,34.0,34.0,34.0,37.0,52,48,48,57,57,57,57,49,49,49,49,48,52,52,43,43,43,43,51,51,51,51,56,57,No,No,No,No,No,No,No,No,No,No,No,No,No,No,No,No,No,No,No,No,No,No,No,No,No,No,No,No,No,No,No,No,No,No,No,No,56,56,46,50,0.225,0.000,0.000,0.000,0.000,0.000,0.000,0.000,1.200,19.688,14.528,10.494,0.015,22.572,3.445,0.194,0.057,45.0,12.0,55.0,55.0,21.000,300.0,4.6,0.0,0.0,0.0,0.0,649,0,0.0,0.0,0.0,0.0,12.1,27.7,0.1,33.4,0.1,48.0,0.2,0.0,0.0,35.7,0.0,0.0,0.0,9.6,0.1,44.8,51.5,0.0,0.0,0.0,0.0,0.0,0.0,0.0,66.5,0.0,2.7,0.3,99.7,99.9,99.9,62.1,99.9,99.9,99.9,41.9,67.6,16.1,1596.1,16.00,22,22,22,52,74,560,1,2,Yes,No,No,No,No,No,No,No,No,No,Yes,No,No,No,No,No,No,No,No,No,No,No,No,No,No,No,No,No,No,No,No,No,No,No,No,No,No,No,44.0,54,54,67,88.0,100.0,No,No,21506,55883,18.6,0.0,18.6,20.591,0.000,2237,820,12.430,41.633,100.0,0.000,22.9,51.1,64.7,14.9,12.1,11.9,11.9,51.1,60.7,15.1,12.2,12.0,12.0,19.56,66.96,15.45,15.27,84.04,84.04,0.82,1.71,19.56,0.00,6.08,0,
1.2.2026,21:36:53.918,5932,2463,70.6,5414,2470,68.6,0.0,1.089,1.086,1.076,1.102,1.097,1.087,1.087,1.087,1.087,1.087,1.090,1.028,0.766,3411.7,4289.5,4289.5,3192.2,3192.2,3192.2,3192.2,3192.2,3192.2,3192.2,3192.2,99.8,3691.0,463.5,1146.8,1.7,2447.3,1.3,1905.5,1.2,1.4,1.2,51.3,1.6,1.5,1.8,688.3,16.4,26.1,0.0,56.6,29.1,61.4,0.0,0.0,0.0,0.9,0.0,11.4,11.4,61.4,16.4,100.0,40.4,85.8,0.1,187.1,0.1,205.8,0.1,0.1,0.1,5.1,0.1,0.1,0.1,40.5,34.2,43.0,43.0,32.0,32.0,32.0,32.0,32.0,32.0,32.0,32.0,37.0,52,51,56,55,55,55,55,49,49,49,49,48,49,44,45,45,45,45,51,51,51,51,56,56,No,No,No,No,No,No,No,No,No,No,No,No,No,No,No,No,No,No,No,No,No,No,No,No,No,No,No,No,No,No,No,No,No,No,No,No,57,57,46,50,0.225,0.000,0.000,0.000,0.000,0.000,0.000,0.000,1.200,16.875,14.339,10.394,0.007,22.357,3.376,0.176,0.057,45.0,12.0,55.0,55.0,17.000,300.0,2.0,0.0,0.0,0.0,0.0,649,0,0.0,0.0,0.0,0.0,12.4,29.1,0.1,58.6,0.0,58.2,0.0,0.0,0.0,2.4,0.1,0.1,0.1,11.8,55.8,41.4,20.7,0.0,0.0,0.0,0.0,0.0,0.0,0.0,71.6,0.0,0.0,20.3,99.9,99.9,99.9,96.7,99.8,99.8,99.8,6.7,13.4,0.0,1596.1,16.00,22,22,22,52,74,560,1,2,Yes,No,No,No,No,No,No,No,No,No,Yes,No,No,No,No,No,No,No,No,No,No,No,No,No,No,No,No,No,No,No,No,No,No,No,No,No,No,No,44.0,54,54,67,88.0,100.0,No,No,21506,55883,19.7,0.0,19.7,20.301,0.000,2239,820,12.430,41.633,100.0,0.000,22.9,55.5,63.9,24.0,20.9,20.6,20.6,55.5,60.7,23.8,20.4,20.0,20.0,18.02,41.63,15.65,15.64,48.55,48.55,0.72,1.39,18.02,0.00,2.63,0,
1.2.2026,21:36:54.029,5939,2457,70.7,5424,2460,68.7,0.0,1.117,1.087,1.081,1.091,1.091,1.091,1.136,1.138,1.153,1.153,1.153,1.028,0.766,3411.7,4289.5,4289.5,3192.2,3192.2,3192.2,3192.2,3192.2,3192.2,3192.2,3192.2,99.8,3691.0,488.1,1581.5,5.6,3546.1,1.9,366.0,11.7,2.3,2.3,334.3,2.0,1.7,1.7,689.7,19.4,37.6,36.6,80.5,12.8,0.0,13.1,12.8,12.8,12.4,12.9,0.4,0.4,80.5,19.4,100.0,38.6,118.3,0.3,270.0,0.1,39.2,1.1,0.2,0.1,34.0,0.1,0.1,0.2,38.6,34.2,43.0,43.0,32.0,32.0,32.0,32.0,32.0,32.0,32.0,32.0,37.0,52,49,58,53,53,53,53,50,50,50,50,48,51,42,47,47,47,47,50,50,50,50,58,58,No,No,No,No,No,No,No,No,No,No,No,No,No,No,No,No,No,No,No,No,No,No,No,No,No,No,No,No,No,No,No,No,No,No,No,No,58,58,46,50,0.225,0.000,0.000,0.000,0.000,0.000,0.000,0.000,1.200,19.688,16.346,12.331,0.007,24.234,3.425,0.167,0.057,45.0,12.0,55.0,55.0,20.000,300.0,5.9,0.0,0.0,0.0,0.0,649,0,0.0,0.0,0.0,0.0,12.6,39.6,0.1,82.0,0.0,14.2,0.4,0.1,0.1,14.0,0.1,0.1,0.1,11.1,59.0,18.0,17.8,0.0,0.0,0.0,16.1,0.0,0.0,0.0,73.2,0.0,0.0,65.5,99.4,99.8,99.8,67.6,99.9,99.9,99.9,0.5,1.0,0.0,1596.1,16.00,22,22,22,52,74,560,1,2,Yes,No,No,No,No,No,No,No,No,No,Yes,No,No,No,No,No,No,No,No,No,No,No,No,No,No,No,No,No,No,No,No,No,No,No,No,No,No,No,44.0,54,54,68,88.0,100.0,No,No,21506,55883,24.3,0.0,24.3,28.135,0.000,2242,820,12.430,41.633,100.0,0.000,22.9,51.1,63.9,14.8,12.2,12.0,12.0,51.1,60.7,14.7,12.3,12.0,12.0,19.57,67.76,15.65,15.64,83.48,83.48,0.74,1.28,19.57,0.00,6.06,0,
1.2.2026,21:36:54.138,6299,2097,75.0,5434,2450,68.9,0.0,1.128,1.102,1.105,1.105,1.105,1.105,1.150,1.147,1.162,1.147,1.147,1.028,0.766,3571.3,4289.5,4289.5,3391.7,3391.7,3391.7,3391.7,3391.7,3391.7,3391.7,3391.7,99.8,3691.0,501.7,1342.9,1.1,2842.9,1.1,1315.9,82.4,3.5,4.5,413.2,5.5,4.8,2.0,699.3,16.3,39.5,0.0,68.5,0.0,58.8,0.0,0.0,0.0,28.8,0.0,0.0,0.0,68.5,16.3,100.0,42.7,100.8,0.1,216.9,0.1,141.3,9.0,0.3,0.4,41.8,0.6,0.4,0.2,42.7,35.8,43.0,43.0,34.0,34.0,34.0,34.0,34.0,34.0,34.0,34.0,37.0,53,48,51,58,58,58,58,50,50,50,50,47,52,49,42,42,42,42,50,50,50,50,58,58,No,No,No,No,No,No,No,No,No,No,No,No,No,No,No,No,No,No,No,No,No,No,No,No,No,No,No,No,No,No,No,No,No,No,No,No,61,61,46,50,0.225,0.000,0.000,0.000,0.000,0.000,0.000,0.000,1.200,20.000,18.026,13.969,0.012,25.873,3.465,0.192,0.056,45.0,12.0,55.0,55.0,20.000,300.0,2.0,0.0,0.0,0.0,0.0,649,0,0.0,0.0,0.0,0.0,14.9,33.3,0.0,65.7,0.0,55.8,2.6,0.1,0.1,20.9,0.2,0.1,0.1,14.2,66.7,34.3,29.7,0.0,0.0,0.0,11.7,0.0,0.0,0.0,67.4,0.0,0.0,13.0,97.3,99.8,99.8,64.8,99.8,99.8,99.9,0.0,0.0,0.0,1596.1,16.00,22,22,22,52,74,560,1,2,Yes,No,No,No,No,No,No,No,No,No,Yes,No,No,No,No,No,No,No,No,No,No,No,No,No,No,No,No,No,No,No,No,No,No,No,No,No,No,No,44.0,54,54,67,88.0,100.0,No,No,21506,55883,31.8,0.0,31.8,73.324,0.000,2249,820,12.430,41.633,100.0,0.000,22.9,47.5,63.9,13.1,12.1,12.0,12.0,47.5,60.7,13.1,12.1,12.0,12.0,21.04,76.40,15.65,15.64,83.48,83.48,0.75,1.56,21.04,0.00,9.01,0,
1.2.2026,21:36:54.252,6302,2094,75.0,5440,2444,69.0,0.0,1.118,1.123,1.093,1.114,1.119,1.119,1.129,1.114,1.124,1.124,1.124,1.086,0.766,3501.4,4588.8,4289.5,3391.7,3391.7,3291.9,3291.9,3192.2,3192.2,3192.2,3192.2,99.8,3990.2,550.4,1733.8,1.7,1655.9,5.8,2167.9,7.9,1.3,2.0,1024.1,2.0,1.2,1.4,697.0,20.1,39.7,0.0,39.0,0.0,63.0,11.3,11.2,11.2,31.8,11.2,11.2,11.2,63.0,20.1,100.0,50.6,131.0,0.1,127.1,0.2,235.6,0.8,0.1,0.1,111.4,0.1,0.2,0.1,50.6,35.1,46.0,43.0,34.0,34.0,33.0,33.0,32.0,32.0,32.0,32.0,40.0,53,55,46,55,56,56,56,51,51,51,51,47,45,54,45,44,44,44,49,49,49,49,55,56,No,No,No,No,No,No,No,No,No,No,No,No,No,No,No,No,No,No,No,No,No,No,No,No,No,No,No,No,No,No,No,No,No,No,No,No,59,59,46,50,0.225,0.000,0.000,0.000,0.000,0.000,0.000,0.000,1.200,18.125,17.581,13.503,0.008,25.518,3.487,0.186,0.057,45.0,12.0,55.0,55.0,19.000,300.0,2.2,0.0,0.0,0.0,0.0,649,0,0.0,0.0,0.0,0.0,15.2,41.9,0.1,40.7,0.2,65.6,0.3,0.1,0.1,33.9,0.1,0.0,0.0,11.0,19.2,52.4,34.4,0.0,0.0,0.0,4.5,0.0,0.0,0.0,66.5,0.0,6.9,0.0,99.7,99.9,99.9,58.5,99.9,99.9,99.9,17.7,35.4,0.0,1596.1,16.00,22,22,22,52,74,560,1,2,Yes,No,No,No,No,No,No,No,No,No,Yes,No,No,No,No,No,No,No,No,No,No,No,No,No,No,No,No,No,No,No,No,No,No,No,No,No,No,No,44.0,54,54,67,88.0,100.0,No,No,21506,55883,25.7,0.0,25.7,39.788,0.000,2254,820,12.430,41.633,100.0,0.000,22.9,41.9,63.9,10.6,10.0,9.9,9.9,41.9,60.7,10.7,10.1,10.0,10.0,23.86,94.47,15.65,15.64,100.65,100.65,0.76,1.47,23.86,0.00,12.43,0,
1.2.2026,21:36:54.362,6306,2090,75.1,5443,2441,69.0,0.0,1.123,1.103,1.088,1.135,1.095,1.135,1.135,1.135,1.135,1.135,1.135,1.026,0.766,3411.7,4289.5,4289.5,3192.2,3192.2,3192.2,3192.2,3192.2,3192.2,3192.2,3192.2,99.8,3691.0,567.1,3649.4,2.4,2169.7,22.4,693.6,1.7,1.6,1.6,258.0,1.8,1.8,1.7,817.8,16.9,82.0,0.0,50.0,41.2,21.6,0.0,0.0,0.0,7.9,0.0,0.0,0.0,82.0,16.9,100.0,45.9,280.0,0.1,165.3,1.1,75.1,0.2,0.1,0.2,28.0,0.2,0.1,0.2,45.9,34.2,43.0,43.0,32.0,32.0,32.0,32.0,32.0,32.0,32.0,32.0,37.0,52,53,48,56,56,56,56,50,50,50,50,48,47,52,44,44,44,44,50,50,50,50,56,56,No,No,No,No,No,No,No,No,No,No,No,No,No,No,No,No,No,No,No,No,No,No,No,No,No,No,No,No,No,No,No,No,No,No,No,No,58,58,46,50,0.217,0.000,0.000,0.000,0.000,0.000,0.000,0.000,1.200,16.250,15.656,11.541,0.006,23.618,3.535,0.162,0.060,45.0,12.0,55.0,55.0,17.000,300.0,0.8,0.0,0.0,0.0,0.0,649,0,0.0,0.0,0.0,0.0,14.1,83.2,0.1,51.6,0.5,23.2,0.1,0.1,0.1,9.5,0.1,0.1,0.1,6.9,12.0,20.6,28.9,0.0,0.0,0.0,7.2,0.0,0.0,0.0,76.0,4.7,27.7,46.8,99.8,99.8,99.9,81.7,99.9,99.8,99.8,0.0,0.0,0.0,1596.1,16.00,22,22,22,52,74,560,1,2,Yes,No,No,No,No,No,No,No,No,No,Yes,No,No,No,No,No,No,No,No,No,No,No,No,No,No,No,No,No,No,No,No,No,No,No,No,No,No,No,44.0,54,54,63,88.0,100.0,No,No,21506,55883,10.6,0.0,10.6,31.847,0.000,2257,820,12.430,41.633,100.0,0.000,22.9,42.4,63.8,10.5,10.0,9.9,9.9,42.5,60.8,10.6,10.1,10.0,10.0,23.56,94.98,15.68,15.65,100.65,100.65,0.77,1.59,23.56,0.00,14.96,0,
1.2.2026,21:36:54.469,6312,2084,75.1,5454,2429,69.1,0.0,1.114,1.089,1.096,1.106,1.116,1.116,1.116,1.116,1.160,1.120,1.110,1.026,0.768,3331.9,4289.5,4289.5,997.6,3391.7,3391.7,3391.7,3391.7,3391.7,3391.7,3391.7,99.8,3691.0,494.6,2981.3,1.1,1384.2,1.3,1019.0,22.6,20.9,10.1,490.7,1.6,1.2,1.2,680.1,14.9,66.5,11.0,31.6,11.0,32.4,0.0,0.0,11.2,15.6,0.0,0.0,0.0,66.5,14.9,100.0,40.9,227.5,0.1,103.1,0.1,106.3,2.4,2.3,1.0,47.2,0.1,0.1,0.1,40.9,33.4,43.0,43.0,10.0,34.0,34.0,34.0,34.0,34.0,34.0,34.0,37.0,54,52,47,60,60,60,60,49,49,49,49,46,48,53,40,40,40,40,51,51,51,51,60,60,No,No,No,No,No,No,No,No,No,No,No,No,No,No,No,No,No,No,No,No,No,No,No,No,No,No,No,No,No,No,No,No,No,No,No,No,61,61,46,50,0.225,0.000,0.000,0.000,0.000,0.000,0.000,0.000,1.200,17.500,17.578,13.606,0.003,25.034,3.258,0.327,0.056,45.0,12.0,55.0,55.0,19.000,300.0,2.8,0.0,0.0,0.0,0.0,649,0,0.0,0.0,0.0,0.0,13.4,68.4,0.0,34.8,0.0,36.1,0.7,0.7,0.3,19.7,0.0,0.0,0.0,9.6,31.6,49.1,4.4,0.0,0.0,0.0,11.4,0.0,0.0,0.0,73.8,0.0,15.8,57.4,99.2,99.3,99.6,67.0,99.9,99.9,99.9,0.0,0.0,0.1,1596.1,16.00,22,22,22,52,74,560,1,2,Yes,No,No,No,No,No,No,No,No,No,Yes,No,No,No,No,No,No,No,No,No,No,No,No,No,No,No,No,No,No,No,No,No,No,No,No,No,No,No,44.0,54,54,67,88.0,100.0,No,No,21506,55883,32.9,0.3,33.1,74.129,5.064,2265,821,12.430,41.633,100.0,0.000,22.9,34.0,63.3,9.9,9.9,9.9,9.9,34.0,60.8,10.0,10.0,10.0,10.0,29.44,100.54,15.79,15.76,100.65,100.65,0.62,1.75,29.44,0.00,17.46,0,
1.2.2026,21:36:54.579,6317,2079,75.2,5464,2419,69.3,0.0,1.120,1.152,1.096,1.096,1.111,1.111,1.111,1.111,1.121,1.146,1.141,1.083,0.766,3361.8,4588.8,4289.5,3391.7,3391.7,3391.7,3391.7,997.6,3391.7,3391.7,3391.7,99.8,3990.2,457.7,1408.5,1.9,1039.7,1.4,2395.5,3.1,1.3,1.4,636.0,1.3,1.4,1.2,606.6,12.2,32.6,0.0,25.4,0.0,69.7,0.0,0.0,0.0,19.2,0.0,0.0,0.0,69.7,12.2,100.0,42.8,106.6,0.1,77.6,0.1,259.0,0.3,0.1,0.1,68.8,0.1,0.1,0.1,42.8,33.7,46.0,43.0,34.0,34.0,34.0,34.0,10.0,34.0,34.0,34.0,40.0,52,49,43,57,57,57,57,49,49,49,49,48,51,57,43,43,43,43,51,51,51,51,57,57,No,No,No,No,No,No,No,No,No,No,No,No,No,No,No,No,No,No,No,No,No,No,No,No,No,No,No,No,No,No,No,No,No,No,No,No,58,58,46,50,0.225,0.000,0.000,0.000,0.000,0.000,0.000,0.000,1.200,16.875,17.250,13.209,0.007,25.187,3.439,0.205,0.058,45.0,12.0,55.0,55.0,18.000,300.0,3.3,0.0,0.0,0.0,0.0,649,0,0.0,0.0,0.0,0.0,12.8,33.9,0.1,27.1,0.1,71.9,0.1,0.0,0.0,20.2,0.0,0.0,0.0,13.8,29.4,58.0,27.8,0.0,0.0,0.0,22.8,0.0,0.0,0.0,69.2,36.6,0.0,0.2,99.8,99.9,99.9,55.8,99.9,99.9,99.9,6.3,0.0,12.7,1596.1,16.00,22,22,22,52,74,560,1,2,Yes,No,No,No,No,No,No,No,No,No,Yes,No,No,No,No,No,No,No,No,No,No,No,No,No,No,No,No,No,No,No,No,No,No,No,No,No,No,No,44.0,54,54,67,88.0,100.0,No,No,21506,55883,30.6,0.0,30.6,64.823,0.000,2272,821,12.430,41.633,100.0,0.000,22.9,30.0,63.3,9.9,9.9,9.9,9.9,30.0,60.8,10.0,10.0,10.0,10.0,33.31,100.55,15.79,15.76,100.65,100.65,0.65,2.01,33.31,0.00,27.34,0,
1.2.2026,21:36:54.694,6323,2073,75.3,5472,2412,69.4,0.0,1.120,1.115,1.145,1.115,1.115,1.115,1.115,1.149,1.109,1.109,1.109,1.083,0.768,3441.6,4289.5,4588.8,3192.2,3192.2,3192.2,3192.2,3192.2,3192.2,3192.2,3192.2,99.8,3990.2,468.5,1650.2,1.4,2314.5,1.5,1549.8,25.2,19.0,3.3,52.9,1.3,1.5,1.4,695.6,18.1,37.2,28.6,50.4,10.7,46.4,0.0,11.2,0.0,0.0,10.7,10.7,10.7,50.4,18.1,100.0,40.3,125.8,0.1,173.0,0.1,173.7,2.8,2.0,0.3,5.5,0.1,0.1,0.1,40.3,34.5,43.0,46.0,32.0,32.0,32.0,32.0,32.0,32.0,32.0,32.0,40.0,53,51,62,55,55,55,55,50,50,50,50,47,49,38,45,45,45,45,50,50,50,50,61,62,No,No,No,No,No,No,No,No,No,No,No,No,No,No,No,No,No,No,No,No,No,No,No,No,No,No,No,No,No,No,No,No,No,No,No,No,60,60,46,50,0.217,0.000,0.000,0.000,0.000,0.000,0.000,0.000,1.200,10.938,14.915,10.748,0.007,22.898,3.564,0.187,0.057,45.0,12.0,55.0,55.0,16.000,300.0,2.3,0.0,0.0,0.0,0.0,649,0,0.2,0.0,0.0,0.0,12.0,39.5,0.0,53.6,0.1,47.4,0.8,0.6,0.1,2.3,0.0,0.0,0.0,4.0,9.9,17.1,13.1,0.0,0.0,0.0,0.0,0.0,0.0,0.0,75.3,19.4,0.0,38.6,99.2,99.2,99.8,96.9,99.9,99.9,99.9,27.7,29.2,26.3,1596.1,16.00,22,22,22,52,74,560,1,2,Yes,No,No,No,No,No,No,No,No,No,Yes,No,No,No,No,No,No,No,No,No,No,No,No,No,No,No,No,No,No,No,No,No,No,No,No,No,No,No,45.0,54,54,65,88.0,100.0,No,No,21506,55883,14.8,0.0,14.8,23.346,0.000,2274,821,12.430,41.633,100.0,0.000,22.9,26.0,63.4,9.9,9.9,9.9,9.9,26.0,60.4,10.0,10.0,10.0,10.0,38.42,100.56,15.78,15.76,100.65,100.65,0.68,2.32,38.42,0.00,36.39,0,
1.2.2026,21:36:54.804,6327,2069,75.3,5475,2409,69.4,0.0,1.097,1.080,1.085,1.100,1.100,1.100,1.102,1.102,1.102,1.102,1.102,1.026,0.766,3411.7,4289.5,4289.5,3192.2,3192.2,3192.2,3192.2,3192.2,3192.2,3192.2,3192.2,99.8,3691.0,418.8,1808.2,5.5,1599.6,1.6,1524.5,12.5,1.2,1.5,66.8,1.2,1.4,1.2,619.3,13.3,39.3,0.0,36.9,19.8,44.0,10.1,0.0,9.8,0.0,0.0,0.0,0.0,44.0,13.3,100.0,36.1,135.5,0.3,124.8,0.1,163.6,1.3,0.1,0.1,6.9,0.1,0.1,0.1,36.1,34.2,43.0,43.0,32.0,32.0,32.0,32.0,32.0,32.0,32.0,32.0,37.0,52,54,53,55,55,55,55,49,49,49,49,48,46,47,45,45,45,45,51,51,51,51,55,55,No,No,No,No,No,No,No,No,No,No,No,No,No,No,No,No,No,No,No,No,No,No,No,No,No,No,No,No,No,No,No,No,No,No,No,No,56,56,46,50,0.225,0.000,0.000,0.000,0.000,0.000,0.000,0.000,1.200,16.875,15.983,12.365,0.013,23.429,3.041,0.167,0.057,45.0,12.0,55.0,55.0,17.000,300.0,2.8,0.0,0.0,0.0,0.0,649,0,1.5,0.5,0.0,0.0,11.1,43.1,0.1,39.0,0.1,47.7,0.4,0.0,0.0,2.9,0.0,0.0,0.0,2.5,16.0,1.0,8.2,0.0,0.0,0.0,0.0,0.0,0.0,0.0,73.7,0.0,0.0,41.5,99.6,99.9,99.9,96.2,99.9,99.9,99.9,45.7,36.0,55.3,1596.1,16.00,22,22,22,52,74,560,1,2,Yes,No,No,No,No,No,No,No,No,No,Yes,No,No,No,No,No,No,No,No,No,No,No,No,No,No,No,No,No,No,No,No,No,No,No,No,No,No,No,45.0,54,54,65,88.0,100.0,No,No,21506,55883,24.0,0.0,24.0,29.508,0.000,2277,821,12.430,41.633,100.0,0.000,22.9,22.6,63.6,9.9,9.9,9.9,9.9,22.6,60.4,10.0,10.0,10.0,10.0,44.17,100.58,15.71,15.70,100.65,100.65,0.70,1.89,44.17,0.00,47.66,0,
1.2.2026,21:36:54.912,6333,2063,75.4,5481,2403,69.5,0.0,1.133,1.093,1.108,1.108,1.118,1.118,1.127,1.127,1.177,1.177,1.177,1.089,0.766,3411.7,4289.5,4289.5,3192.2,3192.2,3192.2,3192.2,3192.2,3192.2,3192.2,3192.2,99.8,3990.2,486.1,3650.4,2.2,1123.9,1.7,634.4,23.8,14.4,12.3,318.2,48.2,1.4,1.8,682.9,14.9,81.7,15.2,27.8,0.0,22.1,15.7,1.4,1.3,10.6,2.5,0.0,0.0,81.7,14.9,100.0,39.4,279.3,0.2,83.0,0.1,66.6,2.4,1.5,1.3,33.0,5.3,0.2,0.1,39.4,34.2,43.0,43.0,32.0,32.0,32.0,32.0,32.0,32.0,32.0,32.0,40.0,55,61,51,60,60,60,60,49,49,49,49,45,39,49,40,40,40,40,51,51,51,51,61,61,No,No,No,No,No,No,No,No,No,No,No,No,No,No,No,No,No,No,No,No,No,No,No,No,No,No,No,No,No,No,No,No,No,No,No,No,63,63,46,50,0.217,0.000,0.000,0.000,0.000,0.000,0.000,0.000,1.200,18.438,14.474,10.873,0.001,22.659,3.063,0.155,0.057,45.0,12.0,55.0,55.0,20.000,300.0,2.1,0.0,0.0,0.0,0.0,649,0,0.0,0.0,0.0,0.0,12.4,82.8,0.0,28.9,0.1,22.8,0.8,0.5,0.4,10.5,1.6,0.0,0.1,7.3,17.2,49.3,2.5,0.0,0.0,0.0,4.5,0.0,0.0,0.0,75.4,0.0,0.0,72.8,99.1,99.5,99.5,84.4,98.4,99.9,99.9,9.8,0.0,19.6,1596.1,16.00,22,22,22,52,74,560,1,2,Yes,No,No,No,No,No,No,No,No,No,Yes,No,No,No,No,No,No,No,No,No,No,No,No,No,No,No,No,No,No,No,No,No,No,No,No,No,No,No,45.0,54,54,67,88.0,100.0,No,No,21506,55883,20.5,0.0,20.5,42.175,0.000,2281,821,12.430,41.633,100.0,0.000,22.9,22.6,63.6,9.9,9.9,9.9,9.9,22.6,60.4,10.0,10.0,10.0,10.0,44.17,100.58,15.71,15.70,100.65,100.65,0.70,1.86,44.17,0.00,46.90,0,
1.2.2026,21:36:55.022,6342,2054,75.5,5480,2403,69.5,0.0,1.093,1.150,0.911,0.916,1.115,1.160,1.160,1.099,1.114,1.154,1.154,1.028,0.766,3311.9,4289.5,3790.7,2693.4,3192.2,3192.2,3192.2,3192.2,3192.2,3192.2,3192.2,99.8,3691.0,520.6,3192.7,12.4,1203.6,5.0,681.9,213.8,167.7,91.7,502.6,140.4,15.2,20.4,696.1,21.1,70.2,44.8,26.2,0.0,19.8,3.6,17.1,15.5,13.9,15.5,13.4,13.6,70.2,21.1,100.0,42.2,243.2,0.8,86.0,0.3,70.3,17.7,16.0,9.8,47.8,10.4,1.6,2.2,42.1,33.2,43.0,38.0,27.0,32.0,32.0,32.0,32.0,32.0,32.0,32.0,37.0,54,58,47,59,59,59,59,49,49,49,49,46,42,53,41,41,41,41,51,51,51,51,59,59,No,No,No,No,No,No,No,No,No,No,No,No,No,No,No,No,No,No,No,No,No,No,No,No,No,No,No,No,No,No,No,No,No,No,No,No,59,59,46,50,0.225,0.000,0.000,0.000,0.000,0.000,0.000,0.000,1.200,11.875,17.280,13.056,0.013,25.586,3.592,0.234,0.058,45.0,12.0,55.0,55.0,15.000,300.0,4.4,0.0,0.0,0.0,0.0,649,0,0.0,0.0,0.0,0.0,13.7,72.1,0.3,30.0,0.2,22.9,7.0,5.6,2.9,17.9,4.5,0.5,0.6,17.2,27.9,37.5,45.3,6.9,7.3,7.0,33.9,6.6,0.0,0.0,62.6,0.0,0.0,30.6,85.3,85.9,89.6,47.0,88.5,99.4,99.3,15.5,0.0,31.0,1596.1,16.00,22,22,22,52,74,560,1,2,Yes,No,No,No,No,No,No,No,No,No,Yes,No,No,No,No,No,No,No,No,No,No,No,No,No,No,No,No,No,No,No,No,No,No,No,No,No,No,No,45.0,54,54,67,88.0,100.0,No,No,21506,55883,40.2,12.4,52.5,97.615,38.428,2293,825,12.430,41.633,100.0,0.000,22.9,21.1,63.6,9.9,9.9,9.9,9.9,21.1,60.4,10.0,10.0,10.0,10.0,47.36,100.58,15.74,15.71,100.65,100.65,0.72,1.89,47.36,0.00,52.75,0,
1.2.2026,21:36:55.135,6348,2048,75.6,5486,2397,69.5,0.0,1.089,1.107,1.067,1.072,1.082,1.127,1.082,1.072,1.072,1.127,1.082,1.028,0.768,3571.3,4289.5,4289.5,3391.7,3391.7,3391.7,3391.7,3391.7,3391.7,3391.7,3391.7,99.8,3691.0,623.0,2673.9,5.3,859.1,1.5,1363.6,988.8,1146.7,4.6,427.2,1.6,2.3,1.4,880.4,15.8,60.4,0.0,20.5,20.6,36.5,26.4,12.8,0.0,12.4,0.0,0.0,0.0,60.4,15.8,100.0,53.6,206.3,0.2,65.8,0.1,128.5,98.0,94.4,0.4,44.5,4.4,0.1,0.1,53.6,35.8,43.0,43.0,34.0,34.0,34.0,34.0,34.0,34.0,34.0,34.0,37.0,54,56,48,59,59,59,59,49,49,49,49,46,44,52,41,41,41,41,51,51,51,51,58,59,No,No,No,No,No,No,No,No,No,No,No,No,No,No,No,No,No,No,No,No,No,No,No,No,No,No,No,No,No,No,No,No,No,No,No,No,60,60,46,50,0.222,0.000,0.000,0.000,0.000,0.000,0.000,0.000,1.200,17.188,17.699,13.529,0.009,25.770,3.539,0.219,0.057,45.0,12.0,55.0,55.0,21.000,300.0,5.8,0.0,0.0,0.0,0.0,649,0,0.0,0.0,0.0,0.0,17.7,62.3,0.2,22.7,0.1,44.3,31.1,35.9,0.1,15.3,0.0,0.1,0.0,19.8,37.7,9.8,39.7,36.2,32.8,0.0,41.5,0.0,0.0,0.0,52.1,0.0,0.0,15.0,32.6,31.4,99.8,42.3,99.9,99.9,99.9,31.3,0.0,62.7,1596.1,16.00,22,22,22,52,74,560,1,2,Yes,No,No,No,No,No,No,No,No,No,Yes,No,No,No,No,No,No,No,No,No,No,No,No,No,No,No,No,No,No,No,No,No,No,No,No,No,No,No,45.0,54,54,67,88.0,100.0,No,No,21506,55883,15.5,4.0,19.5,34.219,3.824,2296,826,12.429,41.633,100.0,0.000,22.9,22.2,63.3,10.0,10.0,10.0,10.0,22.2,60.4,10.0,10.0,10.0,10.0,44.97,100.20,15.81,15.71,100.27,100.27,0.74,2.57,44.97,0.00,49.21,0,
1.2.2026,21:36:55.243,6361,2034,75.7,5499,2385,69.7,0.0,1.111,1.114,1.099,1.114,1.109,1.109,1.109,1.109,1.115,1.115,1.121,1.028,0.766,3491.5,4289.5,4289.5,3391.7,3391.7,3391.7,3192.2,3391.7,3192.2,3192.2,3192.2,99.8,3691.0,765.1,2572.7,3.5,2338.3,3.2,2271.3,259.9,157.2,6.1,1563.2,2.4,2.1,1.9,951.5,29.6,59.6,35.7,52.0,11.5,65.9,5.4,13.8,11.6,45.2,21.3,21.3,11.4,65.9,29.6,100.0,67.7,196.9,0.2,171.8,0.1,243.1,24.3,10.6,0.6,164.1,0.2,0.3,0.1,67.6,35.0,43.0,43.0,34.0,34.0,34.0,32.0,34.0,32.0,32.0,32.0,37.0,56,54,57,59,59,59,59,53,53,53,53,44,46,43,41,41,41,41,47,47,47,47,58,59,No,No,No,No,No,No,No,No,No,No,No,No,No,No,No,No,No,No,No,No,No,No,No,No,No,No,No,No,No,No,No,No,No,No,No,No,59,59,49,50,0.217,0.000,0.000,0.000,0.000,0.000,0.000,0.000,1.200,18.125,19.767,15.452,0.016,27.807,3.671,0.226,0.058,45.0,12.0,55.0,55.0,18.000,300.0,6.3,0.0,0.0,0.0,0.0,649,0,0.0,0.0,0.0,0.0,20.7,61.4,0.1,56.1,0.1,69.1,7.9,4.6,0.2,49.0,0.1,0.1,0.1,12.5,38.6,42.4,29.7,0.0,0.0,0.0,14.7,0.0,0.0,0.0,62.2,0.0,0.0,1.0,91.9,95.2,99.7,34.8,99.8,99.8,99.8,0.6,0.0,1.1,1596.1,16.00,22,22,22,52,74,560,1,2,Yes,No,No,No,No,No,No,No,No,No,Yes,No,No,No,No,No,No,No,No,No,No,No,No,No,No,No,No,No,No,No,No,No,No,No,No,No,No,No,46.0,54,54,68,88.0,100.0,No,No,21506,55883,13.7,34.0,47.7,27.271,0.770,2300,826,12.429,41.633,100.0,0.000,22.9,24.8,63.4,10.0,10.0,10.0,10.0,24.8,60.4,10.0,10.0,10.0,10.0,40.27,99.86,15.76,15.71,99.89,99.89,0.82,2.69,40.27,0.00,41.06,0,
1.2.2026,21:36:55.353,6362,2033,75.7,5505,2379,69.8,0.0,1.098,1.035,1.093,1.088,1.098,1.108,1.128,1.093,1.108,1.108,1.128,0.858,0.768,3341.8,3990.2,4289.5,2992.7,2992.7,3192.2,3192.2,3192.2,3192.2,3192.2,3192.2,99.8,2892.9,854.6,1787.7,1.9,1626.6,2.7,1971.3,2272.8,1745.7,47.7,750.8,26.1,4.9,17.2,1182.1,23.4,50.7,0.0,44.6,0.0,54.8,62.5,37.0,0.0,31.2,0.0,0.0,0.0,62.5,23.4,100.0,78.2,142.1,0.1,119.1,0.1,180.1,235.0,174.1,5.2,76.8,2.8,0.5,1.9,78.2,33.5,40.0,43.0,30.0,30.0,32.0,32.0,32.0,32.0,32.0,32.0,29.0,53,56,52,57,57,57,57,49,49,49,49,47,44,48,43,43,43,43,51,51,51,51,57,57,No,No,No,No,No,No,No,No,No,No,No,No,No,No,No,No,No,No,No,No,No,No,No,No,No,No,No,No,No,No,No,No,No,No,No,No,58,58,46,50,0.217,0.000,0.000,0.000,0.000,0.000,0.000,0.000,1.200,17.188,19.134,14.573,0.112,27.713,3.742,0.327,0.057,45.0,12.0,55.0,55.0,19.000,300.0,21.2,0.0,0.0,0.0,0.0,651,0,0.0,0.0,0.0,0.0,24.7,45.5,0.1,40.6,0.1,60.5,68.2,52.6,1.5,25.7,0.8,0.2,0.5,19.3,54.4,19.6,39.7,14.7,27.3,0.0,37.3,0.0,0.0,0.0,48.0,0.0,10.2,0.0,17.0,20.2,98.4,35.6,99.1,99.8,99.4,14.0,0.0,27.9,1596.1,16.00,22,22,22,52,74,560,1,2,Yes,No,No,No,No,No,No,No,No,No,Yes,No,No,No,No,No,No,No,No,No,No,No,No,No,No,No,No,No,No,No,No,No,No,No,No,No,No,No,45.0,54,54,68,88.0,100.0,No,No,21506,55883,33.2,0.0,33.2,78.080,0.000,2307,826,12.429,41.633,100.0,0.000,22.9,29.5,64.2,10.5,10.1,10.0,10.0,29.5,60.7,10.5,10.1,10.0,10.0,33.95,95.45,15.58,15.54,99.75,99.75,1.25,2.27,33.95,0.00,32.37,0,
1.2.2026,21:36:55.465,6357,2038,75.7,5504,2380,69.8,0.0,1.103,1.100,1.083,1.083,1.098,1.098,1.098,1.098,1.138,1.138,1.098,1.028,0.768,3571.3,4289.5,4289.5,3391.7,3391.7,3391.7,3391.7,3391.7,3391.7,3391.7,3391.7,99.8,3691.0,689.2,1876.3,3.3,2039.7,1.8,2033.6,75.4,28.4,8.0,2199.6,1.4,1.6,1.3,758.3,20.8,32.2,14.9,35.2,0.0,52.4,16.7,24.8,2.7,62.5,2.7,2.7,2.7,62.5,20.8,100.0,58.5,133.3,0.1,142.8,0.1,186.6,8.6,3.2,0.4,226.5,0.2,0.1,0.1,57.7,35.8,43.0,43.0,34.0,34.0,34.0,34.0,34.0,34.0,34.0,34.0,37.0,54,49,60,59,59,59,59,50,50,50,50,46,51,40,41,41,41,41,50,50,50,50,58,60,No,No,No,No,No,No,No,No,No,No,No,No,No,No,No,No,No,No,No,No,No,No,No,No,No,No,No,No,No,No,No,No,No,No,No,No,58,58,47,50,0.225,0.000,0.000,0.000,0.000,0.000,0.000,0.000,1.200,19.688,17.081,13.036,0.106,24.976,3.292,0.237,0.056,45.0,12.0,55.0,55.0,20.000,300.0,18.8,0.0,0.0,0.0,0.0,651,0,0.0,0.0,0.0,0.0,18.6,43.6,0.1,48.1,0.1,61.9,2.3,0.8,0.3,66.3,0.0,0.0,0.0,11.7,31.1,30.0,38.3,0.0,0.0,0.0,17.7,0.0,0.0,0.0,63.7,25.3,0.0,0.0,97.5,99.1,99.6,15.6,99.9,99.9,99.9,10.3,0.0,20.7,1596.1,16.00,22,22,22,52,74,560,1,2,Yes,No,No,No,No,No,No,No,No,No,Yes,No,No,No,No,No,No,No,No,No,No,No,No,No,No,No,No,No,No,No,No,No,No,No,No,No,No,No,45.0,54,54,66,88.0,100.0,No,No,21506,55883,11.2,0.0,11.2,6.041,0.000,2308,826,12.429,41.633,100.0,0.000,22.9,31.9,64.1,10.6,10.1,10.0,10.0,31.9,60.7,10.6,10.1,10.0,10.0,31.32,94.65,15.59,15.54,99.75,99.75,1.55,2.02,31.32,0.00,27.48,0,
1.2.2026,21:36:55.575,6353,2042,75.6,5501,2383,69.7,0.0,1.095,1.162,1.089,1.085,1.085,1.080,1.085,1.085,1.095,1.095,1.091,1.028,0.768,3331.9,4289.5,4289.5,3391.7,3391.7,997.6,3391.7,3391.7,3391.7,3391.7,3391.7,99.8,3691.0,526.4,1693.2,1.6,1315.5,1.5,655.9,3.3,2.5,1.5,2636.9,1.5,1.4,1.7,459.4,21.2,39.2,36.4,43.5,36.4,24.0,0.0,0.0,0.2,74.5,0.0,0.0,0.0,74.5,21.2,100.0,49.8,126.3,0.2,113.2,0.1,78.0,0.3,0.2,0.5,278.5,0.1,0.2,0.1,50.6,33.4,43.0,43.0,34.0,34.0,10.0,34.0,34.0,34.0,34.0,34.0,37.0,54,47,46,58,58,58,58,53,53,53,53,46,53,54,42,42,42,42,47,47,47,47,55,58,No,No,No,No,No,No,No,No,No,No,No,No,No,No,No,No,No,No,No,No,No,No,No,No,No,No,No,No,No,No,No,No,No,No,No,No,58,58,48,50,0.222,0.000,0.000,0.000,0.000,0.000,0.000,0.000,1.200,19.688,14.634,11.232,0.115,21.774,2.651,0.235,0.057,45.0,12.0,55.0,55.0,17.000,300.0,19.8,0.0,0.0,0.0,0.0,650,0,0.0,0.0,0.0,0.0,14.4,39.0,0.1,31.6,0.1,22.4,0.1,0.1,0.0,78.7,0.0,0.0,0.1,5.1,0.1,0.1,50.5,0.0,0.0,0.0,0.0,0.0,0.0,0.0,64.6,0.0,0.0,26.0,99.8,99.8,99.9,20.3,99.9,99.9,99.9,61.1,57.1,65.0,1596.1,16.00,22,22,22,52,74,560,1,2,Yes,No,No,No,No,No,No,No,No,No,Yes,No,No,No,No,No,No,No,No,No,No,No,No,No,No,No,No,No,No,No,No,No,No,No,No,No,No,No,44.0,54,54,62,88.0,100.0,No,No,21506,55883,1.3,0.0,1.3,1.209,0.000,2308,826,12.429,41.633,100.0,0.000,22.9,37.2,64.1,10.6,10.1,10.0,10.0,37.2,60.6,10.6,10.1,10.0,10.0,26.85,94.17,15.59,15.54,99.75,99.75,2.02,1.74,26.85,0.00,18.82,0,
1.2.2026,21:36:55.687,6348,2048,75.6,5501,2383,69.7,0.0,1.138,1.104,1.141,1.116,1.101,1.141,1.141,1.141,1.141,1.176,1.174,1.031,0.768,3361.8,4289.5,4588.8,997.6,3391.7,3391.7,3391.7,3391.7,3391.7,3391.7,3391.7,99.8,3691.0,723.4,1987.6,1.8,2403.0,1.6,2003.9,20.0,1.1,1.1,2256.8,1.1,1.3,1.4,802.5,20.4,48.5,0.0,49.1,0.0,47.5,8.5,0.0,8.0,59.8,8.0,8.0,8.0,59.8,20.4,100.0,60.9,144.4,0.1,171.5,0.1,182.5,2.1,0.1,0.1,229.7,0.1,0.1,0.2,60.9,33.7,43.0,46.0,10.0,34.0,34.0,34.0,34.0,34.0,34.0,34.0,37.0,55,56,62,58,58,58,58,51,51,51,51,45,44,38,42,42,42,42,49,49,49,49,61,62,No,No,No,No,No,No,No,No,No,No,No,No,No,No,No,No,No,No,No,No,No,No,No,No,No,No,No,No,No,No,No,No,No,No,No,No,60,60,47,50,0.225,0.000,0.000,0.000,0.000,0.000,0.000,0.000,1.200,20.000,18.217,14.665,0.029,25.785,2.998,0.191,0.058,45.0,12.0,55.0,55.0,20.000,300.0,7.4,0.0,0.0,0.0,0.0,650,0,0.0,0.0,0.0,0.0,19.5,48.0,0.1,56.2,0.1,61.3,0.6,0.0,0.0,67.6,0.0,0.0,0.0,10.8,38.1,23.1,30.4,0.0,0.0,0.0,15.9,0.0,0.0,0.0,63.6,0.0,13.0,8.2,99.3,99.9,99.9,16.3,99.9,99.9,99.9,10.1,12.9,7.3,1596.1,16.00,22,22,22,52,74,560,1,2,Yes,No,No,No,No,No,No,No,No,No,Yes,No,No,No,No,No,No,No,No,No,No,No,No,No,No,No,No,No,No,No,No,No,No,No,No,No,No,No,46.0,54,54,65,88.0,100.0,No,No,21506,55883,7.9,0.0,7.9,14.938,0.000,2309,826,12.429,41.633,100.0,0.000,22.9,41.1,64.1,10.7,10.1,10.0,10.0,41.1,60.7,10.7,10.1,10.0,10.0,24.34,93.57,15.60,15.54,99.75,99.75,1.95,2.01,24.34,0.00,15.70,0,
1.2.2026,21:36:55.794,6350,2046,75.6,5499,2385,69.7,0.0,1.097,1.120,1.084,1.084,1.099,1.099,1.099,1.099,1.099,1.094,1.094,1.028,0.768,3571.3,4289.5,4289.5,3391.7,3391.7,3391.7,3391.7,3391.7,3391.7,3391.7,3391.7,99.8,3691.0,464.3,1440.1,1.8,1206.8,1.7,1196.6,225.6,22.0,1.3,1471.2,1.3,1.4,1.4,512.0,15.2,32.3,0.0,31.0,35.9,35.1,5.4,0.0,0.0,42.9,0.0,0.0,0.0,42.9,15.2,100.0,43.3,106.6,0.1,104.0,0.1,128.4,23.3,2.2,0.1,154.7,0.1,0.1,0.1,43.0,35.8,43.0,43.0,34.0,34.0,34.0,34.0,34.0,34.0,34.0,34.0,37.0,54,53,53,58,58,58,58,51,51,51,51,46,47,47,42,42,42,42,49,49,49,49,57,58,No,No,No,No,No,No,No,No,No,No,No,No,No,No,No,No,No,No,No,No,No,No,No,No,No,No,No,No,No,No,No,No,No,No,No,No,57,57,46,50,0.225,0.000,0.000,0.000,0.000,0.000,0.000,0.000,1.200,17.188,14.283,10.913,0.011,21.998,2.762,0.172,0.056,45.0,12.0,55.0,55.0,17.000,300.0,4.6,0.0,0.0,0.0,0.0,650,0,0.1,0.0,0.0,0.0,12.9,33.7,0.1,29.0,0.1,37.6,7.1,0.7,0.0,45.8,0.0,0.0,0.0,2.9,5.6,0.3,13.5,0.0,0.0,0.0,10.1,0.0,0.0,0.0,68.1,0.0,0.0,46.8,92.7,99.2,99.9,42.4,99.9,99.9,99.9,62.0,57.2,66.7,1596.1,16.00,22,22,22,52,74,560,1,2,Yes,No,No,No,No,No,No,No,No,No,Yes,No,No,No,No,No,No,No,No,No,No,No,No,No,No,No,No,No,No,No,No,No,No,No,No,No,No,No,45.0,54,54,63,88.0,100.0,No,No,21506,55883,19.3,0.0,19.3,37.686,0.000,2313,826,12.429,41.633,100.0,0.000,22.9,45.2,63.6,11.6,10.2,10.0,10.0,45.3,60.7,11.6,10.2,10.0,10.0,22.10,85.90,15.72,15.55,99.75,99.75,1.82,1.88,22.10,0.00,11.15,0,
1.2.2026,21:36:55.908,6348,2048,75.6,5499,2385,69.7,0.0,1.092,1.138,1.104,1.154,1.074,1.074,1.074,1.074,1.074,1.074,1.074,1.028,0.768,3571.3,4289.5,4289.5,3391.7,3391.7,3391.7,3391.7,3391.7,3391.7,3391.7,3391.7,99.8,3691.0,823.6,2167.8,2.4,2604.3,21.9,2209.9,1193.4,20.4,152.4,1459.8,33.6,7.6,9.4,1046.5,23.4,46.8,26.1,58.9,15.9,53.1,35.7,0.0,0.0,38.2,2.5,1.7,1.7,58.9,23.4,100.0,69.2,150.3,0.1,193.9,1.3,195.5,131.0,2.0,16.8,134.6,3.6,0.8,0.9,69.2,35.8,43.0,43.0,34.0,34.0,34.0,34.0,34.0,34.0,34.0,34.0,37.0,53,48,46,59,59,59,59,49,49,49,49,47,52,54,41,41,41,41,51,51,51,51,59,59,No,No,No,No,No,No,No,No,No,No,No,No,No,No,No,No,No,No,No,No,No,No,No,No,No,No,No,No,No,No,No,No,No,No,No,No,57,57,47,51,0.217,0.000,0.000,0.000,0.000,0.000,0.000,0.000,1.200,20.313,16.245,12.687,0.013,23.108,2.879,0.226,0.059,45.0,12.0,55.0,55.0,19.000,300.0,6.1,0.0,0.0,0.0,0.0,650,0,0.0,0.0,0.0,0.0,22.1,50.4,0.1,61.0,0.6,65.8,35.3,0.7,4.5,45.1,1.1,0.3,0.3,15.1,40.7,31.4,31.3,4.0,0.0,0.0,44.1,0.0,0.0,0.0,58.2,8.9,7.6,2.9,59.9,99.1,95.3,10.3,98.7,99.6,99.6,0.0,0.0,0.0,1596.1,16.00,22,22,22,52,74,560,1,2,Yes,No,No,No,No,No,No,No,No,No,Yes,No,No,No,No,No,No,No,No,No,No,No,No,No,No,No,No,No,No,No,No,No,No,No,No,No,No,No,45.0,54,54,61,88.0,100.0,No,No,21506,55883,0.0,0.0,0.0,0.000,0.000,2313,826,12.429,41.633,100.0,0.000,22.9,52.7,71.6,17.0,15.2,15.0,15.0,52.6,60.9,17.1,15.2,15.0,15.0,18.99,58.98,13.96,12.60,66.78,66.78,1.63,1.62,18.99,0.00,4.49,0,
1.2.2026,21:36:56.019,6349,2047,75.6,5499,2385,69.7,0.0,1.108,1.100,1.088,1.123,1.103,1.113,1.113,1.103,1.113,1.113,1.113,1.028,0.768,3551.3,4289.5,4289.5,3192.2,3391.7,3391.7,3391.7,3391.7,3391.7,3391.7,3391.7,99.8,3691.0,630.5,1531.2,2.5,1548.3,1.7,1248.5,1354.7,58.4,45.5,1652.8,13.6,105.0,3.6,723.8,20.6,35.2,0.0,36.1,0.0,36.2,38.6,13.0,12.6,49.9,11.9,14.3,0.0,49.9,20.6,100.0,59.2,115.2,0.1,115.9,0.1,132.7,147.2,5.9,4.5,175.9,1.3,11.6,0.3,59.2,35.6,43.0,43.0,32.0,34.0,34.0,34.0,34.0,34.0,34.0,34.0,37.0,53,48,43,56,56,56,56,54,54,54,54,47,52,57,44,44,44,44,46,46,46,46,55,56,No,No,No,No,No,No,No,No,No,No,No,No,No,No,No,No,No,No,No,No,No,No,No,No,No,No,No,No,No,No,No,No,No,No,No,No,60,60,46,50,0.222,0.000,0.000,0.000,0.000,0.000,0.000,0.000,1.200,19.063,19.217,15.878,0.012,25.936,2.699,0.236,0.057,45.0,12.0,55.0,55.0,21.000,300.0,6.5,0.0,0.0,0.0,0.0,650,0,0.0,0.0,0.0,0.0,17.9,37.3,0.2,38.3,0.1,38.9,40.2,1.8,1.4,52.9,0.4,3.1,0.1,11.9,37.1,18.9,29.9,10.7,0.0,0.0,22.0,0.0,0.0,0.0,60.0,0.0,8.3,29.0,48.3,97.8,98.4,22.6,99.5,96.8,99.8,26.7,22.3,31.0,1596.1,16.00,22,22,22,52,74,560,1,2,Yes,No,No,No,No,No,No,No,No,No,Yes,No,No,No,No,No,No,No,No,No,No,No,No,No,No,No,No,No,No,No,No,No,No,No,No,No,No,No,45.0,54,54,59,88.0,100.0,No,No,21506,55883,0.0,0.0,0.0,0.000,0.000,2313,826,12.429,41.633,100.0,0.000,22.9,55.0,70.9,17.2,15.2,15.0,15.0,55.0,60.9,17.4,15.2,15.0,15.0,18.19,58.18,14.11,12.61,66.78,66.78,1.52,1.26,18.19,0.00,3.51,0,
1.2.2026,21:36:56.129,6349,2047,75.6,5499,2385,69.7,0.0,1.129,1.124,1.098,1.134,1.109,1.134,1.134,1.139,1.159,1.124,1.134,1.028,0.766,3571.3,4289.5,4289.5,3391.7,3391.7,3391.7,3391.7,3391.7,3391.7,3391.7,3391.7,99.8,3691.0,594.6,1402.1,5.2,2320.1,7.5,1808.4,130.7,12.6,3.0,1441.4,1.6,1.4,1.3,711.2,17.5,31.9,20.6,50.9,0.0,51.9,1.9,0.0,0.0,42.3,0.0,0.0,10.6,51.9,17.5,100.0,54.0,108.5,0.1,173.8,0.3,191.5,14.4,1.3,0.6,157.7,0.1,0.1,0.1,53.6,35.8,43.0,43.0,34.0,34.0,34.0,34.0,34.0,34.0,34.0,34.0,37.0,54,51,53,59,59,59,59,51,51,51,51,46,49,47,41,41,41,41,49,49,49,49,59,59,No,No,No,No,No,No,No,No,No,No,No,No,No,No,No,No,No,No,No,No,No,No,No,No,No,No,No,No,No,No,No,No,No,No,No,No,56,56,49,51,0.217,0.000,0.000,0.000,0.000,0.000,0.000,0.000,1.200,21.250,15.981,12.600,0.014,22.496,2.728,0.236,0.057,45.0,12.0,55.0,55.0,20.000,300.0,6.0,0.0,0.0,0.0,0.0,649,0,0.0,0.0,0.0,0.0,16.2,35.5,0.2,54.7,0.3,55.7,4.0,0.4,0.1,44.0,0.0,0.0,0.1,10.0,40.8,18.0,30.4,0.0,0.0,0.0,11.0,0.0,0.0,0.0,65.1,0.0,0.0,12.7,95.7,99.4,99.9,43.9,99.9,99.9,99.9,23.1,21.6,24.5,1596.1,16.00,22,22,22,52,74,560,1,2,Yes,No,No,No,No,No,No,No,No,No,Yes,No,No,No,No,No,No,No,No,No,No,No,No,No,No,No,No,No,No,No,No,No,No,No,No,No,No,No,45.0,54,54,59,88.0,100.0,No,No,21506,55883,0.0,0.0,0.0,0.000,0.000,2313,826,12.429,41.633,100.0,0.000,22.9,60.0,70.5,51.7,48.9,48.6,48.6,60.0,60.9,59.1,58.8,58.8,58.8,16.65,19.34,14.18,12.62,20.58,20.58,1.44,1.20,16.65,0.00,1.07,0,
1.2.2026,21:36:56.241,6350,2046,75.6,5497,2386,69.7,0.0,1.083,1.117,1.107,1.107,1.107,1.070,1.070,1.065,1.080,1.051,1.051,1.031,0.766,3531.4,4289.5,4289.5,3391.7,3391.7,3391.7,3391.7,3391.7,3391.7,3192.2,3192.2,99.8,3691.0,795.4,2241.4,16.3,1641.4,4.6,2070.0,1425.5,1191.4,62.7,806.6,73.4,6.1,4.9,1081.7,29.6,51.2,36.1,39.8,45.8,60.8,40.8,41.5,13.3,24.9,1.3,0.0,0.0,60.8,29.6,100.0,75.6,169.4,1.3,127.9,0.2,228.5,153.2,126.6,6.4,85.3,7.7,0.5,0.4,76.0,35.4,43.0,43.0,34.0,34.0,34.0,34.0,34.0,34.0,32.0,32.0,37.0,56,65,46,62,62,62,62,51,51,51,51,44,35,54,38,38,38,38,49,49,49,49,65,65,No,No,No,No,No,No,No,No,No,No,No,No,No,No,No,No,No,No,No,No,No,No,No,No,No,No,No,No,No,No,No,No,No,No,No,No,60,60,47,50,0.217,0.000,0.000,0.000,0.000,0.000,0.000,0.000,1.200,10.313,16.470,13.215,0.018,23.083,2.616,0.236,0.057,45.0,12.0,55.0,55.0,19.000,300.0,7.1,0.0,0.0,0.0,0.0,649,0,0.0,0.0,0.0,0.0,22.1,52.0,0.5,39.7,0.3,61.8,43.5,35.9,2.0,27.4,2.3,0.3,0.2,6.4,0.1,5.5,21.3,3.8,1.4,0.0,31.8,0.0,0.0,0.0,63.2,39.3,34.6,14.9,50.6,61.3,97.5,38.1,97.2,99.4,99.5,12.4,6.6,18.1,1596.1,16.00,22,22,22,52,74,560,1,2,Yes,No,No,No,No,No,No,No,No,No,Yes,No,No,No,No,No,No,No,No,No,No,No,No,No,No,No,No,No,No,No,No,No,No,No,No,No,No,No,45.0,54,54,59,88.0,100.0,No,No,21506,55883,1.3,4.6,5.9,0.324,0.769,2313,826,12.429,41.633,100.0,0.000,22.9,60.1,69.4,53.1,49.0,48.6,48.6,60.0,60.9,59.1,58.8,58.8,58.8,16.65,18.84,14.40,12.64,20.58,20.58,1.25,1.26,16.65,0.00,0.41,0,
1.2.2026,21:36:56.351,6350,2046,75.6,5497,2386,69.7,0.0,1.125,1.137,1.115,1.115,1.115,1.115,1.150,1.150,1.125,1.115,1.120,1.081,0.766,3571.3,4289.5,4289.5,3391.7,3391.7,3391.7,3391.7,3391.7,3391.7,3391.7,3391.7,99.8,3990.2,551.7,859.3,2.0,646.7,1.8,715.7,952.3,1380.7,7.6,2012.2,22.2,9.0,10.3,570.8,14.1,18.9,0.0,14.8,0.0,20.7,27.0,28.6,0.0,59.4,0.0,0.0,0.0,59.4,14.1,100.0,55.8,63.3,0.1,46.9,0.1,75.9,104.0,153.8,0.7,220.3,2.3,0.9,1.1,55.8,35.8,43.0,43.0,34.0,34.0,34.0,34.0,34.0,34.0,34.0,34.0,40.0,53,47,42,55,55,55,55,55,55,55,55,47,53,58,45,45,45,45,45,45,45,45,55,55,No,No,No,No,No,No,No,No,No,No,No,No,No,No,No,No,No,No,No,No,No,No,No,No,No,No,No,No,No,No,No,No,No,No,No,No,59,59,47,51,0.222,0.000,0.000,0.000,0.000,0.000,0.000,0.000,1.200,10.938,17.476,13.906,0.014,24.664,2.903,0.255,0.061,45.0,12.0,55.0,55.0,11.000,300.0,6.1,0.0,0.0,0.0,0.0,649,0,0.0,0.0,0.0,0.0,16.2,21.3,0.2,17.1,0.1,23.1,28.5,41.3,0.2,61.2,0.7,0.3,0.3,13.7,27.2,23.5,57.1,15.5,4.4,0.0,9.5,0.0,0.0,0.0,55.3,0.0,0.0,18.5,55.0,53.2,99.7,27.9,99.1,99.6,99.6,51.9,48.0,55.8,1596.1,16.00,22,22,22,52,74,560,1,2,Yes,No,No,No,No,No,No,No,No,No,Yes,No,No,No,No,No,No,No,No,No,No,No,No,No,No,No,No,No,No,No,No,No,No,No,No,No,No,No,44.0,54,54,58,88.0,100.0,No,No,21506,55883,0.0,0.0,0.0,0.000,0.000,2313,826,12.429,41.633,100.0,0.000,22.9,57.9,69.8,30.0,29.7,29.7,29.7,57.9,60.8,30.0,30.0,30.0,30.0,17.27,33.30,14.33,12.63,33.71,33.71,0.98,1.28,17.27,0.00,1.04,0,
1.2.2026,21:36:56.443,6343,2053,75.5,5495,2388,69.7,0.0,0.918,0.871,0.902,0.907,0.918,0.923,0.933,0.923,0.933,0.933,0.933,0.806,0.766,3571.3,3092.4,3591.2,2493.9,2493.9,2493.9,2593.7,2493.9,2593.7,2593.7,2593.7,99.8,2493.9,551.7,1734.1,3.1,1534.0,2.2,1033.0,944.8,236.1,42.0,1039.4,218.4,31.9,127.8,691.1,14.1,47.7,34.8,37.8,0.0,27.8,40.2,10.9,3.3,36.9,0.0,0.0,0.0,47.7,20.0,100.0,55.8,141.2,0.1,115.2,0.1,110.6,103.4,26.0,4.5,110.9,24.2,3.4,14.1,54.5,35.8,31.0,36.0,25.0,25.0,25.0,26.0,25.0,26.0,26.0,26.0,25.0,53,47,42,55,55,55,55,55,55,55,55,47,53,58,45,45,45,45,45,45,45,45,55,55,No,No,No,No,No,No,No,No,No,No,No,No,No,No,No,No,No,No,No,No,No,No,No,No,No,No,No,No,No,No,No,No,No,No,No,No,57,57,49,51,0.217,0.000,0.000,0.000,0.000,0.000,0.000,0.000,1.200,16.875,13.873,10.589,0.015,20.428,2.660,0.211,0.057,45.0,12.0,55.0,55.0,19.000,300.0,5.9,0.0,0.0,0.0,0.0,649,0,0.0,0.0,0.0,0.0,16.2,21.3,0.2,17.1,0.1,23.1,28.5,41.3,0.2,61.2,0.7,0.3,0.3,13.7,27.2,23.5,57.1,15.5,4.4,0.0,9.5,0.0,0.0,0.0,55.3,0.0,0.0,18.5,55.0,53.2,99.7,27.9,99.1,99.6,99.6,51.9,48.0,55.8,1596.1,16.00,22,22,22,52,74,560,1,2,Yes,No,No,No,No,No,No,No,No,No,Yes,No,No,No,No,No,No,No,No,No,No,No,No,No,No,No,No,No,No,No,No,No,No,No,No,No,No,No,44.0,54,54,57,88.0,100.0,No,No,21506,55883,0.0,0.0,0.0,0.000,0.000,2313,826,12.429,41.633,100.0,0.000,22.9,57.9,69.8,30.0,29.7,29.7,29.7,57.9,60.8,30.0,30.0,30.0,30.0,17.27,33.30,14.33,12.63,33.71,33.71,0.98,1.28,17.27,0.00,1.04,0,
1.2.2026,21:36:56.558,6343,2053,75.5,5495,2388,69.7,0.0,1.113,1.126,1.106,1.116,1.116,1.111,1.101,1.111,1.116,1.116,1.116,1.031,0.766,3411.7,4289.5,4289.5,3192.2,3192.2,3192.2,3192.2,3192.2,3192.2,3192.2,3192.2,99.8,3691.0,690.8,1568.5,83.4,3826.9,5.5,1141.0,838.9,90.1,51.1,614.1,52.0,9.2,9.0,950.7,26.9,39.6,21.6,89.8,0.0,41.8,21.5,11.3,10.1,16.5,30.1,20.3,20.4,89.8,26.9,100.0,57.2,103.6,6.0,293.8,0.1,115.5,83.4,9.5,5.4,61.7,5.6,0.9,0.9,57.2,34.2,43.0,43.0,32.0,32.0,32.0,32.0,32.0,32.0,32.0,32.0,37.0,53,49,61,55,55,55,55,51,51,51,51,47,51,39,45,45,45,45,49,49,49,49,61,61,No,No,No,No,No,No,No,No,No,No,No,No,No,No,No,No,No,No,No,No,No,No,No,No,No,No,No,No,No,No,No,No,No,No,No,No,57,57,48,50,0.217,0.000,0.000,0.000,0.000,0.000,0.000,0.000,1.200,19.375,13.834,10.463,0.017,20.919,2.728,0.226,0.057,45.0,12.0,55.0,55.0,6.000,300.0,6.9,0.0,0.0,0.0,0.0,649,0,0.0,0.0,0.0,0.0,19.0,35.5,2.0,89.9,0.1,39.8,29.3,3.0,1.6,24.1,1.7,0.3,0.3,16.0,13.9,4.5,48.7,42.9,0.0,0.0,49.6,0.0,0.0,0.0,58.8,28.8,4.4,10.6,27.4,96.6,98.1,24.5,98.2,99.6,99.6,9.3,17.9,0.7,1596.1,16.00,22,22,22,52,74,560,1,2,Yes,No,No,No,No,No,No,No,No,No,Yes,No,No,No,No,No,No,No,No,No,No,No,No,No,No,No,No,No,No,No,No,No,No,No,No,No,No,No,45.0,54,54,57,88.0,100.0,No,No,21506,55883,0.0,0.0,0.0,0.000,0.000,2313,826,12.429,41.633,100.0,0.000,22.9,54.6,71.0,29.3,29.2,29.1,29.1,54.6,60.8,30.0,30.0,30.0,30.0,18.30,34.12,14.09,12.61,34.32,34.32,0.57,1.43,18.30,0.00,3.09,0,
1.2.2026,21:36:56.668,6341,2054,75.5,5493,2391,69.6,0.0,1.154,1.112,1.130,1.195,1.200,1.170,1.145,1.155,1.145,1.145,1.145,1.031,0.766,3411.7,4289.5,4289.5,3192.2,3192.2,3192.2,3192.2,3192.2,3192.2,3192.2,3192.2,99.8,3691.0,654.1,1832.7,6.6,3989.9,2.1,751.2,42.0,21.4,15.3,1157.0,11.9,9.3,9.8,832.6,19.2,41.3,0.0,90.7,40.8,22.7,0.0,0.0,0.0,34.6,0.0,0.0,0.0,90.7,19.2,100.0,54.4,136.1,0.5,309.0,0.1,78.5,3.9,1.8,1.3,119.0,1.0,0.7,0.7,54.4,34.2,43.0,43.0,32.0,32.0,32.0,32.0,32.0,32.0,32.0,32.0,37.0,54,44,61,55,55,55,55,53,53,53,53,46,56,39,45,45,45,45,47,47,47,47,61,61,No,No,No,No,No,No,No,No,No,No,No,No,No,No,No,No,No,No,No,No,No,No,No,No,No,No,No,No,No,No,No,No,No,No,No,No,65,65,48,50,0.225,0.000,0.000,0.000,0.000,0.000,0.000,0.000,1.200,18.438,18.103,14.699,0.037,24.637,2.718,0.261,0.056,45.0,12.0,55.0,55.0,18.000,300.0,9.1,0.0,0.0,0.0,0.0,649,0,0.0,0.0,0.0,0.0,16.9,44.2,0.2,91.1,0.0,25.6,1.4,0.7,0.5,38.7,0.4,0.3,0.3,13.9,42.6,8.9,40.9,0.0,0.0,0.0,46.6,0.0,0.0,0.0,64.0,0.0,0.0,31.1,98.2,99.2,99.4,13.5,99.5,99.6,99.6,5.7,11.4,0.0,1596.1,16.00,22,22,22,52,74,560,1,2,Yes,No,No,No,No,No,No,No,No,No,Yes,No,No,No,No,No,No,No,No,No,No,No,No,No,No,No,No,No,No,No,No,No,No,No,No,No,No,No,45.0,54,54,57,88.0,100.0,No,No,21506,55883,0.0,0.0,0.0,0.000,0.000,2313,826,12.429,41.633,100.0,0.000,22.9,53.7,71.0,29.2,29.1,29.1,29.1,53.7,60.8,30.0,30.0,30.0,30.0,18.62,34.25,14.09,12.61,34.32,34.32,0.56,1.42,18.62,0.00,3.76,0,
1.2.2026,21:36:56.790,6340,2055,75.5,5493,2391,69.6,0.0,1.100,1.152,1.102,1.102,1.102,1.102,1.101,1.086,1.081,1.081,1.096,1.083,0.766,3601.2,4588.8,4289.5,3391.7,3391.7,3391.7,3391.7,3391.7,3391.7,3391.7,3391.7,99.8,3990.2,578.0,1600.7,2.7,1798.4,2.0,975.2,48.1,23.9,9.4,2463.3,5.4,3.4,3.7,557.6,17.6,45.1,0.0,49.5,0.0,38.6,0.0,0.0,0.0,77.5,0.0,0.0,0.0,77.5,17.6,100.0,53.8,120.8,0.1,138.8,0.2,103.2,5.3,2.9,1.2,271.6,0.7,0.5,0.6,53.8,36.1,46.0,43.0,34.0,34.0,34.0,34.0,34.0,34.0,34.0,34.0,40.0,53,49,43,57,57,57,57,52,52,52,52,47,51,57,43,43,43,43,48,48,48,48,57,57,No,No,No,No,No,No,No,No,No,No,No,No,No,No,No,No,No,No,No,No,No,No,No,No,No,No,No,No,No,No,No,No,No,No,No,No,58,58,49,51,0.222,0.000,0.000,0.000,0.000,0.000,0.000,0.000,1.200,15.938,19.940,16.521,0.030,26.315,2.725,0.259,0.057,45.0,12.0,55.0,55.0,19.000,300.0,5.9,0.0,0.0,0.0,0.0,649,0,0.0,0.0,0.0,0.0,16.1,38.9,0.1,43.1,0.1,32.2,1.6,0.7,0.3,75.4,0.2,0.1,0.1,10.9,17.6,45.3,35.3,0.0,0.0,0.0,11.0,0.0,0.0,0.0,65.0,0.0,11.6,30.3,98.0,99.1,99.6,12.2,99.8,99.8,99.8,19.9,39.8,0.0,1596.1,16.00,22,22,22,52,74,560,1,2,Yes,No,No,No,No,No,No,No,No,No,Yes,No,No,No,No,No,No,No,No,No,No,No,No,No,No,No,No,No,No,No,No,No,No,No,No,No,No,No,45.0,54,54,56,88.0,100.0,No,No,21506,55883,0.0,0.2,0.2,0.000,1.641,2313,826,12.429,41.633,100.0,0.000,22.9,52.9,71.1,29.2,29.1,29.1,29.1,52.6,60.5,30.0,30.0,30.0,30.0,18.92,34.25,14.06,12.61,34.32,34.32,0.55,1.26,18.92,0.00,4.48,0,
1.2.2026,21:36:56.892,6340,2056,75.5,5493,2391,69.6,0.0,0.843,0.855,0.855,0.850,0.840,0.835,0.835,0.845,0.845,0.837,0.837,0.793,0.766,2314.3,2992.7,2992.7,2094.9,2094.9,2094.9,2094.9,2194.6,2194.6,2194.6,2194.6,99.8,2394.1,532.1,1626.5,16.7,1683.1,7.0,1284.8,954.8,58.9,27.5,685.8,21.0,11.5,8.1,707.4,31.0,50.2,53.3,53.5,13.1,51.5,58.4,25.6,0.0,25.9,13.7,13.3,13.2,58.4,31.0,100.0,48.6,123.7,1.0,128.6,0.4,139.1,104.1,6.2,2.9,72.8,2.3,1.2,0.8,48.6,23.2,30.0,30.0,21.0,21.0,21.0,21.0,22.0,22.0,22.0,22.0,24.0,50,46,47,54,54,54,54,49,49,49,49,50,54,53,46,46,46,46,51,51,51,51,55,54,No,No,No,No,No,No,No,No,No,No,No,No,No,No,No,No,No,No,No,No,No,No,No,No,No,No,No,No,No,No,No,No,No,No,No,No,56,56,47,51,0.217,0.000,0.000,0.000,0.000,0.000,0.000,0.000,1.200,21.563,16.283,12.897,0.012,23.052,2.744,0.239,0.057,45.0,12.0,55.0,55.0,20.000,300.0,4.6,0.0,0.0,0.0,0.0,649,0,0.0,0.0,0.0,0.0,20.2,52.2,0.5,55.3,0.2,53.8,46.4,2.4,1.1,28.8,0.9,0.5,0.3,9.9,28.4,37.0,11.5,0.0,0.0,0.0,22.5,0.0,0.0,0.0,65.0,15.9,7.6,32.8,53.0,97.4,98.8,46.6,99.0,99.4,99.5,1.4,2.9,0.0,1596.1,16.00,22,22,22,52,74,560,1,2,Yes,No,No,No,No,No,No,No,No,No,Yes,No,No,No,No,No,No,No,No,No,No,No,No,No,No,No,No,No,No,No,No,No,No,No,No,No,No,No,44.0,54,54,57,88.0,100.0,No,No,21506,55883,0.0,0.0,0.0,0.000,0.000,2313,826,12.429,41.633,100.0,0.000,22.9,49.5,63.2,29.2,29.1,29.1,29.1,49.5,60.5,29.9,29.9,29.9,29.9,20.21,34.25,15.84,15.75,34.32,34.32,0.56,1.40,20.21,0.00,4.96,0,
1.2.2026,21:36:56.998,6340,2056,75.5,5493,2391,69.6,0.0,1.044,1.050,1.062,0.947,0.947,0.947,1.107,1.107,1.092,1.082,1.103,0.968,0.768,3232.1,4090.0,4289.5,2992.7,2992.7,2992.7,2992.7,2992.7,2992.7,2992.7,2992.7,99.8,3491.5,590.5,1041.8,2.0,1288.0,2.1,1493.0,1924.7,74.3,7.4,1247.5,1.8,1.8,1.5,729.2,16.8,24.2,0.0,30.9,0.0,45.6,58.5,0.0,0.0,42.6,0.0,0.0,0.0,58.5,16.8,100.0,56.6,75.6,0.1,93.1,0.1,156.2,211.1,8.1,0.7,133.3,0.1,0.1,0.1,56.6,32.4,41.0,43.0,30.0,30.0,30.0,30.0,30.0,30.0,30.0,30.0,35.0,52,47,48,55,55,55,55,51,51,51,51,48,53,52,45,45,45,45,49,49,49,49,54,55,No,No,No,No,No,No,No,No,No,No,No,No,No,No,No,No,No,No,No,No,No,No,No,No,No,No,No,No,No,No,No,No,No,No,No,No,61,61,46,50,0.222,0.000,0.000,0.000,0.000,0.000,0.000,0.000,1.200,15.000,11.127,7.755,0.015,18.309,2.709,0.225,0.060,45.0,12.0,55.0,55.0,16.000,300.0,6.8,0.0,0.0,0.0,0.0,649,0,0.0,0.0,0.0,0.0,18.1,26.9,0.2,34.1,0.1,49.0,59.7,2.3,0.3,44.9,0.1,0.1,0.1,13.3,44.7,19.9,30.7,15.2,0.0,0.0,22.5,0.0,0.0,0.0,60.1,9.5,22.1,18.7,23.7,97.5,99.7,29.8,99.9,99.9,99.9,19.5,17.3,21.7,1596.1,16.00,22,22,22,52,74,560,1,2,Yes,No,No,No,No,No,No,No,No,No,Yes,No,No,No,No,No,No,No,No,No,No,No,No,No,No,No,No,No,No,No,No,No,No,No,No,No,No,No,45.0,54,54,56,88.0,100.0,No,No,21506,55883,0.0,0.0,0.0,0.000,0.000,2313,826,12.429,41.633,100.0,0.000,22.9,48.4,63.2,29.2,29.1,29.1,29.1,48.4,60.5,29.9,29.9,29.9,29.9,20.64,34.26,15.83,15.75,34.32,34.32,0.56,1.38,20.64,0.00,6.14,0,
1.2.2026,21:36:57.108,6340,2055,75.5,5493,2391,69.6,0.0,0.833,0.875,0.849,0.849,0.823,0.823,0.808,0.818,0.828,0.837,0.822,0.831,0.768,2314.3,3291.9,3092.4,2194.6,2094.9,2094.9,2094.9,2094.9,2094.9,2094.9,1995.1,99.8,2693.4,489.9,1093.7,7.9,1467.4,7.9,1446.1,50.8,25.7,9.4,1751.3,7.8,5.6,5.8,513.6,23.0,26.2,35.4,36.8,35.4,47.1,0.6,11.9,21.2,61.5,0.0,0.0,0.0,61.5,23.0,100.0,46.3,81.8,0.5,112.7,0.5,155.2,6.7,2.6,0.9,193.0,0.8,0.6,0.6,46.3,23.2,33.0,31.0,22.0,21.0,21.0,21.0,21.0,21.0,21.0,20.0,27.0,51,48,42,53,53,53,53,51,51,51,51,49,52,58,47,47,47,47,49,49,49,49,53,53,No,No,No,No,No,No,No,No,No,No,No,No,No,No,No,No,No,No,No,No,No,No,No,No,No,No,No,No,No,No,No,No,No,No,No,No,58,58,49,51,0.222,0.000,0.000,0.000,0.000,0.000,0.000,0.000,1.200,17.188,13.569,10.252,0.015,20.252,2.696,0.221,0.057,45.0,12.0,55.0,55.0,18.000,300.0,4.8,0.0,0.0,0.0,0.0,649,0,0.0,0.0,0.0,0.0,15.4,28.9,0.3,38.6,0.3,50.3,1.8,1.1,0.4,63.1,0.3,0.2,0.2,5.0,32.1,12.3,5.0,0.0,0.0,0.0,1.0,0.0,0.0,0.0,67.0,0.0,0.0,41.8,97.7,98.7,99.5,33.3,99.6,99.8,99.8,40.0,35.8,44.2,1596.1,16.00,22,22,22,52,74,560,1,2,Yes,No,No,No,No,No,No,No,No,No,Yes,No,No,No,No,No,No,No,No,No,No,No,No,No,No,No,No,No,No,No,No,No,No,No,No,No,No,No,45.0,54,54,57,88.0,100.0,No,No,21506,55883,0.0,0.0,0.0,0.000,0.000,2313,826,12.429,41.633,100.0,0.000,22.9,46.3,63.2,23.0,20.1,19.9,19.9,46.3,60.5,23.3,20.3,20.0,20.0,21.59,43.44,15.83,15.75,50.32,50.32,0.57,1.42,21.59,0.00,7.16,0,
1.2.2026,21:36:57.223,6341,2055,75.5,5493,2391,69.6,0.0,1.113,1.121,1.107,1.107,1.092,1.148,1.148,0.998,1.148,1.148,1.113,1.028,0.768,3411.7,4289.5,4289.5,3192.2,3192.2,3192.2,3192.2,3192.2,3192.2,3192.2,3192.2,99.8,3691.0,566.1,1663.9,28.3,3448.4,1.6,919.3,252.5,57.1,18.7,284.0,17.9,96.8,5.1,798.7,21.1,42.7,11.2,86.5,0.0,33.9,6.2,0.0,0.0,8.1,21.0,23.0,20.6,86.5,21.1,100.0,47.4,124.1,2.1,258.8,0.1,103.2,27.6,6.4,1.9,30.6,1.9,11.3,0.5,47.4,34.2,43.0,43.0,32.0,32.0,32.0,32.0,32.0,32.0,32.0,32.0,37.0,54,51,64,55,55,55,55,51,51,51,51,46,49,36,45,45,45,45,49,49,49,49,58,64,No,No,No,No,No,No,No,No,No,No,No,No,No,No,No,No,No,No,No,No,No,No,No,No,No,No,No,No,No,No,No,No,No,No,No,No,61,61,47,51,0.225,0.000,0.000,0.000,0.000,0.000,0.000,0.000,1.200,17.188,12.359,9.143,0.012,19.138,2.616,0.205,0.057,45.0,12.0,55.0,55.0,15.000,300.0,4.6,0.0,0.0,0.0,0.0,649,0,0.0,0.0,0.0,0.0,16.3,45.6,0.7,88.8,0.0,34.9,8.4,1.8,0.6,10.6,0.6,3.0,0.2,7.6,24.7,4.8,28.2,6.4,0.0,0.0,11.5,0.0,0.0,0.0,68.8,0.0,0.5,34.7,83.9,97.9,99.2,76.1,99.3,96.8,99.8,15.7,26.3,5.1,1596.1,16.00,22,22,22,52,74,560,1,2,Yes,No,No,No,No,No,No,No,No,No,Yes,No,No,No,No,No,No,No,No,No,No,No,No,No,No,No,No,No,No,No,No,No,No,No,No,No,No,No,45.0,54,54,56,88.0,100.0,No,No,21506,55883,0.0,0.0,0.0,0.000,0.000,2313,826,12.429,41.633,100.0,0.000,22.9,44.5,63.2,22.9,20.1,19.9,19.9,44.5,60.5,23.2,20.3,20.0,20.0,22.49,43.60,15.83,15.75,50.32,50.32,0.58,1.27,22.49,0.00,8.88,0,
1.2.2026,21:36:57.332,6341,2055,75.5,5493,2391,69.6,0.0,1.108,1.109,1.109,1.109,1.124,1.124,1.108,1.093,1.103,1.103,1.103,1.031,0.766,3411.7,4289.5,4289.5,3192.2,3192.2,3192.2,3192.2,3192.2,3192.2,3192.2,3192.2,99.8,3691.0,646.4,1226.8,32.5,4066.4,5.8,1012.3,875.8,47.4,19.5,440.0,13.4,10.4,6.7,910.8,19.2,28.7,0.0,91.9,41.5,29.3,25.0,0.0,0.0,13.5,0.0,0.0,0.0,91.9,19.2,100.0,54.3,90.6,2.4,317.3,0.3,101.0,88.7,4.6,1.8,42.7,1.2,0.9,0.6,54.3,34.2,43.0,43.0,32.0,32.0,32.0,32.0,32.0,32.0,32.0,32.0,37.0,54,49,62,55,55,55,55,53,53,53,53,46,51,38,45,45,45,45,47,47,47,47,62,62,No,No,No,No,No,No,No,No,No,No,No,No,No,No,No,No,No,No,No,No,No,No,No,No,No,No,No,No,No,No,No,No,No,No,No,No,64,64,46,51,0.217,0.000,0.000,0.000,0.000,0.000,0.000,0.000,1.200,18.438,15.973,12.608,0.021,22.839,2.685,0.241,0.058,45.0,12.0,55.0,55.0,20.000,300.0,6.8,0.0,0.0,0.0,0.0,649,0,0.0,0.0,0.0,0.0,16.9,30.6,0.9,91.7,0.1,33.0,27.8,1.5,0.6,16.0,0.4,0.3,0.2,14.9,22.6,8.3,49.3,33.3,0.0,0.0,35.9,0.0,0.0,0.0,59.5,0.0,0.0,15.9,37.2,98.2,99.2,45.4,99.4,99.5,99.7,20.8,41.6,0.0,1596.1,16.00,22,22,22,52,74,560,1,2,Yes,No,No,No,No,No,No,No,No,No,Yes,No,No,No,No,No,No,No,No,No,No,No,No,No,No,No,No,No,No,No,No,No,No,No,No,No,No,No,45.0,54,54,56,88.0,100.0,No,No,21506,55883,0.0,0.0,0.0,0.000,0.000,2313,826,12.429,41.633,100.0,0.000,22.9,44.2,63.2,20.1,19.9,19.9,19.9,44.2,60.5,20.0,20.0,20.0,20.0,22.62,49.87,15.83,15.75,50.32,50.32,0.57,1.47,22.62,0.00,9.06,0,
1.2.2026,21:36:57.444,6342,2054,75.5,5493,2391,69.6,0.0,1.131,1.125,1.106,1.136,1.134,1.149,1.134,1.119,1.134,1.134,1.134,1.028,0.766,3411.7,4289.5,4289.5,3192.2,3192.2,3192.2,3192.2,3192.2,3192.2,3192.2,3192.2,99.8,3691.0,738.7,2219.6,2.3,3960.6,3.3,1101.2,272.1,91.7,85.8,1116.3,8.1,1.9,1.8,967.1,26.0,51.7,28.9,90.0,11.2,36.0,7.7,14.0,13.9,36.3,11.3,11.2,0.0,90.0,26.0,100.0,64.3,169.1,0.1,304.6,0.1,123.3,30.3,10.4,9.7,123.2,0.8,0.1,0.1,64.3,34.2,43.0,43.0,32.0,32.0,32.0,32.0,32.0,32.0,32.0,32.0,37.0,56,56,61,57,57,57,57,53,53,53,53,44,44,39,43,43,43,43,47,47,47,47,58,61,No,No,No,No,No,No,No,No,No,No,No,No,No,No,No,No,No,No,No,No,No,No,No,No,No,No,No,No,No,No,No,No,No,No,No,No,67,67,48,50,0.222,0.000,0.000,0.000,0.000,0.000,0.000,0.000,1.200,16.875,19.679,16.335,0.025,26.069,2.694,0.243,0.056,45.0,12.0,55.0,55.0,16.000,300.0,6.7,0.0,0.0,0.0,0.0,649,0,0.0,0.0,0.0,0.0,19.6,53.6,0.1,90.9,0.1,36.9,9.2,3.1,3.0,37.9,0.3,0.1,0.1,10.9,13.1,9.1,42.3,6.1,0.0,0.0,38.0,0.0,0.0,0.0,61.9,0.5,0.0,19.5,84.0,96.6,96.7,22.6,99.6,99.9,99.9,14.7,29.4,0.0,1596.1,16.00,22,22,22,52,74,560,1,2,Yes,No,No,No,No,No,No,No,No,No,Yes,No,No,No,No,No,No,No,No,No,No,No,No,No,No,No,No,No,No,No,No,No,No,No,No,No,No,No,45.0,54,54,56,88.0,100.0,No,No,21506,55883,1.3,0.0,1.3,0.550,0.000,2313,826,12.429,41.633,100.0,0.000,22.9,44.5,63.2,20.1,19.9,19.9,19.9,44.5,60.5,20.0,20.0,20.0,20.0,22.49,49.86,15.83,15.75,50.32,50.32,0.55,1.56,22.49,0.00,8.43,0,
1.2.2026,21:36:57.537,6342,2054,75.5,5501,2383,69.7,0.0,1.091,1.075,1.097,1.093,1.097,1.092,1.092,1.092,1.092,1.092,1.092,1.031,0.766,3411.7,4289.5,4289.5,3192.2,3192.2,3192.2,3192.2,3192.2,3192.2,3192.2,3192.2,99.8,3691.0,724.3,3009.9,34.6,3241.2,11.5,759.8,308.1,361.5,284.1,624.4,24.1,21.3,11.0,1001.3,17.6,70.3,0.0,76.1,0.0,26.3,12.2,1.0,0.0,22.2,0.0,3.6,0.0,76.1,17.6,100.0,60.6,231.5,1.9,254.0,0.7,74.7,30.8,36.3,28.2,64.0,2.3,2.0,1.0,60.6,34.2,43.0,43.0,32.0,32.0,32.0,32.0,32.0,32.0,32.0,32.0,37.0,56,61,55,59,59,59,59,53,53,53,53,44,39,45,41,41,41,41,47,47,47,47,61,61,No,No,No,No,No,No,No,No,No,No,No,No,No,No,No,No,No,No,No,No,No,No,No,No,No,No,No,No,No,No,No,No,No,No,No,No,65,65,48,51,0.222,0.000,0.000,0.000,0.000,0.000,0.000,0.000,1.200,21.250,19.485,15.991,0.029,26.102,2.815,0.253,0.059,45.0,12.0,55.0,55.0,22.000,300.0,8.5,0.0,0.0,0.0,0.0,649,0,0.0,0.0,0.0,0.0,19.0,70.0,0.8,74.9,0.3,27.0,10.5,11.8,9.3,21.7,0.8,0.7,0.4,17.8,17.4,22.7,43.9,21.9,18.4,9.9,43.8,0.0,0.0,0.0,58.5,12.5,2.3,27.3,66.1,67.8,79.0,32.1,98.9,99.2,99.5,0.0,0.0,0.0,1596.1,16.00,22,22,22,52,74,560,1,2,Yes,No,No,No,No,No,No,No,No,No,Yes,No,No,No,No,No,No,No,No,No,No,No,No,No,No,No,No,No,No,No,No,No,No,No,No,No,No,No,45.0,54,54,56,88.0,100.0,No,No,21506,55883,0.0,0.0,0.0,0.000,0.000,2313,826,12.429,41.633,100.0,0.000,22.9,46.3,62.9,20.1,19.9,19.9,19.9,46.3,61.0,20.0,20.0,20.0,20.0,21.60,49.85,15.89,15.85,50.32,50.32,0.59,1.63,21.60,0.00,7.49,0,
1.2.2026,21:36:57.653,6340,2055,75.5,5499,2385,69.7,0.0,1.118,1.123,1.126,1.131,1.109,1.119,1.119,1.109,1.119,1.114,1.114,1.031,0.766,3411.7,4289.5,4289.5,3192.2,3192.2,3192.2,3192.2,3192.2,3192.2,3192.2,3192.2,99.8,3691.0,810.0,3503.5,16.9,3047.5,94.9,1177.6,750.4,128.0,39.0,869.5,30.3,51.8,10.5,1094.7,22.8,78.7,7.3,67.7,9.0,32.6,15.4,10.5,8.0,21.0,7.8,8.5,7.3,78.7,22.8,100.0,69.6,269.3,1.1,232.9,7.3,129.9,76.5,13.5,3.9,91.6,3.2,5.6,1.0,69.7,34.2,43.0,43.0,32.0,32.0,32.0,32.0,32.0,32.0,32.0,32.0,37.0,57,61,58,60,60,60,60,53,53,53,53,43,39,42,40,40,40,40,47,47,47,47,62,61,No,No,No,No,No,No,No,No,No,No,No,No,No,No,No,No,No,No,No,No,No,No,No,No,No,No,No,No,No,No,No,No,No,No,No,No,62,62,49,51,0.217,0.000,0.000,0.000,0.000,0.000,0.000,0.000,1.200,21.250,21.200,17.809,0.018,28.172,2.705,0.266,0.058,45.0,12.0,55.0,55.0,21.000,300.0,9.2,0.0,0.0,0.0,0.0,649,0,0.0,0.0,0.0,0.0,21.2,81.3,0.4,71.3,2.2,38.5,24.2,4.0,1.1,28.9,1.0,1.6,0.3,18.7,13.0,24.7,58.6,39.8,0.0,0.0,51.1,0.0,0.0,0.0,55.6,5.6,2.8,2.4,35.2,95.6,98.6,19.4,98.9,98.2,99.6,0.0,0.0,0.0,1596.1,16.00,22,22,22,52,74,560,1,2,Yes,No,No,No,No,No,No,No,No,No,Yes,No,No,No,No,No,No,No,No,No,No,No,No,No,No,No,No,No,No,No,No,No,No,No,No,No,No,No,45.0,54,54,56,88.0,100.0,No,No,21506,55883,0.0,5.0,5.0,0.000,0.661,2313,826,12.429,41.633,100.0,0.000,22.9,46.3,63.8,20.1,19.9,19.9,19.9,46.3,61.0,20.0,20.0,20.0,20.0,21.62,49.85,15.67,15.55,50.32,50.32,0.65,1.58,21.62,0.00,7.15,0,
1.2.2026,21:36:57.762,6341,2055,75.5,5498,2386,69.7,0.0,1.115,1.113,1.108,1.108,1.108,1.123,1.123,1.108,1.118,1.118,1.118,1.031,0.766,3411.7,4289.5,4289.5,3192.2,3192.2,3192.2,3192.2,3192.2,3192.2,3192.2,3192.2,99.8,3691.0,758.8,2718.5,2.3,3737.1,3.0,822.0,752.3,40.9,11.8,1002.9,10.5,3.6,1.3,1011.0,21.8,66.7,0.0,87.5,0.0,31.7,29.9,0.0,0.0,37.3,0.0,0.0,9.1,87.5,21.8,100.0,64.2,208.9,0.2,290.1,0.2,83.6,77.8,4.3,1.2,102.6,1.0,0.3,0.1,64.2,34.2,43.0,43.0,32.0,32.0,32.0,32.0,32.0,32.0,32.0,32.0,37.0,57,62,55,59,59,60,60,53,53,53,53,43,38,45,41,41,40,40,47,47,47,47,62,62,No,No,No,No,No,No,No,No,No,No,No,No,No,No,No,No,No,No,No,No,No,No,No,No,No,No,No,No,No,No,No,No,No,No,No,No,62,62,49,51,0.222,0.000,0.000,0.000,0.000,0.000,0.000,0.000,1.200,17.188,21.731,18.057,0.052,28.666,2.895,0.325,0.057,45.0,12.0,55.0,55.0,21.000,300.0,15.7,0.0,0.0,0.0,0.0,650,0,0.0,0.0,0.0,0.0,19.9,64.1,0.1,86.3,0.1,27.4,24.7,1.3,0.4,33.9,0.3,0.1,0.0,26.1,35.9,13.6,70.9,74.9,0.0,0.0,66.1,0.0,0.0,0.0,49.9,0.0,0.0,1.6,0.4,98.5,99.5,0.0,99.6,99.8,99.9,0.0,0.0,0.0,1596.1,16.00,22,22,22,52,74,560,1,2,Yes,No,No,No,No,No,No,No,No,No,Yes,No,No,No,No,No,No,No,No,No,No,No,No,No,No,No,No,No,No,No,No,No,No,No,No,No,No,No,45.0,54,54,56,88.0,100.0,No,No,21506,55883,0.0,1.0,1.0,0.000,0.556,2313,826,12.429,41.633,100.0,0.000,22.9,48.4,63.8,20.1,19.9,19.9,19.9,48.4,61.0,20.0,20.0,20.0,20.0,20.67,49.83,15.67,15.55,50.32,50.32,0.87,1.75,20.67,0.00,5.77,0,
1.2.2026,21:36:57.872,6340,2055,75.5,5497,2387,69.7,0.0,1.109,1.116,1.092,1.092,1.105,1.115,1.115,1.105,1.115,1.115,1.115,1.031,0.766,3411.7,4289.5,4289.5,3192.2,3192.2,3192.2,3192.2,3192.2,3192.2,3192.2,3192.2,99.8,3691.0,823.6,3178.1,18.4,3614.0,5.5,988.3,975.1,62.6,26.2,958.1,39.0,12.2,5.4,1108.5,27.7,73.6,45.4,83.2,11.0,29.0,27.8,0.0,11.1,28.5,11.5,10.7,0.0,83.2,27.7,100.0,70.6,246.3,1.4,279.3,0.3,103.7,102.4,6.6,2.7,98.8,4.1,1.2,0.5,70.6,34.2,43.0,43.0,32.0,32.0,32.0,32.0,32.0,32.0,32.0,32.0,37.0,57,57,61,59,59,59,59,53,53,53,53,43,43,39,41,41,41,41,47,47,47,47,61,61,No,No,No,No,No,No,No,No,No,No,No,No,No,No,No,No,No,No,No,No,No,No,No,No,No,No,No,No,No,No,No,No,No,No,No,No,62,62,48,51,0.222,0.000,0.000,0.000,0.000,0.000,0.000,0.000,1.200,19.375,21.591,17.978,0.082,28.795,2.806,0.322,0.057,45.0,12.0,55.0,55.0,20.000,300.0,14.5,0.0,0.0,0.0,0.0,650,0,0.0,0.0,0.0,0.0,21.7,74.9,0.4,84.0,0.1,32.4,31.3,2.0,0.8,32.7,1.3,0.4,0.2,23.6,25.1,16.0,67.6,59.6,0.0,0.0,67.3,0.0,0.0,0.0,50.3,0.0,0.0,0.0,8.4,97.7,99.0,0.0,98.6,99.5,99.8,0.0,0.0,0.0,1596.1,16.00,22,22,22,52,74,560,1,2,Yes,No,No,No,No,No,No,No,No,No,Yes,No,No,No,No,No,No,No,No,No,No,No,No,No,No,No,No,No,No,No,No,No,No,No,No,No,No,No,45.0,54,54,55,88.0,100.0,No,No,21506,55883,0.0,0.0,0.0,0.000,0.000,2313,826,12.429,41.633,100.0,0.000,22.9,50.8,63.7,20.1,19.9,19.9,19.9,50.9,61.0,20.0,20.0,20.0,20.0,19.69,49.79,15.69,15.55,50.32,50.32,1.00,1.54,19.69,0.00,5.02,0,
1.2.2026,21:36:57.987,6341,2055,75.5,5496,2387,69.7,0.0,1.146,1.176,1.143,1.143,1.130,1.145,1.145,1.130,1.148,1.148,1.148,1.031,0.766,3411.7,4289.5,4289.5,3192.2,3192.2,3192.2,3192.2,3192.2,3192.2,3192.2,3192.2,99.8,3691.0,764.5,3192.9,10.6,3500.4,6.7,602.8,788.7,70.3,12.5,969.6,7.1,7.0,5.2,1023.1,23.7,74.1,1.7,80.2,31.2,20.7,25.1,16.2,0.0,32.4,0.0,0.0,2.2,80.2,23.7,100.0,63.9,244.4,0.4,267.6,0.4,61.9,79.1,7.7,1.3,102.1,0.6,0.6,0.4,63.9,34.2,43.0,43.0,32.0,32.0,32.0,32.0,32.0,32.0,32.0,32.0,37.0,57,54,65,59,59,59,59,54,54,54,53,43,46,35,41,41,41,41,46,46,46,47,64,65,No,No,No,No,No,No,No,No,No,No,No,No,No,No,No,No,No,No,No,No,No,No,No,No,No,No,No,No,No,No,No,No,No,No,No,No,65,65,49,51,0.217,0.000,0.000,0.000,0.000,0.000,0.000,0.000,1.200,20.625,22.414,18.869,0.090,29.447,2.721,0.335,0.057,45.0,12.0,55.0,55.0,21.000,300.0,17.8,0.0,0.0,0.0,0.0,650,0,0.0,0.0,0.0,0.0,19.9,74.1,0.2,81.2,0.2,20.9,26.1,2.2,0.4,32.9,0.2,0.2,0.2,26.5,25.9,18.8,78.9,74.0,0.0,0.0,67.2,0.0,0.0,0.0,49.6,0.0,0.0,0.2,0.0,97.5,99.5,0.0,99.7,99.7,99.8,0.0,0.0,0.0,1596.1,16.00,22,22,22,52,74,560,1,2,Yes,No,No,No,No,No,No,No,No,No,Yes,No,No,No,No,No,No,No,No,No,No,No,No,No,No,No,No,No,No,No,No,No,No,No,No,No,No,No,44.0,54,54,56,88.0,100.0,No,No,21506,55883,0.0,0.0,0.0,0.000,0.000,2313,826,12.429,41.633,100.0,0.000,22.9,51.5,63.8,20.1,19.9,19.9,19.9,51.6,61.0,20.0,20.0,20.0,20.0,19.41,49.80,15.68,15.55,50.32,50.32,1.16,1.70,19.41,0.00,4.43,0,
1.2.2026,21:36:58.092,6341,2054,75.5,5496,2388,69.7,0.0,1.079,1.105,1.066,1.066,1.076,1.076,1.076,1.065,1.075,1.075,1.110,1.028,0.766,3242.1,4289.5,4189.8,2992.7,2992.7,2992.7,2992.7,2992.7,2992.7,2992.7,2992.7,99.8,3691.0,746.3,2879.3,8.7,3459.5,4.7,826.7,812.8,56.0,21.9,854.7,12.7,12.4,5.7,1008.7,18.6,66.7,11.6,85.4,0.0,26.1,15.9,0.0,0.6,16.9,0.2,0.2,0.1,85.4,18.6,100.0,64.9,235.2,0.6,265.7,0.3,87.1,90.3,5.7,2.0,89.4,1.0,1.1,0.6,64.9,32.5,43.0,42.0,30.0,30.0,30.0,30.0,30.0,30.0,30.0,30.0,37.0,57,58,60,59,59,59,59,53,53,53,53,43,42,40,41,41,41,41,47,47,47,47,58,60,No,No,No,No,No,No,No,No,No,No,No,No,No,No,No,No,No,No,No,No,No,No,No,No,No,No,No,No,No,No,No,No,No,No,No,No,65,65,49,52,0.217,0.000,0.000,0.000,0.000,0.000,0.000,0.000,1.200,15.313,22.157,18.596,0.072,29.075,2.757,0.319,0.058,45.0,12.0,55.0,55.0,19.000,300.0,14.0,0.0,0.0,0.0,0.0,650,0,0.0,0.0,0.0,0.0,19.9,71.4,0.2,80.2,0.1,28.0,26.5,1.8,0.7,29.3,0.4,0.4,0.2,25.4,28.6,19.8,71.1,63.9,0.0,0.0,70.5,0.0,0.0,0.0,50.6,0.0,0.0,0.7,9.1,97.9,99.2,0.2,99.5,99.5,99.8,0.0,0.0,0.0,1596.1,16.00,22,22,22,52,74,560,1,2,Yes,No,No,No,No,No,No,No,No,No,Yes,No,No,No,No,No,No,No,No,No,No,No,No,No,No,No,No,No,No,No,No,No,No,No,No,No,No,No,45.0,54,54,55,88.0,100.0,No,No,21506,55883,0.0,0.0,0.0,0.000,0.000,2313,826,12.429,41.633,100.0,0.000,22.9,54.8,63.7,24.3,20.7,20.3,20.3,54.8,60.9,24.1,20.4,20.0,20.0,18.26,41.12,15.70,15.55,49.23,49.23,1.31,1.57,18.26,0.00,2.57,0,
1.2.2026,21:36:58.193,6341,2054,75.5,5496,2388,69.7,0.0,1.142,1.130,1.133,1.133,1.133,1.153,1.153,1.133,1.151,1.151,1.151,1.031,0.766,3411.7,4289.5,4289.5,3192.2,3192.2,3192.2,3192.2,3192.2,3192.2,3192.2,3192.2,99.8,3691.0,709.3,3400.3,11.3,3081.6,15.1,716.7,368.2,25.2,13.8,849.5,10.9,11.0,8.0,954.0,24.4,78.5,0.0,67.3,37.3,20.3,18.5,0.0,9.6,32.8,9.6,9.6,9.5,78.5,24.4,100.0,58.1,253.5,0.7,242.9,0.9,71.7,34.0,2.7,1.5,85.8,1.2,1.2,0.7,58.1,34.2,43.0,43.0,32.0,32.0,32.0,32.0,32.0,32.0,32.0,32.0,37.0,58,63,53,62,62,62,62,53,53,53,53,42,37,47,38,38,38,38,47,47,47,47,63,63,No,No,No,No,No,No,No,No,No,No,No,No,No,No,No,No,No,No,No,No,No,No,No,No,No,No,No,No,No,No,No,No,No,No,No,No,65,65,49,51,0.217,0.000,0.000,0.000,0.000,0.000,0.000,0.000,1.200,17.500,22.008,18.358,0.090,28.949,2.840,0.333,0.057,45.0,12.0,55.0,55.0,19.000,300.0,19.2,0.0,0.0,0.0,0.0,650,0,0.0,0.0,0.0,0.0,18.1,76.7,0.3,71.8,0.4,24.7,12.4,0.8,0.4,28.6,0.3,0.3,0.3,15.8,23.3,28.2,45.5,8.3,0.0,0.0,53.3,0.0,0.0,0.0,61.8,0.0,0.0,27.8,76.6,98.9,99.4,16.3,99.5,99.5,99.7,0.0,0.0,0.0,1596.1,16.00,22,22,22,52,74,560,1,2,Yes,No,No,No,No,No,No,No,No,No,Yes,No,No,No,No,No,No,No,No,No,No,No,No,No,No,No,No,No,No,No,No,No,No,No,No,No,No,No,44.0,54,54,55,88.0,100.0,No,No,21506,55883,0.0,0.0,0.0,0.000,0.000,2313,826,12.429,41.633,100.0,0.000,22.9,54.8,63.7,24.3,20.7,20.3,20.3,54.8,60.9,24.1,20.4,20.0,20.0,18.26,41.12,15.70,15.55,49.23,49.23,1.31,1.57,18.26,0.00,2.57,0,
1.2.2026,21:36:58.311,6342,2054,75.5,5495,2388,69.7,0.0,1.118,1.104,1.111,1.111,1.111,1.111,1.111,1.111,1.136,1.136,1.136,1.031,0.766,3411.7,4289.5,4289.5,3192.2,3192.2,3192.2,3192.2,3192.2,3192.2,3192.2,3192.2,99.8,3691.0,721.2,3546.1,16.0,2744.3,18.0,690.4,668.8,183.7,19.9,707.5,32.4,12.9,14.3,985.9,20.7,82.5,0.0,65.2,0.0,24.1,22.8,18.9,2.5,25.0,2.8,2.2,2.3,82.5,20.7,100.0,61.3,274.2,0.8,211.6,1.2,73.6,72.1,18.1,2.0,75.3,3.4,1.2,1.5,61.3,34.2,43.0,43.0,32.0,32.0,32.0,32.0,32.0,32.0,32.0,32.0,37.0,58,66,51,63,63,63,63,53,53,53,53,42,34,49,37,37,37,37,47,47,47,47,66,66,No,No,No,No,No,No,No,No,No,No,No,No,No,No,No,No,No,No,No,No,No,No,No,No,No,No,No,No,No,No,No,No,No,No,No,No,64,64,49,52,0.222,0.000,0.000,0.000,0.000,0.000,0.000,0.000,1.200,16.563,20.383,17.084,0.056,27.354,2.543,0.286,0.056,45.0,12.0,55.0,55.0,18.000,300.0,12.5,0.0,0.0,0.0,0.0,650,0,0.0,0.0,0.0,0.0,19.0,82.5,0.4,65.1,0.4,23.8,22.1,6.3,0.6,24.9,1.0,0.4,0.4,24.1,17.5,34.9,56.3,38.8,27.8,0.0,65.5,0.0,0.0,0.0,52.7,0.0,0.0,18.6,37.8,64.6,99.2,8.7,98.8,99.5,99.5,0.0,0.0,0.0,1596.1,16.00,22,22,22,52,74,560,1,2,Yes,No,No,No,No,No,No,No,No,No,Yes,No,No,No,No,No,No,No,No,No,No,No,No,No,No,No,No,No,No,No,No,No,No,No,No,No,No,No,45.0,54,54,55,88.0,100.0,No,No,21506,55883,0.0,0.0,0.0,0.000,0.000,2313,826,12.429,41.633,100.0,0.000,22.9,57.9,65.0,29.8,29.7,29.7,29.7,57.9,60.9,29.9,29.7,29.7,29.7,17.28,33.55,15.39,15.23,33.63,33.63,1.54,1.60,17.28,0.00,1.10,0,
1.2.2026,21:36:58.426,6342,2053,75.5,5495,2389,69.6,0.0,1.114,1.113,1.139,1.094,1.109,1.125,1.109,1.094,1.125,1.109,1.125,1.031,0.766,3411.7,4289.5,4289.5,3192.2,3192.2,3192.2,3192.2,3192.2,3192.2,3192.2,3192.2,99.8,3691.0,741.5,3059.4,1.6,3475.4,3.1,737.6,691.7,215.0,25.9,660.1,13.3,9.4,5.7,1026.2,23.5,69.2,51.7,74.5,11.4,25.4,23.4,0.0,0.0,26.1,0.0,0.0,0.0,74.5,23.5,100.0,64.5,236.5,0.1,253.7,0.1,90.6,84.5,25.0,2.8,78.0,1.0,0.8,0.4,64.5,34.2,43.0,43.0,32.0,32.0,32.0,32.0,32.0,32.0,32.0,32.0,37.0,56,52,67,56,56,56,56,53,53,53,53,44,48,33,44,44,44,44,47,47,47,47,65,67,No,No,No,No,No,No,No,No,No,No,No,No,No,No,No,No,No,No,No,No,No,No,No,No,No,No,No,No,No,No,No,No,No,No,No,No,64,64,49,52,0.222,0.000,0.000,0.000,0.000,0.000,0.000,0.000,1.200,20.313,21.341,17.827,0.094,28.429,2.699,0.320,0.057,45.0,12.0,55.0,55.0,26.000,300.0,16.6,0.0,0.0,0.0,0.0,650,0,0.0,0.0,0.0,0.0,20.2,71.4,0.0,80.4,0.1,27.3,25.6,6.9,1.2,28.6,0.4,0.3,0.2,17.5,28.5,19.6,53.5,21.6,16.6,0.0,34.6,0.0,0.0,0.0,57.7,0.0,0.0,18.3,50.9,76.0,98.6,34.8,99.4,99.6,99.7,0.0,0.0,0.0,1596.1,16.00,22,22,22,52,74,560,1,2,Yes,No,No,No,No,No,No,No,No,No,Yes,No,No,No,No,No,No,No,No,No,No,No,No,No,No,No,No,No,No,No,No,No,No,No,No,No,No,No,44.0,54,54,56,88.0,100.0,No,No,21506,55883,3.2,1.2,4.4,0.571,0.043,2313,826,12.429,41.633,100.0,0.000,22.9,60.0,65.8,54.9,54.5,54.5,54.5,60.0,60.5,59.4,59.4,59.4,59.4,16.66,18.21,15.20,15.18,18.35,18.35,1.59,1.32,16.66,0.00,0.54,0,
1.2.2026,21:36:58.525,6342,2053,75.5,5495,2389,69.6,0.0,1.109,1.113,1.088,1.103,1.103,1.111,1.111,1.111,1.126,1.111,1.111,1.031,0.766,3331.9,4289.5,4289.5,3192.2,3192.2,3192.2,3192.2,2992.7,2992.7,2992.7,2992.7,99.8,3691.0,690.0,3043.9,4.6,2759.4,6.3,866.1,719.7,38.2,14.1,810.2,8.6,7.3,1.7,931.5,24.5,68.8,0.0,65.9,0.0,22.4,19.1,21.8,21.1,22.4,21.0,20.9,10.8,68.8,24.5,100.0,58.1,234.7,0.3,223.3,0.2,80.5,70.3,4.7,1.6,79.3,1.2,0.9,0.3,58.1,33.4,43.0,43.0,32.0,32.0,32.0,32.0,30.0,30.0,30.0,30.0,37.0,58,66,62,59,59,59,59,53,53,53,53,42,34,38,41,41,41,41,47,47,47,47,66,66,No,No,No,No,No,No,No,No,No,No,No,No,No,No,No,No,No,No,No,No,No,No,No,No,No,No,No,No,No,No,No,No,No,No,No,No,65,65,49,51,0.222,0.000,0.000,0.000,0.000,0.000,0.000,0.000,1.200,21.250,21.567,17.933,0.031,28.858,2.902,0.300,0.057,45.0,12.0,55.0,55.0,24.000,300.0,7.8,0.0,0.0,0.0,0.0,650,0,0.0,0.0,0.0,0.0,18.0,70.0,0.1,63.9,0.2,28.5,23.4,1.2,0.4,27.1,0.3,0.2,0.1,18.9,18.7,36.1,47.3,33.2,0.0,0.0,53.9,0.0,0.0,0.0,59.1,11.2,0.0,23.0,41.5,98.6,99.4,17.8,99.6,99.7,99.9,0.0,0.0,0.0,1596.1,16.00,22,22,22,52,74,560,1,2,Yes,No,No,No,No,No,No,No,No,No,Yes,No,No,No,No,No,No,No,No,No,No,No,No,No,No,No,No,No,No,No,No,No,No,No,No,No,No,No,44.0,54,54,56,88.0,100.0,No,No,21506,55883,0.0,0.0,0.0,0.000,0.000,2313,826,12.430,41.633,100.0,0.000,22.9,55.8,65.8,20.2,12.5,12.0,12.0,55.8,60.4,20.5,12.5,12.0,12.0,17.92,49.55,15.20,15.18,83.36,83.36,1.67,1.40,17.92,0.00,1.77,0,
1.2.2026,21:36:58.633,6342,2054,75.5,5495,2389,69.6,0.0,1.032,0.974,0.999,1.009,1.009,1.059,1.057,1.047,1.047,1.057,1.057,0.913,0.766,3082.5,3890.5,3990.2,2793.2,2793.2,2892.9,2892.9,2892.9,2892.9,2892.9,2892.9,99.8,3291.9,564.8,2758.3,2.5,2589.5,2.0,852.5,164.8,102.0,22.9,257.3,11.7,7.7,6.1,811.8,17.3,68.6,0.0,67.4,0.0,33.2,12.6,10.8,0.0,15.6,0.0,0.0,0.0,68.6,17.3,100.0,47.0,212.9,0.1,209.6,0.1,87.8,15.8,10.3,2.2,23.5,1.0,0.7,0.6,47.1,30.9,39.0,40.0,28.0,28.0,29.0,29.0,29.0,29.0,29.0,29.0,33.0,55,60,51,58,58,58,58,52,52,52,52,45,40,49,42,42,42,42,48,48,48,48,60,60,No,No,No,No,No,No,No,No,No,No,No,No,No,No,No,No,No,No,No,No,No,No,No,No,No,No,No,No,No,No,No,No,No,No,No,No,63,63,49,51,0.222,0.000,0.000,0.000,0.000,0.000,0.000,0.000,1.200,19.375,20.109,16.710,0.016,27.034,2.737,0.243,0.059,45.0,12.0,55.0,55.0,12.000,300.0,7.3,0.0,0.0,0.0,0.0,650,0,0.0,0.0,0.0,0.0,15.0,66.3,0.1,62.5,0.1,29.9,6.0,3.5,0.8,10.4,0.4,0.3,0.2,12.9,33.6,37.4,43.8,0.4,0.0,0.0,14.0,0.0,0.0,0.0,68.3,0.0,0.0,24.1,92.2,96.2,99.0,72.6,99.4,99.6,99.7,0.0,0.0,0.0,1596.1,16.00,22,22,22,52,74,560,1,2,Yes,No,No,No,No,No,No,No,No,No,Yes,No,No,No,No,No,No,No,No,No,No,No,No,No,No,No,No,No,No,No,No,No,No,No,No,No,No,No,44.0,54,54,56,88.0,100.0,No,No,21506,55883,0.0,0.0,0.0,0.000,0.000,2313,826,12.430,41.633,100.0,0.000,22.9,54.8,65.8,17.2,12.4,12.0,12.0,54.7,60.3,17.3,12.4,12.0,12.0,18.25,58.08,15.20,15.18,83.36,83.36,1.59,1.42,18.25,0.00,3.66,0,
1.2.2026,21:36:58.745,6341,2055,75.5,5490,2394,69.6,0.0,1.104,1.100,1.103,1.098,1.106,1.106,1.106,1.101,1.106,1.106,1.106,1.031,0.766,3192.2,4289.5,4289.5,3192.2,3192.2,3192.2,3192.2,2094.9,2094.9,3192.2,3192.2,99.8,3691.0,602.2,3068.6,9.5,2788.2,9.5,566.7,201.9,32.9,17.1,482.0,15.7,13.6,21.2,836.8,16.6,65.6,34.7,58.4,26.6,4.1,0.0,0.0,2.4,0.4,2.3,2.3,2.5,65.6,16.6,100.0,49.0,236.7,0.6,212.2,0.6,58.9,20.8,3.5,1.7,48.2,1.5,1.3,2.2,49.0,32.0,43.0,43.0,32.0,32.0,32.0,32.0,21.0,21.0,32.0,32.0,37.0,55,51,62,56,56,56,56,53,53,53,53,45,49,38,44,44,44,44,47,47,47,47,62,62,No,No,No,No,No,No,No,No,No,No,No,No,No,No,No,No,No,No,No,No,No,No,No,No,No,No,No,No,No,No,No,No,No,No,No,No,65,65,49,52,0.222,0.000,0.000,0.000,0.000,0.000,0.000,0.000,1.200,13.750,18.176,15.041,0.020,25.029,2.469,0.247,0.056,45.0,12.0,55.0,55.0,15.000,300.0,6.3,0.0,0.0,0.0,0.0,650,0,0.0,0.0,0.0,0.0,15.4,71.3,0.2,66.0,0.3,20.0,7.0,1.1,0.5,17.3,0.5,0.4,0.7,18.0,28.6,34.0,44.7,19.3,0.0,0.0,53.5,0.0,0.0,0.0,62.9,0.0,0.0,33.0,72.5,98.7,99.3,27.5,99.4,99.4,99.2,0.0,0.0,0.0,1596.1,16.00,22,22,22,52,74,560,1,2,Yes,No,No,No,No,No,No,No,No,No,Yes,No,No,No,No,No,No,No,No,No,No,No,No,No,No,No,No,No,No,No,No,No,No,No,No,No,No,No,46.0,54,54,55,88.0,100.0,No,No,21506,55883,0.0,0.0,0.0,0.000,0.000,2313,826,12.430,41.633,100.0,0.000,22.9,51.7,65.8,14.9,12.2,12.0,12.0,51.6,60.3,14.9,12.2,12.0,12.0,19.35,67.14,15.20,15.18,83.36,83.36,1.50,1.51,19.35,0.00,4.52,0,
1.2.2026,21:36:58.864,6341,2055,75.5,5490,2394,69.6,0.0,1.123,1.114,1.118,1.138,1.138,1.123,1.123,1.118,1.118,1.118,1.125,1.028,0.766,3411.7,4289.5,4289.5,3192.2,3192.2,3192.2,3192.2,3192.2,3192.2,3192.2,3192.2,99.8,3691.0,588.9,2197.5,1.4,3476.2,2.1,846.5,76.6,16.4,11.5,417.7,10.1,8.4,2.9,828.5,18.6,57.4,10.9,80.5,0.0,36.7,13.3,0.0,0.0,24.3,0.0,0.0,0.0,80.5,18.6,100.0,48.3,168.9,0.1,257.4,0.1,93.4,8.8,1.6,1.0,45.8,0.9,0.7,0.3,48.3,34.2,43.0,43.0,32.0,32.0,32.0,32.0,32.0,32.0,32.0,32.0,37.0,55,51,66,56,56,56,56,53,53,53,53,45,49,34,44,44,44,44,47,47,47,47,58,66,No,No,No,No,No,No,No,No,No,No,No,No,No,No,No,No,No,No,No,No,No,No,No,No,No,No,No,No,No,No,No,No,No,No,No,No,65,65,49,52,0.222,0.000,0.000,0.000,0.000,0.000,0.000,0.000,1.200,19.688,19.269,15.983,0.018,26.126,2.629,0.257,0.056,45.0,12.0,55.0,55.0,21.000,300.0,7.7,0.0,0.0,0.0,0.0,650,0,0.0,0.0,0.0,0.0,15.3,52.9,0.1,81.3,0.1,29.5,2.7,0.6,0.4,15.9,0.3,0.3,0.1,14.5,39.1,18.7,49.3,0.0,0.0,0.0,37.5,0.0,0.0,0.0,66.7,8.0,0.0,19.7,96.9,99.2,99.5,44.4,99.5,99.6,99.9,0.0,0.0,0.0,1596.1,16.00,22,22,22,52,74,560,1,2,Yes,No,No,No,No,No,No,No,No,No,Yes,No,No,No,No,No,No,No,No,No,No,No,No,No,No,No,No,No,No,No,No,No,No,No,No,No,No,No,46.0,54,54,55,88.0,100.0,No,No,21506,55883,0.0,0.0,0.0,0.000,0.000,2313,826,12.430,41.633,100.0,0.000,22.9,49.7,65.8,14.8,12.2,12.0,12.0,49.7,60.3,14.8,12.2,12.0,12.0,20.12,67.48,15.19,15.18,83.36,83.36,1.34,1.79,20.12,0.00,5.96,0,
1.2.2026,21:36:58.971,6341,2054,75.5,5490,2394,69.6,0.0,0.693,0.668,0.663,0.678,0.698,0.698,0.698,0.699,0.699,0.714,0.714,0.628,0.766,1067.4,798.0,997.6,997.6,1097.3,1097.3,1097.3,1097.3,1097.3,1197.1,1197.1,99.8,997.6,242.1,686.7,1.6,963.8,2.0,591.3,14.4,3.4,3.6,627.8,3.9,3.4,3.8,283.4,10.3,22.1,0.0,40.9,10.8,23.4,0.0,0.0,0.0,26.2,0.0,0.0,0.0,40.9,10.3,100.0,23.8,51.1,0.1,116.0,0.1,57.8,1.7,0.5,0.5,56.9,0.6,0.5,0.3,23.8,10.7,8.0,10.0,10.0,11.0,11.0,11.0,11.0,11.0,12.0,12.0,10.0,50,46,46,53,53,53,53,49,49,50,50,50,54,54,47,47,47,47,51,51,50,50,53,53,No,No,No,No,No,No,No,No,No,No,No,No,No,No,No,No,No,No,No,No,No,No,No,No,No,No,No,No,No,No,No,No,No,No,No,No,55,55,49,51,0.222,0.000,0.000,0.000,0.000,0.000,0.000,0.000,1.200,2.813,19.089,15.858,0.038,25.714,2.522,0.256,0.056,45.0,12.0,55.0,55.0,1.000,300.0,4.8,0.0,0.0,0.0,0.0,650,0,1.4,0.5,0.0,0.0,10.4,25.1,0.2,33.9,0.2,30.1,0.5,0.2,0.2,34.1,0.2,0.2,0.2,20.2,57.4,58.0,44.0,0.0,0.0,0.0,42.4,0.0,0.0,0.0,66.8,14.0,8.0,25.0,99.4,99.8,99.8,22.7,99.7,99.8,99.8,1.7,3.4,0.0,1596.1,16.00,22,22,22,52,74,560,1,2,Yes,No,No,No,No,No,No,No,No,No,Yes,No,No,No,No,No,No,No,No,No,No,No,No,No,No,No,No,No,No,No,No,No,No,No,No,No,No,No,45.0,54,54,55,88.0,100.0,No,No,21506,55883,0.0,0.0,0.0,0.000,0.000,2313,826,12.430,41.633,100.0,0.000,22.9,46.6,65.8,14.6,12.2,12.0,12.0,46.6,60.3,14.6,12.2,12.0,12.0,21.46,68.68,15.19,15.18,83.36,83.36,1.25,1.87,21.46,0.00,7.07,0,
1.2.2026,21:36:59.079,6348,2048,75.6,5490,2394,69.6,0.0,1.126,1.125,1.125,1.125,1.125,1.125,1.125,1.120,1.135,1.120,1.135,1.031,0.766,3411.7,4289.5,4289.5,3192.2,3192.2,3192.2,3192.2,3192.2,3192.2,3192.2,3192.2,99.8,3691.0,454.5,1494.6,1.5,2268.3,1.5,492.7,373.3,174.6,12.0,613.9,11.9,6.6,3.6,602.3,30.3,54.0,45.3,77.1,35.4,20.6,24.5,27.4,21.2,23.9,11.5,11.3,11.3,77.1,30.3,100.0,38.7,115.1,0.1,172.8,0.1,51.5,38.7,18.7,1.2,64.3,1.1,0.6,0.3,38.7,34.2,43.0,43.0,32.0,32.0,32.0,32.0,32.0,32.0,32.0,32.0,37.0,54,49,62,54,54,54,54,53,53,53,53,46,51,38,46,46,46,46,47,47,47,47,62,62,No,No,No,No,No,No,No,No,No,No,No,No,No,No,No,No,No,No,No,No,No,No,No,No,No,No,No,No,No,No,No,No,No,No,No,No,55,55,48,51,0.217,0.000,0.000,0.000,0.000,0.000,0.000,0.000,1.200,5.938,9.120,6.546,0.013,16.316,2.014,0.142,0.062,45.0,12.0,55.0,55.0,3.000,300.0,3.3,0.0,0.0,0.0,0.0,649,0,3.7,0.0,0.0,0.0,17.5,55.5,0.1,78.0,0.1,23.4,16.1,8.4,0.4,26.7,0.4,0.2,0.1,4.8,13.6,0.1,12.8,6.2,0.0,0.0,15.0,0.0,0.0,0.0,69.2,0.9,5.6,61.9,76.8,91.2,99.4,57.0,99.5,99.7,99.8,22.1,29.0,15.3,1596.1,16.00,22,22,22,52,74,560,1,2,Yes,No,No,No,No,No,No,No,No,No,Yes,No,No,No,No,No,No,No,No,No,No,No,No,No,No,No,No,No,No,No,No,No,No,No,No,No,No,No,46.0,54,54,55,88.0,100.0,No,No,21506,55883,0.0,8.0,8.0,0.000,1.295,2313,826,12.430,41.633,100.0,0.000,22.9,45.3,65.8,14.2,12.2,12.0,12.0,45.3,60.3,14.2,12.2,12.0,12.0,22.08,70.35,15.19,15.18,83.36,83.36,1.10,1.81,22.08,0.00,8.72,0,
1.2.2026,21:36:59.192,6348,2048,75.6,5490,2394,69.6,0.0,1.129,1.147,1.127,1.127,1.112,1.142,1.142,1.142,1.112,1.127,1.112,1.031,0.766,3411.7,4289.5,4289.5,3192.2,3192.2,3192.2,3192.2,3192.2,3192.2,3192.2,3192.2,99.8,3691.0,636.4,2859.8,33.7,3014.6,2.3,473.9,501.2,53.4,14.7,651.4,12.5,14.0,5.2,869.2,16.6,66.9,0.0,70.1,12.7,14.3,15.2,0.0,0.0,20.2,0.0,0.0,0.0,70.1,16.6,100.0,52.5,219.6,1.7,230.0,0.1,48.5,52.7,5.5,1.4,67.5,1.2,1.3,0.5,52.5,34.2,43.0,43.0,32.0,32.0,32.0,32.0,32.0,32.0,32.0,32.0,37.0,55,51,66,55,55,55,55,53,53,53,53,45,49,34,45,45,45,45,47,47,47,47,66,66,No,No,No,No,No,No,No,No,No,No,No,No,No,No,No,No,No,No,No,No,No,No,No,No,No,No,No,No,No,No,No,No,No,No,No,No,62,62,49,51,0.222,0.000,0.000,0.000,0.000,0.000,0.000,0.000,1.200,18.125,10.246,7.071,0.016,17.771,2.594,0.184,0.053,45.0,12.0,55.0,55.0,18.000,300.0,6.0,0.0,0.0,0.0,0.0,649,0,0.0,0.0,0.0,0.0,17.0,68.2,0.8,72.0,0.1,17.5,18.1,1.9,0.5,23.8,0.4,0.4,0.2,16.6,29.4,11.7,50.3,39.9,0.0,0.0,34.6,0.0,0.0,0.0,62.2,2.3,16.2,30.4,39.4,97.8,99.2,38.3,99.4,99.3,99.7,0.0,0.0,0.0,1596.1,16.00,22,22,22,52,74,560,1,2,Yes,No,No,No,No,No,No,No,No,No,Yes,No,No,No,No,No,No,No,No,No,No,No,No,No,No,No,No,No,No,No,No,No,No,No,No,No,No,No,46.0,54,54,56,88.0,100.0,No,No,21506,55883,0.0,0.0,0.0,0.000,0.000,2313,826,12.430,41.633,100.0,0.000,22.9,41.5,65.8,12.1,12.0,12.0,12.0,41.4,60.3,12.0,12.0,12.0,12.0,24.11,82.78,15.19,15.18,83.36,83.36,0.98,2.08,24.11,0.00,12.54,0,
1.2.2026,21:36:59.303,6349,2047,75.6,5490,2394,69.6,0.0,0.876,0.826,0.871,0.876,0.876,0.891,0.896,0.886,0.876,0.880,0.880,0.788,0.766,2364.2,2793.2,3291.9,2294.4,2294.4,2394.1,2394.1,997.6,2394.1,2394.1,2394.1,99.8,2194.6,515.4,2028.3,2.7,2636.9,1.1,574.1,244.9,14.7,43.3,599.1,29.8,6.8,3.3,693.3,14.6,53.7,0.0,68.1,0.0,24.6,0.0,0.0,0.0,25.4,0.0,0.0,3.9,68.1,14.6,100.0,43.8,154.4,0.1,203.2,0.1,62.1,27.6,1.6,4.9,67.1,3.3,0.7,0.3,43.8,23.7,28.0,33.0,23.0,23.0,24.0,24.0,10.0,24.0,24.0,24.0,22.0,53,56,53,55,55,55,55,51,51,51,51,47,44,47,45,45,45,45,49,49,49,49,57,56,No,No,No,No,No,No,No,No,No,No,No,No,No,No,No,No,No,No,No,No,No,No,No,No,No,No,No,No,No,No,No,No,No,No,No,No,61,61,49,51,0.222,0.000,0.000,0.000,0.000,0.000,0.000,0.000,1.200,18.125,19.433,16.127,0.020,26.211,2.634,0.247,0.056,45.0,12.0,55.0,55.0,20.000,300.0,6.3,0.0,0.0,0.0,0.0,649,0,0.0,0.0,0.0,0.0,15.0,53.2,0.1,68.8,0.0,22.8,8.6,0.5,1.5,22.9,0.9,0.2,0.1,13.1,24.2,24.0,36.0,9.5,0.0,0.0,37.2,0.0,0.0,0.0,67.5,14.7,7.2,38.8,81.2,99.3,98.4,37.3,99.0,99.7,99.8,3.3,6.7,0.0,1596.1,16.00,22,22,22,52,74,560,1,2,Yes,No,No,No,No,No,No,No,No,No,Yes,No,No,No,No,No,No,No,No,No,No,No,No,No,No,No,No,No,No,No,No,No,No,No,No,No,No,No,46.0,54,54,55,88.0,100.0,No,No,21506,55883,0.0,1.0,1.0,0.000,0.511,2313,827,12.430,41.633,100.0,0.000,22.9,38.2,64.5,12.1,12.0,12.0,12.0,38.2,60.4,12.0,12.0,12.0,12.0,26.17,82.83,15.51,15.21,83.36,83.36,0.76,2.33,26.17,0.00,14.90,0,
1.2.2026,21:36:59.410,6349,2046,75.6,5490,2394,69.6,0.0,1.129,1.128,1.104,1.149,1.149,1.119,1.104,1.104,1.149,1.119,1.164,1.031,0.766,3411.7,4289.5,4289.5,3192.2,3192.2,3192.2,3192.2,3192.2,3192.2,3192.2,3192.2,99.8,3691.0,551.1,2162.1,41.5,3278.2,6.7,801.8,73.2,20.5,17.6,179.8,13.1,12.1,5.9,800.2,22.9,54.8,54.6,73.1,0.0,28.5,9.5,20.2,8.7,0.0,8.6,8.5,8.3,73.1,22.9,100.0,43.9,165.2,3.0,230.9,0.1,100.0,4.4,1.9,1.6,16.9,1.3,1.1,0.4,43.9,34.2,43.0,43.0,32.0,32.0,32.0,32.0,32.0,32.0,32.0,32.0,37.0,54,49,67,54,54,54,54,53,53,53,53,46,51,33,46,46,46,46,47,47,47,47,66,67,No,No,No,No,No,No,No,No,No,No,No,No,No,No,No,No,No,No,No,No,No,No,No,No,No,No,No,No,No,No,No,No,No,No,No,No,61,61,49,51,0.222,0.000,0.000,0.000,0.000,0.000,0.000,0.000,1.200,15.625,15.793,12.598,0.028,22.565,2.540,0.229,0.056,45.0,12.0,55.0,55.0,18.000,300.0,5.0,0.0,0.0,0.0,0.0,649,0,0.0,0.0,0.0,0.0,15.1,58.8,1.0,78.5,0.2,29.5,2.8,0.7,0.6,8.0,0.5,0.4,0.2,8.0,22.7,21.5,26.2,9.4,0.0,0.0,0.0,0.0,0.0,0.0,71.8,2.7,0.0,42.2,86.7,99.0,99.2,89.6,99.3,99.4,99.7,6.7,13.4,0.0,1596.1,16.00,22,22,22,52,74,560,1,2,Yes,No,No,No,No,No,No,No,No,No,Yes,No,No,No,No,No,No,No,No,No,No,No,No,No,No,No,No,No,No,No,No,No,No,No,No,No,No,No,45.0,54,54,56,88.0,100.0,No,No,21506,55883,0.0,0.0,0.0,0.000,0.000,2313,827,12.430,41.633,100.0,0.000,22.9,34.7,61.8,12.1,12.0,12.0,12.0,34.7,60.3,12.0,12.0,12.0,12.0,28.78,82.86,16.18,16.15,83.36,83.36,0.64,3.06,28.78,0.00,17.68,0,
1.2.2026,21:36:59.508,6350,2046,75.6,5490,2394,69.6,0.0,1.106,1.117,1.116,1.116,1.091,1.101,1.116,1.101,1.101,1.101,1.101,1.031,0.766,3411.7,4289.5,4289.5,3192.2,3192.2,3192.2,3192.2,3192.2,3192.2,3192.2,3192.2,99.8,3691.0,637.8,74.0,2218.3,3302.9,4.9,11.6,809.5,106.2,25.9,1035.8,19.0,16.4,29.6,819.2,20.1,0.3,50.6,80.3,11.9,0.0,20.6,1.5,12.3,26.5,12.1,12.1,12.4,80.3,20.1,100.0,52.2,3.0,169.9,274.5,0.6,1.1,70.1,8.5,2.5,90.1,1.7,1.5,2.8,52.1,34.2,43.0,43.0,32.0,32.0,32.0,32.0,32.0,32.0,32.0,32.0,37.0,57,65,53,58,60,60,60,53,53,53,53,43,35,47,42,40,40,40,47,47,47,47,65,65,No,No,No,No,No,No,No,No,No,No,No,No,No,No,No,No,No,No,No,No,No,No,No,No,No,No,No,No,No,No,No,No,No,No,No,No,65,65,49,51,0.217,0.000,0.000,0.000,0.000,0.000,0.000,0.000,1.200,20.000,15.486,12.212,0.016,22.766,2.611,0.241,0.056,45.0,12.0,55.0,55.0,20.000,300.0,4.7,0.0,0.0,0.0,0.0,649,0,0.0,0.0,0.0,0.0,16.6,2.3,52.0,76.0,0.1,0.4,27.5,3.3,0.8,34.8,0.6,0.5,0.9,11.0,26.7,24.0,0.0,33.7,0.0,0.0,25.9,0.0,0.0,0.0,66.5,0.0,0.0,99.5,36.6,96.2,99.0,36.5,99.3,99.3,98.9,8.7,17.4,0.0,1596.1,16.00,22,22,22,52,74,560,1,2,Yes,No,No,No,No,No,No,No,No,No,Yes,No,No,No,No,No,No,No,No,No,No,No,No,No,No,No,No,No,No,No,No,No,No,No,No,No,No,No,46.0,54,54,55,88.0,100.0,No,No,21506,55883,0.0,0.0,0.0,0.000,0.000,2313,827,12.430,41.633,100.0,0.000,22.9,37.3,61.8,14.0,12.4,12.2,12.2,37.4,60.3,13.8,12.2,12.0,12.0,26.78,71.62,16.18,16.15,81.80,81.80,0.63,2.55,26.78,0.00,16.17,0,
1.2.2026,21:36:59.618,6349,2047,75.6,5490,2394,69.6,0.0,1.145,1.185,1.101,1.112,1.112,1.207,1.132,1.147,1.162,1.147,1.147,1.033,0.766,3411.7,4289.5,4289.5,3192.2,3192.2,3192.2,3192.2,3192.2,3192.2,3192.2,3192.2,99.8,3691.0,637.5,195.3,2357.7,3159.8,11.2,7.3,629.7,517.7,118.6,580.7,26.9,28.3,16.5,874.7,16.8,1.1,56.1,74.2,11.1,0.0,20.6,16.8,2.2,19.3,0.0,0.0,0.0,74.2,16.8,100.0,53.0,8.4,179.8,244.1,0.8,0.7,67.1,55.4,11.3,61.5,2.8,3.0,1.7,53.0,34.2,43.0,43.0,32.0,32.0,32.0,32.0,32.0,32.0,32.0,32.0,37.0,55,51,66,55,55,55,55,53,53,53,53,45,49,34,45,45,45,45,47,47,47,47,69,66,No,No,No,No,No,No,No,No,No,No,No,No,No,No,No,No,No,No,No,No,No,No,No,No,No,No,No,No,No,No,No,No,No,No,No,No,61,61,48,51,0.222,0.000,0.000,0.000,0.000,0.000,0.000,0.000,1.200,18.750,19.896,16.619,0.022,26.556,2.607,0.249,0.056,45.0,12.0,55.0,55.0,20.000,300.0,7.0,0.0,0.0,0.0,0.0,649,0,0.0,0.0,0.0,0.0,17.6,5.2,58.0,75.2,0.3,0.2,23.3,19.2,4.7,22.1,1.1,1.0,0.6,10.5,11.0,24.7,0.0,26.7,14.6,0.0,28.0,0.0,0.0,0.0,66.9,19.9,0.0,99.7,47.0,64.4,94.6,46.4,98.7,98.8,99.3,4.4,8.8,0.0,1596.1,16.00,22,22,22,52,74,560,1,2,Yes,No,No,No,No,No,No,No,No,No,Yes,No,No,No,No,No,No,No,No,No,No,No,No,No,No,No,No,No,No,No,No,No,No,No,No,No,No,No,45.0,54,54,54,88.0,100.0,No,No,21506,55883,0.0,0.0,0.0,0.000,0.000,2313,827,12.430,41.633,100.0,0.000,22.9,33.9,61.9,12.1,12.0,12.0,12.0,34.0,60.3,12.0,12.0,12.0,12.0,29.46,82.96,16.15,16.15,83.43,83.43,0.65,3.15,29.46,0.00,18.91,0,
1.2.2026,21:36:59.728,6343,2053,75.5,5490,2394,69.6,0.0,0.955,1.131,0.944,0.929,0.919,0.929,0.930,0.930,0.930,0.955,0.955,1.031,0.766,2783.2,4289.5,3591.2,2493.9,2493.9,2493.9,2493.9,2493.9,2493.9,2493.9,2493.9,99.8,3691.0,666.8,133.9,2800.7,2559.6,3.6,2.9,777.8,483.6,540.3,587.1,80.3,21.6,10.6,912.8,17.3,0.3,67.3,60.8,0.0,0.0,25.6,15.9,17.0,19.7,1.4,0.0,0.0,67.3,17.3,100.0,57.5,5.0,217.5,194.8,0.2,0.2,85.9,52.5,58.6,63.7,8.7,2.2,1.1,57.6,27.9,43.0,36.0,25.0,25.0,25.0,25.0,25.0,25.0,25.0,25.0,37.0,55,56,61,56,56,56,56,53,53,53,53,45,44,39,44,44,44,44,47,47,47,47,62,61,No,No,No,No,No,No,No,No,No,No,No,No,No,No,No,No,No,No,No,No,No,No,No,No,No,No,No,No,No,No,No,No,No,No,No,No,62,62,49,51,0.217,0.000,0.000,0.000,0.000,0.000,0.000,0.000,1.200,18.125,18.543,15.202,0.026,25.117,2.685,0.243,0.058,45.0,12.0,55.0,55.0,15.000,300.0,6.3,0.0,0.0,0.0,0.0,649,0,0.0,0.0,0.0,0.0,18.6,3.2,67.8,62.9,0.1,0.1,27.0,17.5,18.7,21.6,2.8,0.7,0.4,19.3,28.5,37.1,0.0,27.9,11.0,37.6,50.8,0.0,0.0,0.0,57.7,2.9,0.0,99.8,42.7,68.7,41.7,25.6,96.8,99.1,99.5,0.0,0.0,0.0,1596.1,16.00,22,22,22,52,74,560,1,2,Yes,No,No,No,No,No,No,No,No,No,Yes,No,No,No,No,No,No,No,No,No,No,No,No,No,No,No,No,No,No,No,No,No,No,No,No,No,No,No,46.0,54,54,54,88.0,100.0,No,No,21506,55883,0.0,0.0,0.0,0.000,0.000,2313,827,12.430,41.633,100.0,0.000,22.9,32.6,61.9,12.0,12.0,12.0,12.0,32.6,60.3,12.0,12.0,12.0,12.0,30.65,83.29,16.15,16.15,83.43,83.43,0.67,3.13,30.65,0.00,22.61,0,
1.2.2026,21:36:59.839,6342,2054,75.5,5490,2394,69.6,0.0,1.115,1.107,1.141,1.115,1.100,1.115,1.151,1.104,1.109,1.104,1.109,1.028,0.766,3411.7,4289.5,4289.5,3192.2,3192.2,3192.2,3192.2,3192.2,3192.2,3192.2,3192.2,99.8,3691.0,622.1,117.1,2550.2,3028.9,4.9,9.1,807.3,255.3,43.8,614.8,12.5,12.8,8.5,852.1,17.0,0.2,49.1,84.6,11.4,0.0,28.9,9.6,0.0,20.0,0.0,0.0,0.0,84.6,17.0,100.0,55.0,4.2,161.9,284.0,0.4,0.9,99.0,33.7,5.5,67.0,1.3,1.2,0.8,55.0,34.2,43.0,43.0,32.0,32.0,32.0,32.0,32.0,32.0,32.0,32.0,37.0,56,60,50,60,60,60,60,52,52,52,52,44,40,50,40,40,40,40,48,48,48,48,60,60,No,No,No,No,No,No,No,No,No,No,No,No,No,No,No,No,No,No,No,No,No,No,No,No,No,No,No,No,No,No,No,No,No,No,No,No,64,64,49,52,0.222,0.000,0.000,0.000,0.000,0.000,0.000,0.000,1.200,15.625,19.111,15.676,0.020,25.675,2.751,0.262,0.057,45.0,12.0,55.0,55.0,16.000,300.0,5.6,0.0,0.0,0.0,0.0,649,0,0.0,0.0,0.0,0.0,16.3,3.2,60.4,70.5,0.1,0.3,27.6,9.2,1.7,21.9,0.4,0.4,0.3,14.2,28.7,29.5,0.0,18.8,0.1,7.6,57.3,0.0,0.0,0.0,66.8,20.0,0.0,99.6,50.9,90.1,90.1,19.2,99.4,99.4,99.6,0.0,0.0,0.0,1596.1,16.00,22,22,22,52,74,560,1,2,Yes,No,No,No,No,No,No,No,No,No,Yes,No,No,No,No,No,No,No,No,No,No,No,No,No,No,No,No,No,No,No,No,No,No,No,No,No,No,No,47.0,54,54,56,88.0,100.0,No,No,21506,55883,0.9,0.0,0.9,0.029,0.000,2313,827,12.430,41.633,100.0,0.000,22.9,30.5,61.8,11.9,11.9,11.9,11.9,30.5,60.3,12.0,12.0,12.0,12.0,32.78,83.88,16.18,16.16,84.06,84.06,0.68,3.51,32.78,0.00,25.30,0,
1.2.2026,21:36:59.950,6374,2021,75.9,5507,2377,69.8,0.0,1.111,1.139,1.086,1.101,1.101,1.101,1.101,1.117,1.107,1.122,1.137,1.031,0.766,3262.0,4289.5,4289.5,3192.2,3192.2,3192.2,1695.9,3192.2,3192.2,3192.2,3192.2,99.8,3691.0,953.9,106.6,3531.0,3936.9,21.1,11.4,1174.2,513.0,378.3,1018.3,493.8,195.4,66.9,1209.1,33.4,12.7,89.7,76.7,29.4,0.0,52.9,25.3,29.3,44.3,33.6,5.5,1.3,89.7,33.4,100.0,75.0,4.1,282.2,232.4,0.8,0.9,123.9,46.9,27.7,108.5,45.4,21.0,6.7,75.0,32.7,43.0,43.0,32.0,32.0,32.0,17.0,32.0,32.0,32.0,32.0,37.0,57,65,66,57,57,57,57,53,53,53,53,43,35,34,43,43,43,43,47,47,47,47,65,66,No,No,No,No,No,No,No,No,No,No,No,No,No,No,No,No,No,No,No,No,No,No,No,No,No,No,No,No,No,No,No,No,No,No,No,No,60,60,49,52,0.222,0.000,0.000,0.000,0.000,0.000,0.000,0.000,1.200,9.063,19.942,16.433,0.030,26.286,2.807,0.264,0.057,45.0,12.0,55.0,55.0,7.000,300.0,5.3,0.0,0.0,0.0,0.0,658,0,0.0,0.0,0.0,0.0,27.8,2.7,86.7,95.0,0.5,0.4,48.9,18.8,14.6,38.6,18.5,6.7,2.6,10.8,11.1,5.0,0.0,21.8,19.7,16.3,23.0,10.8,0.0,0.0,55.1,0.2,0.0,99.3,27.4,60.2,67.6,36.7,69.7,92.9,97.0,0.0,0.0,0.0,1596.1,16.00,22,22,22,52,74,560,1,2,Yes,No,No,No,No,No,No,No,No,No,Yes,No,No,No,No,No,No,No,No,No,No,No,No,No,No,No,No,No,No,No,No,No,No,No,No,No,No,No,46.0,54,54,56,88.0,100.0,No,No,21506,55883,2.1,0.3,2.4,0.313,0.165,2313,827,12.430,41.633,100.0,0.000,22.9,30.6,62.2,11.9,11.9,11.9,11.9,30.5,60.6,12.0,12.0,12.0,12.0,32.71,83.88,16.08,16.05,84.06,84.06,0.69,3.54,32.71,0.00,27.64,0,
1.2.2026,21:37:0.067,6374,2022,75.9,5507,2377,69.8,0.0,0.973,1.118,0.816,0.813,0.808,0.808,0.808,1.126,1.146,1.141,1.141,1.028,0.766,2104.9,4289.5,2593.7,997.6,1596.1,1596.1,1596.1,997.6,997.6,3192.2,3192.2,99.8,3691.0,797.1,85.1,3177.3,3107.6,8.6,8.5,833.8,618.3,397.0,818.1,449.4,48.1,13.0,1029.5,26.1,0.0,75.9,78.3,20.7,20.7,19.3,14.0,9.8,21.0,10.7,21.5,20.8,78.3,26.1,100.0,68.2,5.5,254.2,263.0,1.0,0.9,72.3,55.7,41.7,75.6,42.9,4.4,1.4,67.8,21.1,43.0,26.0,10.0,16.0,16.0,16.0,10.0,10.0,32.0,32.0,37.0,57,58,58,60,60,60,60,53,53,53,53,43,42,42,40,40,40,40,47,47,47,47,59,60,No,No,No,No,No,No,No,No,No,No,No,No,No,No,No,No,No,No,No,No,No,No,No,No,No,No,No,No,No,No,No,No,No,No,No,No,62,62,49,51,0.222,0.000,0.000,0.000,0.000,0.000,0.000,0.000,1.200,14.688,21.693,17.810,0.034,29.143,3.131,0.314,0.057,45.0,12.0,55.0,55.0,17.000,300.0,6.5,0.0,0.0,0.0,0.0,665,0,0.0,0.0,0.0,0.0,22.0,2.4,74.1,73.3,0.2,0.3,28.8,21.3,14.0,30.9,16.5,1.6,0.5,17.0,22.9,26.7,0.0,41.7,12.5,9.7,47.7,9.3,0.0,0.0,55.8,0.0,0.0,99.5,28.2,64.3,75.2,20.0,73.1,98.1,99.3,0.0,0.0,0.0,1596.1,16.00,22,22,22,52,74,560,1,2,Yes,No,No,No,No,No,No,No,No,No,Yes,No,No,No,No,No,No,No,No,No,No,No,No,No,No,No,No,No,No,No,No,No,No,No,No,No,No,No,46.0,54,54,54,88.0,100.0,No,No,21506,55883,0.0,0.0,0.0,0.000,0.000,2313,827,12.429,41.633,100.0,0.000,22.9,33.7,65.7,11.9,11.9,11.9,11.9,33.7,60.6,12.0,12.0,12.0,12.0,29.69,83.87,15.22,14.88,84.06,84.06,0.69,3.20,29.69,0.00,22.14,0,
1.2.2026,21:37:0.176,6373,2022,75.9,5507,2377,69.8,0.0,1.114,1.079,1.129,1.119,1.129,1.119,1.129,1.114,1.101,1.116,1.101,1.001,0.766,3401.7,4189.8,4289.5,3192.2,3192.2,3192.2,3192.2,3192.2,3192.2,3192.2,3192.2,99.8,3591.2,688.2,85.2,2641.0,2810.2,10.6,8.6,704.1,537.8,752.0,619.6,22.5,11.5,55.6,943.7,18.8,0.1,64.6,64.7,0.0,0.0,25.9,24.5,19.8,26.1,0.0,0.0,0.0,64.7,18.8,100.0,61.5,3.7,204.7,204.4,0.3,0.6,80.5,66.9,93.3,70.6,5.4,1.1,6.5,61.9,34.1,42.0,43.0,32.0,32.0,32.0,32.0,32.0,32.0,32.0,32.0,36.0,56,61,62,58,58,58,56,53,53,53,53,44,39,38,42,42,42,44,47,47,47,47,61,62,No,No,No,No,No,No,No,No,No,No,No,No,No,No,No,No,No,No,No,No,No,No,No,No,No,No,No,No,No,No,No,No,No,No,No,No,64,64,49,52,0.222,0.000,0.000,0.000,0.000,0.000,0.000,0.000,1.200,18.750,22.363,18.704,0.037,28.756,2.933,0.279,0.057,45.0,12.0,55.0,55.0,20.000,300.0,9.0,0.0,0.0,0.0,0.0,665,0,0.0,0.0,0.0,0.0,20.0,2.0,65.3,69.3,0.3,0.3,25.3,21.8,27.9,24.4,0.8,0.4,2.0,17.0,34.3,30.7,0.0,16.8,28.7,20.8,38.7,0.0,0.0,0.0,58.1,0.0,0.0,99.5,54.6,47.7,49.3,34.1,99.0,99.4,97.9,0.0,0.0,0.0,1596.1,16.00,22,22,22,52,74,560,1,2,Yes,No,No,No,No,No,No,No,No,No,Yes,No,No,No,No,No,No,No,No,No,No,No,No,No,No,No,No,No,No,No,No,No,No,No,No,No,No,No,46.0,54,54,54,88.0,100.0,No,No,21506,55883,0.0,0.0,0.0,0.000,0.000,2313,827,12.429,41.633,100.0,0.000,22.9,36.2,66.4,11.9,11.9,11.9,11.9,36.2,61.5,12.0,12.0,12.0,12.0,27.62,83.85,15.07,14.87,84.06,84.06,0.73,2.72,27.62,0.00,19.36,0,
1.2.2026,21:37:0.285,6373,2023,75.9,5507,2377,69.8,0.0,1.115,1.131,1.087,1.097,1.107,1.107,1.107,1.122,1.122,1.122,1.152,1.033,0.766,3411.7,4289.5,4289.5,3192.2,3192.2,3192.2,3192.2,3192.2,3192.2,3192.2,3192.2,99.8,3691.0,687.3,79.6,1690.1,3963.4,2.4,5.1,1044.4,244.8,52.1,1082.3,66.8,7.6,9.1,885.2,18.3,0.6,37.7,90.7,0.0,0.0,29.5,4.7,0.5,31.4,1.0,11.8,11.9,90.7,18.3,100.0,56.4,4.1,124.8,306.4,0.4,0.7,100.5,19.2,5.3,106.7,6.7,0.8,1.1,56.4,34.2,43.0,43.0,32.0,32.0,32.0,32.0,32.0,32.0,32.0,32.0,37.0,56,52,67,56,56,56,56,55,55,55,55,44,48,33,44,44,44,44,45,45,45,45,67,67,No,No,No,No,No,No,No,No,No,No,No,No,No,No,No,No,No,No,No,No,No,No,No,No,No,No,No,No,No,No,No,No,No,No,No,No,65,65,50,51,0.222,0.000,0.000,0.000,0.000,0.000,0.000,0.000,1.200,24.688,19.257,15.582,0.035,25.770,2.960,0.285,0.063,45.0,12.0,55.0,55.0,25.000,300.0,6.2,0.0,0.0,0.0,0.0,665,0,0.0,0.0,0.0,0.0,18.0,2.5,40.3,89.9,0.1,0.2,34.6,8.1,1.7,36.3,2.2,0.2,0.3,15.0,48.1,10.1,0.0,49.3,9.9,0.0,32.7,0.0,0.0,0.0,63.0,11.2,0.0,99.8,14.7,80.7,98.2,28.6,97.6,99.7,99.6,0.0,0.0,0.0,1596.1,16.00,22,22,22,52,74,560,1,2,Yes,No,No,No,No,No,No,No,No,No,Yes,No,No,No,No,No,No,No,No,No,No,No,No,No,No,No,No,No,No,No,No,No,No,No,No,No,No,No,46.0,54,54,54,88.0,100.0,No,No,21506,55883,0.0,0.0,0.0,0.000,0.000,2313,827,12.429,41.633,100.0,0.000,22.9,35.2,66.4,11.9,11.9,11.9,11.9,35.2,61.5,12.0,12.0,12.0,12.0,28.45,83.89,15.06,14.87,84.06,84.06,0.74,2.89,28.45,0.00,19.97,0,
1.2.2026,21:37:0.393,6373,2022,75.9,5507,2377,69.8,0.0,1.118,1.108,1.105,1.120,1.120,1.124,1.124,1.109,1.124,1.124,1.124,1.031,0.766,3411.7,4289.5,4289.5,3192.2,3192.2,3192.2,3192.2,3192.2,3192.2,3192.2,3192.2,99.8,3691.0,671.0,133.9,3157.5,2397.9,3.5,4.3,713.5,627.7,48.1,912.8,16.4,18.7,18.3,885.8,24.3,0.0,71.4,56.9,40.6,11.0,20.3,17.6,12.0,27.7,11.3,11.4,11.4,71.4,24.3,100.0,56.6,4.9,242.4,191.9,0.2,0.4,71.4,64.7,3.8,93.7,1.6,1.9,1.8,56.5,34.2,43.0,43.0,32.0,32.0,32.0,32.0,32.0,32.0,32.0,32.0,37.0,57,65,53,60,60,60,60,53,53,53,53,43,35,47,40,40,40,40,47,47,47,47,65,65,No,No,No,No,No,No,No,No,No,No,No,No,No,No,No,No,No,No,No,No,No,No,No,No,No,No,No,No,No,No,No,No,No,No,No,No,62,62,51,52,0.222,0.000,0.000,0.000,0.000,0.000,0.000,0.000,1.200,22.188,20.321,16.950,0.022,26.668,2.682,0.256,0.057,45.0,12.0,55.0,55.0,24.000,300.0,5.2,0.0,0.0,0.0,0.0,665,0,0.0,0.0,0.0,0.0,17.7,3.2,72.8,56.1,0.1,0.1,24.3,20.5,1.8,31.4,0.5,0.6,0.6,19.6,25.6,43.9,0.0,49.3,41.3,0.0,35.8,0.0,0.0,0.0,59.0,1.6,0.0,99.8,24.8,37.5,97.8,30.9,99.2,99.2,99.2,0.0,0.0,0.0,1596.1,16.00,22,22,22,52,74,560,1,2,Yes,No,No,No,No,No,No,No,No,No,Yes,No,No,No,No,No,No,No,No,No,No,No,No,No,No,No,No,No,No,No,No,No,No,No,No,No,No,No,46.0,54,54,55,88.0,100.0,No,No,21506,55883,0.0,4.5,4.5,0.000,0.857,2313,827,12.429,41.633,100.0,0.000,22.9,31.1,159.9,17.3,16.5,16.5,16.5,31.0,60.6,16.2,15.1,15.0,15.0,32.11,57.88,6.21,4.30,60.73,60.73,0.87,3.72,31.88,0.23,20.57,0,
1.2.2026,21:37:0.504,6373,2023,75.9,5517,2366,69.9,0.0,1.094,1.112,1.086,1.101,1.066,1.101,1.101,1.086,1.086,1.101,1.101,1.031,0.766,3192.2,4289.5,4289.5,3192.2,997.6,3192.2,3192.2,3192.2,3192.2,3192.2,3192.2,99.8,3691.0,661.0,134.1,2938.4,3091.1,6.5,5.1,923.5,76.5,47.4,669.5,19.3,10.1,10.5,902.8,15.8,0.1,63.1,76.7,0.0,0.0,27.0,0.5,0.0,21.8,0.0,0.0,0.0,76.7,15.8,100.0,54.6,4.0,211.9,258.1,0.4,0.5,93.0,6.0,4.5,72.7,2.0,0.8,0.7,54.6,32.0,43.0,43.0,32.0,10.0,32.0,32.0,32.0,32.0,32.0,32.0,37.0,57,61,52,61,61,61,61,53,53,53,53,43,39,48,39,39,39,39,47,47,47,47,61,61,No,No,No,No,No,No,No,No,No,No,No,No,No,No,No,No,No,No,No,No,No,No,No,No,No,No,No,No,No,No,No,No,No,No,No,No,65,65,49,52,0.217,0.000,0.000,0.000,0.000,0.000,0.000,0.000,1.200,21.250,20.704,17.246,0.021,27.216,2.780,0.256,0.057,45.0,12.0,55.0,55.0,23.000,300.0,7.1,0.0,0.0,0.0,0.0,665,0,0.0,0.0,0.0,0.0,17.0,3.4,68.3,71.9,0.2,0.2,30.9,2.6,1.6,23.9,0.6,0.3,0.3,15.6,35.0,28.1,0.0,47.7,0.0,0.0,44.8,0.0,0.0,0.0,64.3,0.0,0.0,99.8,20.1,96.9,98.2,29.4,99.2,99.6,99.5,0.0,0.0,0.0,1596.1,16.00,22,22,22,52,74,560,1,2,Yes,No,No,No,No,No,No,No,No,No,Yes,No,No,No,No,No,No,No,No,No,No,No,No,No,No,No,No,No,No,No,No,No,No,No,No,No,No,No,47.0,54,54,54,88.0,100.0,No,No,21506,55883,0.0,0.0,0.0,0.000,0.000,2313,827,12.429,41.633,100.0,0.000,22.9,33.7,283.0,17.3,16.6,16.5,16.5,33.7,60.6,16.3,15.1,15.0,15.0,29.69,57.66,3.54,3.32,60.73,60.73,0.86,2.95,29.46,0.23,20.56,0,
1.2.2026,21:37:0.603,6372,2024,75.8,5516,2368,69.9,0.0,1.100,1.095,1.095,1.095,1.108,1.093,1.108,1.093,1.108,1.103,1.103,1.033,0.766,3411.7,4289.5,4289.5,3192.2,3192.2,3192.2,3192.2,3192.2,3192.2,3192.2,3192.2,99.8,3691.0,733.9,131.7,1705.4,4208.0,9.6,5.2,1139.6,715.1,86.5,770.9,11.5,11.9,11.9,1000.1,18.5,0.6,49.9,83.4,0.0,0.0,32.8,17.4,15.1,22.3,0.0,0.0,0.0,83.4,18.5,100.0,61.0,7.8,166.9,284.3,0.5,0.4,117.9,64.6,10.3,75.2,1.1,1.2,1.4,61.0,34.2,43.0,43.0,32.0,32.0,32.0,32.0,32.0,32.0,32.0,32.0,37.0,57,52,70,56,56,56,56,55,55,55,55,43,48,30,44,44,44,44,45,45,45,45,70,70,No,No,No,No,No,No,No,No,No,No,No,No,No,No,No,No,No,No,No,No,No,No,No,No,No,No,No,No,No,No,No,No,No,No,No,No,69,69,49,52,0.217,0.000,0.000,0.000,0.000,0.000,0.000,0.000,1.200,20.313,20.715,17.281,0.026,27.071,2.738,0.264,0.057,45.0,12.0,55.0,55.0,19.000,300.0,5.3,0.0,0.0,0.0,0.0,665,0,0.0,0.0,0.0,0.0,19.4,3.6,41.1,95.8,0.2,0.2,36.7,23.6,2.7,27.3,0.4,0.4,0.4,18.7,47.9,4.1,0.0,38.0,59.8,0.0,37.5,0.0,0.0,0.0,56.7,0.1,0.0,99.8,23.4,15.3,96.9,32.9,99.4,99.5,99.5,0.0,0.0,0.0,1596.1,16.00,22,22,22,52,74,560,1,2,Yes,No,No,No,No,No,No,No,No,No,Yes,No,No,No,No,No,No,No,No,No,No,No,No,No,No,No,No,No,No,No,No,No,No,No,No,No,No,No,46.0,54,54,55,88.0,100.0,No,No,21506,55883,0.0,0.0,0.0,0.000,0.000,2313,827,12.429,41.633,100.0,0.000,22.9,37.4,66.4,11.9,11.9,11.9,11.9,37.4,61.5,12.0,12.0,12.0,12.0,26.76,83.89,15.06,14.87,84.06,84.06,0.68,2.09,26.76,0.00,18.52,0,
1.2.2026,21:37:0.713,6370,2026,75.8,5514,2370,69.9,0.0,1.130,1.161,1.101,1.120,1.115,1.115,1.150,1.120,1.165,1.115,1.135,1.031,0.766,3411.7,4289.5,4289.5,3192.2,3192.2,3192.2,3192.2,3192.2,3192.2,3192.2,3192.2,99.8,3691.0,718.8,112.6,2529.2,3761.1,4.2,5.8,611.8,893.2,61.3,570.3,56.2,10.7,8.4,997.4,18.3,0.3,59.6,85.0,0.0,0.0,20.8,31.3,1.2,20.6,1.0,0.0,0.0,85.0,18.3,100.0,62.2,4.0,194.7,281.3,0.3,0.6,70.7,111.8,6.7,67.9,7.1,1.0,0.7,62.2,34.2,43.0,43.0,32.0,32.0,32.0,32.0,32.0,32.0,32.0,32.0,37.0,56,51,69,56,56,56,56,55,55,55,55,44,49,31,44,44,44,44,45,45,45,45,66,69,No,No,No,No,No,No,No,No,No,No,No,No,No,No,No,No,No,No,No,No,No,No,No,No,No,No,No,No,No,No,No,No,No,No,No,No,61,61,49,52,0.222,0.000,0.000,0.000,0.000,0.000,0.000,0.000,1.200,18.750,21.735,18.180,0.012,27.994,2.860,0.266,0.059,45.0,12.0,55.0,55.0,21.000,300.0,4.6,0.0,0.0,0.0,0.0,665,0,0.0,0.0,0.0,0.0,19.0,2.9,60.7,87.8,0.1,0.2,21.3,28.8,2.3,20.8,1.9,0.4,0.3,14.8,30.6,12.2,0.0,41.6,21.8,0.0,41.7,0.0,0.0,0.0,61.9,8.2,0.0,99.7,34.6,47.6,97.3,35.0,97.9,99.5,99.6,0.0,0.0,0.0,1596.1,16.00,22,22,22,52,74,560,1,2,Yes,No,No,No,No,No,No,No,No,No,Yes,No,No,No,No,No,No,No,No,No,No,No,No,No,No,No,No,No,No,No,No,No,No,No,No,No,No,No,47.0,54,54,54,88.0,100.0,No,No,21506,55883,0.0,0.0,0.0,0.000,0.000,2313,827,12.429,41.633,100.0,0.000,22.9,35.0,348.8,17.3,16.6,16.5,16.5,34.9,60.6,16.3,15.1,15.0,15.0,28.58,57.66,2.79,2.59,60.73,60.73,0.82,1.72,28.35,0.23,22.57,0,
1.2.2026,21:37:0.832,6371,2025,75.8,5511,2372,69.9,0.0,1.116,1.174,1.112,1.167,1.152,1.152,1.167,1.161,1.026,1.026,1.026,1.028,0.766,3411.7,4289.5,4289.5,3192.2,3192.2,3192.2,3192.2,3192.2,3192.2,3192.2,3192.2,99.8,3691.0,702.9,166.9,2537.4,3109.7,12.7,13.4,1127.2,197.9,87.5,1064.7,91.2,13.8,11.9,906.6,17.5,0.7,57.9,77.4,0.0,0.0,29.2,3.5,0.0,26.6,14.2,0.0,0.0,77.4,17.5,100.0,58.2,8.7,195.5,262.3,0.7,1.0,100.3,19.5,8.4,92.1,7.9,1.3,1.2,58.2,34.2,43.0,43.0,32.0,32.0,32.0,32.0,32.0,32.0,32.0,32.0,37.0,56,54,57,58,58,58,58,55,55,55,55,44,46,43,42,42,42,42,45,45,45,45,59,58,No,No,No,No,No,No,No,No,No,No,No,No,No,No,No,No,No,No,No,No,No,No,No,No,No,No,No,No,No,No,No,No,No,No,No,No,62,62,50,52,0.222,0.000,0.000,0.000,0.000,0.000,0.000,0.000,1.200,16.563,19.897,16.226,0.030,26.021,2.980,0.253,0.060,45.0,12.0,55.0,55.0,17.000,300.0,6.5,0.0,0.0,0.0,0.0,665,0,0.0,0.0,0.0,0.0,18.7,4.2,59.5,72.5,0.3,0.4,38.4,6.4,2.8,36.2,3.0,0.4,0.4,12.9,35.1,13.7,0.0,40.5,7.7,0.0,32.4,0.0,0.0,0.0,64.3,4.7,13.8,99.4,18.7,84.9,96.9,28.7,96.8,99.4,99.5,0.0,0.0,0.0,1596.1,16.00,22,22,22,52,74,560,1,2,Yes,No,No,No,No,No,No,No,No,No,Yes,No,No,No,No,No,No,No,No,No,No,No,No,No,No,No,No,No,No,No,No,No,No,No,No,No,No,No,46.0,54,54,56,88.0,100.0,No,No,21506,55883,0.0,3.2,3.2,0.000,0.375,2313,827,12.429,41.633,100.0,0.000,22.9,34.7,348.1,17.0,16.5,16.5,16.5,34.7,60.6,16.3,15.1,15.0,15.0,28.79,58.67,2.80,2.59,60.73,60.73,0.82,1.67,28.56,0.22,23.63,0,
1.2.2026,21:37:0.933,6376,2019,75.9,5512,2372,69.9,0.0,0.800,0.831,0.802,0.797,0.802,0.802,0.792,0.787,0.797,0.792,0.797,0.773,0.766,1935.3,2693.4,2294.4,1795.6,1795.6,1795.6,1795.6,1795.6,1795.6,1795.6,1795.6,99.8,2094.9,241.3,35.9,642.6,724.1,1.5,1.1,719.3,388.6,6.7,373.1,0.9,1.0,1.0,315.0,10.8,0.0,19.4,33.8,0.0,0.0,39.3,20.5,0.0,17.1,0.0,0.0,0.0,39.3,10.8,100.0,20.6,1.0,33.3,57.3,0.1,0.1,77.3,41.6,0.6,35.4,0.1,0.1,0.1,20.7,19.4,27.0,23.0,18.0,18.0,18.0,18.0,18.0,18.0,18.0,18.0,21.0,51,45,46,54,54,54,54,50,50,50,51,49,55,54,46,46,46,46,50,50,50,49,54,54,No,No,No,No,No,No,No,No,No,No,No,No,No,No,No,No,No,No,No,No,No,No,No,No,No,No,No,No,No,No,No,No,No,No,No,No,55,55,49,52,0.222,0.000,0.000,0.000,0.000,0.000,0.000,0.000,1.200,8.125,20.840,17.129,0.032,27.670,3.037,0.250,0.057,45.0,12.0,55.0,55.0,6.000,300.0,2.6,0.0,0.0,0.0,0.0,665,0,0.0,0.0,0.0,0.0,12.5,1.9,30.8,33.8,0.1,0.1,40.6,21.0,0.4,21.8,0.0,0.0,0.0,8.9,3.4,35.2,0.0,22.7,23.4,0.0,4.2,0.0,0.0,0.0,70.5,12.7,30.9,99.9,34.8,55.0,99.5,72.5,99.9,99.9,99.9,30.0,59.9,0.0,1596.1,16.00,22,22,22,52,74,560,1,2,Yes,No,No,No,No,No,No,No,No,No,Yes,No,No,No,No,No,No,No,No,No,No,No,No,No,No,No,No,No,No,No,No,No,No,No,No,No,No,No,46.0,54,54,55,88.0,100.0,No,No,21506,55883,0.0,0.0,0.0,0.000,0.000,2313,827,12.429,41.633,100.0,0.000,22.9,35.3,350.2,17.0,16.5,16.5,16.5,35.3,60.6,16.2,15.1,15.0,15.0,28.35,58.86,2.78,2.59,60.73,60.73,0.81,0.97,28.12,0.23,23.80,0,
1.2.2026,21:37:1.044,6376,2019,75.9,5511,2372,69.9,0.0,1.123,1.124,1.133,1.033,1.033,1.163,1.133,1.178,1.160,1.145,1.130,1.031,0.766,3411.7,4289.5,4289.5,3192.2,3192.2,3192.2,3192.2,3192.2,3192.2,3192.2,3192.2,99.8,3691.0,522.3,432.3,2465.7,1459.2,5.9,13.5,814.9,117.5,89.4,819.6,19.7,16.0,13.8,674.8,24.7,19.5,75.8,48.4,21.1,11.5,38.1,15.4,1.3,43.0,11.5,0.0,11.5,75.8,24.7,100.0,42.2,32.4,176.8,104.0,0.4,1.2,80.3,12.3,8.2,86.8,1.5,1.4,1.2,42.2,34.2,43.0,43.0,32.0,32.0,32.0,32.0,32.0,32.0,32.0,32.0,37.0,56,63,48,59,59,59,59,52,52,52,52,44,37,52,41,41,41,41,48,48,48,48,63,63,No,No,No,No,No,No,No,No,No,No,No,No,No,No,No,No,No,No,No,No,No,No,No,No,No,No,No,No,No,No,No,No,No,No,No,No,62,62,49,51,0.222,0.000,0.000,0.000,0.000,0.000,0.000,0.000,1.200,16.250,6.068,3.071,0.003,13.280,2.473,0.125,0.057,45.0,12.0,55.0,55.0,15.000,300.0,5.1,0.0,0.0,0.0,0.0,665,0,0.0,0.0,0.0,0.0,16.9,9.8,70.5,44.2,0.2,0.5,33.0,4.3,3.3,35.1,0.7,0.5,0.4,7.4,7.1,10.3,0.0,29.9,0.0,0.0,26.3,0.0,0.0,0.0,70.3,0.0,43.9,99.4,34.3,95.1,96.3,35.9,99.1,99.3,99.4,5.7,10.0,1.4,1596.1,16.00,22,22,22,52,74,560,1,2,Yes,No,No,No,No,No,No,No,No,No,Yes,No,No,No,No,No,No,No,No,No,No,No,No,No,No,No,No,No,No,No,No,No,No,No,No,No,No,No,46.0,54,54,55,88.0,100.0,No,No,21506,55883,0.0,0.0,0.0,0.000,0.000,2313,827,12.429,41.633,100.0,0.000,22.9,31.4,350.9,8.0,6.8,6.7,6.7,31.1,60.6,7.9,6.8,6.7,6.7,31.84,124.73,2.77,2.59,149.61,149.61,0.81,0.06,31.61,0.23,27.24,0,
1.2.2026,21:37:1.155,6370,2025,75.8,5506,2378,69.8,0.0,1.137,1.115,1.099,1.169,1.169,1.124,1.159,1.159,1.124,1.124,1.124,1.031,0.766,3301.9,4289.5,4289.5,2094.9,3192.2,3192.2,3192.2,3192.2,3192.2,3192.2,3192.2,99.8,3691.0,623.5,21.2,2208.0,2973.2,10.7,8.9,789.4,627.6,186.8,614.9,16.7,13.9,11.3,853.2,16.0,0.0,52.7,61.6,0.0,0.0,36.3,10.2,7.1,23.6,0.0,0.0,0.0,61.6,16.0,100.0,53.0,0.7,179.3,191.5,0.7,1.0,91.4,78.8,21.7,66.3,1.9,1.3,1.1,53.0,33.1,43.0,43.0,21.0,32.0,32.0,32.0,32.0,32.0,32.0,32.0,37.0,56,53,69,56,56,56,56,54,54,54,54,44,47,31,44,44,44,44,46,46,46,46,64,69,No,No,No,No,No,No,No,No,No,No,No,No,No,No,No,No,No,No,No,No,No,No,No,No,No,No,No,No,No,No,No,No,No,No,No,No,61,61,49,51,0.222,0.000,0.000,0.000,0.000,0.000,0.000,0.000,1.200,15.625,12.866,9.671,0.018,19.845,2.559,0.230,0.055,45.0,12.0,55.0,55.0,17.000,300.0,4.9,0.0,0.0,0.0,0.0,665,0,0.0,0.0,0.0,0.0,18.0,0.5,51.3,72.4,0.3,0.3,34.9,21.5,7.9,24.9,0.6,0.5,0.4,14.5,40.9,16.0,0.0,37.9,0.0,0.0,49.9,0.0,0.0,0.0,61.8,5.0,0.0,99.6,25.3,76.4,90.1,23.6,99.1,99.3,99.4,4.7,0.0,9.4,1596.1,16.00,22,22,22,52,74,560,1,2,Yes,No,No,No,No,No,No,No,No,No,Yes,No,No,No,No,No,No,No,No,No,No,No,No,No,No,No,No,No,No,No,No,No,No,No,No,No,No,No,47.0,54,54,54,88.0,100.0,No,No,21506,55883,0.0,0.0,0.0,0.000,0.000,2313,827,12.429,41.633,100.0,0.000,22.9,30.6,351.6,7.8,6.8,6.7,6.7,30.5,60.6,7.8,6.8,6.7,6.7,32.72,127.65,2.76,2.59,149.61,149.61,0.79,0.02,32.48,0.24,29.94,0,
1.2.2026,21:37:1.268,6370,2026,75.8,5506,2378,69.8,0.0,1.127,1.121,1.105,1.130,1.115,1.115,1.130,1.115,1.130,1.175,1.130,1.028,0.766,3411.7,4289.5,4289.5,3192.2,3192.2,3192.2,3192.2,3192.2,3192.2,3192.2,3192.2,99.8,3691.0,594.0,35.4,1847.4,2866.2,13.6,9.0,681.2,524.1,31.8,1040.5,52.8,15.7,10.0,751.1,21.6,0.0,43.2,73.8,0.0,0.0,17.4,22.8,11.4,27.9,21.7,20.8,20.7,73.8,21.6,100.0,48.7,1.3,139.5,240.3,0.8,0.8,55.8,42.3,3.0,93.2,5.1,1.5,1.0,48.6,34.2,43.0,43.0,32.0,32.0,32.0,32.0,32.0,32.0,32.0,32.0,37.0,55,52,64,56,56,56,56,53,53,53,53,45,48,36,44,44,44,44,47,47,47,47,58,64,No,No,No,No,No,No,No,No,No,No,No,No,No,No,No,No,No,No,No,No,No,No,No,No,No,No,No,No,No,No,No,No,No,No,No,No,59,59,49,52,0.222,0.000,0.000,0.000,0.000,0.000,0.000,0.000,1.200,13.125,18.777,15.525,0.025,25.282,2.582,0.248,0.056,45.0,12.0,55.0,55.0,14.000,300.0,6.1,0.0,0.0,0.0,0.0,665,0,0.0,0.0,0.0,0.0,17.0,1.2,45.8,70.4,0.3,0.3,26.1,18.9,1.1,37.1,1.7,0.5,0.3,19.5,37.2,28.8,0.0,43.1,44.1,0.0,42.0,0.0,0.0,0.0,58.2,2.0,0.9,99.6,29.3,34.7,98.6,19.6,98.1,99.3,99.5,6.9,13.9,0.0,1596.1,16.00,22,22,22,52,74,560,1,2,Yes,No,No,No,No,No,No,No,No,No,Yes,No,No,No,No,No,No,No,No,No,No,No,No,No,No,No,No,No,No,No,No,No,No,No,No,No,No,No,47.0,54,54,54,88.0,100.0,No,No,21506,55883,0.0,0.0,0.0,0.000,0.000,2313,827,12.429,41.633,100.0,0.000,22.9,30.1,351.6,7.8,6.8,6.7,6.7,30.0,60.6,7.8,6.8,6.7,6.7,33.18,127.65,2.76,2.59,149.61,149.61,0.79,0.05,32.94,0.24,29.83,0,
1.2.2026,21:37:1.380,6371,2025,75.8,5506,2378,69.8,0.0,1.103,1.100,1.099,1.109,1.099,1.109,1.109,1.102,1.102,1.102,1.102,1.033,0.766,3411.7,4289.5,4289.5,3192.2,3192.2,3192.2,3192.2,3192.2,3192.2,3192.2,3192.2,99.8,3691.0,553.7,44.7,1419.5,4254.1,8.1,3.8,505.7,135.9,15.2,220.2,14.4,12.1,10.9,798.4,15.5,0.0,33.1,95.7,21.0,11.0,14.6,4.0,0.0,6.4,0.0,0.0,0.0,95.7,15.5,100.0,45.0,0.9,110.0,330.4,0.5,0.3,52.3,16.7,1.5,23.6,1.3,1.2,1.1,45.1,34.2,43.0,43.0,32.0,32.0,32.0,32.0,32.0,32.0,32.0,32.0,37.0,56,51,69,56,56,56,56,55,55,55,55,44,49,31,44,44,44,44,45,45,45,45,69,69,No,No,No,No,No,No,No,No,No,No,No,No,No,No,No,No,No,No,No,No,No,No,No,No,No,No,No,No,No,No,No,No,No,No,No,No,70,70,49,52,0.222,0.000,0.000,0.000,0.000,0.000,0.000,0.000,1.200,16.875,18.102,14.975,0.013,24.591,2.473,0.231,0.056,45.0,12.0,55.0,55.0,15.000,300.0,5.5,0.0,0.0,0.0,0.0,665,0,0.0,0.0,0.0,0.0,13.7,1.0,34.4,95.8,0.2,0.1,17.4,5.4,0.5,8.6,0.5,0.4,0.4,11.9,37.6,4.1,0.0,34.7,19.5,0.0,22.8,0.0,0.0,0.0,68.5,0.0,0.0,99.8,46.3,73.9,99.3,67.0,99.3,99.4,99.5,11.9,23.9,0.0,1596.1,16.00,22,22,22,52,74,560,1,2,Yes,No,No,No,No,No,No,No,No,No,Yes,No,No,No,No,No,No,No,No,No,No,No,No,No,No,No,No,No,No,No,No,No,No,No,No,No,No,No,47.0,54,54,54,88.0,100.0,No,No,21506,55883,0.0,0.0,0.0,0.000,0.000,2313,827,12.429,41.633,100.0,0.000,22.9,29.5,352.3,7.8,6.8,6.7,6.7,29.5,60.2,7.8,6.8,6.7,6.7,33.94,128.47,2.76,2.59,149.61,149.61,0.79,0.03,33.70,0.24,30.39,0,
1.2.2026,21:37:1.492,6370,2026,75.8,5512,2371,69.9,0.0,1.125,1.151,1.139,1.104,1.099,1.119,1.152,1.107,1.107,1.122,1.147,1.033,0.766,3321.9,4289.5,4588.8,3192.2,1995.1,3192.2,3192.2,3192.2,3192.2,3192.2,3192.2,99.8,3691.0,573.8,35.7,2196.0,3227.2,19.1,6.6,1052.4,142.0,28.2,139.0,13.0,13.7,13.0,838.4,13.4,0.0,50.7,72.3,0.0,0.0,33.4,1.7,0.0,2.6,0.0,0.0,0.0,72.3,13.4,100.0,46.6,1.1,168.8,240.1,1.2,0.3,117.4,11.9,2.9,11.6,1.2,1.1,1.1,46.6,33.3,43.0,46.0,32.0,20.0,32.0,32.0,32.0,32.0,32.0,32.0,37.0,56,51,70,56,56,56,56,55,55,55,55,44,49,30,44,44,44,44,45,45,45,45,69,70,No,No,No,No,No,No,No,No,No,No,No,No,No,No,No,No,No,No,No,No,No,No,No,No,No,No,No,No,No,No,No,No,No,No,No,No,62,62,49,51,0.222,0.000,0.000,0.000,0.000,0.000,0.000,0.000,1.200,17.188,20.000,16.745,0.027,26.446,2.578,0.246,0.056,45.0,12.0,55.0,55.0,19.000,300.0,5.3,0.0,0.0,0.0,0.0,665,0,0.0,0.0,0.0,0.0,14.9,1.0,52.3,75.6,0.4,0.2,35.6,5.1,0.9,6.0,0.5,0.4,0.4,8.7,18.7,24.4,0.0,27.9,9.0,0.0,7.2,0.0,0.0,0.0,70.1,0.0,0.0,99.7,34.6,84.8,98.8,84.7,99.3,99.4,99.4,13.1,26.2,0.0,1596.1,16.00,22,22,22,52,74,560,1,2,Yes,No,No,No,No,No,No,No,No,No,Yes,No,No,No,No,No,No,No,No,No,No,No,No,No,No,No,No,No,No,No,No,No,No,No,No,No,No,No,47.0,54,54,53,88.0,100.0,No,No,21506,55883,0.0,0.0,0.0,0.000,0.000,2313,827,12.429,41.633,100.0,0.000,22.9,26.8,321.5,7.8,6.8,6.7,6.7,27.0,60.1,7.8,6.8,6.7,6.7,37.37,128.47,3.03,2.62,149.61,149.61,0.80,0.03,37.14,0.23,30.95,0,
1.2.2026,21:37:1.589,6366,2030,75.8,5509,2374,69.8,0.0,1.123,1.175,1.097,1.117,1.112,1.132,1.117,1.117,1.145,1.110,1.110,1.026,0.766,3411.7,4289.5,4289.5,3192.2,3192.2,3192.2,3192.2,3192.2,3192.2,3192.2,3192.2,99.8,3691.0,567.8,50.0,2677.1,2048.9,5.2,17.1,540.4,628.0,41.1,707.0,58.8,23.5,16.1,751.0,19.7,0.0,63.6,55.6,0.0,12.5,17.2,18.1,0.7,20.4,23.3,12.7,12.4,63.6,19.7,100.0,48.9,1.3,205.8,180.6,0.5,1.9,55.0,60.7,4.0,67.3,5.7,2.5,1.7,48.9,34.2,43.0,43.0,32.0,32.0,32.0,32.0,32.0,32.0,32.0,32.0,37.0,55,52,61,56,55,55,55,53,53,53,53,45,48,39,44,45,45,45,47,47,47,47,61,61,No,No,No,No,No,No,No,No,No,No,No,No,No,No,No,No,No,No,No,No,No,No,No,No,No,No,No,No,No,No,No,No,No,No,No,No,58,58,49,52,0.222,0.000,0.000,0.000,0.000,0.000,0.000,0.000,1.200,14.063,18.624,15.377,0.026,25.168,2.572,0.240,0.056,45.0,12.0,55.0,55.0,16.000,300.0,4.3,0.0,0.0,0.0,0.0,665,0,0.0,0.0,0.0,0.0,15.5,1.2,64.5,50.3,0.2,0.5,18.6,21.4,1.4,24.6,2.3,0.8,0.5,16.3,16.7,43.0,0.0,48.7,32.0,0.0,22.9,0.0,0.0,0.0,63.9,13.5,6.6,99.3,31.2,44.0,98.2,50.3,97.5,99.0,99.3,1.6,3.1,0.0,1596.1,16.00,22,22,22,52,74,560,1,2,Yes,No,No,No,No,No,No,No,No,No,Yes,No,No,No,No,No,No,No,No,No,No,No,No,No,No,No,No,No,No,No,No,No,No,No,No,No,No,No,47.0,54,54,54,88.0,100.0,No,No,21506,55883,0.0,0.0,0.0,0.000,0.000,2313,827,12.429,41.633,100.0,0.000,22.9,26.3,187.8,7.6,6.8,6.7,6.7,26.2,60.1,7.6,6.8,6.7,6.7,38.00,130.91,5.32,5.31,149.61,149.61,0.81,0.03,37.76,0.24,31.00,0,
1.2.2026,21:37:1.697,6358,2037,75.7,5504,2380,69.8,0.0,0.864,0.859,0.895,0.865,0.860,0.865,0.860,0.860,0.856,0.856,0.871,0.791,0.766,2374.2,2992.7,3092.4,2194.6,2194.6,2194.6,2194.6,2194.6,2194.6,2194.6,2294.4,99.8,2394.1,510.4,35.3,2245.1,2167.6,11.9,10.7,715.7,331.8,36.2,518.4,20.9,21.9,9.7,694.3,15.6,0.0,60.6,59.9,10.9,0.0,27.1,9.9,0.0,19.1,0.0,0.0,0.0,60.6,15.6,100.0,43.1,0.8,172.9,166.7,0.7,0.8,77.4,34.3,3.1,55.4,1.9,2.0,0.7,43.1,23.8,30.0,31.0,22.0,22.0,22.0,22.0,22.0,22.0,22.0,23.0,24.0,54,53,51,58,58,58,58,51,51,51,51,46,47,49,42,42,42,42,49,49,49,49,57,58,No,No,No,No,No,No,No,No,No,No,No,No,No,No,No,No,No,No,No,No,No,No,No,No,No,No,No,No,No,No,No,No,No,No,No,No,59,59,49,52,0.217,0.000,0.000,0.000,0.000,0.000,0.000,0.000,1.200,13.438,18.391,15.170,0.010,24.871,2.585,0.228,0.055,45.0,12.0,55.0,55.0,11.000,300.0,4.7,0.0,0.0,0.0,0.0,665,0,0.0,0.0,0.0,0.0,16.2,1.0,62.0,61.9,0.4,0.4,29.8,12.9,1.4,22.1,0.9,0.8,0.4,13.5,17.6,37.2,0.0,29.9,11.6,0.0,38.4,0.0,0.0,0.0,66.4,19.7,0.9,99.4,38.1,73.8,98.2,36.9,98.9,99.0,99.5,0.0,0.0,0.0,1596.1,16.00,22,22,22,52,74,560,1,2,Yes,No,No,No,No,No,No,No,No,No,Yes,No,No,No,No,No,No,No,No,No,No,No,No,No,No,No,No,No,No,No,No,No,No,No,No,No,No,No,47.0,54,54,54,88.0,100.0,No,No,21506,55883,0.0,0.0,0.0,0.000,0.000,2313,827,12.429,41.633,100.0,0.000,22.9,24.2,171.9,7.6,6.8,6.7,6.7,24.2,60.1,7.6,6.8,6.7,6.7,41.33,131.72,5.82,5.39,149.61,149.61,0.82,0.05,41.09,0.24,27.73,0,
1.2.2026,21:37:1.811,6359,2037,75.7,5503,2381,69.8,0.0,1.091,0.934,1.112,1.104,1.104,1.104,1.104,1.104,1.114,1.114,1.114,0.856,0.766,3331.9,3491.5,4289.5,3192.2,3192.2,3192.2,3192.2,3192.2,3192.2,3192.2,3192.2,99.8,2892.9,602.0,26.4,2872.2,2648.8,7.6,5.5,744.1,350.2,24.1,512.6,12.7,11.1,8.6,834.9,19.3,0.0,66.0,67.7,21.2,0.0,24.0,12.6,0.0,17.0,0.0,11.5,11.4,67.7,19.3,100.0,51.6,0.8,216.8,215.2,0.6,0.8,83.0,39.2,3.2,55.7,1.6,1.4,1.1,51.6,33.4,35.0,43.0,32.0,32.0,32.0,32.0,32.0,32.0,32.0,32.0,29.0,56,58,50,59,59,59,59,53,53,53,53,44,42,50,41,41,41,41,47,47,47,47,59,59,No,No,No,No,No,No,No,No,No,No,No,No,No,No,No,No,No,No,No,No,No,No,No,No,No,No,No,No,No,No,No,No,No,No,No,No,61,61,49,52,0.222,0.000,0.000,0.000,0.000,0.000,0.000,0.000,1.200,14.688,13.403,10.266,0.029,20.418,2.463,0.237,0.057,45.0,12.0,55.0,55.0,17.000,300.0,6.7,0.0,0.0,0.0,0.0,665,0,0.0,0.0,0.0,0.0,16.2,0.8,68.8,64.8,0.2,0.2,25.2,13.8,0.9,18.8,0.4,0.4,0.3,13.7,30.4,35.2,0.0,26.1,12.2,0.0,33.2,0.0,0.0,0.0,66.3,2.3,0.0,99.7,46.2,72.5,98.9,45.3,99.4,99.5,99.6,0.0,0.0,0.0,1596.1,16.00,22,22,22,52,74,560,1,2,Yes,No,No,No,No,No,No,No,No,No,Yes,No,No,No,No,No,No,No,No,No,No,No,No,No,No,No,No,No,No,No,No,No,No,No,No,No,No,No,47.0,54,54,54,88.0,100.0,No,No,21506,55883,0.0,5.6,5.6,0.000,1.269,2313,827,12.429,41.633,100.0,0.000,22.9,24.0,222.2,7.6,6.8,6.7,6.7,24.0,60.1,7.6,6.8,6.7,6.7,41.74,130.91,4.41,4.16,149.61,149.61,0.84,0.05,41.50,0.24,28.99,0,
1.2.2026,21:37:1.917,6372,2023,75.8,5504,2380,69.8,0.0,0.840,0.816,0.785,0.853,0.853,0.853,0.853,0.848,0.848,0.848,0.848,0.766,0.766,2164.7,1895.4,2194.6,2194.6,2194.6,2194.6,2194.6,2194.6,2194.6,2194.6,2194.6,99.8,1296.8,141.4,18.2,255.0,771.3,1.3,1.2,535.4,5.4,1.1,103.9,1.2,1.3,1.3,198.6,9.0,0.0,16.7,37.3,0.0,0.0,38.1,0.0,0.0,16.1,0.0,0.0,0.0,38.1,9.0,100.0,12.9,0.6,35.1,45.4,0.1,0.1,61.4,0.6,0.1,11.0,0.1,0.1,0.1,12.9,21.7,19.0,22.0,22.0,22.0,22.0,22.0,22.0,22.0,22.0,22.0,13.0,51,48,48,53,53,53,53,50,50,50,50,49,52,52,47,47,47,47,50,50,50,50,55,53,No,No,No,No,No,No,No,No,No,No,No,No,No,No,No,No,No,No,No,No,No,No,No,No,No,No,No,No,No,No,No,No,No,No,No,No,54,54,49,52,0.222,0.000,0.000,0.000,0.000,0.000,0.000,0.000,1.200,2.813,18.065,14.601,0.026,25.005,2.816,0.238,0.058,45.0,12.0,55.0,55.0,1.000,300.0,2.8,0.0,0.0,0.0,0.0,665,0,3.3,4.4,1.6,0.0,7.6,1.1,13.7,38.9,0.1,0.0,29.7,0.2,0.0,7.1,0.0,0.1,0.1,9.1,37.9,30.4,0.0,12.5,0.0,0.0,9.8,0.0,0.0,0.0,81.0,42.9,30.7,99.9,56.5,99.8,99.9,80.8,99.9,99.9,99.9,0.0,0.0,0.0,1596.1,16.00,22,22,22,52,74,560,1,2,Yes,No,No,No,No,No,No,No,No,No,Yes,No,No,No,No,No,No,No,No,No,No,No,No,No,No,No,No,No,No,No,No,No,No,No,No,No,No,No,47.0,54,54,54,88.0,100.0,No,No,21506,55883,0.0,0.0,0.0,0.000,0.000,2313,827,12.429,41.633,100.0,0.000,22.9,27.0,222.8,15.3,14.7,14.6,14.6,27.1,60.1,15.9,15.1,15.0,15.0,37.05,65.20,4.40,4.16,68.27,68.27,0.84,0.05,36.81,0.24,24.45,0,
1.2.2026,21:37:2.029,6373,2022,75.9,5504,2380,69.8,0.0,1.116,1.120,1.104,1.114,1.098,1.123,1.123,1.108,1.123,1.123,1.123,1.031,0.766,3411.7,4289.5,4289.5,3192.2,3192.2,3192.2,3192.2,3192.2,3192.2,3192.2,3192.2,99.8,3691.0,497.2,28.6,1276.4,3960.7,1.7,4.7,318.2,37.5,35.0,199.9,84.2,14.5,4.7,707.9,22.3,13.1,43.3,97.8,0.0,12.8,7.5,24.3,24.3,4.7,14.7,13.0,12.8,97.8,22.3,100.0,37.2,1.2,97.1,287.5,0.1,0.4,27.1,3.4,3.2,16.6,8.0,1.3,0.4,37.2,34.2,43.0,43.0,32.0,32.0,32.0,32.0,32.0,32.0,32.0,32.0,37.0,54,49,65,54,55,55,55,53,53,53,53,46,51,35,46,45,45,45,47,47,47,47,65,65,No,No,No,No,No,No,No,No,No,No,No,No,No,No,No,No,No,No,No,No,No,No,No,No,No,No,No,No,No,No,No,No,No,No,No,No,65,65,49,52,0.222,0.000,0.000,0.000,0.000,0.000,0.000,0.000,1.200,15.938,15.630,12.533,0.017,22.264,2.467,0.217,0.055,45.0,12.0,55.0,55.0,17.000,300.0,3.8,0.0,0.0,0.0,0.0,665,0,0.0,0.0,0.0,0.0,13.4,1.0,36.0,97.8,0.1,0.2,11.6,1.2,1.2,8.5,2.7,0.5,0.2,3.2,21.6,1.1,0.0,8.6,0.0,0.0,1.0,0.0,0.0,0.0,76.0,0.0,1.2,99.8,78.2,98.5,98.6,87.7,97.2,99.4,99.8,19.9,39.8,0.0,1596.1,16.00,22,22,22,52,74,560,1,2,Yes,No,No,No,No,No,No,No,No,No,Yes,No,No,No,No,No,No,No,No,No,No,No,No,No,No,No,No,No,No,No,No,No,No,No,No,No,No,No,47.0,54,54,54,88.0,100.0,No,No,21506,55883,0.0,0.0,0.0,0.000,0.000,2313,827,12.429,41.633,100.0,0.000,22.9,25.8,222.8,7.9,6.9,6.8,6.8,26.0,60.1,8.7,7.6,7.5,7.5,38.81,126.15,4.40,4.16,146.41,146.41,0.84,0.05,38.57,0.24,26.74,0,
1.2.2026,21:37:2.139,6373,2023,75.9,5504,2380,69.8,0.0,1.091,1.101,1.078,1.088,1.088,1.099,1.084,1.084,1.089,1.099,1.099,1.031,0.766,3411.7,4289.5,4289.5,3192.2,3192.2,3192.2,3192.2,3192.2,3192.2,3192.2,3192.2,99.8,3691.0,663.7,31.0,2841.9,2223.5,2.4,4.7,1616.8,36.5,25.3,1157.3,11.6,8.0,5.8,847.8,16.4,0.0,68.3,52.9,0.0,0.0,46.6,0.0,0.0,28.8,0.0,0.0,0.0,68.3,16.4,100.0,54.1,1.3,218.5,169.7,0.1,0.4,153.5,3.7,2.7,97.4,1.1,0.7,0.5,54.1,34.2,43.0,43.0,32.0,32.0,32.0,32.0,32.0,32.0,32.0,32.0,37.0,56,66,51,60,60,60,60,52,52,52,52,44,34,49,40,40,40,40,48,48,48,48,66,66,No,No,No,No,No,No,No,No,No,No,No,No,No,No,No,No,No,No,No,No,No,No,No,No,No,No,No,No,No,No,No,No,No,No,No,No,65,65,49,52,0.222,0.000,0.000,0.000,0.000,0.000,0.000,0.000,1.200,14.375,18.376,15.068,0.015,24.997,2.648,0.239,0.056,45.0,12.0,55.0,55.0,17.000,300.0,4.5,0.0,0.0,0.0,0.0,665,0,0.0,0.0,0.0,0.0,18.6,0.8,69.5,54.7,0.1,0.2,55.2,1.3,0.8,39.2,0.4,0.3,0.2,15.7,27.6,45.3,0.0,35.0,0.0,0.0,49.0,0.0,0.0,0.0,61.7,0.0,0.0,99.8,9.5,98.4,99.1,11.5,99.4,99.6,99.7,0.9,1.7,0.0,1596.1,16.00,22,22,22,52,74,560,1,2,Yes,No,No,No,No,No,No,No,No,No,Yes,No,No,No,No,No,No,No,No,No,No,No,No,No,No,No,No,No,No,No,No,No,No,No,No,No,No,No,47.0,54,54,54,88.0,100.0,No,No,21506,55883,0.0,0.0,0.0,0.000,0.000,2313,827,12.429,41.633,100.0,0.000,22.9,25.5,222.2,8.0,6.9,6.8,6.8,25.7,60.1,8.5,7.6,7.5,7.5,39.27,125.23,4.41,4.16,146.41,146.41,0.82,0.01,39.05,0.22,29.04,0,
1.2.2026,21:37:2.250,6375,2021,75.9,5504,2380,69.8,0.0,1.141,1.142,1.134,1.134,1.134,1.149,1.149,1.129,1.149,1.149,1.149,1.031,0.766,3411.7,4289.5,4289.5,3192.2,3192.2,3192.2,3192.2,3192.2,3192.2,3192.2,3192.2,99.8,3691.0,799.2,29.2,2799.7,3529.8,1.9,5.2,1092.8,62.1,60.5,1975.1,13.2,14.8,5.9,947.6,26.4,0.0,62.1,75.7,0.0,13.5,27.5,15.2,15.1,45.6,13.7,24.6,24.4,75.7,26.4,100.0,61.9,1.1,207.0,256.0,0.1,0.6,97.3,6.8,6.8,164.0,1.3,1.6,0.6,62.0,34.2,43.0,43.0,32.0,32.0,32.0,32.0,32.0,32.0,32.0,32.0,37.0,57,57,67,58,58,58,58,54,54,54,54,43,43,33,42,42,42,42,46,46,46,46,65,67,No,No,No,No,No,No,No,No,No,No,No,No,No,No,No,No,No,No,No,No,No,No,No,No,No,No,No,No,No,No,No,No,No,No,No,No,65,65,50,52,0.222,0.000,0.000,0.000,0.000,0.000,0.000,0.000,1.200,16.563,21.760,18.585,0.026,28.500,2.502,0.246,0.056,45.0,12.0,55.0,55.0,19.000,300.0,6.6,0.0,0.0,0.0,0.0,665,0,0.0,0.0,0.0,0.0,20.8,0.7,65.7,81.1,0.0,0.2,35.1,1.9,1.9,61.5,0.4,0.5,0.2,14.5,30.1,19.0,0.0,58.4,0.0,0.0,37.9,0.0,0.0,0.0,60.5,3.9,0.0,99.8,5.9,97.8,97.9,0.7,99.4,99.4,99.7,0.0,0.0,0.0,1596.1,16.00,22,22,22,52,74,560,1,2,Yes,No,No,No,No,No,No,No,No,No,Yes,No,No,No,No,No,No,No,No,No,No,No,No,No,No,No,No,No,No,No,No,No,No,No,No,No,No,No,47.0,54,54,53,88.0,100.0,No,No,21506,55883,0.0,0.0,0.0,0.000,0.000,2313,827,12.429,41.633,100.0,0.000,22.9,25.3,221.8,8.0,6.9,6.8,6.8,25.3,60.1,8.5,7.6,7.5,7.5,39.57,125.23,4.41,4.16,146.41,146.41,0.83,0.03,39.36,0.22,28.74,0,
1.2.2026,21:37:2.369,6374,2022,75.9,5503,2380,69.8,0.0,1.140,1.105,1.118,1.183,1.111,1.131,1.126,1.161,1.141,1.141,1.186,1.031,0.766,3262.0,4289.5,4289.5,1695.9,3192.2,3192.2,3192.2,3192.2,3192.2,3192.2,3192.2,99.8,3691.0,633.0,36.4,2479.9,3590.2,2.0,6.3,648.0,77.1,16.8,701.5,14.4,14.6,8.5,857.1,15.7,0.0,56.0,84.8,0.0,0.0,22.5,1.5,0.0,23.7,0.0,0.0,0.0,84.8,15.7,100.0,53.3,1.1,187.7,287.4,0.1,0.6,73.5,7.8,1.6,76.9,1.3,1.4,0.7,53.4,32.7,43.0,43.0,17.0,32.0,32.0,32.0,32.0,32.0,32.0,32.0,37.0,57,62,58,59,59,59,59,54,54,54,53,43,38,42,41,41,41,41,46,46,46,47,64,62,No,No,No,No,No,No,No,No,No,No,No,No,No,No,No,No,No,No,No,No,No,No,No,No,No,No,No,No,No,No,No,No,No,No,No,No,67,67,50,52,0.222,0.000,0.000,0.000,0.000,0.000,0.000,0.000,1.200,17.500,19.374,16.217,0.015,26.146,2.502,0.234,0.059,45.0,12.0,55.0,55.0,18.000,300.0,4.4,0.0,0.0,0.0,0.0,665,0,0.0,0.0,0.0,0.0,16.4,0.9,58.2,82.8,0.0,0.2,23.9,3.2,0.6,25.7,0.5,0.5,0.3,11.3,30.8,17.2,0.0,33.0,0.0,0.0,32.3,0.0,0.0,0.0,68.4,11.5,0.0,99.7,40.6,96.3,99.2,39.0,99.3,99.3,99.6,0.0,0.0,0.0,1596.1,16.00,22,22,22,52,74,560,1,2,Yes,No,No,No,No,No,No,No,No,No,Yes,No,No,No,No,No,No,No,No,No,No,No,No,No,No,No,No,No,No,No,No,No,No,No,No,No,No,No,46.0,54,54,54,88.0,100.0,No,No,21506,55883,0.0,0.0,0.0,0.000,0.000,2313,827,12.429,41.633,100.0,0.000,22.9,25.5,239.2,8.0,6.9,6.8,6.8,25.7,60.1,8.5,7.6,7.5,7.5,39.28,125.23,4.14,4.14,146.41,146.41,0.82,0.03,39.06,0.22,28.31,0,
1.2.2026,21:37:2.473,6374,2022,75.9,5503,2381,69.8,0.0,0.839,0.877,0.780,0.840,0.843,0.843,0.843,0.843,0.843,0.841,0.841,0.816,0.766,2204.6,2294.4,2194.6,2194.6,2194.6,2194.6,2194.6,2194.6,2194.6,2194.6,2194.6,99.8,1695.9,315.9,28.2,1923.0,1016.0,6.5,5.7,474.8,17.3,8.5,290.5,6.4,7.5,6.0,435.0,12.1,0.0,48.2,31.9,35.6,0.0,20.7,0.0,0.0,8.6,0.0,0.0,0.0,48.2,12.1,100.0,26.1,0.7,152.6,75.9,0.4,0.5,47.4,1.7,0.8,30.8,0.6,0.7,0.6,26.0,22.1,23.0,22.0,22.0,22.0,22.0,22.0,22.0,22.0,22.0,22.0,17.0,52,48,47,55,55,55,55,51,51,51,51,48,52,53,45,45,45,45,49,49,49,49,55,55,No,No,No,No,No,No,No,No,No,No,No,No,No,No,No,No,No,No,No,No,No,No,No,No,No,No,No,No,No,No,No,No,No,No,No,No,55,55,49,52,0.222,0.000,0.000,0.000,0.000,0.000,0.000,0.000,1.200,4.375,11.311,8.495,0.010,18.281,2.245,0.160,0.057,45.0,12.0,55.0,55.0,3.000,300.0,2.2,0.0,0.0,0.0,0.0,665,0,0.0,0.0,0.0,0.0,10.2,1.1,48.3,34.7,0.4,0.2,24.4,0.7,0.3,10.8,0.3,0.3,0.2,13.1,36.8,46.4,0.0,24.4,0.0,0.0,23.3,0.0,0.0,0.0,74.2,13.4,18.8,99.7,48.9,99.0,99.5,64.1,99.6,99.6,99.6,0.0,0.0,0.0,1596.1,16.00,22,22,22,52,74,560,1,2,Yes,No,No,No,No,No,No,No,No,No,Yes,No,No,No,No,No,No,No,No,No,No,No,No,No,No,No,No,No,No,No,No,No,No,No,No,No,No,No,47.0,54,54,54,88.0,100.0,No,No,21506,55883,0.0,0.0,0.0,0.000,0.000,2313,827,12.429,41.633,100.0,0.000,22.9,26.4,239.2,8.0,6.9,6.8,6.8,26.2,60.1,8.5,7.6,7.5,7.5,37.88,125.23,4.14,4.14,146.41,146.41,0.81,0.03,37.67,0.22,29.58,0,
1.2.2026,21:37:2.569,6375,2021,75.9,5503,2381,69.8,0.0,1.119,1.128,1.104,1.117,1.097,1.117,1.117,1.127,1.127,1.127,1.127,1.031,0.766,3411.7,4289.5,4289.5,3192.2,3192.2,3192.2,3192.2,3192.2,3192.2,3192.2,3192.2,99.8,3691.0,331.1,29.8,1203.0,2128.4,1.3,1.3,459.1,13.0,15.8,47.0,66.7,6.9,1.2,481.5,18.3,0.0,43.5,74.7,9.8,9.8,19.8,0.0,20.2,0.0,21.5,20.0,0.0,74.7,18.3,100.0,26.3,1.1,92.2,161.7,0.1,0.1,45.5,1.3,1.6,4.0,7.2,0.7,0.1,26.3,34.2,43.0,43.0,32.0,32.0,32.0,32.0,32.0,32.0,32.0,32.0,37.0,56,58,61,56,58,58,58,53,53,53,53,44,42,39,44,42,42,42,47,47,47,47,61,61,No,No,No,No,No,No,No,No,No,No,No,No,No,No,No,No,No,No,No,No,No,No,No,No,No,No,No,No,No,No,No,No,No,No,No,No,65,65,49,51,0.222,0.000,0.000,0.000,0.000,0.000,0.000,0.000,1.200,18.125,9.210,6.528,0.019,16.008,2.124,0.180,0.056,45.0,12.0,55.0,55.0,19.000,300.0,7.3,0.0,0.0,0.0,0.0,665,0,2.1,0.8,5.2,0.0,12.8,1.5,46.0,76.1,0.0,0.1,24.3,0.4,0.5,2.9,2.1,0.2,0.0,0.8,4.7,1.6,0.0,1.8,0.0,0.0,0.0,0.0,0.0,0.0,79.1,4.9,22.2,99.9,71.6,99.4,99.4,95.9,97.8,99.7,99.9,21.1,42.1,0.0,1596.1,16.00,22,22,22,52,74,560,1,2,Yes,No,No,No,No,No,No,No,No,No,Yes,No,No,No,No,No,No,No,No,No,No,No,No,No,No,No,No,No,No,No,No,No,No,No,No,No,No,No,47.0,54,54,54,88.0,100.0,No,No,21506,55883,0.0,0.0,0.0,0.000,0.000,2313,827,12.429,41.633,100.0,0.000,22.9,26.5,239.4,7.9,6.9,6.8,6.8,26.4,60.1,8.4,7.6,7.5,7.5,37.72,127.07,4.14,4.14,146.41,146.41,0.83,0.06,37.51,0.21,31.07,0,
1.2.2026,21:37:2.679,6377,2019,75.9,5503,2381,69.8,0.0,1.100,1.110,1.077,1.092,1.092,1.097,1.107,1.102,1.107,1.107,1.107,1.031,0.766,3411.7,4289.5,4289.5,3192.2,3192.2,3192.2,3192.2,3192.2,3192.2,3192.2,3192.2,99.8,3691.0,554.1,39.0,2846.0,2653.8,6.0,6.7,613.5,45.3,17.1,381.3,13.5,14.4,12.7,778.4,17.0,0.0,62.0,67.2,11.1,11.2,21.3,0.0,0.0,10.5,0.0,0.0,21.1,67.2,17.0,100.0,44.9,1.1,199.7,224.9,0.3,0.6,70.3,4.2,1.3,33.2,1.2,1.3,1.1,44.9,34.2,43.0,43.0,32.0,32.0,32.0,32.0,32.0,32.0,32.0,32.0,37.0,58,66,55,62,62,62,60,52,52,52,52,42,34,45,38,38,38,40,48,48,48,48,66,66,No,No,No,No,No,No,No,No,No,No,No,No,No,No,No,No,No,No,No,No,No,No,No,No,No,No,No,No,No,No,No,No,No,No,No,No,66,66,49,52,0.222,0.000,0.000,0.000,0.000,0.000,0.000,0.000,1.200,17.500,18.690,15.432,0.024,25.102,2.566,0.250,0.056,45.0,12.0,55.0,55.0,20.000,300.0,5.3,0.0,0.0,0.0,0.0,665,0,0.0,0.0,0.0,0.0,14.4,1.1,68.3,62.3,0.2,0.2,22.3,1.6,0.6,14.9,0.5,0.5,0.5,11.7,21.9,37.7,0.0,40.7,0.0,0.0,17.1,0.0,0.0,0.0,69.3,0.0,0.0,99.6,34.6,98.0,99.1,64.4,99.2,99.2,99.3,6.1,12.3,0.0,1596.1,16.00,22,22,22,52,74,560,1,2,Yes,No,No,No,No,No,No,No,No,No,Yes,No,No,No,No,No,No,No,No,No,No,No,No,No,No,No,No,No,No,No,No,No,No,No,No,No,No,No,47.0,54,54,54,88.0,100.0,No,No,21506,55883,0.0,0.0,0.0,0.000,0.000,2313,827,12.429,41.633,100.0,0.000,22.9,25.9,61.5,10.4,10.0,9.9,9.9,25.9,60.8,10.4,10.0,10.0,10.0,38.62,96.55,16.25,16.24,100.65,100.65,0.79,2.71,38.62,0.00,42.56,0,
1.2.2026,21:37:2.795,6362,2034,75.7,5499,2384,69.7,0.0,0.783,0.787,0.770,0.781,0.776,0.786,0.786,0.786,0.786,0.786,0.786,0.726,0.766,1606.1,1995.1,2094.9,1496.3,1496.3,1496.3,1496.3,1496.3,1496.3,1496.3,1496.3,99.8,1396.6,595.6,25.9,1706.2,2965.3,2.5,4.8,1108.4,47.7,8.1,1256.5,10.5,5.8,5.7,733.6,13.8,0.0,47.3,60.8,0.0,0.0,26.0,1.0,0.0,30.1,0.0,0.0,0.0,60.8,13.8,100.0,46.9,0.7,157.4,204.8,0.1,0.3,88.8,5.2,1.0,101.9,1.0,0.6,0.6,46.9,16.1,20.0,21.0,15.0,15.0,15.0,15.0,15.0,15.0,15.0,15.0,14.0,53,49,51,54,54,55,55,53,53,53,53,47,51,49,46,46,45,45,47,47,47,47,54,55,No,No,No,No,No,No,No,No,No,No,No,No,No,No,No,No,No,No,No,No,No,No,No,No,No,No,No,No,No,No,No,No,No,No,No,No,55,55,49,51,0.222,0.000,0.000,0.000,0.000,0.000,0.000,0.000,1.200,6.563,17.905,14.998,0.014,24.656,2.290,0.205,0.056,45.0,12.0,55.0,55.0,5.000,300.0,3.7,0.0,0.0,0.0,0.0,665,0,0.0,0.0,0.0,0.0,16.2,0.8,41.1,71.0,0.1,0.2,36.7,1.7,0.3,41.8,0.4,0.2,0.2,16.1,30.8,29.0,0.0,55.8,0.0,0.0,45.8,0.0,0.0,0.0,63.4,18.5,0.0,99.6,7.5,97.9,99.5,12.4,99.4,99.6,99.6,0.0,0.0,0.0,1596.1,16.00,22,22,22,52,74,560,1,2,Yes,No,No,No,No,No,No,No,No,No,Yes,No,No,No,No,No,No,No,No,No,No,No,No,No,No,No,No,No,No,No,No,No,No,No,No,No,No,No,47.0,54,54,53,88.0,100.0,No,No,21506,55883,0.0,0.0,0.0,0.000,0.000,2313,827,12.429,41.633,100.0,0.000,22.9,25.3,61.3,10.3,10.0,9.9,9.9,25.3,60.8,10.4,10.0,10.0,10.0,39.59,96.72,16.30,16.28,100.65,100.65,0.78,3.02,39.59,0.00,41.59,0,
1.2.2026,21:37:2.903,6376,2020,75.9,5500,2384,69.7,0.0,1.117,1.155,1.132,1.102,1.102,1.117,1.102,1.107,1.112,1.117,1.117,1.028,0.766,2942.8,4289.5,4588.8,3192.2,3192.2,3192.2,3192.2,997.6,1795.6,1795.6,3192.2,99.8,3691.0,367.2,17.7,1409.2,2182.4,1.6,1.5,392.7,226.6,10.3,140.6,7.7,7.0,9.3,530.3,18.3,0.0,37.1,64.6,0.0,11.2,15.6,0.0,21.3,5.6,21.2,21.2,21.2,64.6,18.3,100.0,24.0,1.0,88.3,138.7,0.1,0.1,37.4,3.6,1.1,15.2,0.8,0.7,1.0,24.0,29.5,43.0,46.0,32.0,32.0,32.0,32.0,10.0,18.0,18.0,32.0,37.0,55,50,65,56,56,56,56,53,53,53,53,45,50,35,44,44,44,44,47,47,47,47,60,65,No,No,No,No,No,No,No,No,No,No,No,No,No,No,No,No,No,No,No,No,No,No,No,No,No,No,No,No,No,No,No,No,No,No,No,No,64,64,49,52,0.222,0.000,0.000,0.000,0.000,0.000,0.000,0.000,1.200,16.875,8.447,5.883,0.014,15.539,2.032,0.142,0.056,45.0,12.0,55.0,55.0,18.000,300.0,3.9,0.0,0.0,0.0,0.0,665,0,0.0,0.0,0.0,0.0,13.0,0.8,46.5,72.8,0.1,0.1,19.5,7.3,0.3,7.6,0.3,0.3,0.3,9.7,27.3,27.2,0.0,33.3,0.0,0.0,9.3,0.0,0.0,0.0,72.7,7.2,0.0,99.9,46.5,92.6,99.6,82.4,99.7,99.7,99.7,8.9,17.8,0.0,1596.1,16.00,22,22,22,52,74,560,1,2,Yes,No,No,No,No,No,No,No,No,No,Yes,No,No,No,No,No,No,No,No,No,No,No,No,No,No,No,No,No,No,No,No,No,No,No,No,No,No,No,47.0,54,54,54,88.0,100.0,No,No,21506,55883,0.0,0.0,0.0,0.000,0.000,2313,827,12.429,41.633,100.0,0.000,22.9,27.8,61.4,10.4,10.0,9.9,9.9,27.8,60.8,10.4,10.0,10.0,10.0,36.00,96.55,16.28,16.28,100.65,100.65,0.74,2.60,36.00,0.00,39.92,0,
1.2.2026,21:37:3.012,6376,2020,75.9,5500,2384,69.7,0.0,1.127,1.139,1.138,1.163,1.158,1.128,1.108,1.116,1.106,1.106,1.106,1.001,0.766,3401.7,4189.8,4289.5,3192.2,3192.2,3192.2,3192.2,3192.2,3192.2,3192.2,3192.2,99.8,3591.2,661.6,39.6,2088.3,3208.3,5.6,8.6,1026.2,698.3,170.0,645.0,22.6,15.3,11.2,905.6,30.4,12.0,56.3,80.7,41.1,11.8,45.3,37.2,18.0,38.3,12.1,12.1,0.0,80.7,30.4,100.0,56.3,1.1,157.4,253.0,0.2,0.6,98.3,86.7,16.3,58.9,1.2,1.3,0.8,56.3,34.1,42.0,43.0,32.0,32.0,32.0,32.0,32.0,32.0,32.0,32.0,36.0,57,60,61,60,60,60,60,53,53,53,53,43,40,39,40,40,40,40,47,47,47,47,60,61,No,No,No,No,No,No,No,No,No,No,No,No,No,No,No,No,No,No,No,No,No,No,No,No,No,No,No,No,No,No,No,No,No,No,No,No,59,59,50,52,0.222,0.000,0.000,0.000,0.000,0.000,0.000,0.000,1.200,7.500,19.348,15.975,0.027,26.258,2.643,0.281,0.056,45.0,12.0,55.0,55.0,20.000,300.0,4.5,0.0,0.0,0.0,0.0,665,0,0.0,0.0,0.0,0.0,20.7,1.2,52.2,77.6,0.2,0.4,44.6,27.0,8.1,35.1,0.9,0.7,0.5,9.6,35.2,22.4,0.0,23.3,1.1,0.0,14.3,0.0,0.0,0.0,63.4,0.0,0.0,99.3,29.5,70.6,91.4,47.1,98.5,98.8,99.0,5.4,10.8,0.0,1596.1,16.00,22,22,22,52,74,560,1,2,Yes,No,No,No,No,No,No,No,No,No,Yes,No,No,No,No,No,No,No,No,No,No,No,No,No,No,No,No,No,No,No,No,No,No,No,No,No,No,No,47.0,54,54,54,88.0,100.0,No,No,21506,55883,1.9,0.0,1.9,0.091,0.000,2313,827,12.429,41.633,100.0,0.000,22.9,26.3,61.4,10.4,10.0,9.9,9.9,26.3,60.4,10.4,10.0,10.0,10.0,38.01,96.55,16.28,16.28,100.65,100.65,0.75,2.58,38.01,0.00,37.98,0,
1.2.2026,21:37:3.122,6376,2020,75.9,5500,2384,69.7,0.0,1.123,1.120,1.127,1.062,1.127,1.150,1.150,1.135,1.135,1.095,1.135,1.083,0.766,3172.2,4289.5,4588.8,3391.7,3391.7,3391.7,3391.7,997.6,1496.3,3391.7,3391.7,99.8,3990.2,411.2,27.8,825.0,645.6,4.2,5.3,1759.1,1055.2,8.7,589.2,4.7,4.6,5.1,541.4,15.0,0.0,24.0,21.6,0.0,0.0,85.0,17.4,0.0,32.3,0.0,0.0,0.0,85.0,15.0,100.0,36.7,0.9,62.1,60.4,0.2,0.3,163.2,90.2,2.1,59.2,1.0,0.2,0.3,36.7,31.8,43.0,46.0,34.0,34.0,34.0,34.0,10.0,15.0,34.0,34.0,40.0,52,48,47,55,55,55,55,51,51,51,51,48,52,53,45,45,45,45,49,49,49,49,54,55,No,No,No,No,No,No,No,No,No,No,No,No,No,No,No,No,No,No,No,No,No,No,No,No,No,No,No,No,No,No,No,No,No,No,No,No,55,55,49,52,0.222,0.000,0.000,0.000,0.000,0.000,0.000,0.000,1.200,20.000,10.641,7.277,0.007,18.195,2.790,0.182,0.056,45.0,12.0,55.0,55.0,23.000,300.0,3.8,0.0,0.0,0.0,0.0,665,0,0.0,0.0,0.0,0.0,18.0,1.1,25.3,19.4,0.4,0.3,94.3,37.1,0.5,36.7,0.5,0.4,0.4,14.7,36.9,59.6,0.0,5.7,30.5,0.0,14.5,0.0,0.0,0.0,59.7,0.0,20.9,99.3,0.2,32.3,99.1,48.2,99.0,99.1,99.1,17.7,35.4,0.0,1596.1,16.00,22,22,22,52,74,560,1,2,Yes,No,No,No,No,No,No,No,No,No,Yes,No,No,No,No,No,No,No,No,No,No,No,No,No,No,No,No,No,No,No,No,No,No,No,No,No,No,No,47.0,54,54,55,88.0,100.0,No,No,21506,55883,1.2,2.3,3.5,0.039,1.620,2313,827,12.429,41.633,100.0,0.000,22.9,28.9,61.7,10.4,10.0,9.9,9.9,28.9,60.4,10.4,10.0,10.0,10.0,34.61,96.28,16.22,16.20,100.65,100.65,0.73,2.10,34.61,0.00,33.32,0,
1.2.2026,21:37:3.232,6377,2019,75.9,5500,2384,69.7,0.0,1.128,1.105,1.132,1.132,1.132,1.122,1.107,1.109,1.125,1.130,1.185,1.031,0.766,2703.4,4289.5,4588.8,3192.2,997.6,1695.9,1695.9,997.6,3192.2,3192.2,3192.2,99.8,3691.0,729.6,21.5,3102.2,3070.3,6.5,6.2,1717.8,291.9,49.8,368.0,91.1,17.1,13.3,1033.3,22.1,0.0,60.1,80.6,0.0,0.0,87.9,16.4,0.8,16.4,3.5,0.0,0.0,87.9,22.1,100.0,62.2,1.1,196.5,263.2,0.2,0.5,213.0,17.3,5.2,34.7,11.7,1.6,1.2,62.0,27.1,43.0,46.0,32.0,10.0,17.0,17.0,10.0,32.0,32.0,32.0,37.0,58,61,50,63,63,63,63,53,53,53,53,42,39,50,37,37,37,37,47,47,47,47,61,63,No,No,No,No,No,No,No,No,No,No,No,No,No,No,No,No,No,No,No,No,No,No,No,No,No,No,No,No,No,No,No,No,No,No,No,No,62,62,49,52,0.217,0.000,0.000,0.000,0.000,0.000,0.000,0.000,1.200,17.500,20.969,17.441,0.024,27.758,2.826,0.278,0.055,45.0,12.0,55.0,55.0,19.000,300.0,6.7,0.0,0.0,0.0,0.0,665,0,0.0,0.0,0.0,0.0,22.4,0.7,73.0,73.2,0.2,0.3,81.0,14.3,1.6,20.0,3.6,0.7,0.5,7.3,18.5,25.9,0.0,19.0,3.9,0.0,6.0,0.0,0.0,0.0,64.6,0.0,0.9,99.4,0.0,80.9,98.1,72.3,96.0,98.9,99.1,6.5,13.1,0.0,1596.1,16.00,22,22,22,52,74,560,1,2,Yes,No,No,No,No,No,No,No,No,No,Yes,No,No,No,No,No,No,No,No,No,No,No,No,No,No,No,No,No,No,No,No,No,No,No,No,No,No,No,47.0,54,54,55,88.0,100.0,No,No,21506,55883,1.1,0.0,1.1,0.037,0.000,2313,827,12.429,41.633,100.0,0.000,22.9,28.9,61.7,10.4,10.0,9.9,9.9,28.9,60.4,10.4,10.0,10.0,10.0,34.62,96.28,16.22,16.20,100.65,100.65,0.74,2.51,34.62,0.00,33.35,0,
1.2.2026,21:37:3.348,6376,2019,75.9,5500,2384,69.7,0.0,0.780,0.763,0.795,0.785,0.681,0.796,0.796,0.791,0.796,0.796,0.796,0.711,0.766,1616.0,1795.6,2394.1,997.6,997.6,1795.6,1795.6,997.6,1795.6,1795.6,1795.6,99.8,1197.1,321.1,28.8,1059.6,1055.7,4.1,4.5,844.1,226.7,50.9,555.8,7.4,8.8,7.0,409.3,15.6,0.0,47.7,39.3,0.0,0.0,56.4,3.0,0.3,40.6,0.0,0.0,0.0,56.4,15.6,100.0,35.6,0.8,141.5,86.5,0.2,0.2,91.2,39.3,5.2,60.5,0.7,0.8,0.6,35.8,16.2,18.0,24.0,10.0,10.0,18.0,18.0,10.0,18.0,18.0,18.0,12.0,52,49,44,55,55,55,55,51,51,51,51,48,51,56,45,45,45,45,49,49,49,49,55,55,No,No,No,No,No,No,No,No,No,No,No,No,No,No,No,No,No,No,No,No,No,No,No,No,No,No,No,No,No,No,No,No,No,No,No,No,56,56,49,52,0.222,0.000,0.000,0.000,0.000,0.000,0.000,0.000,1.200,3.438,20.969,17.441,0.024,27.758,2.826,0.278,0.055,45.0,12.0,55.0,55.0,2.000,300.0,1.8,0.0,0.0,0.0,0.0,665,0,0.0,0.0,0.0,0.0,16.6,1.1,34.0,43.5,0.4,0.3,62.0,9.4,2.5,44.8,0.5,0.6,0.5,12.2,4.6,50.7,0.0,38.0,15.7,0.0,13.2,0.0,0.0,0.0,64.9,35.8,5.7,99.3,0.0,73.9,97.1,40.5,99.0,98.9,99.0,4.8,9.6,0.0,1596.1,16.00,22,22,22,52,74,560,1,2,Yes,No,No,No,No,No,No,No,No,No,Yes,No,No,No,No,No,No,No,No,No,No,No,No,No,No,No,No,No,No,No,No,No,No,No,No,No,No,No,47.0,54,54,54,88.0,100.0,No,No,21506,55883,6.0,0.0,6.0,0.088,0.000,2313,827,12.429,41.633,100.0,0.000,22.9,28.9,61.7,10.4,10.0,9.9,9.9,28.9,60.4,10.4,10.0,10.0,10.0,34.63,96.28,16.22,16.20,100.65,100.65,0.74,2.53,34.63,0.00,35.21,0,
1.2.2026,21:37:3.460,6377,2018,75.9,5500,2383,69.7,0.0,1.105,1.100,1.104,1.104,1.104,1.104,1.104,1.114,1.109,1.109,1.095,1.031,0.766,3192.2,4289.5,4289.5,3192.2,3192.2,3192.2,3192.2,997.6,3192.2,3192.2,3192.2,99.8,3691.0,573.6,34.4,1391.4,2557.6,15.3,13.1,993.8,585.7,35.3,1209.3,18.9,15.4,13.0,703.3,27.9,0.0,34.9,69.4,10.9,10.9,61.9,28.1,11.6,73.7,11.2,11.1,11.0,73.7,27.9,100.0,50.9,1.2,106.1,175.0,0.6,0.7,118.5,56.4,3.3,145.8,1.4,1.1,0.8,50.9,32.0,43.0,43.0,32.0,32.0,32.0,32.0,10.0,32.0,32.0,32.0,37.0,56,53,66,58,58,58,58,53,53,53,53,44,47,34,42,42,42,42,47,47,47,47,65,66,No,No,No,No,No,No,No,No,No,No,No,No,No,No,No,No,No,No,No,No,No,No,No,No,No,No,No,No,No,No,No,No,No,No,No,No,62,62,50,52,0.222,0.000,0.000,0.000,0.000,0.000,0.000,0.000,1.200,15.625,11.796,8.516,0.014,18.882,2.662,0.207,0.056,45.0,12.0,55.0,55.0,20.000,300.0,4.0,0.0,0.0,0.0,0.0,665,0,0.0,0.0,0.0,0.0,22.8,1.3,37.3,74.8,0.5,0.5,57.5,28.4,1.3,69.2,0.9,0.7,0.7,6.5,4.1,1.1,0.0,42.5,1.4,0.0,15.7,0.0,0.0,0.0,60.1,0.0,24.0,99.1,0.0,69.4,98.2,14.2,98.5,98.6,98.7,27.1,54.2,0.0,1596.1,16.00,22,22,22,52,74,560,1,2,Yes,No,No,No,No,No,No,No,No,No,Yes,No,No,No,No,No,No,No,No,No,No,No,No,No,No,No,No,No,No,No,No,No,No,No,No,No,No,No,47.0,54,54,55,88.0,100.0,No,No,21506,55883,1.0,0.0,1.0,0.033,0.000,2313,827,12.429,41.633,100.0,0.000,22.9,28.4,61.7,10.4,10.0,9.9,9.9,28.5,60.5,10.5,10.0,10.0,10.0,35.15,95.93,16.22,16.20,100.65,100.65,0.73,2.55,35.15,0.00,34.50,0,
1.2.2026,21:37:3.566,6377,2018,75.9,5500,2383,69.7,0.0,0.787,0.812,0.785,0.790,0.785,0.790,0.779,0.784,0.784,0.784,0.784,0.756,0.766,1835.5,2394.1,2094.9,1795.6,1795.6,1795.6,1695.9,1695.9,1695.9,1695.9,1695.9,99.8,1795.6,329.3,34.6,1552.6,954.9,3.9,5.0,855.7,284.2,14.0,222.9,7.5,7.2,9.6,463.1,16.3,0.0,50.9,49.8,0.0,0.0,53.1,26.7,0.0,15.1,0.0,0.0,0.0,53.1,16.3,100.0,32.7,1.2,118.9,112.2,0.5,0.7,87.7,42.0,1.6,24.5,1.0,0.7,1.1,32.6,18.4,24.0,21.0,18.0,18.0,18.0,17.0,17.0,17.0,17.0,17.0,18.0,52,49,47,55,55,55,55,50,51,51,51,48,51,53,45,45,45,45,50,49,49,49,55,55,No,No,No,No,No,No,No,No,No,No,No,No,No,No,No,No,No,No,No,No,No,No,No,No,No,No,No,No,No,No,No,No,No,No,No,No,55,55,49,52,0.222,0.000,0.000,0.000,0.000,0.000,0.000,0.000,1.200,4.063,12.810,9.430,0.018,19.871,2.714,0.242,0.059,45.0,12.0,55.0,55.0,2.000,300.0,4.3,0.0,0.0,0.0,0.0,642,0,0.0,0.0,0.0,0.0,16.2,1.6,52.6,43.0,0.4,0.4,59.8,18.4,0.7,16.0,0.6,0.5,0.5,10.9,15.7,56.9,0.0,14.2,0.0,0.0,22.0,0.0,0.0,0.0,66.1,0.0,0.0,99.3,25.2,80.3,98.8,60.8,98.9,99.0,99.0,14.9,29.8,0.0,1596.1,16.00,22,22,22,52,74,560,1,2,Yes,No,No,No,No,No,No,No,No,No,Yes,No,No,No,No,No,No,No,No,No,No,No,No,No,No,No,No,No,No,No,No,No,No,No,No,No,No,No,46.0,54,54,55,88.0,100.0,No,No,21506,55883,6.7,0.0,6.7,0.166,0.000,2313,827,12.429,41.633,100.0,0.000,22.9,30.0,61.7,12.0,12.0,12.0,12.0,30.0,60.5,12.0,12.0,12.0,12.0,33.33,83.06,16.22,16.20,83.14,83.14,0.69,2.94,33.33,0.00,32.71,0,
1.2.2026,21:37:3.678,6378,2018,75.9,5500,2383,69.7,0.0,1.104,1.116,1.115,1.165,1.150,1.140,1.155,1.155,0.760,1.155,1.125,1.031,0.766,2673.5,4289.5,4289.5,1695.9,3192.2,3192.2,997.6,997.6,1695.9,3192.2,3192.2,99.8,3691.0,478.9,30.8,2580.0,1328.5,8.1,28.2,1250.3,44.0,70.4,360.2,11.4,13.6,21.1,667.5,18.6,0.3,64.2,48.0,0.1,0.7,95.8,1.3,2.0,9.9,0.3,0.4,0.6,95.8,18.6,100.0,40.1,1.3,167.4,112.8,0.5,2.9,153.8,4.8,6.9,26.8,0.7,1.0,2.1,40.1,26.8,43.0,43.0,17.0,32.0,32.0,10.0,10.0,17.0,32.0,32.0,37.0,56,63,48,60,62,62,62,52,52,52,52,44,37,52,40,38,38,38,48,48,48,48,63,63,No,No,No,No,No,No,No,No,No,No,No,No,No,No,No,No,No,No,No,No,No,No,No,No,No,No,No,No,No,No,No,No,No,No,No,No,63,63,49,52,0.222,0.000,0.000,0.000,0.000,0.000,0.000,0.000,1.200,19.063,10.952,7.785,0.007,18.241,2.519,0.203,0.077,45.0,12.0,55.0,55.0,21.000,300.0,5.0,0.0,0.0,0.0,0.0,642,0,0.0,0.0,0.0,0.0,19.3,1.0,70.7,42.7,0.4,1.0,85.9,1.6,2.9,22.2,0.9,0.9,1.1,5.4,0.3,46.9,0.0,6.7,0.0,0.0,0.0,0.0,0.0,0.0,68.3,1.6,10.2,98.6,6.9,97.9,96.6,76.1,98.5,98.5,98.4,16.0,32.0,0.0,1596.1,16.00,22,22,22,52,74,560,1,2,Yes,No,No,No,No,No,No,No,No,No,Yes,No,No,No,No,No,No,No,No,No,No,No,No,No,No,No,No,No,No,No,No,No,No,No,No,No,No,No,47.0,54,54,54,88.0,100.0,No,No,21506,55883,1.9,0.0,1.9,0.063,0.000,2313,827,12.429,41.633,100.0,0.000,22.9,29.5,61.7,12.0,12.0,12.0,12.0,29.5,60.5,12.0,12.0,12.0,12.0,33.94,83.41,16.20,16.20,83.50,83.50,0.68,3.24,33.94,0.00,33.43,0,
1.2.2026,21:37:3.788,6357,2039,75.7,5497,2387,69.7,0.0,0.739,0.783,0.746,0.676,0.756,0.682,0.682,0.762,0.767,0.767,0.767,0.726,0.766,1436.5,1596.1,1795.6,997.6,1596.1,997.6,997.6,1596.1,1596.1,1596.1,1596.1,99.8,997.6,335.8,20.0,765.5,1257.6,5.6,5.0,833.8,92.6,158.7,872.0,7.4,6.7,4.8,392.4,17.0,0.0,41.8,36.4,0.0,0.0,51.5,2.4,3.5,67.9,0.0,0.0,0.0,67.9,17.0,100.0,34.4,0.6,118.8,86.5,0.2,0.7,85.0,7.2,15.8,95.7,0.7,0.6,0.5,34.4,14.4,16.0,18.0,10.0,16.0,10.0,10.0,16.0,16.0,16.0,16.0,10.0,52,48,46,54,54,54,55,51,51,51,51,48,52,54,46,46,46,45,49,49,49,49,55,55,No,No,No,No,No,No,No,No,No,No,No,No,No,No,No,No,No,No,No,No,No,No,No,No,No,No,No,No,No,No,No,No,No,No,No,No,56,56,49,52,0.222,0.000,0.000,0.000,0.000,0.000,0.000,0.000,1.200,3.125,11.883,8.648,0.022,19.177,2.499,0.242,0.142,45.0,12.0,55.0,55.0,2.000,300.0,3.9,0.0,0.0,0.0,0.0,642,0,0.0,0.0,0.0,0.0,17.7,1.2,28.5,44.1,0.5,0.4,57.4,6.3,5.2,67.1,0.5,0.4,0.3,9.8,38.5,6.7,0.0,42.6,0.0,0.0,10.0,0.0,0.0,0.0,66.2,17.6,38.7,99.3,0.0,93.2,94.4,21.8,99.1,99.1,99.3,4.9,0.0,9.9,1596.1,16.00,22,22,22,52,74,560,1,2,Yes,No,No,No,No,No,No,No,No,No,Yes,No,No,No,No,No,No,No,No,No,No,No,No,No,No,No,No,No,No,No,No,No,No,No,No,No,No,No,47.0,54,54,56,88.0,100.0,No,No,21506,55883,1.3,0.0,1.3,0.043,0.000,2313,827,12.429,41.633,100.0,0.000,22.9,31.1,61.9,12.0,12.0,12.0,12.0,31.1,60.5,12.0,12.0,12.0,12.0,32.13,83.31,16.17,16.16,83.50,83.50,0.67,3.07,32.13,0.00,32.26,0,
1.2.2026,21:37:3.885,6376,2020,75.9,5497,2387,69.7,0.0,1.106,1.139,1.103,1.018,1.028,1.173,1.138,1.123,1.103,1.119,1.114,1.031,0.766,3411.7,4289.5,4289.5,3192.2,3192.2,3192.2,3192.2,3192.2,3192.2,3192.2,3192.2,99.8,3691.0,414.0,19.9,1755.7,1186.9,5.1,4.9,962.6,383.1,40.7,543.8,27.8,12.4,24.5,544.9,19.5,0.0,61.3,45.1,0.0,0.0,73.0,15.9,0.1,38.8,0.0,0.0,0.0,73.0,19.5,100.0,35.9,0.8,124.8,89.6,0.2,0.2,108.0,40.3,4.1,57.9,1.3,1.0,2.5,35.9,34.2,43.0,43.0,32.0,32.0,32.0,32.0,32.0,32.0,32.0,32.0,37.0,56,61,50,60,60,60,60,52,52,52,52,44,39,50,40,40,40,40,48,48,48,48,61,61,No,No,No,No,No,No,No,No,No,No,No,No,No,No,No,No,No,No,No,No,No,No,No,No,No,No,No,No,No,No,No,No,No,No,No,No,58,58,49,52,0.222,0.000,0.000,0.000,0.000,0.000,0.000,0.000,1.200,17.500,11.143,8.122,0.012,18.604,2.326,0.205,0.123,45.0,12.0,55.0,55.0,15.000,300.0,3.9,0.0,0.0,0.0,0.0,642,0,0.0,0.0,0.0,0.0,20.7,1.0,64.3,46.3,0.3,0.3,71.9,17.7,1.6,41.8,1.7,0.7,1.2,5.0,0.0,6.5,0.0,28.1,0.0,0.0,14.9,0.0,0.0,0.0,63.0,14.3,0.0,99.3,0.0,81.3,97.9,41.8,97.8,98.8,98.3,33.4,22.2,44.6,1596.1,16.00,22,22,22,52,74,560,1,2,Yes,No,No,No,No,No,No,No,No,No,Yes,No,No,No,No,No,No,No,No,No,No,No,No,No,No,No,No,No,No,No,No,No,No,No,No,No,No,No,47.0,54,54,55,88.0,100.0,No,No,21506,55883,1.2,0.0,1.2,0.039,0.000,2313,827,12.429,41.633,100.0,0.000,22.9,30.0,61.9,12.0,12.0,12.0,12.0,30.0,60.5,12.0,12.0,12.0,12.0,33.31,83.46,16.16,16.16,83.50,83.50,0.68,3.67,33.31,0.00,32.18,0,
1.2.2026,21:37:3.998,6375,2021,75.9,5497,2386,69.7,0.0,0.861,0.818,0.796,0.806,0.806,0.801,0.948,0.908,0.908,0.908,0.908,0.751,0.763,2194.6,2094.9,2094.9,997.6,1895.4,1895.4,2593.7,2593.7,2593.7,2593.7,2593.7,99.8,1496.3,674.9,29.2,2340.9,2759.1,13.7,11.2,1159.7,956.4,29.0,718.1,13.0,59.1,9.6,912.4,21.7,0.0,57.1,63.5,0.0,0.0,59.9,47.1,0.0,32.2,0.0,0.2,0.0,63.5,21.7,100.0,59.3,1.1,190.7,205.8,0.6,0.9,123.6,103.0,2.7,74.2,2.8,5.9,0.7,59.4,22.0,21.0,21.0,10.0,19.0,19.0,26.0,26.0,26.0,26.0,26.0,15.0,53,52,48,56,56,56,56,52,52,52,52,47,48,52,44,44,44,44,48,48,48,48,56,56,No,No,No,No,No,No,No,No,No,No,No,No,No,No,No,No,No,No,No,No,No,No,No,No,No,No,No,No,No,No,No,No,No,No,No,No,56,56,49,52,0.217,0.000,0.000,0.000,0.000,0.000,0.000,0.000,1.200,7.813,17.323,13.948,0.021,24.226,2.670,0.249,0.111,45.0,12.0,55.0,55.0,7.000,300.0,4.0,0.0,0.0,0.0,0.0,642,0,0.0,0.0,0.0,0.0,23.3,1.1,55.7,67.1,0.6,0.6,64.2,49.8,1.2,35.3,0.8,2.8,0.6,9.8,28.1,21.1,0.0,35.9,6.2,0.0,6.5,0.0,0.0,0.0,61.2,13.1,11.5,99.0,0.0,41.6,98.2,55.0,98.6,96.6,98.8,0.1,0.0,0.1,1596.1,16.00,22,22,22,52,74,560,1,2,Yes,No,No,No,No,No,No,No,No,No,Yes,No,No,No,No,No,No,No,No,No,No,No,No,No,No,No,No,No,No,No,No,No,No,No,No,No,No,No,47.0,54,54,54,88.0,100.0,No,No,21506,55883,1.9,0.0,1.9,0.096,0.000,2313,827,12.429,41.633,100.0,0.000,22.9,29.5,61.9,12.0,12.0,12.0,12.0,29.5,60.4,12.0,12.0,12.0,12.0,33.93,83.46,16.16,16.16,83.50,83.50,0.69,3.72,33.93,0.00,32.20,0,
1.2.2026,21:37:4.107,6377,2018,75.9,5497,2386,69.7,0.0,1.096,0.917,1.104,1.123,1.108,1.108,1.108,1.108,1.128,1.128,1.128,0.858,0.766,3172.2,3491.5,4289.5,3192.2,3192.2,3192.2,3192.2,1596.1,3192.2,3192.2,3192.2,99.8,2892.9,542.7,21.6,817.9,1755.1,19.6,5.5,1487.0,1034.9,9.7,1336.9,8.4,7.6,7.9,643.9,18.7,0.0,23.3,36.7,0.0,0.0,59.6,26.8,0.0,77.4,0.0,0.0,0.0,77.4,18.7,100.0,44.9,0.9,61.7,104.6,0.9,0.3,144.9,89.3,0.3,135.7,0.3,0.3,0.3,44.9,31.8,35.0,43.0,32.0,32.0,32.0,32.0,16.0,32.0,32.0,32.0,29.0,55,52,65,56,56,56,56,53,53,53,53,45,48,35,44,44,44,44,47,47,47,47,57,65,No,No,No,No,No,No,No,No,No,No,No,No,No,No,No,No,No,No,No,No,No,No,No,No,No,No,No,No,No,No,No,No,No,No,No,No,59,59,49,52,0.222,0.000,0.000,0.000,0.000,0.000,0.000,0.000,1.200,15.313,11.704,8.326,0.017,19.074,2.706,0.196,0.122,45.0,12.0,55.0,55.0,21.000,300.0,3.8,0.0,0.0,0.0,0.0,642,0,0.0,0.0,0.0,0.0,21.6,1.1,25.8,47.0,0.7,0.4,66.2,35.7,0.6,80.8,0.5,0.4,0.4,12.7,45.6,22.4,0.0,17.5,28.0,0.0,13.0,0.0,0.0,0.0,61.0,28.1,30.5,99.0,15.5,36.0,98.8,5.6,99.0,99.1,99.0,0.0,0.0,0.0,1596.1,16.00,22,22,22,52,74,560,1,2,Yes,No,No,No,No,No,No,No,No,No,Yes,No,No,No,No,No,No,No,No,No,No,No,No,No,No,No,No,No,No,No,No,No,No,No,No,No,No,No,47.0,54,54,57,88.0,100.0,No,No,21506,55883,2.8,0.0,2.8,0.128,0.000,2313,827,12.429,41.633,100.0,0.000,22.9,30.6,61.9,12.0,12.0,12.0,12.0,30.5,60.4,12.0,12.0,12.0,12.0,32.73,83.46,16.16,16.16,83.50,83.50,0.67,3.12,32.73,0.00,32.18,0,
1.2.2026,21:37:4.217,6378,2018,75.9,5498,2386,69.7,0.0,0.928,0.842,0.954,0.939,0.929,0.954,0.944,0.933,0.928,0.928,0.928,0.773,0.766,2643.5,1995.1,3691.0,2593.7,2593.7,2593.7,2593.7,2593.7,2593.7,2593.7,2593.7,99.8,1396.6,505.3,27.0,1957.5,1823.3,10.5,51.6,820.6,76.9,102.9,1097.3,14.4,10.5,71.5,608.8,28.9,11.4,55.3,59.4,11.2,13.8,53.3,16.4,13.1,75.8,11.6,11.4,14.6,75.8,28.9,100.0,47.8,0.8,149.4,168.1,0.5,4.7,94.1,17.4,7.4,122.2,1.4,0.9,6.9,47.8,26.5,20.0,37.0,26.0,26.0,26.0,26.0,26.0,26.0,26.0,26.0,14.0,52,49,48,55,55,55,55,51,51,51,51,48,51,52,45,45,45,45,49,49,49,49,55,55,No,No,No,No,No,No,No,No,No,No,No,No,No,No,No,No,No,No,No,No,No,No,No,No,No,No,No,No,No,No,No,No,No,No,No,No,55,55,49,52,0.222,0.000,0.000,0.000,0.000,0.000,0.000,0.000,1.200,11.875,15.311,11.840,0.010,22.154,2.737,0.253,0.123,45.0,12.0,55.0,55.0,12.000,300.0,3.7,0.0,0.0,0.0,0.0,642,0,0.0,0.0,0.0,0.0,19.8,1.0,51.0,47.0,0.5,3.7,47.0,3.1,3.8,74.3,0.6,0.5,4.5,11.1,21.6,53.0,0.0,10.3,0.0,0.0,25.8,0.0,0.0,0.0,64.9,27.3,0.0,95.9,40.7,96.2,95.6,0.0,98.9,99.0,95.0,0.0,0.0,0.0,1596.1,16.00,22,22,22,52,74,560,1,2,Yes,No,No,No,No,No,No,No,No,No,Yes,No,No,No,No,No,No,No,No,No,No,No,No,No,No,No,No,No,No,No,No,No,No,No,No,No,No,No,47.0,54,54,55,88.0,100.0,No,No,21506,55883,1.8,0.0,1.8,0.061,0.000,2313,827,12.429,41.633,100.0,0.000,22.9,28.4,61.9,12.0,12.0,12.0,12.0,28.4,60.4,12.0,12.0,12.0,12.0,35.17,83.46,16.16,16.16,83.50,83.50,0.70,3.70,35.17,0.00,32.12,0,
1.2.2026,21:37:4.327,6378,2017,75.9,5498,2386,69.7,0.0,1.112,1.098,1.114,1.123,1.123,1.113,1.113,1.108,1.108,1.108,1.108,1.028,0.766,3411.7,4289.5,4289.5,3192.2,3192.2,3192.2,3192.2,3192.2,3192.2,3192.2,3192.2,99.8,3691.0,544.0,22.5,1648.2,1987.3,4.4,4.9,1272.8,158.4,41.1,1364.3,9.9,7.4,6.6,642.4,18.3,0.0,32.8,43.7,0.0,0.0,82.2,6.6,2.7,51.5,0.0,0.0,0.0,82.2,18.3,100.0,41.7,1.0,100.5,126.1,0.1,0.2,130.7,15.9,6.9,117.6,0.8,0.5,0.4,41.7,34.2,43.0,43.0,32.0,32.0,32.0,32.0,32.0,32.0,32.0,32.0,37.0,56,52,65,59,59,59,59,53,53,53,53,44,48,35,41,41,41,41,47,47,47,47,60,65,No,No,No,No,No,No,No,No,No,No,No,No,No,No,No,No,No,No,No,No,No,No,No,No,No,No,No,No,No,No,No,No,No,No,No,No,61,61,49,52,0.222,0.000,0.000,0.000,0.000,0.000,0.000,0.000,1.200,17.188,13.782,10.645,0.025,20.683,2.428,0.200,0.124,45.0,12.0,55.0,55.0,16.000,300.0,2.8,0.0,0.0,0.0,0.0,642,0,0.0,0.0,0.0,0.0,21.1,0.9,41.2,52.1,0.2,0.3,84.8,7.6,2.2,62.2,0.5,0.4,0.4,13.1,46.7,46.7,0.0,14.9,0.0,0.0,22.5,0.0,0.0,0.0,60.3,2.7,0.0,99.2,0.2,91.9,97.3,14.7,99.0,99.1,99.2,5.3,9.9,0.7,1596.1,16.00,22,22,22,52,74,560,1,2,Yes,No,No,No,No,No,No,No,No,No,Yes,No,No,No,No,No,No,No,No,No,No,No,No,No,No,No,No,No,No,No,No,No,No,No,No,No,No,No,47.0,54,54,55,88.0,100.0,No,No,21506,55883,0.2,0.0,0.2,0.051,0.000,2313,827,12.429,41.633,100.0,0.000,22.9,29.5,61.9,12.0,12.0,12.0,12.0,29.4,60.4,12.0,12.0,12.0,12.0,33.94,83.46,16.16,16.16,83.50,83.50,0.69,3.63,33.94,0.00,32.69,0,
1.2.2026,21:37:4.438,6378,2018,75.9,5500,2384,69.7,0.0,0.828,0.842,0.825,0.820,0.830,0.820,0.820,0.825,0.825,0.837,0.837,0.773,0.766,2045.0,2693.4,2693.4,1895.4,1995.1,1995.1,1995.1,997.6,1995.1,2094.9,2094.9,99.8,2094.9,503.5,32.8,1497.0,1918.0,5.0,7.1,943.8,842.9,63.2,655.2,29.3,38.5,9.0,663.7,21.4,0.2,42.3,54.8,0.0,0.0,60.7,47.7,2.0,47.5,0.7,1.0,0.1,60.7,21.4,100.0,46.7,0.8,120.6,159.4,0.2,0.4,109.3,86.7,6.1,70.1,2.7,3.7,0.6,46.7,20.5,27.0,27.0,19.0,20.0,20.0,20.0,10.0,20.0,21.0,21.0,21.0,52,49,47,55,55,55,55,51,51,51,51,48,51,53,45,45,45,45,49,49,49,49,55,55,No,No,No,No,No,No,No,No,No,No,No,No,No,No,No,No,No,No,No,No,No,No,No,No,No,No,No,No,No,No,No,No,No,No,No,No,56,56,49,52,0.222,0.000,0.000,0.000,0.000,0.000,0.000,0.000,1.200,13.438,14.141,10.888,0.006,21.044,2.547,0.244,0.124,45.0,12.0,55.0,55.0,13.000,300.0,3.5,0.0,0.0,0.0,0.0,642,0,0.0,0.0,0.0,0.0,21.9,1.3,41.7,52.7,0.4,0.4,60.1,52.2,2.7,48.8,1.2,1.5,0.5,12.1,22.6,40.2,0.0,40.0,8.4,0.0,9.4,0.0,0.0,0.0,60.1,27.1,6.9,99.2,0.0,36.8,96.7,38.7,98.2,98.0,99.0,2.6,5.2,0.0,1596.1,16.00,22,22,22,52,74,560,1,2,Yes,No,No,No,No,No,No,No,No,No,Yes,No,No,No,No,No,No,No,No,No,No,No,No,No,No,No,No,No,No,No,No,No,No,No,No,No,No,No,47.0,54,54,54,88.0,100.0,No,No,21506,55883,0.3,7.3,7.6,0.085,3.532,2313,827,12.429,41.633,100.0,0.000,22.9,27.4,61.9,12.0,12.0,12.0,12.0,27.4,60.3,12.0,12.0,12.0,12.0,36.54,83.46,16.16,16.16,83.50,83.50,0.73,3.83,36.54,0.00,31.41,0,
1.2.2026,21:37:4.552,6380,2015,75.9,5503,2381,69.7,0.0,1.132,1.157,1.114,1.129,1.129,1.129,1.129,1.129,1.129,1.139,1.139,1.031,0.766,3531.4,4289.5,4289.5,3391.7,3391.7,3391.7,3391.7,3391.7,3391.7,3192.2,3192.2,99.8,3691.0,644.7,20.5,1361.9,2136.9,8.7,6.9,1684.8,752.0,175.8,1386.5,95.0,11.7,95.6,768.4,29.0,0.0,36.5,50.5,11.8,11.8,78.0,29.7,8.8,78.7,15.3,11.9,14.7,78.7,29.0,100.0,53.6,1.2,95.0,143.2,0.4,0.4,163.5,67.2,17.4,135.1,9.9,0.9,9.4,53.5,35.4,43.0,43.0,34.0,34.0,34.0,34.0,34.0,34.0,32.0,32.0,37.0,57,53,61,59,59,59,59,54,54,54,54,43,47,39,41,41,41,41,46,46,46,46,61,61,No,No,No,No,No,No,No,No,No,No,No,No,No,No,No,No,No,No,No,No,No,No,No,No,No,No,No,No,No,No,No,No,No,No,No,No,59,59,49,52,0.222,0.000,0.000,0.000,0.000,0.000,0.000,0.000,1.200,22.188,14.419,10.970,0.022,21.821,2.714,0.232,0.124,45.0,12.0,55.0,55.0,23.000,300.0,5.1,0.0,0.0,0.0,0.0,642,0,0.0,0.0,0.0,0.0,27.1,1.0,40.7,57.8,0.3,0.3,85.2,35.2,10.6,84.4,4.5,0.6,4.2,14.4,51.0,33.8,0.0,15.0,31.3,0.0,12.8,0.0,0.0,0.0,51.9,0.1,6.5,99.2,0.0,33.2,88.7,2.3,94.9,98.9,95.3,4.5,7.3,1.7,1596.1,16.00,22,22,22,52,74,560,1,2,Yes,No,No,No,No,No,No,No,No,No,Yes,No,No,No,No,No,No,No,No,No,No,No,No,No,No,No,No,No,No,No,No,No,No,No,No,No,No,No,47.0,54,54,56,88.0,100.0,No,No,21506,55883,1.3,0.0,1.3,0.043,0.000,2313,827,12.429,41.633,100.0,0.000,22.9,29.0,61.9,12.7,12.1,12.0,12.0,29.0,60.3,12.7,12.1,12.0,12.0,34.54,78.94,16.16,16.16,83.34,83.34,0.71,3.32,34.54,0.00,29.75,0,
1.2.2026,21:37:4.660,6382,2014,76.0,5470,2414,69.3,0.0,0.765,0.831,0.733,0.738,0.755,0.759,0.759,0.759,0.759,0.779,0.776,0.761,0.766,1576.1,2493.9,1496.3,1496.3,1496.3,1496.3,1496.3,1496.3,1496.3,1396.6,1396.6,99.8,1895.4,847.8,40.4,1658.7,2519.5,21.4,57.8,1006.0,1186.4,1114.2,998.4,696.7,483.8,390.6,950.5,36.9,0.0,50.5,73.7,0.0,0.0,43.0,52.7,55.1,72.5,44.8,32.4,17.7,73.7,36.9,100.0,77.7,1.7,125.2,195.1,1.3,5.8,95.4,112.9,112.4,112.6,74.5,49.9,45.7,77.7,15.8,25.0,15.0,15.0,15.0,15.0,15.0,15.0,15.0,14.0,14.0,19.0,55,52,50,56,58,58,58,53,53,54,54,45,48,50,44,42,42,42,47,47,46,46,56,58,No,No,No,No,No,No,No,No,No,No,No,No,No,No,No,No,No,No,No,No,No,No,No,No,No,No,No,No,No,No,No,No,No,No,No,No,55,55,49,52,0.222,0.000,0.000,0.000,0.000,0.000,0.000,0.000,1.200,3.750,17.660,13.957,0.010,24.773,2.938,0.312,0.123,45.0,12.0,55.0,55.0,3.000,300.0,2.4,0.0,0.0,0.0,0.0,642,0,0.0,0.0,0.0,0.0,41.3,1.4,53.3,74.9,0.8,2.7,51.4,62.2,62.5,72.3,47.3,36.0,30.8,22.4,44.9,22.2,0.0,46.9,37.0,30.5,27.6,9.7,5.0,0.0,27.7,1.4,2.9,96.6,1.8,0.6,6.4,0.1,41.2,57.5,68.7,0.2,0.3,0.0,1596.1,16.00,22,22,22,52,74,560,1,2,Yes,No,No,No,No,No,No,No,No,No,Yes,No,No,No,No,No,No,No,No,No,No,No,No,No,No,No,No,No,No,No,No,No,No,No,No,No,No,No,47.0,54,54,56,88.0,100.0,No,No,21506,55883,3.7,2.6,6.2,0.148,1.569,2313,828,12.429,41.633,100.0,0.000,22.9,27.2,61.8,12.6,12.1,12.0,12.0,27.2,60.3,12.6,12.1,12.0,12.0,36.81,79.59,16.19,16.17,83.34,83.34,0.70,3.25,36.81,0.00,31.16,0,
1.2.2026,21:37:4.772,6382,2014,76.0,5471,2413,69.3,0.0,1.156,1.157,1.149,1.149,1.174,1.174,1.174,1.119,1.114,1.174,1.174,1.028,0.766,3551.3,4289.5,4289.5,3192.2,3391.7,3391.7,3391.7,3391.7,3391.7,3391.7,3391.7,99.8,3691.0,584.7,24.8,703.9,1334.8,5.5,5.0,1596.7,828.6,436.6,1349.9,380.4,343.8,6.8,617.0,23.8,0.0,15.8,19.4,11.2,11.2,64.6,26.5,17.8,72.7,18.5,16.7,11.2,72.7,23.8,100.0,45.4,1.1,45.6,61.4,0.2,0.3,130.1,61.8,38.6,133.1,39.0,33.2,0.2,45.5,35.6,43.0,43.0,32.0,34.0,34.0,34.0,34.0,34.0,34.0,34.0,37.0,58,57,65,60,59,59,59,54,54,54,54,42,43,35,40,41,41,41,46,46,46,46,59,65,No,No,No,No,No,No,No,No,No,No,No,No,No,No,No,No,No,No,No,No,No,No,No,No,No,No,No,No,No,No,No,No,No,No,No,No,61,61,49,52,0.222,0.000,0.000,0.000,0.000,0.000,0.000,0.000,1.200,15.625,10.795,7.338,0.016,18.331,2.767,0.182,0.125,45.0,12.0,55.0,55.0,17.000,300.0,2.9,0.0,0.0,0.0,0.0,642,0,0.0,0.0,0.0,0.0,25.8,1.1,19.6,32.6,0.4,0.3,78.6,34.7,22.3,79.7,20.4,19.4,0.3,26.6,31.8,41.6,0.0,21.2,40.6,43.0,20.5,27.9,39.3,0.0,37.6,0.0,25.1,99.4,0.4,24.5,34.5,0.0,51.3,41.1,99.3,24.0,47.6,0.5,1596.1,16.00,22,22,22,52,74,560,1,2,Yes,No,No,No,No,No,No,No,No,No,Yes,No,No,No,No,No,No,No,No,No,No,No,No,No,No,No,No,No,No,No,No,No,No,No,No,No,No,No,47.0,54,54,56,88.0,100.0,No,No,21506,55883,3.7,0.0,3.7,0.076,0.000,2314,828,12.429,41.633,100.0,0.000,22.9,25.4,61.8,10.4,10.0,10.0,10.0,25.4,60.3,10.4,10.0,10.0,10.0,39.34,95.99,16.19,16.17,99.99,99.99,0.70,3.12,39.34,0.00,32.62,0,
1.2.2026,21:37:4.879,6364,2031,75.8,5469,2415,69.3,0.0,0.788,0.813,0.788,0.798,0.771,0.791,0.766,0.760,0.796,0.796,0.801,0.756,0.766,1775.7,2394.1,2394.1,1695.9,1695.9,1596.1,1596.1,1596.1,1596.1,1596.1,1596.1,99.8,1795.6,545.9,31.2,1398.7,2617.8,13.0,9.0,888.6,766.9,78.0,709.2,15.1,12.3,11.4,725.4,20.8,0.0,33.5,65.8,0.0,0.0,51.5,40.9,0.0,57.6,0.1,0.0,0.0,65.8,20.8,100.0,53.4,0.9,109.7,221.7,0.6,0.5,116.8,92.7,4.5,85.3,5.4,1.1,1.0,53.4,17.8,24.0,24.0,17.0,17.0,16.0,16.0,16.0,16.0,16.0,16.0,18.0,53,49,51,55,55,55,55,52,52,52,52,47,51,49,45,45,45,45,48,48,48,48,55,55,No,No,No,No,No,No,No,No,No,No,No,No,No,No,No,No,No,No,No,No,No,No,No,No,No,No,No,No,No,No,No,No,No,No,No,No,55,55,49,52,0.222,0.000,0.000,0.000,0.000,0.000,0.000,0.000,1.200,7.188,17.508,14.106,0.016,24.599,2.659,0.259,0.123,45.0,12.0,55.0,55.0,12.000,300.0,3.4,0.0,0.0,0.0,0.0,642,0,0.0,0.0,0.0,0.0,21.4,1.3,34.9,63.3,0.5,0.5,49.9,44.1,4.0,56.2,0.7,0.6,0.5,17.8,32.0,22.1,0.0,41.9,38.4,0.0,43.8,0.0,0.0,0.0,52.6,0.0,10.5,99.1,7.6,16.5,95.5,0.0,98.8,98.8,98.9,16.2,29.7,2.7,1596.1,16.00,22,22,22,52,74,560,1,2,Yes,No,No,No,No,No,No,No,No,No,Yes,No,No,No,No,No,No,No,No,No,No,No,No,No,No,No,No,No,No,No,No,No,No,No,No,No,No,No,47.0,54,54,56,88.0,100.0,No,No,21506,55883,1.0,0.8,1.8,0.109,0.082,2314,828,12.429,41.633,100.0,0.000,22.9,26.2,61.5,10.8,10.1,10.0,10.0,26.2,60.3,10.8,10.1,10.0,10.0,38.19,92.41,16.27,16.25,99.99,99.99,0.69,3.10,38.19,0.00,32.67,0,
1.2.2026,21:37:4.992,6380,2016,75.9,5468,2416,69.3,0.0,1.103,1.142,1.092,1.107,1.087,1.107,1.107,1.097,1.107,1.103,1.083,1.028,0.766,3092.4,4289.5,4289.5,3391.7,997.6,3391.7,3391.7,3391.7,3391.7,3391.7,997.6,99.8,3691.0,620.8,25.4,1491.2,1605.9,5.4,5.3,1606.9,940.7,70.6,1641.3,44.2,7.9,5.2,718.9,20.9,0.0,30.2,42.4,0.0,0.0,62.3,34.9,3.9,76.9,0.0,0.0,0.0,76.9,20.9,100.0,49.6,1.2,84.4,105.1,0.2,0.3,142.4,96.8,12.8,149.7,2.1,0.2,0.2,49.5,31.0,43.0,43.0,34.0,10.0,34.0,34.0,34.0,34.0,34.0,10.0,37.0,57,55,58,61,61,61,61,53,53,53,53,43,45,42,39,39,39,39,47,47,47,47,60,61,No,No,No,No,No,No,No,No,No,No,No,No,No,No,No,No,No,No,No,No,No,No,No,No,No,No,No,No,No,No,No,No,No,No,No,No,62,62,49,52,0.222,0.000,0.000,0.000,0.000,0.000,0.000,0.000,1.200,18.125,12.061,8.625,0.010,19.129,2.798,0.190,0.121,45.0,12.0,55.0,55.0,19.000,300.0,4.3,0.0,0.0,0.0,0.0,642,0,0.0,0.0,0.0,0.0,24.2,1.3,39.9,47.5,0.4,0.3,72.2,35.9,2.4,87.7,1.6,0.4,0.4,16.9,52.9,47.7,0.0,27.5,28.0,0.0,12.4,0.0,0.0,0.0,53.3,0.0,4.3,99.2,0.4,35.7,97.0,0.0,97.9,99.1,99.1,6.7,13.1,0.2,1596.1,16.00,22,22,22,52,74,560,1,2,Yes,No,No,No,No,No,No,No,No,No,Yes,No,No,No,No,No,No,No,No,No,No,No,No,No,No,No,No,No,No,No,No,No,No,No,No,No,No,No,47.0,54,54,56,88.0,100.0,No,No,21506,55883,0.1,0.0,0.1,0.053,0.000,2314,828,12.429,41.633,100.0,0.000,22.9,26.2,61.5,10.8,10.1,10.0,10.0,26.2,60.3,10.8,10.1,10.0,10.0,38.17,92.41,16.27,16.25,99.99,99.99,0.69,3.21,38.17,0.00,34.74,0,
1.2.2026,21:37:5.103,6380,2015,75.9,5468,2416,69.3,0.0,1.044,0.958,1.069,1.119,0.688,1.127,1.118,1.108,1.088,1.088,1.083,0.886,0.766,2374.2,3691.0,4289.5,997.6,997.6,1596.1,2992.7,1596.1,2992.7,2992.7,1596.1,99.8,3092.4,547.8,35.1,2192.4,2332.4,5.1,4.7,841.5,312.3,45.6,758.5,23.5,15.2,7.9,721.1,21.2,0.0,58.8,62.7,0.0,0.0,52.9,16.3,1.3,61.9,0.8,0.0,0.0,62.7,21.2,100.0,51.4,1.0,186.7,182.0,0.2,0.2,105.0,33.7,5.0,95.7,4.9,1.5,0.5,51.5,23.8,37.0,43.0,10.0,10.0,16.0,30.0,16.0,30.0,30.0,16.0,31.0,54,45,58,55,55,55,55,53,53,53,53,46,55,42,45,45,45,45,47,47,47,47,55,58,No,No,No,No,No,No,No,No,No,No,No,No,No,No,No,No,No,No,No,No,No,No,No,No,No,No,No,No,No,No,No,No,No,No,No,No,58,58,50,52,0.217,0.000,0.000,0.000,0.000,0.000,0.000,0.000,1.200,11.563,16.482,13.175,0.012,23.957,2.539,0.268,0.122,45.0,12.0,55.0,55.0,9.000,300.0,3.9,0.0,0.0,0.0,0.0,642,0,0.0,0.0,0.0,0.0,21.4,0.9,55.0,63.8,0.4,0.3,54.7,18.9,2.5,58.3,1.1,0.7,0.5,15.8,17.7,36.0,0.0,45.3,17.0,0.0,41.7,0.0,0.0,0.0,56.9,15.4,0.0,99.3,0.0,61.3,96.8,0.0,98.4,98.8,99.1,2.6,5.2,0.0,1596.1,16.00,22,22,22,52,74,560,1,2,Yes,No,No,No,No,No,No,No,No,No,Yes,No,No,No,No,No,No,No,No,No,No,No,No,No,No,No,No,No,No,No,No,No,No,No,No,No,No,No,47.0,54,54,56,88.0,100.0,No,No,21506,55883,1.8,0.0,1.8,0.061,0.000,2314,828,12.429,41.633,100.0,0.000,22.9,26.2,61.0,10.8,10.1,10.0,10.0,26.2,60.3,10.8,10.1,10.0,10.0,38.22,92.41,16.38,16.38,99.99,99.99,0.69,3.09,38.22,0.00,34.03,0,
1.2.2026,21:37:5.214,6380,2016,75.9,5468,2415,69.3,0.0,1.089,0.838,1.127,1.127,1.102,1.112,1.102,1.121,1.121,1.121,1.121,0.791,0.766,3202.2,2992.7,4289.5,3391.7,3391.7,3391.7,3391.7,997.6,3391.7,3391.7,3391.7,99.8,2394.1,461.3,21.9,1179.7,1774.3,4.7,5.6,1314.2,170.4,8.9,1007.1,7.2,35.3,7.0,560.0,17.8,0.0,23.4,49.0,11.6,0.0,69.4,0.0,0.0,60.2,0.0,0.0,0.0,69.4,17.8,100.0,32.0,0.9,52.6,114.6,0.2,0.2,112.9,2.2,0.3,99.8,0.2,0.2,0.2,32.0,32.1,30.0,43.0,34.0,34.0,34.0,34.0,10.0,34.0,34.0,34.0,24.0,55,51,52,60,60,60,60,52,52,52,52,45,49,48,40,40,40,40,48,48,48,48,55,60,No,No,No,No,No,No,No,No,No,No,No,No,No,No,No,No,No,No,No,No,No,No,No,No,No,No,No,No,No,No,No,No,No,No,No,No,58,58,49,52,0.222,0.000,0.000,0.000,0.000,0.000,0.000,0.000,1.200,21.875,10.047,6.938,0.006,16.989,2.480,0.173,0.122,45.0,12.0,55.0,55.0,16.000,300.0,2.6,0.0,0.0,0.0,0.0,642,0,0.0,0.0,0.0,0.0,20.1,0.9,36.1,56.6,0.1,0.3,75.0,6.3,0.4,62.2,0.4,1.9,0.3,13.2,42.9,43.4,0.0,25.1,0.0,0.0,20.4,0.0,0.0,0.0,61.0,5.2,0.0,99.3,0.0,93.1,99.1,17.0,99.2,97.7,99.2,11.6,23.1,0.0,1596.1,16.00,22,22,22,52,74,560,1,2,Yes,No,No,No,No,No,No,No,No,No,Yes,No,No,No,No,No,No,No,No,No,No,No,No,No,No,No,No,No,No,No,No,No,No,No,No,No,No,No,47.0,54,54,55,88.0,100.0,No,No,21506,55883,0.0,0.0,0.0,0.000,0.000,2314,828,12.429,41.633,100.0,0.000,22.9,26.0,61.0,10.8,10.1,10.0,10.0,26.0,60.3,10.8,10.1,10.0,10.0,38.43,92.74,16.38,16.38,99.99,99.99,0.69,3.01,38.43,0.00,34.75,0,
1.2.2026,21:37:5.320,6381,2015,75.9,5468,2415,69.3,0.0,0.758,0.789,0.752,0.747,0.752,0.752,0.757,0.757,0.757,0.757,0.757,0.736,0.766,1486.4,1695.9,1695.9,1496.3,1496.3,1496.3,1496.3,997.6,1496.3,1496.3,1496.3,99.8,1097.3,530.7,24.1,2083.2,1780.2,10.0,8.2,914.3,648.6,92.5,638.9,133.7,20.8,13.9,695.1,21.2,0.0,60.8,51.4,0.0,0.0,55.9,34.1,0.0,41.6,8.4,1.5,0.0,60.8,21.2,100.0,52.6,0.8,182.2,150.6,0.5,0.6,125.2,79.1,1.6,70.3,13.4,5.5,1.3,52.6,14.9,17.0,17.0,15.0,15.0,15.0,15.0,10.0,15.0,15.0,15.0,11.0,52,49,47,55,55,55,55,51,51,51,51,48,51,53,45,45,45,45,49,49,49,49,55,55,No,No,No,No,No,No,No,No,No,No,No,No,No,No,No,No,No,No,No,No,No,No,No,No,No,No,No,No,No,No,No,No,No,No,No,No,55,55,49,52,0.222,0.000,0.000,0.000,0.000,0.000,0.000,0.000,1.200,15.000,15.878,12.336,0.020,23.299,2.771,0.270,0.124,45.0,12.0,55.0,55.0,8.000,300.0,3.8,0.0,0.0,0.0,0.0,642,0,0.0,0.0,0.0,0.0,21.7,1.1,57.8,48.2,0.5,0.4,51.7,34.6,5.9,47.7,10.6,1.2,0.7,15.9,32.8,44.2,0.0,48.3,14.8,0.0,18.9,0.0,0.0,0.0,56.8,2.5,7.5,99.2,0.0,48.5,93.7,30.7,88.9,98.3,98.7,1.0,2.0,0.0,1596.1,16.00,22,22,22,52,74,560,1,2,Yes,No,No,No,No,No,No,No,No,No,Yes,No,No,No,No,No,No,No,No,No,No,No,No,No,No,No,No,No,No,No,No,No,No,No,No,No,No,No,47.0,54,54,56,88.0,100.0,No,No,21506,55883,2.5,0.0,2.5,0.108,0.000,2314,828,12.429,41.633,100.0,0.000,22.9,26.3,61.1,10.9,10.1,10.0,10.0,26.3,60.4,10.9,10.1,10.0,10.0,37.98,92.06,16.36,16.35,99.99,99.99,0.68,2.63,37.98,0.00,33.25,0,
1.2.2026,21:37:5.437,6380,2015,75.9,5469,2415,69.3,0.0,0.750,0.914,0.747,0.758,0.740,0.826,0.671,0.711,0.711,0.711,0.716,0.843,0.766,1606.1,3391.7,1596.1,1496.3,1396.6,1995.1,997.6,1296.8,1296.8,1296.8,1296.8,99.8,2793.2,546.7,23.0,614.4,1153.5,26.5,51.4,1866.3,1555.6,61.6,1108.4,45.2,33.6,20.9,669.0,19.9,0.0,19.0,36.9,0.0,0.0,57.3,51.1,5.8,68.9,0.0,0.0,0.0,68.9,19.9,100.0,44.0,0.9,44.1,79.8,0.1,0.3,157.2,129.8,10.5,103.9,0.3,0.3,0.2,43.9,16.1,34.0,16.0,15.0,14.0,20.0,10.0,13.0,13.0,13.0,13.0,28.0,53,49,53,56,56,56,56,51,51,51,51,47,51,47,44,44,44,44,49,49,49,49,55,56,No,No,No,No,No,No,No,No,No,No,No,No,No,No,No,No,No,No,No,No,No,No,No,No,No,No,No,No,No,No,No,No,No,No,No,No,55,55,49,52,0.217,0.000,0.000,0.000,0.000,0.000,0.000,0.000,1.200,21.563,10.903,7.708,0.009,18.123,2.552,0.180,0.123,45.0,12.0,55.0,55.0,23.000,300.0,4.0,0.0,0.0,0.0,0.0,642,0,0.0,0.0,0.0,0.0,23.9,1.2,19.3,41.1,1.1,2.8,73.8,65.1,3.5,74.0,2.6,1.6,1.0,16.3,45.0,54.1,0.0,26.5,13.6,0.0,24.0,0.0,0.0,0.0,51.0,0.5,1.2,96.8,0.0,21.2,95.8,1.8,96.9,97.9,98.5,17.3,31.2,3.4,1596.1,16.00,22,22,22,52,74,560,1,2,Yes,No,No,No,No,No,No,No,No,No,Yes,No,No,No,No,No,No,No,No,No,No,No,No,No,No,No,No,No,No,No,No,No,No,No,No,No,No,No,48.0,54,54,56,88.0,100.0,No,No,21506,55883,4.0,0.0,4.0,0.480,0.000,2314,828,12.429,41.633,100.0,0.000,22.9,27.3,61.1,10.9,10.1,10.0,10.0,27.3,60.4,10.9,10.1,10.0,10.0,36.66,92.06,16.36,16.35,99.99,99.99,0.65,2.41,36.66,0.00,32.58,0,
1.2.2026,21:37:5.545,6380,2015,75.9,5473,2411,69.4,0.0,0.858,1.047,0.859,0.859,0.864,0.826,0.816,0.827,0.832,0.827,0.827,0.913,0.766,2254.5,3990.2,3192.2,2294.4,2094.9,1995.1,1995.1,997.6,1995.1,1995.1,1995.1,99.8,3291.9,843.2,38.7,1974.3,3182.8,7.1,8.6,1614.7,613.2,974.3,1081.3,543.7,68.1,11.7,1051.7,25.9,0.0,46.6,77.9,0.0,1.1,54.2,19.5,32.3,52.5,23.4,2.9,0.0,77.9,25.9,100.0,74.2,2.3,142.5,250.9,2.2,6.3,158.1,59.0,85.7,117.7,52.0,10.5,2.8,74.2,22.6,40.0,32.0,23.0,21.0,20.0,20.0,10.0,20.0,20.0,20.0,33.0,54,49,51,56,56,56,56,53,53,53,53,46,51,49,44,44,44,44,47,47,47,47,55,56,No,No,No,No,No,No,No,No,No,No,No,No,No,No,No,No,No,No,No,No,No,No,No,No,No,No,No,No,No,No,No,No,No,No,No,No,55,55,50,52,0.222,0.000,0.000,0.000,0.000,0.000,0.000,0.000,1.200,2.500,21.015,17.319,0.027,28.253,2.889,0.302,0.121,45.0,12.0,55.0,55.0,2.000,300.0,4.1,0.0,0.0,0.0,0.0,642,0,0.0,0.0,0.0,0.0,28.1,1.2,51.1,76.9,0.4,0.4,61.2,21.7,39.8,53.8,27.3,3.6,0.5,25.8,47.5,21.7,0.0,38.4,38.9,33.3,35.3,42.5,0.0,0.0,40.2,1.6,1.2,99.3,0.4,38.3,26.4,10.3,29.6,95.8,99.0,0.1,0.1,0.0,1596.1,16.00,22,22,22,52,74,560,1,2,Yes,No,No,No,No,No,No,No,No,No,Yes,No,No,No,No,No,No,No,No,No,No,No,No,No,No,No,No,No,No,No,No,No,No,No,No,No,No,No,46.0,54,54,57,88.0,100.0,No,No,21506,55883,1.8,0.0,1.8,0.062,0.000,2314,828,12.429,41.633,100.0,0.000,22.9,27.3,61.7,10.9,10.1,10.0,10.0,27.3,60.4,10.9,10.1,10.0,10.0,36.64,92.11,16.20,16.16,99.99,99.99,0.66,2.75,36.64,0.00,34.60,0,
1.2.2026,21:37:5.653,6373,2023,75.9,5471,2413,69.3,0.0,1.079,0.855,1.115,1.155,1.176,1.151,0.834,1.099,1.144,1.119,1.144,0.791,0.766,2274.4,2992.7,4289.5,3192.2,3192.2,3192.2,1895.4,997.6,997.6,997.6,997.6,99.8,2394.1,437.4,32.2,568.0,1288.8,5.2,5.2,982.2,709.6,447.2,712.3,357.3,114.2,26.6,504.8,25.8,0.0,39.7,54.2,0.0,0.0,53.0,57.0,24.6,48.7,27.2,5.4,0.0,57.0,25.8,100.0,35.5,1.2,44.6,67.3,0.2,0.3,72.9,76.0,45.8,63.0,43.4,11.4,0.2,35.5,22.8,30.0,43.0,32.0,32.0,32.0,19.0,10.0,10.0,10.0,10.0,24.0,56,47,62,59,59,59,58,53,53,53,53,44,53,38,41,41,41,42,47,47,47,47,53,62,No,No,No,No,No,No,No,No,No,No,No,No,No,No,No,No,No,No,No,No,No,No,No,No,No,No,No,No,No,No,No,No,No,No,No,No,59,59,49,52,0.217,0.000,0.000,0.000,0.000,0.000,0.000,0.000,1.200,19.375,6.501,3.110,0.020,14.028,2.715,0.184,0.128,45.0,12.0,55.0,55.0,21.000,300.0,4.7,0.0,0.0,0.0,0.0,642,0,0.0,0.0,0.0,0.0,26.0,1.6,32.4,56.1,0.4,0.3,56.1,50.8,26.9,54.1,25.6,6.4,1.3,14.7,6.0,34.3,0.0,36.0,14.6,28.6,19.8,7.5,0.0,0.0,48.8,11.3,9.5,99.4,7.4,33.6,44.2,25.1,66.3,93.1,98.2,23.2,46.5,0.0,1596.1,16.00,22,22,22,52,74,560,1,2,No,No,No,No,No,No,No,No,No,No,No,No,No,No,No,No,No,No,No,No,No,No,No,No,No,No,No,No,No,No,No,No,No,No,No,No,No,No,48.0,54,54,55,88.0,100.0,No,No,21506,55883,1.0,0.0,1.0,0.032,0.000,2314,828,12.429,41.633,100.0,0.000,22.9,27.0,61.7,10.5,10.0,10.0,10.0,27.0,60.4,10.4,10.0,10.0,10.0,37.03,95.65,16.20,16.16,99.99,99.99,0.67,3.12,37.03,0.00,35.14,0,
1.2.2026,21:37:5.771,6373,2023,75.9,5470,2413,69.3,0.0,0.811,0.848,0.839,0.813,0.808,0.808,0.799,0.799,0.799,0.799,0.799,0.761,0.766,1805.6,1895.4,1895.4,1895.4,1895.4,1895.4,1895.4,997.6,1895.4,1895.4,1895.4,99.8,1296.8,651.3,25.1,2124.8,2627.7,59.3,36.8,962.1,824.6,445.1,614.6,40.5,29.5,25.1,888.2,24.2,11.5,49.4,66.1,0.0,0.0,56.0,36.6,29.9,41.1,0.0,0.2,0.0,66.1,24.2,100.0,62.0,0.8,162.6,218.5,2.9,3.4,131.4,86.2,43.2,78.2,6.3,5.5,4.8,62.0,18.1,19.0,19.0,19.0,19.0,19.0,19.0,10.0,19.0,19.0,19.0,13.0,52,49,44,55,55,55,55,52,52,51,51,48,51,56,45,45,45,45,48,48,49,49,55,55,No,No,No,No,No,No,No,No,No,No,No,No,No,No,No,No,No,No,No,No,No,No,No,No,No,No,No,No,No,No,No,No,No,No,No,No,56,56,49,52,0.217,0.000,0.000,0.000,0.000,0.000,0.000,0.000,1.200,4.688,19.132,15.432,0.026,26.323,2.948,0.270,0.123,45.0,12.0,55.0,55.0,2.000,300.0,4.1,0.0,0.0,0.0,0.0,642,0,0.0,0.0,0.0,0.0,22.5,1.2,51.0,62.3,1.8,1.3,52.5,41.3,25.2,30.5,1.5,1.3,0.9,13.9,27.8,27.6,0.0,11.1,21.3,9.5,41.8,0.0,0.0,0.0,57.5,11.8,10.1,98.5,34.4,35.8,62.6,26.2,98.0,98.4,98.9,3.9,7.8,0.0,1596.1,16.00,22,22,22,52,74,560,1,2,Yes,No,No,No,No,No,No,No,No,No,Yes,No,No,No,No,No,No,No,No,No,No,No,No,No,No,No,No,No,No,No,No,No,No,No,No,No,No,No,47.0,54,54,57,88.0,100.0,No,No,21506,55883,7.5,0.0,7.5,2.414,0.000,2314,828,12.429,41.633,100.0,0.000,22.9,29.0,61.7,12.7,12.1,12.0,12.0,29.0,60.4,12.7,12.1,12.0,12.0,34.51,78.94,16.20,16.16,83.31,83.31,0.68,3.50,34.51,0.00,30.90,0,
1.2.2026,21:37:5.875,6351,2044,75.6,5457,2427,69.2,0.0,0.777,0.792,0.768,0.768,0.771,0.786,0.786,0.781,0.774,0.774,0.774,0.726,0.766,1536.2,1596.1,1995.1,1396.6,1396.6,1496.3,1496.3,1496.3,1496.3,1496.3,1496.3,99.8,997.6,242.2,20.7,508.6,772.7,1.1,1.2,776.8,84.9,143.0,590.2,3.0,2.8,1.1,288.6,20.6,0.0,26.2,44.0,21.0,0.0,64.9,2.4,8.9,48.1,21.1,11.2,0.0,64.9,20.6,100.0,21.8,0.6,35.1,55.5,0.1,0.1,83.3,7.7,17.5,60.7,0.3,0.3,0.1,21.7,15.4,16.0,20.0,14.0,14.0,15.0,15.0,15.0,15.0,15.0,15.0,10.0,51,46,47,55,53,53,53,50,50,50,50,49,54,53,45,47,47,47,50,50,50,50,53,55,No,No,No,No,No,No,No,No,No,No,No,No,No,No,No,No,No,No,No,No,No,No,No,No,No,No,No,No,No,No,No,No,No,No,No,No,56,56,49,52,0.217,0.000,0.000,0.000,0.000,0.000,0.000,0.000,1.200,11.875,5.421,2.078,0.008,13.399,2.700,0.179,0.122,45.0,12.0,55.0,55.0,9.000,300.0,4.8,0.0,0.0,0.0,0.0,642,0,1.4,0.1,0.0,0.0,18.0,1.3,30.8,48.2,0.1,0.1,68.3,5.2,9.3,51.7,0.2,0.2,0.1,0.0,0.1,0.1,0.0,0.0,0.0,0.0,0.0,0.0,0.0,0.0,70.0,31.8,7.2,99.9,30.3,94.5,90.6,46.6,99.8,99.8,99.9,40.6,38.3,42.8,1596.1,16.00,22,22,22,52,74,560,1,2,No,No,No,No,No,No,No,No,No,No,No,No,No,No,No,No,No,No,No,No,No,No,No,No,No,No,No,No,No,No,No,No,No,No,No,No,No,No,46.0,54,54,58,88.0,100.0,No,No,21506,55883,4.6,33.8,38.4,1.161,28.618,2314,831,12.429,41.633,100.0,0.000,22.9,29.0,61.8,12.7,12.1,12.0,12.0,29.0,60.4,12.7,12.1,12.0,12.0,34.51,78.94,16.17,16.15,83.31,83.31,0.69,3.38,34.51,0.00,30.30,0,
1.2.2026,21:37:5.991,6355,2041,75.6,5456,2428,69.2,0.0,0.815,0.825,0.807,0.818,0.813,0.818,0.818,0.798,0.813,0.818,0.818,0.761,0.766,1855.5,2493.9,2493.9,1795.6,1795.6,1795.6,1795.6,997.6,1795.6,1795.6,1795.6,99.8,1895.4,592.3,143.0,2365.2,1942.4,39.7,21.8,680.7,484.1,466.2,461.1,385.0,38.1,80.9,767.9,23.1,2.3,67.6,58.0,0.0,0.0,48.2,29.7,28.0,22.4,18.0,0.0,3.1,67.6,23.1,100.0,51.7,10.1,180.0,148.3,2.9,2.2,75.1,52.4,47.3,50.7,39.5,3.8,8.6,51.8,18.6,25.0,25.0,18.0,18.0,18.0,18.0,10.0,18.0,18.0,18.0,19.0,53,51,51,55,55,55,55,51,51,51,51,47,49,49,45,45,45,45,49,49,49,49,55,55,No,No,No,No,No,No,No,No,No,No,No,No,No,No,No,No,No,No,No,No,No,No,No,No,No,No,No,No,No,No,No,No,No,No,No,No,55,55,49,52,0.222,0.000,0.000,0.000,0.000,0.000,0.000,0.000,1.200,2.813,14.283,10.481,0.013,22.298,3.055,0.268,0.123,45.0,12.0,55.0,55.0,2.000,300.0,3.9,0.0,0.0,0.0,0.0,642,0,0.0,0.0,0.0,0.0,24.4,4.2,67.6,57.7,1.1,0.8,47.9,31.2,31.7,23.3,20.8,1.5,4.8,11.4,13.6,35.4,0.0,37.4,7.0,5.1,12.2,3.1,0.0,0.0,57.6,7.9,6.9,99.0,13.3,59.9,60.1,61.7,73.7,98.1,95.0,3.4,6.8,0.0,1596.1,16.00,22,22,22,52,74,560,1,2,Yes,No,No,No,No,No,No,No,No,No,Yes,No,No,No,No,No,No,No,No,No,No,No,No,No,No,No,No,No,No,No,No,No,No,No,No,No,No,No,47.0,54,54,59,88.0,100.0,No,No,21506,55883,11.2,0.0,11.2,4.037,0.000,2314,831,12.429,41.633,100.0,0.000,22.9,29.0,61.8,12.7,12.1,12.0,12.0,29.0,60.4,12.7,12.1,12.0,12.0,34.53,78.94,16.17,16.15,83.31,83.31,0.70,3.21,34.53,0.00,30.87,0,
1.2.2026,21:37:6.097,6369,2027,75.8,5456,2428,69.1,0.0,0.754,0.801,0.742,0.739,0.749,0.759,0.764,0.735,0.747,0.757,0.747,0.741,0.766,1416.5,1695.9,1695.9,1396.6,1396.6,1396.6,1396.6,1396.6,997.6,1396.6,1396.6,99.8,1097.3,250.1,16.5,579.4,615.4,1.2,1.0,605.1,412.3,16.2,706.6,5.6,40.9,1.0,280.9,14.2,0.0,20.6,22.2,0.0,0.0,42.3,32.7,0.0,52.5,0.0,0.0,0.0,52.5,14.2,100.0,21.3,0.7,40.1,38.7,0.1,0.1,60.2,41.5,1.9,70.8,0.6,1.1,0.1,21.3,14.2,17.0,17.0,14.0,14.0,14.0,14.0,14.0,10.0,14.0,14.0,11.0,51,45,48,54,54,53,53,51,51,51,51,49,55,52,46,46,47,47,49,49,49,49,53,54,No,No,No,No,No,No,No,No,No,No,No,No,No,No,No,No,No,No,No,No,No,No,No,No,No,No,No,No,No,No,No,No,No,No,No,No,53,53,49,52,0.222,0.000,0.000,0.000,0.000,0.000,0.000,0.000,1.200,7.500,5.772,2.411,0.008,13.887,2.716,0.165,0.124,45.0,12.0,55.0,55.0,5.000,300.0,3.0,0.0,0.0,0.0,0.0,642,0,0.5,0.0,0.0,0.0,17.0,1.3,26.5,31.1,0.1,0.1,48.4,36.0,0.9,57.0,0.4,2.5,0.1,13.6,60.7,32.7,0.0,38.5,0.0,0.0,4.0,0.0,0.0,0.0,66.0,16.7,34.6,99.9,12.4,63.1,99.0,37.6,99.5,97.5,99.9,0.8,0.0,1.5,1596.1,16.00,22,22,22,52,74,560,1,2,No,No,No,No,No,No,No,No,No,No,No,No,No,No,No,No,No,No,No,No,No,No,No,No,No,No,No,No,No,No,No,No,No,No,No,No,No,No,47.0,54,54,59,88.0,100.0,No,No,21506,55883,9.3,0.0,9.3,2.525,0.000,2315,831,12.429,41.633,100.0,0.000,22.9,28.9,61.8,12.6,12.1,12.0,12.0,28.9,60.4,12.6,12.1,12.0,12.0,34.60,79.27,16.17,16.15,83.31,83.31,0.71,3.56,34.60,0.00,30.67,0,
1.2.2026,21:37:6.211,6368,2027,75.8,5455,2428,69.1,0.0,1.126,1.149,1.129,1.144,1.114,1.129,1.129,1.113,1.098,1.128,1.128,1.028,0.766,2833.1,4289.5,4289.5,3192.2,3192.2,1396.6,1396.6,997.6,3192.2,3192.2,3192.2,99.8,3691.0,642.1,15.0,1902.3,2679.1,3.5,4.8,835.1,736.5,500.0,781.0,169.6,63.2,15.1,834.5,28.3,0.0,61.7,74.4,0.0,11.0,49.6,34.9,23.2,53.1,6.8,3.8,21.3,74.4,28.3,100.0,53.8,1.2,144.9,191.8,0.1,0.3,84.8,69.5,43.4,81.9,17.1,9.4,1.3,53.7,28.4,43.0,43.0,32.0,32.0,14.0,14.0,10.0,32.0,32.0,32.0,37.0,57,57,62,60,60,60,60,53,53,53,53,43,43,38,40,40,40,40,47,47,47,47,58,62,No,No,No,No,No,No,No,No,No,No,No,No,No,No,No,No,No,No,No,No,No,No,No,No,No,No,No,No,No,No,No,No,No,No,No,No,61,61,49,52,0.222,0.000,0.000,0.000,0.000,0.000,0.000,0.000,1.200,15.000,15.121,11.333,0.019,23.054,3.042,0.270,0.124,45.0,12.0,55.0,55.0,22.000,300.0,5.2,0.0,0.0,0.0,0.0,642,0,0.0,0.0,0.0,0.0,27.1,0.6,61.4,74.7,0.1,0.2,50.9,40.1,29.6,53.3,9.2,3.9,0.6,15.9,35.4,19.8,0.0,48.1,19.8,2.6,33.4,0.0,0.0,0.0,50.6,1.8,1.0,99.8,0.8,38.3,66.1,12.3,90.5,95.8,99.2,1.8,0.0,3.5,1596.1,16.00,22,22,22,52,74,560,1,2,Yes,No,No,No,No,No,No,No,No,No,Yes,No,No,No,No,No,No,No,No,No,No,No,No,No,No,No,No,No,No,No,No,No,No,No,No,No,No,No,47.0,54,54,60,88.0,100.0,No,No,21506,55883,5.8,0.0,5.8,1.338,0.000,2315,831,12.429,41.633,100.0,0.000,22.9,29.5,61.8,12.6,12.1,12.0,12.0,29.5,60.4,12.6,12.1,12.0,12.0,33.94,79.11,16.17,16.15,83.31,83.31,0.71,3.48,33.94,0.00,29.51,0,
1.2.2026,21:37:6.304,6399,1997,76.2,5466,2417,69.3,0.0,0.978,0.824,1.131,1.131,1.116,0.780,0.780,0.782,1.093,1.073,1.073,0.756,0.766,2234.5,2394.1,4289.5,3192.2,3192.2,1496.3,1496.3,1296.8,2992.7,997.6,997.6,99.8,1795.6,681.6,27.5,1623.6,1815.0,14.0,19.9,1348.1,821.2,940.2,929.2,321.2,281.1,37.7,826.2,25.0,0.0,21.4,38.3,41.2,0.0,72.5,37.5,27.5,62.0,0.0,0.0,0.0,72.5,25.0,100.0,48.1,0.9,61.8,95.7,0.2,0.4,141.8,89.3,84.2,99.3,2.1,1.0,0.3,48.1,22.4,24.0,43.0,32.0,32.0,15.0,15.0,13.0,30.0,10.0,10.0,18.0,57,48,64,59,59,60,60,55,55,55,55,43,52,36,41,41,40,40,45,45,45,45,55,64,No,No,No,No,No,No,No,No,No,No,No,No,No,No,No,No,No,No,No,No,No,No,No,No,No,No,No,No,No,No,No,No,No,No,No,No,55,55,49,52,0.222,0.000,0.000,0.000,0.000,0.000,0.000,0.000,1.200,26.250,11.962,8.584,0.006,19.814,2.680,0.205,0.124,45.0,12.0,55.0,55.0,9.000,300.0,2.9,0.0,0.0,0.0,0.0,642,0,0.0,0.0,0.0,0.0,30.0,1.1,48.1,57.3,0.6,0.9,73.8,39.7,41.3,61.0,17.2,16.7,2.0,23.0,44.1,40.8,5.5,26.4,27.4,29.3,38.6,7.0,5.2,5.8,40.9,9.9,1.8,92.9,0.0,32.2,28.5,0.3,75.0,77.4,91.4,10.6,21.2,0.0,1596.1,16.00,22,22,22,52,74,560,1,2,Yes,No,No,No,No,No,No,No,No,No,Yes,No,No,No,No,No,No,No,No,No,No,No,No,No,No,No,No,No,No,No,No,No,No,No,No,No,No,No,47.0,54,54,59,88.0,100.0,No,No,21506,55883,7.7,0.0,7.7,2.897,0.000,2315,831,12.429,41.633,100.0,0.000,22.9,28.5,61.8,12.7,12.1,12.0,12.0,28.5,60.4,12.7,12.1,12.0,12.0,35.13,78.94,16.17,16.15,83.31,83.31,0.73,4.06,35.13,0.00,29.06,0,
1.2.2026,21:37:6.417,6412,1984,76.3,5469,2414,69.3,0.0,1.087,1.157,1.151,0.878,0.906,1.124,1.109,1.161,1.110,1.128,1.143,1.033,0.766,3232.1,4289.5,4289.5,2294.4,2294.4,3192.2,3192.2,3192.2,3192.2,3192.2,3192.2,99.8,3691.0,1157.6,54.5,3774.7,3581.8,27.3,32.4,1091.9,1579.0,637.5,987.0,895.5,735.1,494.3,1347.4,40.8,1.4,97.2,90.3,12.2,12.4,47.4,39.2,36.7,48.7,36.1,40.4,27.1,97.2,40.8,100.0,92.7,3.3,270.1,249.9,1.6,2.9,111.8,109.9,83.7,101.8,82.9,68.0,26.3,92.5,32.4,43.0,43.0,23.0,23.0,32.0,32.0,32.0,32.0,32.0,32.0,37.0,61,67,62,62,62,61,61,58,58,58,58,39,33,38,38,38,39,39,42,42,42,42,67,67,No,No,No,No,No,No,No,No,No,No,No,No,No,No,No,No,No,No,No,No,No,No,No,No,No,No,No,No,No,No,No,No,No,No,No,No,61,61,49,52,0.217,0.000,0.000,0.000,0.000,0.000,0.000,0.000,1.200,22.813,21.969,18.128,0.019,30.296,3.014,0.361,0.121,45.0,12.0,55.0,55.0,19.000,300.0,5.7,0.0,0.0,0.0,0.0,642,0,0.0,0.0,0.0,0.0,37.7,2.9,94.6,90.8,0.7,1.3,40.4,52.8,22.1,46.0,35.7,28.3,36.3,25.7,1.5,9.2,0.0,59.3,30.9,59.4,54.0,8.7,34.0,0.0,28.5,0.9,0.0,98.1,0.2,15.7,17.1,0.0,53.7,35.8,63.3,0.0,0.0,0.0,1596.1,16.00,22,22,22,52,74,560,1,2,Yes,No,No,No,No,No,No,No,No,No,Yes,No,No,No,No,No,No,No,No,No,No,No,No,No,No,No,No,No,No,No,No,No,No,No,No,No,No,No,47.0,54,54,60,88.0,100.0,No,No,21506,55883,1.9,20.5,22.4,0.094,31.282,2315,832,12.429,41.633,100.0,0.000,22.9,28.9,61.8,12.7,12.1,12.0,12.0,29.0,60.4,12.7,12.1,12.0,12.0,34.56,78.94,16.17,16.15,83.31,83.31,0.73,4.06,34.56,0.00,30.26,0,
1.2.2026,21:37:6.526,6369,2027,75.8,5463,2421,69.2,0.0,0.764,0.788,0.744,0.762,0.762,0.762,0.767,0.767,0.765,0.765,0.760,0.751,0.766,1566.2,1795.6,1795.6,1596.1,1496.3,1496.3,1496.3,1496.3,1496.3,1496.3,1496.3,99.8,1197.1,509.2,22.0,1095.9,1178.6,4.3,76.0,816.2,367.1,505.2,906.4,365.3,625.8,147.4,508.2,17.7,0.0,30.2,37.5,0.0,0.0,51.4,7.1,7.3,49.9,0.0,28.9,0.0,51.4,17.7,100.0,51.3,0.7,82.5,89.5,0.2,9.0,85.5,48.9,53.5,99.1,47.4,80.0,19.5,51.5,15.7,18.0,18.0,16.0,15.0,15.0,15.0,15.0,15.0,15.0,15.0,12.0,52,48,48,54,55,55,55,51,51,51,51,48,52,52,46,45,45,45,49,49,49,49,55,55,No,No,No,No,No,No,No,No,No,No,No,No,No,No,No,No,No,No,No,No,No,No,No,No,No,No,No,No,No,No,No,No,No,No,No,No,55,55,49,52,0.222,0.000,0.000,0.000,0.000,0.000,0.000,0.000,1.200,5.938,11.138,7.705,0.019,19.338,2.689,0.234,0.125,45.0,12.0,55.0,55.0,3.000,300.0,4.6,0.0,0.0,0.0,0.0,642,0,0.0,0.0,0.0,0.0,24.4,0.9,34.9,42.1,0.2,3.5,56.7,19.7,23.4,53.8,14.3,37.4,6.3,25.4,60.8,57.9,0.0,10.2,23.8,22.4,41.9,24.1,12.7,0.0,45.3,6.5,0.0,96.3,31.9,55.9,54.1,4.1,60.9,49.4,93.4,0.0,0.0,0.0,1596.1,16.00,22,22,22,52,74,560,1,2,Yes,No,No,No,No,No,No,No,No,No,Yes,No,No,No,No,No,No,No,No,No,No,No,No,No,No,No,No,No,No,No,No,No,No,No,No,No,No,No,47.0,54,54,58,88.0,100.0,No,No,21506,55883,1.9,0.1,1.9,0.027,0.246,2315,832,12.429,41.633,100.0,0.000,22.9,30.5,61.5,15.0,14.9,14.9,14.9,30.5,60.4,15.0,15.0,15.0,15.0,32.75,66.82,16.26,16.24,66.91,66.91,0.71,3.52,32.75,0.00,27.83,0,
1.2.2026,21:37:6.635,6368,2027,75.8,5463,2421,69.2,0.0,1.117,1.146,1.118,1.133,1.100,1.120,1.105,1.085,1.109,1.119,1.134,1.031,0.763,3052.5,4289.5,4289.5,3192.2,3192.2,3291.9,3291.9,997.6,1396.6,3291.9,3291.9,99.8,3691.0,784.0,23.3,2663.7,2960.2,4.1,2.8,1638.6,365.9,126.4,1543.6,26.4,46.5,6.9,973.1,29.6,0.2,68.4,69.0,0.0,0.0,80.1,17.9,13.2,67.3,12.9,13.5,12.4,80.1,29.6,100.0,60.8,1.5,196.7,201.4,0.1,0.1,156.0,20.3,3.6,142.2,2.6,5.0,0.6,60.5,30.6,43.0,43.0,32.0,32.0,33.0,33.0,10.0,14.0,33.0,33.0,37.0,58,56,60,63,63,63,63,53,53,53,53,42,44,40,37,37,37,37,47,47,47,47,61,63,No,No,No,No,No,No,No,No,No,No,No,No,No,No,No,No,No,No,No,No,No,No,No,No,No,No,No,No,No,No,No,No,No,No,No,No,63,63,49,52,0.222,0.000,0.000,0.000,0.000,0.000,0.000,0.000,1.200,16.875,17.786,14.452,0.028,24.595,2.603,0.268,0.123,45.0,12.0,55.0,55.0,20.000,300.0,5.3,0.0,0.0,0.0,0.0,642,0,0.0,0.0,0.0,0.0,27.2,0.7,70.3,75.8,0.2,0.1,84.1,12.7,3.9,75.5,1.0,1.6,0.3,8.8,27.9,23.4,0.0,12.7,0.0,0.0,24.4,0.0,0.0,0.0,58.4,1.3,0.7,99.7,3.1,86.7,95.7,0.2,98.7,98.2,99.5,0.0,0.0,0.0,1596.1,16.00,22,22,22,52,74,560,1,2,Yes,No,No,No,No,No,No,No,No,No,Yes,No,No,No,No,No,No,No,No,No,No,No,No,No,No,No,No,No,No,No,No,No,No,No,No,No,No,No,47.0,54,54,56,88.0,100.0,No,No,21506,55883,0.0,0.0,0.0,0.000,0.000,2315,832,12.428,41.633,100.0,0.000,22.9,28.9,62.1,15.0,14.9,14.9,14.9,28.9,60.3,15.0,15.0,15.0,15.0,34.55,66.83,16.10,16.06,66.91,66.91,0.74,3.99,34.55,0.00,28.22,0,
1.2.2026,21:37:6.748,6367,2028,75.8,5463,2421,69.2,0.0,0.783,0.809,0.794,0.774,0.775,0.781,0.780,0.775,0.780,0.785,0.778,0.751,0.766,1665.9,1795.6,1995.1,1695.9,1695.9,1695.9,1695.9,997.6,1695.9,1695.9,1695.9,99.8,1197.1,321.7,22.5,736.2,649.1,1.8,1.7,806.7,643.7,697.0,220.7,32.5,47.0,1.5,444.8,16.9,0.0,20.9,24.6,0.0,0.0,53.9,38.8,47.2,17.7,0.0,0.0,0.0,53.9,16.9,100.0,36.8,0.8,61.6,65.8,0.1,0.2,101.8,83.2,79.1,40.8,3.4,5.0,0.1,37.1,16.7,18.0,20.0,17.0,17.0,17.0,17.0,10.0,17.0,17.0,17.0,12.0,51,47,46,55,55,55,54,50,50,50,50,49,53,54,45,45,45,46,50,50,50,50,55,55,No,No,No,No,No,No,No,No,No,No,No,No,No,No,No,No,No,No,No,No,No,No,No,No,No,No,No,No,No,No,No,No,No,No,No,No,55,55,49,52,0.222,0.000,0.000,0.000,0.000,0.000,0.000,0.000,1.200,10.313,8.428,5.343,0.007,15.466,2.401,0.182,0.121,45.0,12.0,55.0,55.0,11.000,300.0,2.6,0.0,0.0,0.0,0.0,642,0,0.0,0.0,0.0,0.0,17.0,1.0,21.2,21.6,0.1,0.1,54.1,38.4,50.3,13.7,1.5,2.2,0.1,21.2,64.1,33.3,0.0,45.9,7.6,0.0,60.9,0.0,0.0,0.0,57.6,13.5,41.6,99.8,0.0,52.0,48.6,24.5,98.3,97.7,99.9,1.5,0.0,3.0,1596.1,16.00,22,22,22,52,74,560,1,2,Yes,No,No,No,No,No,No,No,No,No,Yes,No,No,No,No,No,No,No,No,No,No,No,No,No,No,No,No,No,No,No,No,No,No,No,No,No,No,No,48.0,54,54,55,88.0,100.0,No,No,21506,55883,3.9,0.2,4.1,6.251,1.127,2316,832,12.428,41.633,100.0,0.000,22.9,29.4,65.7,15.0,14.9,14.9,14.9,29.5,60.3,15.0,15.0,15.0,15.0,33.97,66.71,15.21,14.95,66.91,66.91,0.69,3.04,33.97,0.00,25.92,0,
1.2.2026,21:37:6.858,6373,2023,75.9,5463,2421,69.2,0.0,1.120,1.139,1.131,1.111,1.116,1.111,1.121,1.103,1.123,1.123,1.123,1.031,0.766,3411.7,4289.5,4289.5,3192.2,3192.2,3192.2,3192.2,3192.2,3192.2,3192.2,3192.2,99.8,3691.0,867.7,22.9,1491.3,3543.3,3.6,14.2,1749.2,1275.8,1138.0,998.6,144.0,16.7,14.8,1154.8,38.7,12.4,49.2,88.9,29.6,12.3,67.9,46.1,50.5,49.9,23.1,22.1,12.3,88.9,38.7,100.0,72.0,1.0,109.5,264.3,0.1,1.3,167.0,110.3,114.5,88.4,4.7,1.4,1.2,71.9,34.2,43.0,43.0,32.0,32.0,32.0,32.0,32.0,32.0,32.0,32.0,37.0,57,53,67,60,60,60,60,53,53,53,53,43,47,33,40,40,40,40,47,47,47,47,65,67,No,No,No,No,No,No,No,No,No,No,No,No,No,No,No,No,No,No,No,No,No,No,No,No,No,No,No,No,No,No,No,No,No,No,No,No,66,66,50,52,0.222,0.000,0.000,0.000,0.000,0.000,0.000,0.000,1.200,14.063,19.764,15.991,0.030,27.576,2.996,0.274,0.128,45.0,12.0,55.0,55.0,15.000,300.0,5.1,0.0,0.0,0.0,0.0,642,0,0.0,0.0,0.0,0.0,29.8,0.8,44.2,90.7,0.1,0.5,70.4,47.1,47.4,50.9,5.1,0.5,0.5,16.5,39.4,6.7,0.0,29.8,24.7,26.8,38.0,0.0,0.0,0.0,46.6,8.0,2.4,99.4,0.0,27.7,25.0,10.1,94.5,99.2,99.3,3.2,6.4,0.1,1596.1,16.00,22,22,22,52,74,560,1,2,Yes,No,No,No,No,No,No,No,No,No,Yes,No,No,No,No,No,No,No,No,No,No,No,No,No,No,No,No,No,No,No,No,No,No,No,No,No,No,No,47.0,54,54,59,88.0,100.0,No,No,21506,55883,9.9,0.0,9.9,2.350,0.000,2316,832,12.428,41.633,100.0,0.000,22.9,30.0,65.7,15.0,14.9,14.9,14.9,30.0,60.3,15.0,15.0,15.0,15.0,33.32,66.68,15.21,14.95,66.91,66.91,0.67,3.23,33.32,0.00,25.32,0,
1.2.2026,21:37:6.972,6366,2029,75.8,5456,2428,69.2,0.0,0.817,0.794,0.805,0.810,0.820,0.824,0.829,0.822,0.822,0.817,0.827,0.751,0.766,1915.3,1795.6,2394.1,1795.6,1795.6,1895.4,1895.4,1895.4,1895.4,1895.4,1895.4,99.8,1197.1,337.7,19.7,346.4,1002.1,2.5,2.6,806.9,948.4,343.6,572.6,2.6,2.4,2.4,434.0,12.9,0.0,6.9,32.1,0.0,0.0,33.7,46.1,0.0,36.2,0.0,0.0,0.0,46.1,12.9,100.0,31.8,0.7,24.7,80.3,0.1,0.2,71.9,86.8,45.5,59.3,10.8,0.3,0.3,31.8,19.2,18.0,24.0,18.0,18.0,19.0,19.0,19.0,19.0,19.0,19.0,12.0,52,48,49,55,55,54,54,51,51,51,51,48,52,51,45,45,46,46,49,49,49,49,53,55,No,No,No,No,No,No,No,No,No,No,No,No,No,No,No,No,No,No,No,No,No,No,No,No,No,No,No,No,No,No,No,No,No,No,No,No,55,55,49,52,0.222,0.000,0.000,0.000,0.000,0.000,0.000,0.000,1.200,8.750,8.649,5.414,0.015,16.236,2.613,0.164,0.118,45.0,12.0,55.0,55.0,6.000,300.0,3.1,0.0,0.0,0.0,0.0,642,0,0.0,0.0,0.0,0.0,17.9,1.2,11.3,40.0,0.2,0.2,46.1,57.3,14.3,43.9,0.2,0.2,0.2,19.1,22.8,59.8,0.0,53.7,22.7,21.7,10.1,0.0,0.0,0.0,52.7,0.0,0.1,99.7,0.2,19.6,63.9,44.7,99.6,99.6,99.6,32.7,65.5,0.0,1596.1,16.00,22,22,22,52,74,560,1,2,Yes,No,No,No,No,No,No,No,No,No,Yes,No,No,No,No,No,No,No,No,No,No,No,No,No,No,No,No,No,No,No,No,No,No,No,No,No,No,No,48.0,54,54,57,88.0,100.0,No,No,21506,55883,5.3,0.0,5.3,1.336,0.000,2316,832,12.428,41.633,100.0,0.000,22.9,30.6,65.7,15.0,14.9,14.9,14.9,30.6,60.2,15.0,15.0,15.0,15.0,32.72,66.68,15.21,14.95,66.91,66.91,0.67,3.14,32.72,0.00,24.14,0,
1.2.2026,21:37:7.084,6368,2028,75.8,5456,2428,69.2,0.0,0.833,1.147,1.124,0.753,0.789,0.759,0.756,0.751,0.751,0.751,0.751,1.028,0.766,2055.0,4289.5,4289.5,1496.3,1496.3,1496.3,1496.3,1496.3,1496.3,1496.3,1496.3,99.8,3691.0,587.5,20.9,2438.3,1997.2,3.9,9.6,972.1,503.8,268.7,742.4,73.5,10.0,9.9,776.8,31.7,0.0,72.5,61.0,12.0,12.1,55.5,35.7,28.9,56.1,22.5,12.2,12.2,72.5,31.7,100.0,52.0,1.0,187.3,149.2,0.2,0.8,107.3,68.9,22.2,83.0,3.1,0.8,0.8,51.9,20.6,43.0,43.0,15.0,15.0,15.0,15.0,15.0,15.0,15.0,15.0,37.0,56,49,58,60,60,60,60,52,52,52,52,44,51,42,40,40,40,40,48,48,48,48,60,60,No,No,No,No,No,No,No,No,No,No,No,No,No,No,No,No,No,No,No,No,No,No,No,No,No,No,No,No,No,No,No,No,No,No,No,No,58,58,49,52,0.222,0.000,0.000,0.000,0.000,0.000,0.000,0.000,1.200,12.188,13.479,9.976,0.020,20.883,2.755,0.261,0.122,45.0,12.0,55.0,55.0,9.000,300.0,5.6,0.0,0.0,0.0,0.0,642,0,0.0,0.0,0.0,0.0,23.7,0.7,72.8,57.2,0.1,0.4,53.2,27.6,12.7,55.3,3.3,0.4,0.4,13.5,12.4,41.9,0.0,41.8,20.1,0.0,19.1,0.0,0.0,0.0,56.3,2.2,0.8,99.4,4.9,50.7,87.0,23.4,96.3,99.4,99.4,5.6,11.3,0.0,1596.1,16.00,22,22,22,52,74,560,1,2,Yes,No,No,No,No,No,No,No,No,No,Yes,No,No,No,No,No,No,No,No,No,No,No,No,No,No,No,No,No,No,No,No,No,No,No,No,No,No,No,47.0,54,54,57,88.0,100.0,No,No,21506,55883,8.5,0.0,8.5,1.711,0.000,2317,832,12.428,41.633,100.0,0.000,22.9,30.5,65.6,16.0,15.0,14.9,14.9,30.5,60.2,16.1,15.1,15.0,15.0,32.76,62.34,15.24,14.95,66.91,66.91,0.66,3.52,32.76,0.00,21.46,0,
1.2.2026,21:37:7.193,6368,2028,75.8,5456,2428,69.2,0.0,1.081,1.139,1.139,1.123,1.123,1.106,1.101,1.106,1.101,1.106,0.771,1.026,0.766,3321.9,4289.5,4289.5,3192.2,3192.2,3192.2,3391.7,3192.2,3391.7,3192.2,1895.4,99.8,3691.0,597.9,25.0,375.9,659.1,3.5,3.2,2004.4,1585.7,1916.8,476.3,98.7,22.6,3.3,821.7,23.7,0.0,12.9,19.7,11.7,11.7,60.3,43.3,63.8,31.8,4.4,12.5,11.8,63.8,23.7,100.0,52.3,1.1,28.4,51.2,0.1,0.2,171.6,137.3,175.8,50.2,10.6,1.5,0.2,52.4,33.3,43.0,43.0,32.0,32.0,32.0,34.0,32.0,34.0,32.0,19.0,37.0,53,44,43,60,60,60,60,51,51,51,51,47,56,57,40,40,40,40,49,49,49,49,60,60,No,No,No,No,No,No,No,No,No,No,No,No,No,No,No,No,No,No,No,No,No,No,No,No,No,No,No,No,No,No,No,No,No,No,No,No,59,59,49,52,0.215,0.000,0.000,0.000,0.000,0.000,0.000,0.000,1.200,20.625,12.170,8.622,0.003,19.493,2.877,0.186,0.126,45.0,12.0,55.0,55.0,19.000,300.0,2.1,0.0,0.0,0.0,0.0,642,0,0.0,0.0,0.0,0.0,23.4,1.0,14.2,20.8,0.3,0.1,75.1,55.0,74.3,33.3,5.2,1.4,0.2,22.8,45.0,71.0,0.0,25.2,44.2,24.5,18.3,0.0,0.0,0.0,48.8,40.4,8.1,99.7,0.0,0.8,1.1,46.7,93.5,98.3,99.5,0.0,0.0,0.0,1596.1,16.00,22,22,22,52,74,560,1,2,Yes,No,No,No,No,No,No,No,No,No,Yes,No,No,No,No,No,No,No,No,No,No,No,No,No,No,No,No,No,No,No,No,No,No,No,No,No,No,No,47.0,54,54,58,88.0,100.0,No,No,21506,55883,9.0,2.2,11.2,1.809,2.944,2317,833,12.428,41.633,100.0,0.000,22.9,29.0,65.7,16.0,15.0,14.9,14.9,29.0,60.1,16.1,15.1,15.0,15.0,34.52,62.50,15.22,14.95,66.91,66.91,0.67,3.48,34.52,0.00,21.66,0,
1.2.2026,21:37:7.307,6369,2027,75.8,5456,2428,69.2,0.0,1.129,1.148,1.101,1.176,1.122,1.137,1.137,1.122,1.107,1.107,1.130,1.031,0.766,3571.3,4289.5,4289.5,3391.7,3391.7,3391.7,3391.7,3391.7,3391.7,3391.7,3391.7,99.8,3691.0,964.4,30.7,2530.1,2832.4,4.9,6.7,2140.3,1290.7,1537.8,807.3,272.0,25.0,95.2,1296.7,27.5,0.0,57.7,68.1,0.0,0.0,66.0,43.8,38.8,44.0,6.4,0.0,4.8,68.1,27.5,100.0,81.3,1.1,192.1,220.4,0.2,0.2,191.0,129.2,135.8,75.4,17.2,2.5,10.2,81.1,35.8,43.0,43.0,34.0,34.0,34.0,34.0,34.0,34.0,34.0,34.0,37.0,57,55,57,60,61,61,61,54,54,54,54,43,45,43,40,39,39,39,46,46,46,46,64,61,No,No,No,No,No,No,No,No,No,No,No,No,No,No,No,No,No,No,No,No,No,No,No,No,No,No,No,No,No,No,No,No,No,No,No,No,60,60,49,52,0.215,0.000,0.000,0.000,0.000,0.000,0.000,0.000,1.200,17.813,20.706,16.821,0.019,28.209,3.155,0.254,0.114,45.0,12.0,55.0,55.0,14.000,300.0,5.7,0.0,0.0,0.0,0.0,642,0,0.0,0.0,0.0,0.0,31.4,0.8,60.5,69.1,0.2,0.3,79.4,49.0,49.3,49.0,12.1,0.9,6.2,16.7,12.6,22.0,0.0,20.9,36.9,37.8,28.1,8.4,0.0,0.0,44.7,19.7,8.8,99.6,0.0,13.9,13.1,21.2,78.6,98.8,93.6,3.9,7.7,0.0,1596.1,16.00,22,22,22,52,74,560,1,2,Yes,No,No,No,No,No,No,No,No,No,Yes,No,No,No,No,No,No,No,No,No,No,No,No,No,No,No,No,No,No,No,No,No,No,No,No,No,No,No,47.0,54,54,58,88.0,100.0,No,No,21506,55883,10.2,0.0,10.2,2.166,0.000,2317,833,12.428,41.633,100.0,0.000,22.9,29.5,65.7,16.0,15.0,14.9,14.9,29.5,60.3,16.1,15.1,15.0,15.0,33.95,62.50,15.22,14.95,66.91,66.91,0.67,3.48,33.95,0.00,22.23,0,
1.2.2026,21:37:7.413,6368,2027,75.8,5456,2427,69.2,0.0,0.763,0.804,0.768,0.743,0.737,0.772,0.777,0.760,0.760,0.755,0.750,0.751,0.766,1536.2,1795.6,1995.1,1596.1,997.6,1496.3,1496.3,1496.3,1496.3,1496.3,1496.3,99.8,1197.1,371.6,46.9,919.6,842.2,3.4,2.7,848.6,548.3,548.7,593.7,99.9,2.5,2.2,470.1,16.1,0.0,24.5,20.1,0.0,0.0,37.1,26.9,43.3,35.4,5.6,0.0,0.0,43.3,16.1,100.0,38.6,1.9,74.3,64.1,0.2,0.6,94.6,64.0,60.9,76.2,23.9,1.0,0.9,38.8,15.4,18.0,20.0,16.0,10.0,15.0,15.0,15.0,15.0,15.0,15.0,12.0,52,48,46,55,55,55,55,51,51,51,51,48,52,54,45,45,45,45,49,49,49,49,55,55,No,No,No,No,No,No,No,No,No,No,No,No,No,No,No,No,No,No,No,No,No,No,No,No,No,No,No,No,No,No,No,No,No,No,No,No,55,55,49,52,0.222,0.000,0.000,0.000,0.000,0.000,0.000,0.000,1.200,6.563,8.802,5.842,0.005,16.643,2.295,0.192,0.124,45.0,12.0,55.0,55.0,2.000,300.0,3.5,0.0,0.0,0.0,0.0,642,0,0.8,0.1,0.0,0.0,17.4,1.5,28.1,25.1,0.2,0.1,42.0,27.5,44.6,35.5,4.2,0.1,0.1,5.2,0.1,9.5,0.0,8.0,0.0,27.5,6.5,0.0,0.0,0.0,68.2,44.6,38.8,99.7,48.8,71.3,27.3,56.8,95.5,99.7,99.8,26.6,27.3,25.8,1596.1,16.00,22,22,22,52,74,560,1,2,Yes,No,No,No,No,No,No,No,No,No,Yes,No,No,No,No,No,No,No,No,No,No,No,No,No,No,No,No,No,No,No,No,No,No,No,No,No,No,No,48.0,54,54,57,88.0,100.0,No,No,21506,55883,10.5,0.0,10.5,1.225,0.000,2317,833,12.428,41.633,100.0,0.000,22.9,30.0,65.7,19.8,19.8,19.8,19.8,30.0,60.3,19.9,19.9,19.9,19.9,33.36,50.56,15.22,14.95,50.57,50.57,0.65,3.08,33.36,0.00,21.05,0,
1.2.2026,21:37:7.512,6369,2027,75.8,5457,2427,69.2,0.0,1.168,1.151,1.175,1.175,1.170,1.170,1.175,1.160,1.175,1.160,1.175,1.031,0.766,3411.7,4289.5,4289.5,3192.2,3192.2,3192.2,3192.2,3192.2,3192.2,3192.2,3192.2,99.8,3691.0,677.0,28.0,3107.7,1630.4,102.2,45.2,1185.5,535.7,179.0,836.7,135.3,180.3,158.5,851.7,26.1,0.0,85.5,43.7,11.8,11.7,65.0,20.5,7.7,41.1,2.0,12.0,11.8,85.5,26.1,100.0,50.4,1.4,234.1,103.0,1.3,1.2,120.4,46.6,16.4,68.1,7.5,3.0,2.1,49.6,34.2,43.0,43.0,32.0,32.0,32.0,32.0,32.0,32.0,32.0,32.0,37.0,59,63,60,61,61,61,61,55,55,55,55,41,37,40,39,39,39,39,45,45,45,45,65,63,No,No,No,No,No,No,No,No,No,No,No,No,No,No,No,No,No,No,No,No,No,No,No,No,No,No,No,No,No,No,No,No,No,No,No,No,62,62,50,52,0.215,0.000,0.000,0.000,0.000,0.000,0.000,0.000,1.200,17.813,15.127,11.756,0.012,22.462,2.651,0.247,0.121,45.0,12.0,55.0,55.0,20.000,300.0,4.5,0.0,0.0,0.0,0.0,642,0,0.0,0.0,0.0,0.0,25.6,1.0,85.5,48.9,3.6,1.8,64.9,26.2,10.0,47.7,5.6,6.0,5.6,3.6,4.3,10.0,0.0,1.3,17.1,0.0,2.5,0.0,0.0,0.3,60.3,1.8,0.0,98.0,31.9,54.0,89.4,46.6,94.0,93.7,93.6,21.8,6.0,37.5,1596.1,16.00,22,22,22,52,74,560,1,2,Yes,No,No,No,No,No,No,No,No,No,Yes,No,No,No,No,No,No,No,No,No,No,No,No,No,No,No,No,No,No,No,No,No,No,No,No,No,No,No,47.0,54,54,57,88.0,100.0,No,No,21506,55883,9.6,0.0,9.6,0.768,0.000,2317,833,12.428,41.633,100.0,0.000,22.9,30.0,65.9,19.8,19.8,19.8,19.8,30.0,60.3,19.9,19.9,19.9,19.9,33.34,50.56,15.17,14.94,50.57,50.57,0.65,3.39,33.34,0.00,21.29,0,
1.2.2026,21:37:7.622,6369,2027,75.8,5457,2426,69.2,0.0,0.801,0.815,0.805,0.792,0.777,0.777,0.777,0.917,0.780,0.785,0.785,0.838,0.766,1655.9,1795.6,1795.6,1795.6,997.6,1695.9,1695.9,1695.9,1695.9,1695.9,1695.9,99.8,1895.4,422.2,188.5,487.1,363.6,2.5,3.2,67.6,45.5,255.1,860.4,489.1,1229.5,1074.2,176.6,19.8,4.1,13.5,23.9,0.0,0.0,9.7,6.6,19.1,33.6,25.6,70.7,30.7,70.7,19.8,100.0,48.3,13.2,39.3,64.4,8.2,4.7,30.8,20.2,29.9,90.3,54.6,131.6,92.4,49.3,16.6,18.0,18.0,18.0,10.0,17.0,17.0,17.0,17.0,17.0,17.0,19.0,52,48,46,54,54,54,54,52,52,53,53,48,52,54,46,46,46,46,48,48,47,47,54,54,No,No,No,No,No,No,No,No,No,No,No,No,No,No,No,No,No,No,No,No,No,No,No,No,No,No,No,No,No,No,No,No,No,No,No,No,55,55,49,52,0.222,0.000,0.000,0.000,0.000,0.000,0.000,0.000,1.200,7.813,10.973,7.416,0.005,18.911,2.893,0.187,0.125,45.0,12.0,55.0,55.0,5.000,300.0,4.4,0.0,0.0,0.0,0.0,642,0,0.0,0.0,0.0,0.0,20.7,6.3,14.3,14.3,0.3,0.2,4.7,2.7,21.3,37.1,28.1,78.4,41.2,23.5,59.9,24.1,0.0,32.4,12.9,0.0,42.4,13.0,18.4,32.4,45.0,20.7,0.0,99.7,61.8,83.7,77.6,20.1,58.1,3.0,25.7,29.0,0.0,57.9,1596.1,16.00,22,22,22,52,74,560,1,2,Yes,No,No,No,No,No,No,No,No,No,Yes,No,No,No,No,No,No,No,No,No,No,No,No,No,No,No,No,No,No,No,No,No,No,No,No,No,No,No,47.0,54,54,59,88.0,100.0,No,No,21506,55883,7.6,3.0,10.6,1.579,2.820,2317,833,12.428,41.633,100.0,0.000,22.9,31.1,65.8,19.8,19.8,19.8,19.8,31.1,60.3,19.9,19.9,19.9,19.9,32.17,50.48,15.19,14.94,50.52,50.52,0.63,3.41,32.17,0.00,20.32,0,
1.2.2026,21:37:7.734,6368,2028,75.8,5458,2426,69.2,0.0,0.846,0.893,0.899,0.814,0.814,0.814,0.814,0.814,0.814,0.894,0.889,0.831,0.766,2344.3,3291.9,3391.7,1995.1,1995.1,1995.1,1995.1,1995.1,1995.1,2394.1,2394.1,99.8,2693.4,468.1,18.9,1699.1,1409.7,8.1,7.5,872.2,615.9,61.5,695.7,159.3,56.5,13.3,586.6,24.7,0.0,67.9,52.6,29.5,0.0,61.2,39.5,1.7,43.6,0.0,0.0,0.0,67.9,24.7,100.0,42.4,0.8,129.7,104.8,0.4,0.6,93.5,64.4,5.9,71.8,21.6,10.5,4.4,42.3,23.5,33.0,34.0,20.0,20.0,20.0,20.0,20.0,20.0,24.0,24.0,27.0,53,49,52,56,56,56,56,51,51,51,51,47,51,48,44,44,44,44,49,49,49,49,55,56,No,No,No,No,No,No,No,No,No,No,No,No,No,No,No,No,No,No,No,No,No,No,No,No,No,No,No,No,No,No,No,No,No,No,No,No,56,56,49,52,0.222,0.000,0.000,0.000,0.000,0.000,0.000,0.000,1.200,11.563,10.150,6.806,0.018,17.702,2.650,0.231,0.123,45.0,12.0,55.0,55.0,11.000,300.0,4.8,0.0,0.0,0.0,0.0,642,0,0.0,0.0,0.0,0.0,24.7,0.8,69.3,55.4,0.4,0.4,63.0,42.1,3.1,47.3,11.8,2.4,0.7,4.7,16.6,8.7,0.0,1.2,0.3,0.0,20.2,0.0,0.0,0.0,60.6,6.4,0.0,99.3,33.6,55.6,96.5,30.6,87.9,97.2,98.9,20.6,7.5,33.7,1596.1,16.00,22,22,22,52,74,560,1,2,Yes,No,No,No,No,No,No,No,No,No,Yes,No,No,No,No,No,No,No,No,No,No,No,No,No,No,No,No,No,No,No,No,No,No,No,No,No,No,No,47.0,54,54,59,88.0,100.0,No,No,21506,55883,2.0,0.0,2.0,0.435,0.000,2317,833,12.428,41.633,100.0,0.000,22.9,31.1,62.7,19.8,19.8,19.8,19.8,31.1,60.3,19.9,19.9,19.9,19.9,32.20,50.43,15.94,15.90,50.52,50.52,0.67,3.58,32.20,0.00,19.68,0,
1.2.2026,21:37:7.838,6369,2026,75.8,5458,2425,69.2,0.0,0.798,0.817,0.800,0.790,0.797,0.792,0.797,0.797,0.797,0.795,0.795,0.748,0.766,1795.6,1795.6,1795.6,1795.6,1795.6,1795.6,1795.6,1795.6,1795.6,1795.6,1795.6,99.8,1197.1,463.9,19.8,1563.9,897.4,2.7,3.4,1029.9,1089.5,256.9,666.3,16.4,9.9,10.8,607.9,21.2,0.0,45.2,25.0,0.0,0.0,48.5,65.8,11.7,45.2,12.5,0.0,0.0,65.8,21.2,100.0,42.9,0.7,121.8,69.2,0.1,0.2,107.4,115.1,21.9,74.9,1.5,0.9,1.0,43.0,18.0,18.0,18.0,18.0,18.0,18.0,18.0,18.0,18.0,18.0,18.0,12.0,52,48,46,55,55,55,55,51,51,51,51,48,52,54,45,45,45,45,49,49,49,49,56,55,No,No,No,No,No,No,No,No,No,No,No,No,No,No,No,No,No,No,No,No,No,No,No,No,No,No,No,No,No,No,No,No,No,No,No,No,55,55,49,52,0.222,0.000,0.000,0.000,0.000,0.000,0.000,0.000,1.200,3.438,10.662,7.252,0.008,18.219,2.715,0.219,0.123,45.0,12.0,55.0,55.0,3.000,300.0,3.7,0.0,0.0,0.0,0.0,642,0,0.0,0.0,0.0,0.0,21.2,1.0,45.4,25.9,0.2,0.2,51.7,67.9,15.7,45.3,0.8,0.4,0.4,10.2,28.4,11.9,0.0,21.8,29.0,4.9,5.9,0.0,0.0,0.0,63.0,25.1,54.5,99.7,25.7,2.6,78.4,46.6,98.8,99.3,99.3,3.5,0.0,6.9,1596.1,16.00,22,22,22,52,74,560,1,2,Yes,No,No,No,No,No,No,No,No,No,Yes,No,No,No,No,No,No,No,No,No,No,No,No,No,No,No,No,No,No,No,No,No,No,No,No,No,No,No,48.0,54,54,57,88.0,100.0,No,No,21506,55883,4.2,0.0,4.2,0.199,0.000,2317,833,12.428,41.633,100.0,0.000,22.9,31.0,62.5,19.8,19.8,19.8,19.8,31.0,60.3,19.9,19.9,19.9,19.9,32.22,50.43,16.00,15.91,50.52,50.52,0.67,3.12,32.22,0.00,19.56,0,
1.2.2026,21:37:7.954,6369,2027,75.8,5459,2425,69.2,0.0,1.027,0.807,1.020,1.005,1.068,1.078,1.078,1.073,1.033,1.053,1.053,0.751,0.766,2972.7,2294.4,3990.2,2793.2,2992.7,2992.7,2992.7,2992.7,2892.9,2892.9,2892.9,99.8,1695.9,422.1,18.5,848.9,1538.4,7.2,4.2,689.1,1034.7,273.2,511.5,70.4,63.2,5.7,551.8,27.3,11.3,34.5,59.9,0.0,0.0,39.8,71.7,27.8,45.8,12.7,23.8,0.0,71.7,27.3,100.0,36.9,0.8,64.7,102.7,0.4,0.3,65.0,106.5,37.2,52.6,5.0,7.3,0.5,36.8,29.8,23.0,40.0,28.0,30.0,30.0,30.0,30.0,29.0,29.0,29.0,17.0,55,53,57,58,58,56,56,52,52,52,52,45,47,43,42,42,44,44,48,48,48,48,56,58,No,No,No,No,No,No,No,No,No,No,No,No,No,No,No,No,No,No,No,No,No,No,No,No,No,No,No,No,No,No,No,No,No,No,No,No,56,56,49,52,0.222,0.000,0.000,0.000,0.000,0.000,0.000,0.000,1.200,18.125,8.702,5.316,0.007,16.355,2.692,0.202,0.123,45.0,12.0,55.0,55.0,22.000,300.0,5.9,0.0,0.0,0.0,0.0,642,0,0.0,0.0,0.0,0.0,21.8,1.2,27.8,59.6,0.3,0.2,35.8,69.2,15.2,43.0,5.0,4.0,0.3,5.0,13.4,5.0,0.0,0.0,30.8,0.0,1.0,0.0,0.0,0.0,60.4,9.4,5.1,99.6,62.2,0.0,84.3,53.6,94.8,95.8,99.5,37.7,47.0,28.3,1596.1,16.00,22,22,22,52,74,560,1,2,Yes,No,No,No,No,No,No,No,No,No,Yes,No,No,No,No,No,No,No,No,No,No,No,No,No,No,No,No,No,No,No,No,No,No,No,No,No,No,No,47.0,54,54,59,88.0,100.0,No,No,21506,55883,11.0,0.0,11.0,1.383,0.000,2318,833,12.428,41.633,100.0,0.000,22.9,32.1,62.5,19.8,19.7,19.7,19.7,32.1,60.2,19.9,19.9,19.9,19.9,31.18,50.55,16.00,15.91,50.69,50.69,0.68,2.67,31.18,0.00,20.51,0,
1.2.2026,21:37:8.065,6353,2043,75.6,5456,2427,69.2,0.0,1.114,1.142,1.123,1.133,1.128,1.123,1.138,1.073,1.083,1.098,1.098,1.081,0.766,3092.4,4289.5,4289.5,3391.7,3391.7,997.6,3391.7,3391.7,997.6,3391.7,3391.7,99.8,3990.2,630.6,27.9,767.3,2052.5,4.1,4.9,1474.1,1297.7,782.5,611.8,493.5,40.2,10.8,801.4,25.2,0.0,21.9,53.9,11.9,11.9,66.3,43.8,25.1,33.0,22.3,0.0,12.1,66.3,25.2,100.0,57.4,1.0,57.7,169.2,0.1,0.3,153.2,129.0,66.7,61.9,45.2,3.8,0.8,57.5,31.0,43.0,43.0,34.0,34.0,10.0,34.0,34.0,10.0,34.0,34.0,40.0,53,45,43,60,60,60,60,51,51,51,51,47,55,57,40,40,40,40,49,49,49,49,60,60,No,No,No,No,No,No,No,No,No,No,No,No,No,No,No,No,No,No,No,No,No,No,No,No,No,No,No,No,No,No,No,No,No,No,No,No,57,57,49,52,0.222,0.000,0.000,0.000,0.000,0.000,0.000,0.000,1.200,11.563,14.549,11.193,0.010,21.754,2.648,0.233,0.123,45.0,12.0,55.0,55.0,12.000,300.0,3.3,0.0,0.0,0.0,0.0,642,0,0.0,0.0,0.0,0.0,24.0,1.0,23.0,50.5,0.2,0.2,71.2,48.5,32.5,33.6,25.1,1.4,0.4,21.5,36.1,37.9,0.0,27.0,39.1,25.1,27.7,21.6,0.0,0.0,45.4,0.0,11.5,99.6,1.4,12.3,41.6,38.0,52.2,98.3,99.3,19.4,38.7,0.0,1596.1,16.00,22,22,22,52,74,560,1,2,Yes,No,No,No,No,No,No,No,No,No,Yes,No,No,No,No,No,No,No,No,No,No,No,No,No,No,No,No,No,No,No,No,No,No,No,No,No,No,No,47.0,54,54,57,88.0,100.0,No,No,21506,55883,0.0,0.0,0.0,0.000,0.000,2318,833,12.428,41.633,100.0,0.000,22.9,32.2,65.0,19.8,19.7,19.7,19.7,32.1,60.2,19.9,19.9,19.9,19.9,31.09,50.55,15.39,15.20,50.69,50.69,0.69,2.76,31.09,0.00,18.99,0,
1.2.2026,21:37:8.172,6367,2029,75.8,5457,2427,69.2,0.0,0.802,0.768,0.808,0.816,0.806,0.824,0.819,0.819,0.819,0.824,0.714,0.751,0.766,1885.4,1795.6,2793.2,1995.1,1995.1,1995.1,1995.1,1995.1,1995.1,997.6,1296.8,99.8,1695.9,345.1,22.1,838.4,954.1,3.0,3.0,901.8,266.1,257.0,736.1,153.5,3.0,2.8,405.7,17.3,0.0,36.2,37.1,0.0,0.0,64.7,6.5,3.8,52.6,6.2,0.0,0.0,64.7,17.3,100.0,28.8,0.8,56.6,62.4,0.2,0.2,96.0,21.5,14.3,78.0,14.8,0.2,0.2,28.6,18.9,18.0,28.0,20.0,20.0,20.0,20.0,20.0,20.0,10.0,13.0,17.0,52,49,52,55,55,55,55,51,51,51,51,48,51,48,45,45,45,45,49,49,49,49,54,55,No,No,No,No,No,No,No,No,No,No,No,No,No,No,No,No,No,No,No,No,No,No,No,No,No,No,No,No,No,No,No,No,No,No,No,No,54,54,48,52,0.217,0.000,0.000,0.000,0.000,0.000,0.000,0.000,1.200,20.625,7.211,4.042,0.008,14.628,2.508,0.186,0.123,45.0,12.0,55.0,55.0,9.000,300.0,3.3,0.0,0.0,0.0,0.0,642,0,0.5,0.0,0.0,0.0,19.8,1.2,41.4,43.5,0.2,0.2,65.2,11.8,11.3,54.0,8.9,0.2,0.2,4.3,26.5,16.5,0.0,0.3,0.0,0.0,0.0,0.0,0.0,0.0,65.5,0.0,11.4,99.7,33.3,87.7,88.3,44.4,90.6,99.6,99.6,30.6,33.9,27.3,1596.1,16.00,22,22,22,52,74,560,1,2,Yes,No,No,No,No,No,No,No,No,No,Yes,No,No,No,No,No,No,No,No,No,No,No,No,No,No,No,No,No,No,No,No,No,No,No,No,No,No,No,47.0,54,54,57,88.0,100.0,No,No,21506,55883,4.5,0.0,4.5,0.285,0.000,2318,833,12.428,41.633,100.0,0.000,22.9,31.1,65.0,15.9,14.9,14.8,14.8,31.1,60.1,16.1,15.1,15.0,15.0,32.19,62.83,15.38,15.20,67.42,67.42,0.69,2.37,32.19,0.00,20.22,0,
1.2.2026,21:37:8.289,6366,2029,75.8,5457,2427,69.2,0.0,0.836,0.975,0.848,0.848,0.825,0.830,0.825,0.808,0.798,0.798,0.802,0.886,0.766,2024.5,3690.0,3091.7,997.3,1695.4,1695.4,1894.9,1795.2,1795.2,1795.2,1795.2,99.7,3091.7,735.4,22.5,2616.3,1495.8,4.9,46.6,1338.8,734.7,1408.5,652.5,474.6,19.2,10.6,958.5,25.6,0.0,67.2,42.9,0.0,0.2,52.0,29.3,61.2,26.2,28.4,0.0,0.0,67.2,25.6,100.0,66.4,0.9,198.8,120.3,0.2,4.6,130.4,78.8,144.1,63.7,52.8,1.6,0.8,66.4,20.3,37.0,31.0,10.0,17.0,17.0,19.0,18.0,18.0,18.0,18.0,31.0,53,51,47,58,56,56,56,52,52,52,52,47,49,53,42,44,44,44,48,48,48,48,58,58,No,No,No,No,No,No,No,No,No,No,No,No,No,No,No,No,No,No,No,No,No,No,No,No,No,No,No,No,No,No,No,No,No,No,No,No,58,58,49,52,0.222,0.000,0.000,0.000,0.000,0.000,0.000,0.000,1.200,7.813,17.379,13.458,0.024,25.258,3.159,0.270,0.124,45.0,12.0,55.0,55.0,7.000,300.0,4.8,0.0,0.0,0.0,0.0,642,0,0.0,0.0,0.0,0.0,26.7,0.7,66.8,39.7,0.3,1.6,59.9,28.4,63.6,30.7,28.0,0.7,0.4,20.3,27.8,37.4,0.0,40.2,33.7,16.1,33.6,14.0,0.0,0.0,46.3,4.1,15.5,98.1,0.0,36.9,20.0,34.4,56.4,98.9,99.2,3.5,0.0,7.0,1595.7,16.00,22,22,22,52,74,560,1,2,Yes,No,No,No,No,No,No,No,No,No,Yes,No,No,No,No,No,No,No,No,No,No,No,No,No,No,No,No,No,No,No,No,No,No,No,No,No,No,No,47.0,54,54,59,88.0,100.0,No,No,21506,55883,2.6,0.3,2.9,0.370,0.669,2318,833,12.430,41.633,100.0,0.000,22.9,33.3,65.0,16.0,14.9,14.8,14.8,33.3,60.1,16.2,15.1,15.0,15.0,30.01,62.67,15.39,15.20,67.42,67.42,0.68,1.89,30.01,0.00,20.14,0,
1.2.2026,21:37:8.396,6363,2033,75.7,5457,2427,69.2,0.0,0.883,0.930,0.943,0.952,0.932,0.942,0.942,0.942,0.747,0.752,0.747,0.871,0.766,2364.2,3591.2,3691.0,2593.7,2593.7,2593.7,2593.7,2593.7,997.6,1396.6,997.6,99.8,2992.7,488.1,26.2,1494.5,1685.7,4.6,4.7,1264.6,94.2,166.0,1037.3,39.8,21.3,17.8,592.6,25.3,0.0,44.1,49.2,19.8,19.9,70.7,0.2,0.0,60.4,0.0,19.9,19.9,70.7,25.3,100.0,39.2,1.2,108.5,114.5,0.1,0.2,120.7,7.1,4.1,111.0,2.1,0.4,0.3,39.1,23.7,36.0,37.0,26.0,26.0,26.0,26.0,26.0,10.0,14.0,10.0,30.0,53,52,52,55,55,58,58,51,51,51,51,47,48,48,45,45,42,42,49,49,49,49,55,58,No,No,No,No,No,No,No,No,No,No,No,No,No,No,No,No,No,No,No,No,No,No,No,No,No,No,No,No,No,No,No,No,No,No,No,No,55,55,49,52,0.215,0.000,0.000,0.000,0.000,0.000,0.000,0.000,1.200,16.875,10.226,6.854,0.012,17.578,2.735,0.180,0.119,45.0,12.0,55.0,55.0,14.000,300.0,3.5,0.0,0.0,0.0,0.0,642,0,0.0,0.0,0.0,0.0,21.8,1.0,48.5,57.1,0.2,0.3,76.1,4.5,7.5,62.1,2.5,1.0,0.8,11.1,39.8,39.1,0.0,24.0,0.0,0.0,8.1,0.0,0.0,0.0,62.1,11.2,0.0,99.5,0.0,95.1,92.2,28.8,97.1,98.7,98.8,1.7,0.0,3.3,1596.1,16.00,22,22,22,52,74,560,1,2,Yes,No,No,No,No,No,No,No,No,No,Yes,No,No,No,No,No,No,No,No,No,No,No,No,No,No,No,No,No,No,No,No,No,No,No,No,No,No,No,47.0,54,54,58,88.0,100.0,No,No,21506,55883,4.7,0.0,4.7,0.512,0.000,2318,833,12.430,41.633,100.0,0.000,22.9,32.1,68.5,16.0,14.9,14.8,14.8,32.1,60.1,16.2,15.1,15.0,15.0,31.18,62.69,14.61,14.39,67.42,67.42,0.69,1.99,31.18,0.00,20.12,0,
1.2.2026,21:37:8.500,6363,2033,75.7,5457,2426,69.2,0.0,1.058,0.931,1.053,1.073,1.057,1.062,1.062,1.071,1.091,1.091,1.091,0.871,0.766,2952.8,3591.2,3990.2,997.6,2992.7,2992.7,2992.7,2992.7,2992.7,2992.7,2992.7,99.8,2992.7,807.0,33.3,1822.5,3048.0,5.0,7.5,1366.7,1221.5,1291.9,730.1,101.6,49.2,6.5,1099.5,26.2,1.4,46.2,73.2,1.0,1.2,52.2,37.5,49.7,38.4,6.6,5.0,1.7,73.2,26.2,100.0,69.3,1.0,138.1,229.6,0.3,0.7,130.9,108.8,131.9,68.0,13.7,6.8,2.0,69.5,29.6,36.0,40.0,10.0,30.0,30.0,30.0,30.0,30.0,30.0,30.0,30.0,54,51,56,56,56,58,58,52,52,52,52,46,49,44,44,44,42,42,48,48,48,48,56,58,No,No,No,No,No,No,No,No,No,No,No,No,No,No,No,No,No,No,No,No,No,No,No,No,No,No,No,No,No,No,No,No,No,No,No,No,56,56,49,52,0.215,0.000,0.000,0.000,0.000,0.000,0.000,0.000,1.200,14.375,19.314,15.533,0.026,27.112,2.989,0.279,0.125,45.0,12.0,55.0,55.0,15.000,300.0,4.9,0.0,0.0,0.0,0.0,642,0,0.0,0.0,0.0,0.0,27.3,0.9,46.4,74.1,0.1,0.3,57.8,45.2,51.5,43.3,4.0,3.6,0.3,20.1,33.5,22.6,0.0,42.4,41.7,27.8,32.9,0.0,0.0,0.0,46.8,19.5,2.7,99.5,0.0,13.0,20.6,21.8,95.7,96.1,99.4,0.1,0.0,0.3,1596.1,16.00,22,22,22,52,74,560,1,2,Yes,No,No,No,No,No,No,No,No,No,Yes,No,No,No,No,No,No,No,No,No,No,No,No,No,No,No,No,No,No,No,No,No,No,No,No,No,No,No,48.0,54,54,59,88.0,100.0,No,No,21506,55883,7.0,0.0,7.0,3.391,0.000,2318,833,12.430,41.633,100.0,0.000,22.9,32.7,68.5,16.0,14.9,14.8,14.8,32.6,60.1,16.2,15.1,15.0,15.0,30.62,62.69,14.61,14.39,67.42,67.42,0.68,1.99,30.62,0.00,19.01,0,
1.2.2026,21:37:8.617,6368,2027,75.8,5458,2426,69.2,0.0,0.889,0.800,0.881,0.886,0.891,0.896,0.896,0.911,0.911,0.911,0.911,0.751,0.766,2493.9,2194.6,3291.9,2294.4,2394.1,2394.1,2394.1,2493.9,2493.9,2493.9,2493.9,99.8,1695.9,346.5,19.7,1090.8,1065.4,14.4,16.1,963.6,65.3,99.1,768.1,26.8,14.9,14.2,416.8,15.7,0.0,39.8,41.0,0.0,0.0,49.1,1.7,0.4,56.6,0.0,0.0,0.0,56.6,15.7,100.0,29.3,1.4,79.7,75.5,0.9,1.1,96.1,6.9,3.8,81.2,2.1,1.6,1.6,28.9,25.0,22.0,33.0,23.0,24.0,24.0,24.0,25.0,25.0,25.0,25.0,17.0,52,51,49,55,55,55,55,51,51,51,51,48,49,51,45,45,45,45,49,49,49,49,55,55,No,No,No,No,No,No,No,No,No,No,No,No,No,No,No,No,No,No,No,No,No,No,No,No,No,No,No,No,No,No,No,No,No,No,No,No,55,55,49,52,0.217,0.000,0.000,0.000,0.000,0.000,0.000,0.000,1.200,10.938,8.421,5.159,0.007,16.279,2.657,0.164,0.123,45.0,12.0,55.0,55.0,7.000,300.0,4.7,0.0,0.0,0.0,0.0,642,0,0.0,0.0,0.0,0.0,18.2,1.5,42.4,45.9,0.6,1.0,55.4,3.7,5.5,58.6,1.7,0.9,0.9,12.3,36.2,54.1,0.0,31.0,0.0,0.0,1.5,0.0,0.0,0.0,63.8,0.3,0.0,98.9,13.4,96.1,94.3,38.9,98.2,99.0,99.1,9.8,19.5,0.0,1596.1,16.00,22,22,22,52,74,560,1,2,Yes,No,No,No,No,No,No,No,No,No,Yes,No,No,No,No,No,No,No,No,No,No,No,No,No,No,No,No,No,No,No,No,No,No,No,No,No,No,No,46.0,54,54,58,88.0,100.0,No,No,21506,55883,1.7,20.6,22.2,0.918,10.803,2318,834,12.430,41.633,100.0,0.000,22.9,31.6,68.5,15.9,14.9,14.8,14.8,31.6,60.2,16.2,15.1,15.0,15.0,31.66,62.85,14.60,14.39,67.42,67.42,0.67,2.15,31.66,0.00,20.78,0,
1.2.2026,21:37:8.725,6368,2027,75.8,5459,2424,69.2,0.0,0.784,0.797,0.797,0.787,0.776,0.762,0.765,0.770,0.775,0.810,0.800,0.738,0.766,1576.1,1695.9,1695.9,1695.9,1695.9,1596.1,1596.1,1596.1,1596.1,997.6,1596.1,99.8,1097.3,594.4,34.6,2395.9,2058.3,5.9,155.7,831.3,626.5,346.0,316.7,326.9,22.0,13.4,806.8,25.7,0.0,60.0,50.7,35.8,32.0,41.3,36.5,18.8,21.1,11.9,0.0,0.0,60.0,25.7,100.0,52.0,0.9,184.7,156.2,0.5,16.8,93.9,64.3,36.6,41.2,26.1,2.0,1.2,52.4,15.8,17.0,17.0,17.0,17.0,16.0,16.0,16.0,16.0,10.0,16.0,11.0,52,48,46,55,55,56,55,51,51,51,51,48,52,54,45,45,44,45,49,49,49,49,56,56,No,No,No,No,No,No,No,No,No,No,No,No,No,No,No,No,No,No,No,No,No,No,No,No,No,No,No,No,No,No,No,No,No,No,No,No,55,55,49,52,0.222,0.000,0.000,0.000,0.000,0.000,0.000,0.000,1.200,19.688,16.864,13.253,0.016,24.089,2.868,0.242,0.123,45.0,12.0,55.0,55.0,11.000,300.0,3.4,0.0,0.0,0.0,0.0,642,0,0.0,0.0,0.0,0.0,22.1,1.0,60.8,49.8,0.3,14.2,39.6,40.2,20.7,19.2,18.3,0.9,0.6,9.0,19.5,42.6,0.0,10.9,0.0,0.0,9.1,7.7,0.0,0.0,62.8,14.7,7.6,85.6,47.6,57.8,76.7,68.5,71.9,98.5,99.0,1.8,3.5,0.0,1596.1,16.00,22,22,22,52,74,560,1,2,Yes,No,No,No,No,No,No,No,No,No,Yes,No,No,No,No,No,No,No,No,No,No,No,No,No,No,No,No,No,No,No,No,No,No,No,No,No,No,No,47.0,54,54,59,88.0,100.0,No,No,21506,55883,4.0,0.0,4.0,0.610,0.000,2318,834,12.430,41.633,100.0,0.000,22.9,31.6,68.5,14.9,14.8,14.8,14.8,31.6,60.4,15.0,15.0,15.0,15.0,31.62,67.27,14.59,14.39,67.42,67.42,0.66,2.26,31.62,0.00,21.55,0,
1.2.2026,21:37:8.835,6368,2027,75.8,5460,2424,69.2,0.0,1.141,1.167,1.120,1.135,1.135,1.135,1.154,1.149,1.137,1.137,1.137,1.031,0.766,3291.9,4289.5,4289.5,3391.7,3391.7,3391.7,3192.2,3192.2,3391.7,3391.7,997.6,99.8,3691.0,682.1,28.0,617.6,1478.3,3.8,4.5,1827.9,2272.5,231.3,1382.0,213.7,103.1,23.0,808.0,21.3,0.0,13.9,37.4,0.0,0.0,59.3,82.4,4.8,52.1,5.0,0.0,0.0,82.4,21.3,100.0,57.8,3.1,43.7,107.3,0.1,0.3,169.2,215.5,16.8,111.8,16.1,7.3,1.8,56.9,33.0,43.0,43.0,34.0,34.0,34.0,32.0,32.0,34.0,34.0,10.0,37.0,56,51,62,58,58,58,58,54,54,54,54,44,49,38,42,42,42,42,46,46,46,46,64,62,No,No,No,No,No,No,No,No,No,No,No,No,No,No,No,No,No,No,No,No,No,No,No,No,No,No,No,No,No,No,No,No,No,No,No,No,61,61,49,52,0.217,0.000,0.000,0.000,0.000,0.000,0.000,0.000,1.200,19.375,13.246,9.722,0.014,20.789,2.852,0.201,0.122,45.0,12.0,55.0,55.0,20.000,300.0,5.4,0.0,0.0,0.0,0.0,642,0,0.0,0.0,0.0,0.0,25.4,1.5,17.0,41.3,0.3,0.2,68.8,92.9,7.5,64.5,6.6,3.3,0.8,15.3,52.6,42.4,0.0,23.5,5.2,0.0,29.8,0.0,0.0,0.0,50.3,0.0,7.5,99.6,7.5,2.0,92.2,5.6,93.1,96.4,98.9,18.7,29.1,8.4,1596.1,16.00,22,22,22,52,74,560,1,2,Yes,No,No,No,No,No,No,No,No,No,Yes,No,No,No,No,No,No,No,No,No,No,No,No,No,No,No,No,No,No,No,No,No,No,No,No,No,No,No,47.0,54,54,60,88.0,100.0,No,No,21506,55883,3.7,4.4,8.1,0.108,1.914,2318,834,12.430,41.633,100.0,0.000,22.9,31.6,68.5,14.9,14.8,14.8,14.8,31.6,60.4,15.0,15.0,15.0,15.0,31.63,67.26,14.60,14.39,67.42,67.42,0.67,2.74,31.63,0.00,21.94,0,
1.2.2026,21:37:8.933,6368,2027,75.8,5460,2424,69.2,0.0,1.082,1.102,1.085,1.085,1.085,1.085,1.125,1.120,0.990,1.135,1.005,1.028,0.766,3192.2,4289.5,4289.5,3192.2,3192.2,3192.2,3192.2,997.6,3192.2,3192.2,3192.2,99.8,3691.0,791.6,63.7,1863.7,3427.6,30.5,23.3,1063.2,905.8,748.0,886.9,448.4,16.2,22.4,1015.7,24.5,0.0,44.0,78.7,0.0,0.0,30.2,29.4,30.0,47.7,33.1,0.8,0.0,78.7,24.5,100.0,71.0,1.5,143.1,262.8,1.4,2.2,94.4,87.6,89.8,98.3,63.1,5.1,2.6,71.7,32.0,43.0,43.0,32.0,32.0,32.0,32.0,10.0,32.0,32.0,32.0,37.0,56,47,57,61,61,61,61,53,53,53,53,44,53,43,39,39,39,39,47,47,47,47,58,61,No,No,No,No,No,No,No,No,No,No,No,No,No,No,No,No,No,No,No,No,No,No,No,No,No,No,No,No,No,No,No,No,No,No,No,No,61,61,50,52,0.222,0.000,0.000,0.000,0.000,0.000,0.000,0.000,1.200,9.688,20.510,16.536,0.011,27.938,3.223,0.260,0.116,45.0,12.0,55.0,55.0,13.000,300.0,4.4,0.0,0.0,0.0,0.0,642,0,0.0,0.0,0.0,0.0,26.0,1.1,45.3,80.0,0.7,0.8,38.9,34.0,29.1,50.6,30.4,0.7,0.8,16.3,38.3,10.1,0.0,35.4,35.6,15.5,10.6,17.8,0.0,0.0,49.2,0.0,2.9,98.8,24.1,29.0,54.0,36.1,49.5,98.8,98.7,9.9,13.4,6.3,1596.1,16.00,22,22,22,52,74,560,1,2,Yes,No,No,No,No,No,No,No,No,No,Yes,No,No,No,No,No,No,No,No,No,No,No,No,No,No,No,No,No,No,No,No,No,No,No,No,No,No,No,47.0,54,54,60,88.0,100.0,No,No,21506,55883,5.1,0.0,5.1,0.240,0.000,2318,834,12.430,41.633,100.0,0.000,22.9,31.1,67.2,14.9,14.8,14.8,14.8,31.1,61.4,15.0,15.0,15.0,15.0,32.20,67.27,14.89,14.42,67.42,67.42,0.67,2.29,32.20,0.00,21.63,0,
1.2.2026,21:37:9.044,6363,2032,75.7,5456,2428,69.2,0.0,1.100,0.842,1.091,1.131,1.116,1.151,1.151,1.136,1.106,1.136,1.136,0.768,0.766,3042.6,2593.7,4289.5,3192.2,3192.2,997.6,3192.2,3192.2,3192.2,3291.9,3291.9,99.8,1995.1,448.7,20.1,1485.5,1468.0,3.3,3.0,1009.5,31.8,7.5,1341.6,8.1,2.8,3.0,503.6,17.4,0.0,35.1,37.3,0.0,0.0,56.3,0.8,0.0,79.0,0.0,0.0,0.0,79.0,17.4,100.0,37.4,0.8,92.5,107.0,0.2,0.2,102.2,8.0,0.7,135.7,0.7,0.2,0.2,37.5,30.5,26.0,43.0,32.0,32.0,10.0,32.0,32.0,32.0,33.0,33.0,20.0,53,54,44,56,56,56,56,52,51,51,51,47,46,56,44,44,44,44,48,49,49,49,56,56,No,No,No,No,No,No,No,No,No,No,No,No,No,No,No,No,No,No,No,No,No,No,No,No,No,No,No,No,No,No,No,No,No,No,No,No,58,58,49,52,0.222,0.000,0.000,0.000,0.000,0.000,0.000,0.000,1.200,9.375,11.980,8.811,0.005,19.235,2.531,0.186,0.122,45.0,12.0,55.0,55.0,8.000,300.0,3.7,0.0,0.0,0.0,0.0,642,0,0.0,0.0,0.0,0.0,19.7,1.1,44.9,40.9,0.2,0.2,60.6,1.7,0.4,85.6,0.7,0.2,0.2,13.9,51.0,35.1,0.0,39.2,0.0,0.0,13.6,0.0,0.0,0.0,59.8,0.0,2.4,99.6,0.2,98.1,99.4,0.4,99.1,99.6,99.6,14.1,7.3,20.9,1596.1,16.00,22,22,22,52,74,560,1,2,Yes,No,No,No,No,No,No,No,No,No,Yes,No,No,No,No,No,No,No,No,No,No,No,No,No,No,No,No,No,No,No,No,No,No,No,No,No,No,No,47.0,54,54,58,88.0,100.0,No,No,21506,55883,3.5,0.0,3.5,0.424,0.000,2318,834,12.430,41.633,100.0,0.000,22.9,32.2,67.5,14.9,14.8,14.8,14.8,32.2,61.4,15.0,15.0,15.0,15.0,31.03,67.27,14.82,14.41,67.42,67.42,0.66,2.39,31.03,0.00,20.39,0,
1.2.2026,21:37:9.149,6368,2028,75.8,5456,2427,69.2,0.0,0.801,0.806,0.792,0.802,0.797,0.807,0.806,0.801,0.801,0.801,0.801,0.756,0.766,1815.6,2394.1,2394.1,1695.9,1695.9,1795.6,1795.6,997.6,1795.6,1795.6,1795.6,99.8,1795.6,557.0,30.9,1574.6,2906.1,11.8,13.2,1051.1,179.6,110.3,761.5,15.0,15.8,14.5,734.7,19.2,0.0,44.0,68.9,0.0,0.0,58.6,6.0,0.0,53.4,0.0,0.0,0.0,68.9,19.2,100.0,48.8,0.8,128.9,210.6,0.6,1.1,122.8,19.7,11.2,85.9,1.4,1.3,1.2,48.8,18.2,24.0,24.0,17.0,17.0,18.0,18.0,10.0,18.0,18.0,18.0,18.0,53,51,51,55,55,55,55,53,53,52,52,47,49,49,45,45,45,45,47,47,48,48,56,55,No,No,No,No,No,No,No,No,No,No,No,No,No,No,No,No,No,No,No,No,No,No,No,No,No,No,No,No,No,No,No,No,No,No,No,No,56,56,49,52,0.222,0.000,0.000,0.000,0.000,0.000,0.000,0.000,1.200,8.125,15.446,12.053,0.025,22.751,2.628,0.253,0.124,45.0,12.0,55.0,55.0,11.000,300.0,4.5,0.0,0.0,0.0,0.0,642,0,0.0,0.0,0.0,0.0,20.3,1.0,40.9,74.4,0.4,0.5,57.6,6.5,8.5,51.8,0.6,0.6,0.6,8.5,21.2,6.3,0.0,42.4,0.0,0.0,14.6,0.0,0.0,0.0,63.0,6.6,10.9,99.1,0.0,93.0,91.2,32.5,98.9,98.9,99.0,16.2,25.0,7.3,1596.1,16.00,22,22,22,52,74,560,1,2,Yes,No,No,No,No,No,No,No,No,No,Yes,No,No,No,No,No,No,No,No,No,No,No,No,No,No,No,No,No,No,No,No,No,No,No,No,No,No,No,47.0,54,54,58,88.0,100.0,No,No,21506,55883,4.5,0.0,4.5,0.134,0.000,2318,834,12.430,41.633,100.0,0.000,22.9,30.0,67.5,12.6,12.0,12.0,12.0,30.0,61.4,12.7,12.0,12.0,12.0,33.31,79.23,14.81,14.41,83.57,83.57,0.66,2.96,33.31,0.00,23.04,0,
1.2.2026,21:37:9.261,6367,2028,75.8,5457,2427,69.2,0.0,1.122,1.158,1.103,1.103,1.098,1.153,1.153,1.108,1.108,1.118,1.118,1.031,0.766,2972.7,4289.5,4289.5,997.6,3192.2,3192.2,3192.2,997.6,3192.2,3192.2,3192.2,99.8,3691.0,512.4,15.2,1358.6,1960.9,3.0,2.4,1347.4,150.7,5.2,1280.9,11.0,11.3,2.2,605.5,24.2,0.0,34.9,43.0,11.9,12.0,82.8,2.2,12.0,55.4,12.2,12.0,12.0,82.8,24.2,100.0,39.7,0.8,89.9,121.0,0.1,0.1,137.4,10.0,0.4,115.0,1.1,0.1,0.1,39.6,29.8,43.0,43.0,10.0,32.0,32.0,32.0,10.0,32.0,32.0,32.0,37.0,55,52,66,56,56,56,56,53,53,53,53,45,48,34,44,44,44,44,47,47,47,47,64,66,No,No,No,No,No,No,No,No,No,No,No,No,No,No,No,No,No,No,No,No,No,No,No,No,No,No,No,No,No,No,No,No,No,No,No,No,60,60,49,52,0.222,0.000,0.000,0.000,0.000,0.000,0.000,0.000,1.200,20.000,15.446,12.053,0.025,22.751,2.628,0.253,0.124,45.0,12.0,55.0,55.0,21.000,300.0,1.4,0.0,0.0,0.0,0.0,642,0,0.0,0.0,0.0,0.0,21.1,0.6,41.0,52.7,0.1,0.1,84.8,7.7,0.2,64.3,0.6,0.6,0.1,13.5,53.1,42.7,0.0,15.3,0.0,0.0,23.8,0.0,0.0,0.0,60.6,0.0,4.6,99.7,0.0,91.9,99.6,11.5,99.2,99.3,99.8,2.5,5.1,0.0,1596.1,16.00,22,22,22,52,74,560,1,2,Yes,No,No,No,No,No,No,No,No,No,Yes,No,No,No,No,No,No,No,No,No,No,No,No,No,No,No,No,No,No,No,No,No,No,No,No,No,No,No,47.0,54,54,58,88.0,100.0,No,No,21506,55883,5.4,0.0,5.4,1.235,0.000,2318,834,12.430,41.633,100.0,0.000,22.9,31.1,67.5,12.6,12.0,12.0,12.0,31.1,61.5,12.7,12.0,12.0,12.0,32.14,79.23,14.81,14.41,83.57,83.57,0.66,2.96,32.14,0.00,24.26,0,
1.2.2026,21:37:9.381,6367,2029,75.8,5458,2426,69.2,0.0,0.815,0.838,0.817,0.812,0.807,0.807,0.822,0.814,0.819,0.819,0.799,0.768,0.766,1925.3,2593.7,2593.7,1795.6,1795.6,1895.4,1895.4,997.6,1895.4,1895.4,1895.4,99.8,1995.1,580.2,21.1,2568.4,1654.1,3.1,5.3,919.0,957.8,177.6,608.7,26.2,10.8,10.6,788.3,24.7,10.7,66.5,49.1,0.0,0.0,53.8,61.4,19.1,36.0,0.0,0.0,0.0,66.5,24.7,100.0,51.0,0.7,198.0,133.2,0.1,0.4,92.5,103.1,18.1,61.3,1.6,1.9,0.9,50.9,19.3,26.0,26.0,18.0,18.0,19.0,19.0,10.0,19.0,19.0,19.0,20.0,54,51,50,57,57,57,57,52,52,52,52,46,49,50,43,43,43,43,48,48,48,48,56,57,No,No,No,No,No,No,No,No,No,No,No,No,No,No,No,No,No,No,No,No,No,No,No,No,No,No,No,No,No,No,No,No,No,No,No,No,58,58,49,52,0.222,0.000,0.000,0.000,0.000,0.000,0.000,0.000,1.200,6.875,12.538,9.397,0.019,19.797,2.482,0.176,0.123,45.0,12.0,55.0,55.0,6.000,300.0,5.1,0.0,0.0,0.0,0.0,642,0,0.0,0.0,0.0,0.0,22.0,0.8,63.4,43.4,0.2,0.2,53.9,57.5,10.7,31.5,1.3,0.5,0.5,15.4,32.4,28.3,0.0,46.2,14.7,0.0,32.7,0.0,0.0,0.0,56.4,2.7,17.4,99.5,0.0,25.7,88.9,32.6,98.4,99.2,99.2,5.1,0.8,9.5,1596.1,16.00,22,22,22,52,74,560,1,2,Yes,No,No,No,No,No,No,No,No,No,Yes,No,No,No,No,No,No,No,No,No,No,No,No,No,No,No,No,No,No,No,No,No,No,No,No,No,No,No,47.0,54,54,59,88.0,100.0,No,No,21506,55883,4.4,0.0,4.4,0.247,0.000,2318,834,12.430,41.633,100.0,0.000,22.9,31.1,62.3,12.0,12.0,12.0,12.0,31.1,61.5,12.0,12.0,12.0,12.0,32.13,83.51,16.05,16.01,83.57,83.57,0.63,2.59,32.13,0.00,25.87,0,
1.2.2026,21:37:9.491,6361,2035,75.7,5457,2426,69.2,0.0,1.102,0.922,1.117,1.112,1.099,1.120,1.120,1.130,1.165,1.130,1.104,0.843,0.766,3102.4,3391.7,4289.5,3192.2,3192.2,3192.2,3192.2,997.6,3192.2,3192.2,3192.2,99.8,2793.2,324.5,21.6,692.2,1247.3,7.2,5.2,771.6,376.9,54.8,550.5,143.6,17.4,5.4,397.1,18.2,0.0,26.9,40.4,0.0,0.0,64.0,27.6,1.2,41.9,16.4,0.0,0.0,64.0,18.2,100.0,28.5,1.0,53.1,77.3,0.1,0.1,86.9,40.2,5.2,63.5,13.0,1.6,0.2,28.6,31.1,34.0,43.0,32.0,32.0,32.0,32.0,10.0,32.0,32.0,32.0,28.0,54,54,58,55,55,55,55,51,51,51,52,46,46,42,45,45,45,45,49,49,49,48,58,58,No,No,No,No,No,No,No,No,No,No,No,No,No,No,No,No,No,No,No,No,No,No,No,No,No,No,No,No,No,No,No,No,No,No,No,No,55,55,49,52,0.222,0.000,0.000,0.000,0.000,0.000,0.000,0.000,1.200,11.250,17.402,13.701,0.013,24.680,2.977,0.245,0.123,45.0,12.0,55.0,55.0,11.000,300.0,3.0,0.0,0.0,0.0,0.0,642,0,0.0,0.0,0.0,0.0,18.4,1.0,28.2,46.5,0.3,0.2,61.6,29.9,2.7,41.0,8.4,1.0,0.3,9.2,33.7,14.9,0.0,33.6,1.4,0.0,8.4,0.0,0.0,0.0,64.1,33.7,0.0,99.6,4.5,67.9,97.0,48.3,91.3,98.8,99.6,20.3,3.5,37.1,1596.1,16.00,22,22,22,52,74,560,1,2,Yes,No,No,No,No,No,No,No,No,No,Yes,No,No,No,No,No,No,No,No,No,No,No,No,No,No,No,No,No,No,No,No,No,No,No,No,No,No,No,47.0,54,54,59,88.0,100.0,No,No,21506,55883,2.9,0.0,2.9,0.477,0.000,2318,834,12.430,41.633,100.0,0.000,22.9,30.6,62.3,12.0,12.0,12.0,12.0,30.6,61.5,12.0,12.0,12.0,12.0,32.70,83.51,16.04,16.01,83.57,83.57,0.64,2.08,32.70,0.00,28.07,0,
1.2.2026,21:37:9.603,6361,2035,75.7,5465,2419,69.3,0.0,1.006,0.778,0.778,0.813,0.936,0.946,1.129,1.134,1.174,1.189,1.179,0.726,0.766,2693.4,1596.1,1695.9,1895.4,2892.9,2892.9,3192.2,3192.2,3192.2,3192.2,3192.2,99.8,997.6,411.6,28.3,989.2,872.9,3.9,3.0,876.8,976.9,599.4,545.5,33.2,7.3,3.3,543.8,18.0,0.0,25.5,30.0,0.0,0.0,45.3,57.6,29.9,27.4,0.0,0.0,0.0,57.6,18.0,100.0,39.4,0.6,75.8,86.4,0.5,0.5,89.3,98.6,58.9,52.7,8.2,0.8,0.5,39.4,27.0,16.0,17.0,19.0,29.0,29.0,32.0,32.0,32.0,32.0,32.0,10.0,51,47,47,55,55,55,55,49,49,49,49,49,53,53,45,45,45,45,51,51,51,51,55,55,No,No,No,No,No,No,No,No,No,No,No,No,No,No,No,No,No,No,No,No,No,No,No,No,No,No,No,No,No,No,No,No,No,No,No,No,55,55,49,52,0.222,0.000,0.000,0.000,0.000,0.000,0.000,0.000,1.200,5.938,6.691,3.456,0.020,14.432,2.575,0.179,0.122,45.0,12.0,55.0,55.0,1.000,300.0,3.9,0.0,0.0,0.0,0.0,642,0,0.0,0.0,0.0,0.0,20.0,1.2,27.8,26.4,0.4,0.2,51.2,62.0,35.2,33.4,1.5,0.4,0.2,11.9,14.5,28.1,0.0,46.7,7.0,0.0,23.1,0.0,0.0,0.0,58.2,23.8,24.8,99.7,1.8,29.6,63.6,41.5,98.2,99.4,99.5,25.0,31.5,18.6,1596.1,16.00,22,22,22,52,74,560,1,2,Yes,No,No,No,No,No,No,No,No,No,Yes,No,No,No,No,No,No,No,No,No,No,No,No,No,No,No,No,No,No,No,No,No,No,No,No,No,No,No,47.0,54,54,58,88.0,100.0,No,No,21506,55883,2.3,0.0,2.3,0.032,0.000,2318,834,12.430,41.633,100.0,0.000,22.9,28.9,62.3,11.9,11.9,11.9,11.9,28.9,61.5,12.0,12.0,12.0,12.0,34.63,83.95,16.04,16.01,84.07,84.07,0.65,2.40,34.63,0.00,31.07,0,
1.2.2026,21:37:9.712,6362,2033,75.7,5465,2419,69.3,0.0,1.120,0.982,1.138,1.103,1.143,1.163,1.183,1.113,1.126,1.126,1.126,0.898,0.766,3142.3,3790.7,4289.5,3192.2,3192.2,997.6,3192.2,3192.2,3192.2,3192.2,3192.2,99.8,3192.2,416.8,29.7,1330.3,1395.8,7.1,6.7,893.3,236.9,268.4,784.6,20.1,22.5,6.7,521.0,22.0,0.0,53.3,42.7,0.0,0.0,59.7,8.9,16.0,60.4,11.4,11.5,0.0,60.4,22.0,100.0,36.8,1.5,101.5,94.4,0.3,0.5,99.9,21.8,33.2,83.9,1.9,2.3,0.5,36.8,31.5,38.0,43.0,32.0,32.0,10.0,32.0,32.0,32.0,32.0,32.0,32.0,54,53,60,56,56,56,56,51,51,51,51,46,47,40,44,44,44,44,49,49,49,49,58,60,No,No,No,No,No,No,No,No,No,No,No,No,No,No,No,No,No,No,No,No,No,No,No,No,No,No,No,No,No,No,No,No,No,No,No,No,56,56,49,52,0.222,0.000,0.000,0.000,0.000,0.000,0.000,0.000,1.200,19.688,9.910,6.683,0.008,17.353,2.563,0.204,0.123,45.0,12.0,55.0,55.0,21.000,300.0,4.2,0.0,0.0,0.0,0.0,642,0,0.0,0.0,0.0,0.0,21.7,1.4,55.3,48.2,0.4,0.4,59.7,12.4,16.4,63.4,1.0,1.0,0.5,6.4,12.6,11.5,0.0,31.6,0.0,0.0,8.1,0.0,0.0,0.0,60.0,0.0,0.0,99.3,8.4,86.7,82.9,26.7,98.6,98.6,99.2,34.2,30.4,38.1,1596.1,16.00,22,22,22,52,74,560,1,2,Yes,No,No,No,No,No,No,No,No,No,Yes,No,No,No,No,No,No,No,No,No,No,No,No,No,No,No,No,No,No,No,No,No,No,No,No,No,No,No,47.0,54,54,59,88.0,100.0,No,No,21506,55883,5.0,0.0,5.0,0.372,0.000,2319,834,12.430,41.633,100.0,0.000,22.9,30.5,63.2,11.9,11.9,11.9,11.9,30.5,61.5,12.0,12.0,12.0,12.0,32.74,83.93,15.83,15.78,84.07,84.07,0.65,2.48,32.74,0.00,29.66,0,
1.2.2026,21:37:9.808,6363,2033,75.7,5465,2419,69.3,0.0,0.768,0.810,0.790,0.810,0.755,0.680,0.760,0.768,0.768,0.768,0.768,0.756,0.766,1685.9,2394.1,2294.4,1596.1,1596.1,997.6,1596.1,1596.1,1596.1,1596.1,1596.1,99.8,1795.6,446.5,23.4,701.9,2189.3,4.2,3.6,957.6,703.4,29.9,684.0,18.0,15.1,28.3,576.7,19.0,0.0,22.4,59.3,0.0,0.0,59.1,41.6,0.0,45.4,0.0,0.0,0.0,59.3,19.0,100.0,41.9,0.6,53.4,176.8,0.2,0.2,107.1,82.0,3.9,73.4,1.7,1.3,2.7,42.0,16.9,24.0,23.0,16.0,16.0,10.0,16.0,16.0,16.0,16.0,16.0,18.0,52,47,48,55,55,55,55,51,50,50,50,48,53,52,45,45,45,45,49,50,50,50,54,55,No,No,No,No,No,No,No,No,No,No,No,No,No,No,No,No,No,No,No,No,No,No,No,No,No,No,No,No,No,No,No,No,No,No,No,No,55,55,49,52,0.222,0.000,0.000,0.000,0.000,0.000,0.000,0.000,1.200,4.063,9.056,5.509,0.015,17.253,2.836,0.219,0.124,45.0,12.0,55.0,55.0,2.000,300.0,3.4,0.0,0.0,0.0,0.0,642,0,0.0,0.0,0.0,0.0,20.0,1.0,24.6,58.5,0.2,0.3,60.9,42.5,1.3,48.2,0.9,0.7,1.4,13.2,39.8,18.1,0.0,39.1,7.4,0.0,27.3,0.0,0.0,0.0,58.1,0.0,16.9,99.5,0.0,48.4,98.3,22.7,98.6,98.9,98.2,19.4,33.0,5.7,1596.1,16.00,22,22,22,52,74,560,1,2,Yes,No,No,No,No,No,No,No,No,No,Yes,No,No,No,No,No,No,No,No,No,No,No,No,No,No,No,No,No,No,No,No,No,No,No,No,No,No,No,48.0,54,54,59,88.0,100.0,No,No,21506,55883,5.3,0.0,5.3,0.136,0.000,2319,834,12.429,41.633,100.0,0.000,22.9,31.1,63.2,11.9,11.9,11.9,11.9,31.1,60.7,12.0,12.0,12.0,12.0,32.12,83.94,15.83,15.78,84.07,84.07,0.63,2.19,32.12,0.00,28.90,0,
1.2.2026,21:37:9.915,6362,2034,75.7,5464,2420,69.2,0.0,0.868,1.093,0.853,0.858,0.838,0.858,0.843,0.838,0.843,0.823,0.828,0.971,0.766,2334.3,4189.8,3092.4,2194.6,2194.6,2194.6,2194.6,997.6,2094.9,2094.9,2094.9,99.8,3491.5,493.8,22.6,1243.4,1876.5,121.3,6.9,853.4,907.3,155.5,663.4,43.3,25.2,6.5,648.3,27.7,0.0,38.7,65.8,13.5,11.2,47.1,61.7,18.7,40.4,12.6,11.9,11.2,65.8,27.7,100.0,44.6,0.9,89.8,145.6,9.5,0.5,94.7,98.9,16.1,72.2,4.2,2.6,0.5,44.6,23.4,42.0,31.0,22.0,22.0,22.0,22.0,10.0,21.0,21.0,21.0,35.0,55,60,50,58,58,58,58,52,52,52,52,45,40,50,42,42,42,42,48,48,48,48,60,60,No,No,No,No,No,No,No,No,No,No,No,No,No,No,No,No,No,No,No,No,No,No,No,No,No,No,No,No,No,No,No,No,No,No,No,No,65,65,49,52,0.222,0.000,0.000,0.000,0.000,0.000,0.000,0.000,1.200,14.688,13.078,9.661,0.013,20.812,2.716,0.219,0.123,45.0,12.0,55.0,55.0,13.000,300.0,3.7,0.0,0.0,0.0,0.0,642,0,0.0,0.0,0.0,0.0,23.3,0.9,42.3,66.4,2.8,0.3,48.1,63.7,9.2,41.7,2.3,1.1,0.3,4.8,0.6,4.7,0.0,38.2,1.5,0.0,2.7,0.0,0.0,0.0,58.8,0.0,3.9,99.5,12.6,33.4,90.4,53.0,97.3,98.6,99.5,39.5,55.0,24.0,1596.1,16.00,22,22,22,52,74,560,1,2,Yes,No,No,No,No,No,No,No,No,No,Yes,No,No,No,No,No,No,No,No,No,No,No,No,No,No,No,No,No,No,No,No,No,No,No,No,No,No,No,48.0,54,54,58,88.0,100.0,No,No,21506,55883,4.0,24.0,28.0,0.153,13.501,2319,836,12.429,41.633,100.0,0.000,22.9,29.4,63.2,11.9,11.9,11.9,11.9,29.4,60.8,12.0,12.0,12.0,12.0,33.97,84.02,15.83,15.77,84.07,84.07,0.64,2.36,33.97,0.00,35.59,0,
1.2.2026,21:37:10.027,6340,2056,75.5,5454,2430,69.1,0.0,0.796,0.807,0.789,0.794,0.789,0.794,0.799,0.797,0.797,0.797,0.792,0.751,0.766,1576.1,1795.6,399.0,1795.6,1795.6,1795.6,1795.6,997.6,1795.6,1795.6,1795.6,99.8,1197.1,440.8,36.2,944.9,2038.6,10.1,13.2,751.8,716.3,52.6,641.0,11.2,66.0,8.1,570.4,19.3,0.0,29.6,53.8,0.0,0.0,49.5,45.4,2.7,47.2,0.0,2.9,0.0,53.8,19.3,100.0,40.0,1.1,77.5,155.7,0.6,1.3,80.8,79.2,6.7,68.2,1.3,6.9,0.7,40.0,15.8,18.0,4.0,18.0,18.0,18.0,18.0,10.0,18.0,18.0,18.0,12.0,51,47,47,54,54,54,54,50,50,50,50,49,53,53,46,46,46,46,50,50,50,50,55,54,No,No,No,No,No,No,No,No,No,No,No,No,No,No,No,No,No,No,No,No,No,No,No,No,No,No,No,No,No,No,No,No,No,No,No,No,56,56,49,52,0.217,0.000,0.000,0.000,0.000,0.000,0.000,0.000,1.200,3.125,10.972,7.497,0.008,18.806,2.793,0.210,0.134,45.0,12.0,55.0,55.0,2.000,300.0,4.3,0.0,0.0,0.0,0.0,642,0,0.0,0.0,0.0,0.0,20.2,1.2,29.1,55.1,0.3,0.5,52.0,45.8,3.4,49.9,0.5,4.3,0.4,11.3,15.9,43.5,0.0,48.1,0.0,0.0,5.6,0.0,0.0,0.0,58.5,0.0,1.3,99.3,0.0,52.5,96.3,41.7,99.3,95.4,99.3,24.5,49.1,0.0,1596.1,16.00,22,22,22,52,74,560,1,2,Yes,No,No,No,No,No,No,No,No,No,Yes,No,No,No,No,No,No,No,No,No,No,No,No,No,No,No,No,No,No,No,No,No,No,No,No,No,No,No,47.0,54,54,58,88.0,100.0,No,No,21506,55883,3.7,0.0,3.7,0.112,0.000,2319,836,12.429,41.633,100.0,0.000,22.9,26.9,63.1,11.9,11.9,11.9,11.9,26.9,60.8,12.0,12.0,12.0,12.0,37.20,84.02,15.84,15.78,84.07,84.07,0.68,2.88,37.20,0.00,38.74,0,
1.2.2026,21:37:10.142,6361,2035,75.7,5454,2430,69.1,0.0,1.089,0.930,1.086,1.076,1.101,1.111,1.126,1.111,1.121,1.106,1.121,0.871,0.766,2823.1,3591.2,4189.8,1496.3,2992.7,2992.7,2992.7,997.6,2992.7,2992.7,2992.7,99.8,2992.7,497.6,19.0,1350.1,1760.3,4.6,3.5,1318.3,721.6,54.0,666.4,56.4,7.5,9.6,653.9,19.0,0.0,33.0,48.8,0.0,0.0,75.2,30.4,0.0,39.2,0.7,0.0,0.0,75.2,19.0,100.0,43.7,0.7,103.1,130.1,0.1,0.2,142.6,67.8,5.8,67.2,6.1,0.5,0.8,43.7,28.3,36.0,42.0,15.0,30.0,30.0,30.0,10.0,30.0,30.0,30.0,30.0,54,52,57,56,56,56,56,51,51,51,51,46,48,43,44,44,44,44,49,49,49,49,57,57,No,No,No,No,No,No,No,No,No,No,No,No,No,No,No,No,No,No,No,No,No,No,No,No,No,No,No,No,No,No,No,No,No,No,No,No,59,59,49,52,0.222,0.000,0.000,0.000,0.000,0.000,0.000,0.000,1.200,15.625,12.029,8.641,0.023,19.426,2.685,0.213,0.123,45.0,12.0,55.0,55.0,11.000,300.0,5.6,0.0,0.0,0.0,0.0,642,0,0.0,0.0,0.0,0.0,21.1,0.8,35.1,52.1,0.3,0.2,77.3,38.7,1.9,43.2,2.7,0.4,0.5,12.8,22.7,37.9,0.0,22.8,19.5,0.0,24.7,0.0,0.0,0.0,57.6,1.7,10.0,99.5,0.0,40.8,97.8,30.5,96.9,99.2,99.2,19.2,38.5,0.0,1596.1,16.00,22,22,22,52,74,560,1,2,Yes,No,No,No,No,No,No,No,No,No,Yes,No,No,No,No,No,No,No,No,No,No,No,No,No,No,No,No,No,No,No,No,No,No,No,No,No,No,No,47.0,54,54,61,88.0,100.0,No,No,21506,55883,3.7,0.0,3.7,0.085,0.000,2319,836,12.429,41.633,100.0,0.000,22.9,26.9,63.1,11.9,11.9,11.9,11.9,26.9,60.5,12.0,12.0,12.0,12.0,37.17,84.02,15.84,15.78,84.07,84.07,0.72,2.80,37.17,0.00,38.69,0,
1.2.2026,21:37:10.257,6361,2035,75.7,5454,2430,69.1,0.0,1.130,0.893,1.156,1.166,1.166,1.171,1.171,1.145,1.145,1.145,1.145,0.828,0.766,2892.9,1995.1,4588.8,3391.7,997.6,3391.7,3391.7,997.6,3391.7,3391.7,3391.7,99.8,1795.6,400.9,15.1,1555.1,1140.1,1.9,2.2,831.7,300.7,18.0,926.7,9.2,7.4,2.3,483.1,21.7,11.5,48.1,41.8,0.0,0.0,61.8,28.6,0.0,68.3,0.0,0.0,0.0,68.3,21.7,100.0,36.8,0.6,120.0,94.9,0.1,0.2,89.1,35.2,1.8,97.9,0.9,0.7,0.2,36.8,29.0,20.0,46.0,34.0,10.0,34.0,34.0,10.0,34.0,34.0,34.0,18.0,52,47,46,55,55,55,55,51,51,51,51,48,53,54,45,45,45,45,49,49,49,49,55,55,No,No,No,No,No,No,No,No,No,No,No,No,No,No,No,No,No,No,No,No,No,No,No,No,No,No,No,No,No,No,No,No,No,No,No,No,54,54,49,52,0.217,0.000,0.000,0.000,0.000,0.000,0.000,0.000,1.200,9.063,12.368,8.736,0.020,20.407,2.910,0.226,0.124,45.0,12.0,55.0,55.0,3.000,300.0,2.7,0.0,0.0,0.0,0.0,642,0,0.0,0.0,0.0,0.0,18.4,0.7,42.0,32.5,0.1,0.1,59.5,17.5,0.9,67.1,0.3,0.2,0.1,17.7,40.6,67.5,0.0,40.5,4.1,0.0,24.3,0.0,0.0,0.0,59.9,17.0,0.0,99.8,0.0,77.0,99.0,7.3,99.5,99.6,99.8,0.0,0.0,0.0,1596.1,16.00,22,22,22,52,74,560,1,2,Yes,No,No,No,No,No,No,No,No,No,Yes,No,No,No,No,No,No,No,No,No,No,No,No,No,No,No,No,No,No,No,No,No,No,No,No,No,No,No,47.0,54,54,59,88.0,100.0,No,No,21506,55883,3.4,0.0,3.4,0.282,0.000,2319,836,12.429,41.633,100.0,0.000,22.9,27.7,63.1,11.9,11.9,11.9,11.9,27.7,60.5,12.0,12.0,12.0,12.0,36.11,84.03,15.84,15.78,84.07,84.07,0.73,2.65,36.11,0.00,39.12,0,
1.2.2026,21:37:10.361,6361,2035,75.7,5455,2429,69.1,0.0,1.122,1.155,1.118,1.108,1.108,1.113,1.113,1.138,1.158,1.090,1.125,1.028,0.766,3411.7,4289.5,4289.5,3192.2,3192.2,3192.2,3192.2,3192.2,3192.2,3192.2,3192.2,99.8,3691.0,422.6,25.7,1247.2,1877.3,6.7,5.0,720.9,229.1,48.5,832.2,20.3,8.2,50.3,520.1,27.4,0.0,50.2,59.1,11.0,11.1,53.1,6.7,22.0,51.5,21.3,20.9,22.0,59.1,27.4,100.0,36.2,0.9,95.3,128.8,0.3,0.4,83.5,17.2,5.0,95.0,2.0,0.7,5.6,36.2,34.2,43.0,43.0,32.0,32.0,32.0,32.0,32.0,32.0,32.0,32.0,37.0,55,54,64,55,55,55,55,52,52,52,52,45,46,36,45,45,45,45,48,48,48,48,58,64,No,No,No,No,No,No,No,No,No,No,No,No,No,No,No,No,No,No,No,No,No,No,No,No,No,No,No,No,No,No,No,No,No,No,No,No,60,60,49,52,0.222,0.000,0.000,0.000,0.000,0.000,0.000,0.000,1.200,20.313,11.571,8.158,0.015,19.151,2.738,0.197,0.123,45.0,12.0,55.0,55.0,21.000,300.0,3.3,0.0,0.0,0.0,0.0,642,0,0.0,0.0,0.0,0.0,19.8,1.1,51.9,63.5,0.3,0.2,51.1,13.8,1.7,51.3,0.8,0.4,1.7,3.1,0.1,8.3,0.0,17.9,0.0,0.0,4.6,0.0,0.0,0.0,71.4,34.7,28.2,99.6,29.6,85.5,97.9,42.4,98.9,99.4,98.1,6.0,12.1,0.0,1596.1,16.00,22,22,22,52,74,560,1,2,Yes,No,No,No,No,No,No,No,No,No,Yes,No,No,No,No,No,No,No,No,No,No,No,No,No,No,No,No,No,No,No,No,No,No,No,No,No,No,No,47.0,54,54,59,88.0,100.0,No,No,21506,55883,3.6,0.0,3.6,0.249,0.000,2319,836,12.429,41.633,100.0,0.000,22.9,25.4,63.2,10.4,10.1,10.1,10.1,25.4,60.5,10.4,10.0,10.0,10.0,39.40,96.16,15.83,15.78,99.37,99.37,0.81,3.58,39.40,0.00,41.92,0,
1.2.2026,21:37:10.475,6360,2036,75.7,5455,2429,69.1,0.0,0.794,0.788,0.770,0.764,0.688,0.788,0.688,0.859,0.864,0.864,0.864,0.736,0.766,1795.6,2094.9,1995.1,997.6,997.6,1695.9,997.6,2294.4,2294.4,2294.4,2294.4,99.8,1496.3,635.8,26.5,1479.5,2958.0,3.6,3.1,1256.5,1170.7,33.2,681.1,5.7,6.1,6.1,866.4,20.9,0.0,33.8,70.3,0.0,0.0,56.8,59.0,0.0,30.8,0.0,0.0,0.0,70.3,20.9,100.0,57.0,0.6,112.9,238.7,0.2,0.2,127.9,128.5,3.6,70.3,0.5,0.4,0.6,57.1,18.0,21.0,20.0,10.0,10.0,17.0,10.0,23.0,23.0,23.0,23.0,15.0,52,49,48,55,55,55,55,52,52,52,52,48,51,52,45,45,45,45,48,48,48,48,56,55,No,No,No,No,No,No,No,No,No,No,No,No,No,No,No,No,No,No,No,No,No,No,No,No,No,No,No,No,No,No,No,No,No,No,No,No,59,59,49,52,0.222,0.000,0.000,0.000,0.000,0.000,0.000,0.000,1.200,3.750,9.602,6.265,0.021,17.194,2.643,0.215,0.122,45.0,12.0,55.0,55.0,3.000,300.0,5.4,0.0,0.0,0.0,0.0,642,0,0.0,0.0,0.0,0.0,22.1,0.9,35.9,68.5,0.2,0.2,63.8,59.0,1.5,34.0,0.3,0.3,0.3,11.1,38.6,30.2,0.0,12.5,6.7,0.0,22.8,0.0,0.0,0.0,60.3,12.2,1.2,99.6,21.8,31.9,98.2,40.1,99.5,99.5,99.5,5.9,11.9,0.0,1596.1,16.00,22,22,22,52,74,560,1,2,Yes,No,No,No,No,No,No,No,No,No,Yes,No,No,No,No,No,No,No,No,No,No,No,No,No,No,No,No,No,No,No,No,No,No,No,No,No,No,No,47.0,54,54,59,88.0,100.0,No,No,21506,55883,3.9,0.0,3.9,0.190,0.000,2319,836,12.429,41.633,100.0,0.000,22.9,24.8,63.1,10.0,9.9,9.9,9.9,24.8,60.5,10.0,10.0,10.0,10.0,40.32,100.33,15.84,15.78,100.62,100.62,0.84,3.58,40.32,0.00,45.32,0,
1.2.2026,21:37:10.588,6360,2036,75.7,5455,2429,69.1,0.0,1.130,1.136,1.131,1.142,1.122,1.142,1.112,1.142,1.107,1.122,1.142,1.031,0.766,3192.2,4289.5,4289.5,3192.2,3192.2,3192.2,3192.2,997.6,3192.2,3192.2,3192.2,99.8,3691.0,497.8,39.1,828.4,2009.7,9.7,11.0,1088.5,565.9,300.2,673.0,371.8,18.1,57.6,606.6,27.3,0.0,28.9,57.6,11.3,11.5,71.1,21.6,21.8,46.4,31.6,11.7,14.4,71.1,27.3,100.0,44.6,1.6,62.9,144.2,0.4,0.8,126.4,56.2,26.2,71.9,36.9,1.6,6.3,44.6,32.0,43.0,43.0,32.0,32.0,32.0,32.0,10.0,32.0,32.0,32.0,37.0,55,51,65,56,56,56,56,53,53,53,53,45,49,35,44,44,44,44,47,47,47,47,62,65,No,No,No,No,No,No,No,No,No,No,No,No,No,No,No,No,No,No,No,No,No,No,No,No,No,No,No,No,No,No,No,No,No,No,No,No,65,65,49,52,0.217,0.000,0.000,0.000,0.000,0.000,0.000,0.000,1.200,16.250,17.251,13.753,0.010,24.082,2.793,0.226,0.126,45.0,12.0,55.0,55.0,20.000,300.0,3.7,0.0,0.0,0.0,0.0,642,0,0.0,0.0,0.0,0.0,23.3,1.9,30.7,61.1,0.4,0.5,67.9,25.2,15.2,47.5,25.0,0.9,3.7,5.3,14.4,24.2,0.0,14.4,0.0,0.1,0.0,0.0,0.0,0.0,61.0,5.5,14.6,99.1,16.3,73.0,83.3,50.6,73.7,98.4,95.7,23.8,47.6,0.0,1596.1,16.00,22,22,22,52,74,560,1,2,Yes,No,No,No,No,No,No,No,No,No,Yes,No,No,No,No,No,No,No,No,No,No,No,No,No,No,No,No,No,No,No,No,No,No,No,No,No,No,No,47.0,54,54,58,88.0,100.0,No,No,21506,55883,4.4,0.0,4.4,0.118,0.000,2319,836,12.429,41.633,100.0,0.000,22.9,24.9,65.9,10.0,9.9,9.9,9.9,24.9,60.6,10.0,10.0,10.0,10.0,40.14,100.36,15.17,14.93,100.62,100.62,0.87,4.17,40.14,0.00,47.11,0,
1.2.2026,21:37:10.700,6360,2035,75.7,5455,2429,69.1,0.0,0.833,0.781,0.767,0.762,0.757,0.757,0.757,0.937,0.937,0.937,0.942,0.726,0.766,1815.6,1995.1,1995.1,1596.1,1596.1,997.6,997.6,1596.1,2892.9,1596.1,2892.9,99.8,1396.6,495.7,28.1,964.6,1836.6,4.6,6.1,807.5,1014.4,408.2,435.2,402.2,10.0,30.5,633.8,21.2,0.6,26.5,50.2,0.2,0.2,41.0,55.7,24.3,27.1,26.7,0.4,1.8,55.7,21.2,100.0,47.4,0.9,73.1,152.8,0.2,0.5,82.5,111.6,48.8,48.2,45.9,0.8,3.0,47.4,18.2,20.0,20.0,16.0,16.0,10.0,10.0,16.0,29.0,16.0,29.0,14.0,52,45,44,56,56,56,56,52,52,52,52,48,55,56,44,44,44,44,48,48,48,48,56,56,No,No,No,No,No,No,No,No,No,No,No,No,No,No,No,No,No,No,No,No,No,No,No,No,No,No,No,No,No,No,No,No,No,No,No,No,56,56,49,52,0.222,0.000,0.000,0.000,0.000,0.000,0.000,0.000,1.200,13.438,10.835,7.339,0.016,18.320,2.820,0.236,0.126,45.0,12.0,55.0,55.0,5.000,300.0,4.0,0.0,0.0,0.0,0.0,642,0,0.0,0.0,0.0,0.0,21.7,1.3,27.5,47.9,0.2,0.3,44.8,57.9,22.9,28.6,26.2,0.5,2.0,14.7,39.6,39.0,0.0,18.6,9.9,17.3,6.8,15.8,0.0,0.0,54.9,0.0,13.0,99.5,34.0,29.8,58.3,61.5,56.4,99.1,97.7,15.1,30.2,0.0,1596.1,16.00,22,22,22,52,74,560,1,2,Yes,No,No,No,No,No,No,No,No,No,Yes,No,No,No,No,No,No,No,No,No,No,No,No,No,No,No,No,No,No,No,No,No,No,No,No,No,No,No,47.0,54,54,61,88.0,100.0,No,No,21506,55883,5.9,0.0,5.9,1.276,0.000,2319,836,12.429,41.633,100.0,0.000,22.9,22.2,66.0,9.9,9.9,9.9,9.9,22.2,60.6,10.0,10.0,10.0,10.0,45.02,100.64,15.14,14.93,100.65,100.65,0.93,5.09,45.02,0.00,56.91,0,
1.2.2026,21:37:10.804,6361,2035,75.7,5455,2428,69.1,0.0,1.149,1.102,1.132,1.157,1.142,1.182,1.147,1.132,1.137,1.177,1.177,1.028,0.766,2972.7,4289.5,4289.5,997.6,997.6,3192.2,3192.2,3192.2,3192.2,3192.2,3192.2,99.8,3691.0,397.8,18.1,1417.7,1134.1,3.5,2.9,722.9,600.2,35.8,777.8,35.3,19.2,5.7,491.9,19.1,0.0,56.8,45.4,0.0,0.0,39.3,26.2,0.0,61.0,0.4,0.0,0.0,61.0,19.1,100.0,35.9,0.8,109.2,85.6,0.1,0.2,78.5,65.5,2.2,82.9,3.7,1.9,0.4,35.9,29.8,43.0,43.0,10.0,10.0,32.0,32.0,32.0,32.0,32.0,32.0,37.0,55,60,48,59,59,59,59,51,51,51,51,45,40,52,41,41,41,41,49,49,49,49,60,60,No,No,No,No,No,No,No,No,No,No,No,No,No,No,No,No,No,No,No,No,No,No,No,No,No,No,No,No,No,No,No,No,No,No,No,No,55,55,49,52,0.222,0.000,0.000,0.000,0.000,0.000,0.000,0.000,1.200,13.438,14.937,10.794,0.018,22.760,3.366,0.235,0.125,45.0,12.0,55.0,55.0,14.000,300.0,5.7,0.0,0.0,0.0,0.0,642,0,0.0,0.0,0.0,0.0,20.5,0.8,58.3,47.8,0.2,0.2,41.6,28.0,2.0,63.3,2.7,0.9,0.4,1.4,3.2,4.3,0.0,6.1,0.8,0.0,0.0,0.0,0.0,0.0,67.8,0.0,31.5,99.6,50.5,69.3,97.7,34.7,97.0,98.7,99.3,26.1,36.4,15.8,1596.1,16.00,22,22,22,52,74,560,1,2,Yes,No,No,No,No,No,No,No,No,No,Yes,No,No,No,No,No,No,No,No,No,No,No,No,No,No,No,No,No,No,No,No,No,No,No,No,No,No,No,47.0,54,54,60,88.0,100.0,No,No,21506,55883,4.0,0.0,4.0,0.593,0.000,2319,836,12.429,41.633,100.0,0.000,22.9,22.9,65.8,9.9,9.9,9.9,9.9,22.9,60.6,10.0,10.0,10.0,10.0,43.66,100.64,15.21,14.94,100.65,100.65,0.94,5.11,43.66,0.00,52.53,0,
1.2.2026,21:37:10.901,6362,2034,75.7,5456,2428,69.2,0.0,0.792,0.803,0.758,0.792,0.757,0.787,0.807,0.807,0.812,0.802,0.802,0.751,0.766,1765.7,1795.6,1795.6,1795.6,997.6,1795.6,1895.4,1895.4,1895.4,1895.4,1895.4,99.8,1197.1,471.9,21.6,2127.6,1550.9,3.4,8.0,652.0,443.1,31.6,699.8,16.0,100.7,7.9,604.8,21.8,0.0,49.8,42.8,11.4,11.5,38.7,26.6,0.4,50.3,0.0,18.8,11.5,50.3,21.8,100.0,41.3,0.6,164.2,117.9,0.2,0.7,69.3,47.9,4.7,76.6,1.5,11.1,0.7,41.3,17.7,18.0,18.0,18.0,10.0,18.0,19.0,19.0,19.0,19.0,19.0,12.0,52,48,46,55,55,55,55,51,51,51,51,48,52,54,45,45,45,45,49,49,49,49,55,55,No,No,No,No,No,No,No,No,No,No,No,No,No,No,No,No,No,No,No,No,No,No,No,No,No,No,No,No,No,No,No,No,No,No,No,No,54,54,49,52,0.217,0.000,0.000,0.000,0.000,0.000,0.000,0.000,1.200,3.125,8.775,5.379,0.011,16.274,2.727,0.206,0.116,45.0,12.0,55.0,55.0,2.000,300.0,4.6,0.0,0.0,0.0,0.0,642,0,0.0,0.0,0.0,0.0,19.1,0.8,50.9,44.7,0.3,0.4,41.5,28.2,1.1,52.2,0.7,8.6,0.4,8.7,45.2,21.9,0.0,0.9,6.8,0.0,12.4,0.0,0.0,0.0,67.5,2.2,33.3,99.4,55.0,63.7,98.6,33.4,99.0,91.2,99.4,0.3,0.7,0.0,1596.1,16.00,22,22,22,52,74,560,1,2,Yes,No,No,No,No,No,No,No,No,No,Yes,No,No,No,No,No,No,No,No,No,No,No,No,No,No,No,No,No,No,No,No,No,No,No,No,No,No,No,47.0,54,54,59,88.0,100.0,No,No,21506,55883,3.3,0.0,3.3,0.203,0.000,2319,836,12.429,41.633,100.0,0.000,22.9,24.2,66.5,9.9,9.9,9.9,9.9,24.2,60.6,10.0,10.0,10.0,10.0,41.30,100.64,15.04,14.92,100.65,100.65,0.90,4.30,41.30,0.00,46.63,0,
1.2.2026,21:37:11.008,6362,2033,75.7,5457,2427,69.2,0.0,1.104,1.142,1.083,1.113,1.093,1.093,1.108,1.093,1.113,1.088,1.108,1.026,0.766,2962.8,4588.8,4289.5,3192.2,3192.2,3092.4,3092.4,997.6,3092.4,997.6,3092.4,99.8,3691.0,356.6,18.5,1251.1,1359.5,7.9,4.7,734.5,196.4,157.7,532.3,5.4,5.7,5.5,466.3,17.7,0.0,46.1,53.6,0.0,0.0,55.0,11.7,0.0,45.9,0.0,0.0,0.0,55.0,17.7,100.0,31.6,1.0,96.0,103.7,0.4,0.3,80.2,21.0,17.3,57.9,0.4,0.4,0.4,31.6,29.7,46.0,43.0,32.0,32.0,31.0,31.0,10.0,31.0,10.0,31.0,37.0,52,47,48,55,55,55,55,50,50,50,50,48,53,52,45,45,45,45,50,50,50,50,55,55,No,No,No,No,No,No,No,No,No,No,No,No,No,No,No,No,No,No,No,No,No,No,No,No,No,No,No,No,No,No,No,No,No,No,No,No,56,56,49,52,0.222,0.000,0.000,0.000,0.000,0.000,0.000,0.000,1.200,9.375,14.662,11.318,0.002,21.514,2.644,0.227,0.124,45.0,12.0,55.0,55.0,7.000,300.0,3.6,0.0,0.0,0.0,0.0,642,0,0.7,0.1,0.0,0.0,19.5,1.1,47.8,55.6,0.4,0.3,56.8,13.9,8.6,48.1,0.3,0.4,0.3,1.5,7.8,0.0,0.0,0.9,1.8,0.0,4.3,0.0,0.0,0.0,72.7,34.7,32.3,99.5,40.7,83.6,91.1,46.4,99.4,99.4,99.5,10.0,8.6,11.3,1596.1,16.00,22,22,22,52,74,560,1,2,Yes,No,No,No,No,No,No,No,No,No,Yes,No,No,No,No,No,No,No,No,No,No,No,No,No,No,No,No,No,No,No,No,No,No,No,No,No,No,No,47.0,54,54,58,88.0,100.0,No,No,21506,55883,5.5,0.0,5.5,0.399,0.000,2319,836,12.429,41.633,100.0,0.000,22.9,24.8,66.5,9.9,9.9,9.9,9.9,24.8,60.6,10.0,10.0,10.0,10.0,40.29,100.64,15.05,14.92,100.65,100.65,0.88,4.18,40.29,0.00,43.34,0,
1.2.2026,21:37:11.119,6345,2050,75.5,5455,2429,69.1,0.0,0.750,0.763,0.753,0.785,0.683,0.682,0.682,0.762,0.797,0.797,0.797,0.708,0.766,1476.4,1795.6,1795.6,1795.6,997.6,997.6,997.6,997.6,1795.6,1795.6,1795.6,99.8,1197.1,500.4,24.8,2122.7,1483.7,7.7,6.0,741.8,936.4,67.5,552.6,41.3,11.6,9.0,673.8,25.0,0.0,53.4,35.5,11.8,11.8,35.6,61.8,13.7,39.0,13.3,12.0,11.9,61.8,25.0,100.0,44.7,0.6,163.9,112.9,0.5,0.5,78.9,104.6,7.2,60.9,4.4,1.1,0.8,44.7,14.8,18.0,18.0,18.0,10.0,10.0,10.0,10.0,18.0,18.0,18.0,12.0,52,48,46,55,55,55,55,51,51,51,51,48,52,54,45,45,45,45,49,49,49,49,55,55,No,No,No,No,No,No,No,No,No,No,No,No,No,No,No,No,No,No,No,No,No,No,No,No,No,No,No,No,No,No,No,No,No,No,No,No,55,55,49,52,0.222,0.000,0.000,0.000,0.000,0.000,0.000,0.000,1.200,2.188,8.192,4.863,0.014,15.517,2.648,0.201,0.122,45.0,12.0,55.0,55.0,2.000,300.0,5.7,0.0,0.0,0.0,0.0,642,0,0.0,0.0,0.0,0.0,19.9,0.8,54.3,37.1,0.4,0.3,39.2,61.6,2.5,39.3,2.0,0.6,0.5,8.5,40.4,16.0,0.0,8.7,9.1,0.0,11.1,0.0,0.0,0.0,66.8,4.8,46.6,99.5,49.5,27.7,97.0,47.1,97.6,99.1,99.2,0.1,0.0,0.1,1596.1,16.00,22,22,22,52,74,560,1,2,Yes,No,No,No,No,No,No,No,No,No,Yes,No,No,No,No,No,No,No,No,No,No,No,No,No,No,No,No,No,No,No,No,No,No,No,No,No,No,No,47.0,54,54,59,88.0,100.0,No,No,21506,55883,3.5,0.0,3.5,0.210,0.000,2319,836,12.429,41.633,100.0,0.000,22.9,24.8,66.5,9.9,9.9,9.9,9.9,24.8,60.7,10.0,10.0,10.0,10.0,40.26,100.64,15.05,14.92,100.65,100.65,0.83,4.80,40.26,0.00,43.42,0,
1.2.2026,21:37:11.229,6364,2032,75.7,5456,2428,69.1,0.0,1.099,1.134,0.857,1.131,1.116,1.131,1.131,1.116,1.116,1.131,1.131,1.028,0.766,3222.1,4289.5,2693.4,2194.6,3291.9,3291.9,3291.9,3291.9,3291.9,3291.9,3291.9,99.8,3691.0,439.2,20.4,1831.1,1581.9,3.6,6.1,1234.0,62.0,27.8,477.4,10.8,7.9,7.2,595.9,17.1,0.0,48.1,41.5,0.0,0.0,88.6,1.6,0.3,25.1,0.0,0.0,0.0,88.6,17.1,100.0,37.0,0.8,139.9,104.1,0.2,0.5,135.8,6.4,3.0,51.2,1.0,0.7,0.6,37.0,32.3,43.0,27.0,22.0,33.0,33.0,33.0,33.0,33.0,33.0,33.0,37.0,56,58,56,59,58,58,58,53,53,53,53,44,42,44,41,42,42,42,47,47,47,47,60,59,No,No,No,No,No,No,No,No,No,No,No,No,No,No,No,No,No,No,No,No,No,No,No,No,No,No,No,No,No,No,No,No,No,No,No,No,62,62,49,52,0.222,0.000,0.000,0.000,0.000,0.000,0.000,0.000,1.200,14.688,14.250,10.894,0.014,21.166,2.642,0.236,0.123,45.0,12.0,55.0,55.0,16.000,300.0,4.6,0.0,0.0,0.0,0.0,642,0,0.0,0.0,0.0,0.0,18.3,0.9,49.7,48.1,0.3,0.3,89.6,2.4,1.0,26.1,0.6,0.4,0.4,3.9,16.6,14.4,0.0,7.5,0.0,0.0,0.0,0.0,0.0,0.0,69.5,25.1,2.4,99.5,2.4,97.3,98.8,72.2,99.2,99.3,99.3,19.9,7.0,32.8,1596.1,16.00,22,22,22,52,74,560,1,2,Yes,No,No,No,No,No,No,No,No,No,Yes,No,No,No,No,No,No,No,No,No,No,No,No,No,No,No,No,No,No,No,No,No,No,No,No,No,No,No,48.0,54,54,61,88.0,100.0,No,No,21506,55883,3.5,1.7,5.2,0.342,0.834,2319,836,12.429,41.633,100.0,0.000,22.9,25.8,66.4,9.9,9.9,9.9,9.9,25.9,60.7,10.0,10.0,10.0,10.0,38.71,100.64,15.06,14.92,100.65,100.65,0.85,4.31,38.71,0.00,43.04,0,
1.2.2026,21:37:11.344,6363,2033,75.7,5455,2429,69.1,0.0,0.792,0.822,0.832,0.797,0.677,0.802,0.802,0.797,0.797,0.797,0.797,0.718,0.766,1705.8,1895.4,2693.4,997.6,997.6,1895.4,1895.4,997.6,1895.4,1895.4,1895.4,99.8,1296.8,469.5,24.7,1142.5,2039.8,6.0,4.2,1067.9,510.4,32.7,641.3,10.4,9.3,144.3,603.5,25.2,11.5,36.3,56.9,0.0,0.0,70.4,35.7,11.9,35.6,11.4,11.4,21.1,70.4,25.2,100.0,42.6,0.6,86.8,169.2,0.3,0.3,118.0,51.5,3.1,65.3,0.8,0.7,14.6,42.6,17.1,19.0,27.0,10.0,10.0,19.0,19.0,10.0,19.0,19.0,19.0,13.0,51,47,43,55,55,55,55,51,51,51,51,49,53,57,45,45,45,45,49,49,49,49,55,55,No,No,No,No,No,No,No,No,No,No,No,No,No,No,No,No,No,No,No,No,No,No,No,No,No,No,No,No,No,No,No,No,No,No,No,No,55,55,49,52,0.222,0.000,0.000,0.000,0.000,0.000,0.000,0.000,1.200,2.188,11.983,8.442,0.029,19.272,2.836,0.213,0.123,45.0,12.0,55.0,55.0,2.000,300.0,5.0,0.0,0.0,0.0,0.0,642,0,0.0,0.0,0.0,0.0,18.2,1.0,29.1,47.6,0.3,0.2,64.8,30.7,1.1,30.7,0.5,0.4,12.3,10.0,26.6,19.5,0.0,35.2,0.0,0.0,18.4,0.0,0.0,0.0,62.4,6.0,17.2,99.6,0.0,68.3,98.7,48.5,99.3,99.3,87.5,25.1,35.8,14.4,1596.1,16.00,22,22,22,52,74,560,1,2,Yes,No,No,No,No,No,No,No,No,No,Yes,No,No,No,No,No,No,No,No,No,No,No,No,No,No,No,No,No,No,No,No,No,No,No,No,No,No,No,46.0,54,54,60,88.0,100.0,No,No,21506,55883,5.8,24.0,29.9,0.193,10.964,2319,837,12.429,41.633,100.0,0.000,22.9,26.3,66.4,10.3,10.0,9.9,9.9,26.3,60.7,10.4,10.0,10.0,10.0,38.00,96.70,15.06,14.92,100.65,100.65,0.86,4.29,38.00,0.00,39.06,0,
1.2.2026,21:37:11.460,6362,2034,75.7,5455,2429,69.1,0.0,1.143,1.147,1.112,1.127,1.137,1.112,1.112,1.166,1.186,1.166,1.171,1.031,0.766,3411.7,4289.5,4289.5,3192.2,3192.2,3192.2,3192.2,3192.2,3192.2,3192.2,3192.2,99.8,3691.0,399.2,25.7,651.7,1594.3,3.4,5.5,732.0,881.8,425.6,410.1,18.9,22.3,19.7,540.0,22.2,0.0,28.1,57.9,20.6,10.8,46.3,56.2,18.7,28.1,0.0,0.0,0.0,57.9,22.2,100.0,36.9,1.1,49.0,121.9,0.1,0.4,80.5,96.4,45.2,42.0,1.8,2.2,1.9,36.8,34.2,43.0,43.0,32.0,32.0,32.0,32.0,32.0,32.0,32.0,32.0,37.0,54,49,64,55,55,55,55,53,53,53,53,46,51,36,45,45,45,45,47,47,47,47,65,64,No,No,No,No,No,No,No,No,No,No,No,No,No,No,No,No,No,No,No,No,No,No,No,No,No,No,No,No,No,No,No,No,No,No,No,No,57,57,49,52,0.217,0.000,0.000,0.000,0.000,0.000,0.000,0.000,1.200,17.500,13.936,10.602,0.010,20.536,2.643,0.211,0.123,45.0,12.0,55.0,55.0,20.000,300.0,4.6,0.0,0.0,0.0,0.0,642,0,0.7,0.0,0.0,0.0,21.3,1.4,30.8,59.8,0.2,0.2,47.6,57.7,21.3,32.4,1.2,1.4,1.2,3.8,6.3,0.0,0.0,21.4,0.0,0.2,10.3,0.0,0.0,0.0,59.7,0.0,0.2,99.6,29.8,40.9,77.0,54.8,98.4,98.3,98.5,48.6,58.5,38.7,1596.1,16.00,22,22,22,52,74,560,1,2,Yes,No,No,No,No,No,No,No,No,No,Yes,No,No,No,No,No,No,No,No,No,No,No,No,No,No,No,No,No,No,No,No,No,No,No,No,No,No,No,48.0,54,54,58,88.0,100.0,No,No,21506,55883,8.0,0.0,8.0,0.416,0.000,2319,837,12.428,41.633,100.0,0.000,22.9,25.9,64.1,10.3,10.0,9.9,9.9,25.9,60.7,10.4,10.0,10.0,10.0,38.65,97.20,15.61,15.53,100.65,100.65,0.88,4.17,38.65,0.00,39.77,0,
1.2.2026,21:37:11.565,6363,2032,75.7,5455,2429,69.1,0.0,0.821,0.852,0.758,0.807,0.807,0.817,0.812,0.817,0.861,0.841,0.841,0.736,0.766,1915.3,2094.9,1895.4,997.6,1895.4,1895.4,1895.4,1895.4,2194.6,2194.6,2194.6,99.8,1496.3,404.6,35.1,1316.9,1396.5,5.0,2.8,786.1,390.0,378.9,434.6,99.1,7.1,3.0,538.9,15.3,0.0,35.1,40.9,0.0,0.0,55.8,21.0,0.0,30.7,0.0,0.0,0.0,55.8,15.3,100.0,36.5,1.2,101.2,104.8,0.2,0.2,85.7,42.5,42.7,48.2,11.1,0.6,0.2,36.6,19.2,21.0,19.0,10.0,19.0,19.0,19.0,19.0,22.0,22.0,22.0,15.0,52,47,48,54,54,54,54,51,51,51,51,48,53,52,46,46,46,46,49,49,49,49,54,54,No,No,No,No,No,No,No,No,No,No,No,No,No,No,No,No,No,No,No,No,No,No,No,No,No,No,No,No,No,No,No,No,No,No,No,No,54,54,49,52,0.222,0.000,0.000,0.000,0.000,0.000,0.000,0.000,1.200,16.875,10.220,6.773,0.008,16.798,2.804,0.185,0.132,45.0,12.0,55.0,55.0,12.000,300.0,4.4,0.0,0.0,0.0,0.0,642,0,0.6,0.0,0.0,0.0,18.7,1.0,37.2,44.8,0.2,0.2,58.7,24.2,19.9,31.9,6.3,0.3,0.2,4.9,1.0,7.0,0.0,19.8,0.0,6.1,15.2,0.0,0.0,0.0,70.3,43.4,48.1,99.6,20.5,74.5,72.9,51.4,93.5,99.4,99.6,8.2,16.4,0.0,1596.1,16.00,22,22,22,52,74,560,1,2,Yes,No,No,No,No,No,No,No,No,No,Yes,No,No,No,No,No,No,No,No,No,No,No,No,No,No,No,No,No,No,No,No,No,No,No,No,No,No,No,47.0,54,54,59,88.0,100.0,No,No,21506,55883,5.8,0.0,5.8,0.319,0.000,2319,837,12.428,41.633,100.0,0.000,22.9,25.9,64.0,9.2,8.6,8.6,8.6,25.9,60.7,9.2,8.6,8.6,8.6,38.65,108.95,15.62,15.53,116.77,116.77,0.89,4.70,38.65,0.00,42.92,0,
1.2.2026,21:37:11.674,6364,2032,75.7,5455,2429,69.1,0.0,0.908,0.866,0.775,0.765,0.765,0.999,1.014,0.999,0.959,0.969,0.969,0.801,0.766,2134.8,1695.9,1596.1,1596.1,1596.1,3092.4,3092.4,3092.4,997.6,1596.1,2992.7,99.8,1596.1,660.2,28.0,2153.6,2116.6,7.8,19.2,1588.2,268.0,105.4,1416.0,54.5,122.1,43.0,785.9,21.9,0.1,50.3,45.7,0.0,0.0,73.5,9.3,23.7,60.3,0.0,0.0,0.0,73.5,21.9,100.0,53.0,1.0,159.7,138.1,0.5,1.9,144.5,25.8,7.0,134.1,5.6,13.2,4.5,53.0,21.4,17.0,16.0,16.0,16.0,31.0,31.0,31.0,10.0,16.0,30.0,16.0,52,49,47,55,55,55,55,51,51,51,51,48,51,53,45,45,45,45,49,49,49,49,56,55,No,No,No,No,No,No,No,No,No,No,No,No,No,No,No,No,No,No,No,No,No,No,No,No,No,No,No,No,No,No,No,No,No,No,No,No,56,56,48,52,0.222,0.000,0.000,0.000,0.000,0.000,0.000,0.000,1.200,8.750,16.672,13.134,0.011,23.175,2.835,0.224,0.123,45.0,12.0,55.0,55.0,9.000,300.0,4.9,0.0,0.0,0.0,0.0,642,0,0.0,0.0,0.0,0.0,23.4,1.1,53.1,53.2,0.3,0.6,83.0,10.3,3.9,67.8,2.1,4.5,1.4,10.5,27.1,36.8,0.0,16.1,6.4,0.0,18.9,0.0,0.0,0.0,59.6,13.3,0.9,99.1,0.9,82.4,95.5,12.3,97.6,95.2,98.4,6.7,4.7,8.7,1596.1,16.00,22,22,22,52,74,560,1,2,Yes,No,No,No,No,No,No,No,No,No,Yes,No,No,No,No,No,No,No,No,No,No,No,No,No,No,No,No,No,No,No,No,No,No,No,No,No,No,No,47.0,54,54,59,88.0,100.0,No,No,21506,55883,7.1,9.4,16.5,0.422,15.428,2319,839,12.428,41.633,100.0,0.000,22.9,24.7,64.0,9.1,8.6,8.6,8.6,24.6,60.7,9.1,8.6,8.6,8.6,40.56,109.60,15.61,15.53,116.77,116.77,0.91,5.15,40.56,0.00,45.25,0,
1.2.2026,21:37:11.784,6365,2031,75.8,5455,2428,69.1,0.0,1.106,0.987,1.134,1.154,1.134,1.029,1.134,1.141,1.107,1.127,1.112,0.913,0.766,2513.9,3790.7,4588.8,997.6,997.6,997.6,3192.2,997.6,3192.2,3192.2,3192.2,99.8,3291.9,637.8,20.3,428.8,1424.7,8.9,5.8,1521.3,1277.5,1967.6,834.4,45.5,14.5,104.8,831.9,28.4,0.0,9.4,32.9,20.9,20.8,40.7,44.6,60.3,42.6,22.1,21.1,25.7,60.3,28.4,100.0,55.6,1.4,30.6,91.9,0.6,0.4,134.0,126.5,184.3,78.0,5.2,1.5,12.3,55.4,25.2,38.0,46.0,10.0,10.0,10.0,32.0,10.0,32.0,32.0,32.0,33.0,55,49,64,57,57,57,57,53,53,53,53,45,51,36,43,43,43,43,47,47,47,47,55,64,No,No,No,No,No,No,No,No,No,No,No,No,No,No,No,No,No,No,No,No,No,No,No,No,No,No,No,No,No,No,No,No,No,No,No,No,57,57,49,52,0.217,0.000,0.000,0.000,0.000,0.000,0.000,0.000,1.200,11.563,13.265,9.559,0.012,19.842,3.022,0.190,0.123,45.0,12.0,55.0,55.0,7.000,300.0,3.0,0.0,0.0,0.0,0.0,642,0,0.0,0.0,0.0,0.0,23.4,1.2,12.7,40.3,0.5,0.3,52.0,51.8,71.1,48.7,1.8,0.7,6.1,10.5,26.0,9.9,0.0,35.0,27.1,11.4,25.2,0.0,0.0,0.0,59.6,6.6,0.0,99.5,13.0,20.3,17.2,24.8,97.7,98.9,93.5,6.7,53.1,48.1,1596.1,16.00,22,22,22,52,74,560,1,2,Yes,No,No,No,No,No,No,No,No,No,Yes,No,No,No,No,No,No,No,No,No,No,No,No,No,No,No,No,No,No,No,No,No,No,No,No,No,No,No,47.0,54,54,61,88.0,100.0,No,No,21506,55883,7.1,9.4,16.5,0.422,15.428,2319,839,12.428,41.633,100.0,0.000,22.9,24.7,64.0,9.1,8.6,8.6,8.6,24.6,60.7,9.1,8.6,8.6,8.6,40.56,109.60,15.61,15.53,116.77,116.77,0.91,5.15,40.56,0.00,45.25,0,
1.2.2026,21:37:11.899,6364,2031,75.8,5456,2428,69.2,0.0,0.808,0.833,0.818,0.803,0.803,0.803,0.803,0.798,0.818,0.808,0.798,0.773,0.766,1685.9,2693.4,2593.7,1895.4,997.6,997.6,997.6,997.6,1895.4,1895.4,1895.4,99.8,2094.9,633.3,29.2,627.9,902.9,4.2,3.2,1989.1,1839.2,1230.6,957.7,7.6,4.9,3.1,828.3,20.4,0.1,16.6,27.5,0.0,0.0,47.2,51.4,32.9,69.7,0.0,0.0,0.0,69.7,20.4,100.0,55.4,0.7,47.7,88.0,0.2,0.2,159.3,159.5,113.5,94.2,0.6,0.4,0.2,55.5,16.9,27.0,26.0,19.0,10.0,10.0,10.0,10.0,19.0,19.0,19.0,21.0,52,47,43,56,56,56,56,51,51,51,51,48,53,57,44,44,44,44,49,49,49,49,56,56,No,No,No,No,No,No,No,No,No,No,No,No,No,No,No,No,No,No,No,No,No,No,No,No,No,No,No,No,No,No,No,No,No,No,No,No,57,57,49,52,0.222,0.000,0.000,0.000,0.000,0.000,0.000,0.000,1.200,2.188,13.265,9.559,0.012,19.842,3.022,0.190,0.123,45.0,12.0,55.0,55.0,2.000,300.0,3.5,0.0,0.0,0.0,0.0,642,0,0.0,0.0,0.0,0.0,23.5,1.0,17.4,22.1,0.3,0.2,64.0,61.5,38.4,76.2,0.3,0.2,0.1,17.1,32.1,22.2,0.0,27.2,31.3,43.0,14.8,0.0,0.0,0.0,46.8,0.0,26.9,99.7,8.6,7.0,18.4,8.4,99.5,99.6,99.7,37.6,47.9,27.2,1596.1,16.00,22,22,22,52,74,560,1,2,Yes,No,No,No,No,No,No,No,No,No,Yes,No,No,No,No,No,No,No,No,No,No,No,No,No,No,No,No,No,No,No,No,No,No,No,No,No,No,No,46.0,54,54,61,88.0,100.0,No,No,21506,55883,2.4,0.0,2.4,0.081,0.000,2319,839,12.428,41.633,100.0,0.000,22.9,21.5,62.5,8.8,8.6,8.6,8.6,21.5,60.7,8.8,8.6,8.6,8.6,46.52,113.74,16.00,15.97,116.77,116.77,1.04,5.95,46.52,0.00,59.82,0,
1.2.2026,21:37:12.000,6364,2032,75.7,5457,2427,69.2,0.0,1.046,0.773,1.138,1.068,1.068,1.068,1.068,1.078,1.068,1.068,1.068,1.083,0.766,3122.4,1895.4,4588.8,3391.7,3391.7,3391.7,3391.7,997.6,3391.7,3391.7,3391.7,99.8,3990.2,458.4,28.8,763.0,2011.6,9.0,5.6,1131.5,879.7,20.0,616.5,15.0,10.1,9.7,606.1,18.7,0.0,17.2,61.9,10.6,0.0,68.3,35.2,0.0,31.6,0.0,0.0,0.0,68.3,18.7,100.0,42.2,0.8,57.6,154.5,0.5,0.4,124.9,96.9,1.9,66.2,1.3,0.8,0.8,42.2,31.3,19.0,46.0,34.0,34.0,34.0,34.0,10.0,34.0,34.0,34.0,40.0,52,49,44,55,55,55,55,52,52,52,52,48,51,56,45,45,45,45,48,48,48,48,56,55,No,No,No,No,No,No,No,No,No,No,No,No,No,No,No,No,No,No,No,No,No,No,No,No,No,No,No,No,No,No,No,No,No,No,No,No,56,56,49,52,0.222,0.000,0.000,0.000,0.000,0.000,0.000,0.000,1.200,2.188,14.454,10.877,0.018,20.628,2.889,0.204,0.123,45.0,12.0,55.0,55.0,1.000,300.0,3.4,0.0,0.0,0.0,0.0,642,0,0.0,0.0,0.0,0.0,19.8,1.1,20.0,63.5,0.3,0.2,69.6,46.2,0.7,34.0,0.6,0.4,0.4,7.6,18.2,7.4,0.0,0.0,1.5,0.0,49.3,0.0,0.0,0.0,60.7,0.0,16.2,99.5,29.1,50.7,98.9,15.1,99.0,99.3,99.3,35.0,57.8,12.2,1596.1,16.00,22,22,22,52,74,560,1,2,Yes,No,No,No,No,No,No,No,No,No,Yes,No,No,No,No,No,No,No,No,No,No,No,No,No,No,No,No,No,No,No,No,No,No,No,No,No,No,No,47.0,54,54,59,88.0,100.0,No,No,21506,55883,4.3,0.1,4.4,0.726,0.588,2319,839,12.428,41.633,100.0,0.000,22.9,20.8,62.5,8.8,8.6,8.6,8.6,20.8,60.3,8.8,8.6,8.6,8.6,48.18,113.91,16.00,15.97,116.77,116.77,1.11,6.34,48.18,0.00,63.01,0,
1.2.2026,21:37:12.102,6360,2036,75.7,5456,2427,69.2,0.0,0.909,1.175,0.905,0.890,0.880,0.880,0.880,0.904,0.899,0.834,0.844,1.031,0.766,2434.0,4289.5,3491.5,2493.9,2493.9,2493.9,2493.9,997.6,2493.9,997.6,2094.9,99.8,3691.0,496.6,24.1,1776.3,1160.8,3.1,3.6,1363.5,380.3,273.5,920.0,45.1,6.2,3.2,623.1,30.8,0.0,50.4,34.0,21.5,21.5,74.1,24.9,20.7,56.9,22.2,21.6,21.5,74.1,30.8,100.0,45.7,1.1,136.4,87.1,0.2,0.2,150.5,39.8,28.9,99.9,3.5,0.4,0.2,45.5,24.4,43.0,35.0,25.0,25.0,25.0,25.0,10.0,25.0,10.0,21.0,37.0,56,63,49,62,62,62,62,51,51,51,51,44,37,51,38,38,38,38,49,49,49,49,63,63,No,No,No,No,No,No,No,No,No,No,No,No,No,No,No,No,No,No,No,No,No,No,No,No,No,No,No,No,No,No,No,No,No,No,No,No,58,58,49,52,0.222,0.000,0.000,0.000,0.000,0.000,0.000,0.000,1.200,23.125,11.885,8.400,0.023,18.437,2.776,0.222,0.123,45.0,12.0,55.0,55.0,25.000,300.0,4.8,0.0,0.0,0.0,0.0,642,0,0.0,0.0,0.0,0.0,21.0,1.1,51.8,36.2,0.3,0.2,74.6,16.1,10.9,58.5,1.6,0.3,0.2,5.7,5.1,1.2,0.0,22.6,0.0,4.9,23.8,0.0,0.0,0.0,59.1,0.0,7.8,99.6,2.6,83.1,83.3,17.0,98.1,99.4,99.6,46.4,40.4,52.4,1596.1,16.00,22,22,22,52,74,560,1,2,Yes,No,No,No,No,No,No,No,No,No,Yes,No,No,No,No,No,No,No,No,No,No,No,No,No,No,No,No,No,No,No,No,No,No,No,No,No,No,No,47.0,54,54,61,88.0,100.0,No,No,21506,55883,19.4,1.4,20.9,0.376,0.495,2319,839,12.428,41.633,100.0,0.000,22.9,20.4,62.5,8.8,8.6,8.6,8.6,20.4,60.3,8.8,8.6,8.6,8.6,49.05,113.91,16.00,15.97,116.77,116.77,1.13,5.92,49.05,0.00,64.75,0,
1.2.2026,21:37:12.213,6361,2034,75.7,5457,2427,69.2,0.0,0.810,0.798,0.833,0.824,0.799,0.784,0.789,0.794,0.809,0.857,0.807,0.736,0.766,1596.1,1695.9,2793.2,997.6,997.6,997.6,997.6,1795.6,1895.4,1895.4,1895.4,99.8,1097.3,684.2,61.4,2342.5,1903.8,10.9,10.0,1192.7,1067.3,749.5,687.1,60.0,107.8,17.2,917.3,23.0,0.0,56.0,45.1,0.0,0.0,54.9,50.5,29.5,35.5,1.4,3.5,0.0,56.0,23.0,100.0,62.5,2.0,180.3,145.8,0.6,0.9,129.3,115.7,80.7,74.5,7.6,11.7,1.6,62.7,16.0,17.0,28.0,10.0,10.0,10.0,10.0,18.0,19.0,19.0,19.0,11.0,52,48,47,55,56,56,56,51,51,51,51,48,52,53,45,44,44,44,49,49,49,49,55,56,No,No,No,No,No,No,No,No,No,No,No,No,No,No,No,No,No,No,No,No,No,No,No,No,No,No,No,No,No,No,No,No,No,No,No,No,56,56,49,52,0.222,0.000,0.000,0.000,0.000,0.000,0.000,0.000,1.200,1.875,10.864,7.402,0.024,17.222,2.783,0.199,0.126,45.0,12.0,55.0,55.0,1.000,300.0,5.7,0.0,0.0,0.0,0.0,642,0,0.0,0.0,0.0,0.0,24.3,1.5,57.1,46.6,0.5,0.4,56.8,52.2,31.3,37.2,2.1,4.6,0.7,15.5,21.1,16.9,0.0,32.0,30.8,14.2,39.5,0.0,0.0,0.0,54.6,21.3,32.7,99.3,10.1,15.6,53.7,21.7,97.5,94.9,98.8,1.4,0.0,2.9,1596.1,16.00,22,22,22,52,74,560,1,2,Yes,No,No,No,No,No,No,No,No,No,Yes,No,No,No,No,No,No,No,No,No,No,No,No,No,No,No,No,No,No,No,No,No,No,No,No,No,No,No,47.0,54,54,61,88.0,100.0,No,No,21506,55883,4.8,0.1,4.9,0.387,0.597,2319,839,12.428,41.633,100.0,0.000,22.9,20.0,62.3,8.8,8.6,8.6,8.6,20.0,60.4,8.8,8.6,8.6,8.6,49.99,113.74,16.06,15.97,116.77,116.77,1.12,5.81,49.99,0.00,63.98,0,
1.2.2026,21:37:12.330,6364,2031,75.8,5457,2427,69.2,0.0,1.107,1.121,1.075,1.090,1.090,1.085,1.120,1.110,1.120,1.120,1.135,1.028,0.766,2873.0,4289.5,4289.5,3192.2,3192.2,3192.2,3192.2,997.6,1596.1,3192.2,1596.1,99.8,3691.0,264.0,21.4,584.5,1314.2,3.3,3.5,560.6,214.7,19.1,436.8,3.3,3.0,3.2,340.2,14.5,0.0,29.0,56.5,0.0,0.0,40.4,12.7,0.0,35.8,0.0,0.0,0.0,56.5,14.5,100.0,22.9,0.9,44.2,95.5,0.1,0.2,63.0,24.4,1.4,44.9,0.2,0.2,0.2,22.9,28.8,43.0,43.0,32.0,32.0,32.0,32.0,10.0,16.0,32.0,16.0,37.0,52,47,58,55,55,55,55,50,49,49,49,48,53,42,45,45,45,45,50,51,51,51,56,58,No,No,No,No,No,No,No,No,No,No,No,No,No,No,No,No,No,No,No,No,No,No,No,No,No,No,No,No,No,No,No,No,No,No,No,No,58,58,49,52,0.222,0.000,0.000,0.000,0.000,0.000,0.000,0.000,1.200,18.125,6.233,3.059,0.008,12.876,2.556,0.170,0.122,45.0,12.0,55.0,55.0,18.000,300.0,4.6,0.0,0.0,0.0,0.0,642,0,0.0,0.0,0.0,0.0,15.7,1.2,31.0,59.1,0.1,0.3,40.8,13.9,0.8,40.1,0.3,0.3,0.3,2.5,0.1,0.0,0.0,25.1,0.0,0.0,0.0,0.0,0.0,0.0,75.2,43.3,35.9,99.4,33.6,85.3,98.8,57.6,99.4,99.6,99.5,14.0,23.6,4.4,1596.1,16.00,22,22,22,52,74,560,1,2,No,No,No,No,No,No,No,No,No,No,No,No,No,No,No,No,No,No,No,No,No,No,No,No,No,No,No,No,No,No,No,No,No,No,No,No,No,No,47.0,54,54,59,88.0,100.0,No,No,21506,55883,5.2,0.0,5.2,0.293,0.000,2319,839,12.428,41.633,100.0,0.000,22.9,21.5,62.3,8.8,8.6,8.6,8.6,21.5,60.4,8.8,8.6,8.6,8.6,46.50,113.74,16.06,15.97,116.77,116.77,1.11,4.94,46.50,0.00,63.05,0,
1.2.2026,21:37:12.435,6364,2032,75.7,5458,2426,69.2,0.0,0.841,0.890,0.848,0.853,0.848,0.816,0.826,0.826,0.831,0.846,0.831,0.831,0.766,2074.9,3291.9,3092.4,2194.6,2194.6,1995.1,1995.1,997.6,997.6,1995.1,1995.1,99.8,2693.4,638.9,30.0,2089.7,2467.2,7.0,10.8,1252.6,755.2,73.5,882.7,56.6,26.9,14.6,835.8,31.5,11.5,60.1,67.5,0.0,11.4,69.0,38.9,13.8,59.6,22.2,11.9,11.6,69.0,31.5,100.0,56.8,0.8,160.5,192.9,0.4,0.9,134.4,78.8,8.0,97.1,3.8,2.6,1.4,56.8,20.8,33.0,31.0,22.0,22.0,20.0,20.0,10.0,10.0,20.0,20.0,27.0,52,49,48,56,56,55,55,51,51,51,51,48,51,52,44,44,45,45,49,49,49,49,55,56,No,No,No,No,No,No,No,No,No,No,No,No,No,No,No,No,No,No,No,No,No,No,No,No,No,No,No,No,No,No,No,No,No,No,No,No,56,56,49,52,0.222,0.000,0.000,0.000,0.000,0.000,0.000,0.000,1.200,10.313,16.299,12.672,0.012,22.447,2.869,0.265,0.123,45.0,12.0,55.0,55.0,12.000,300.0,3.5,0.0,0.0,0.0,0.0,642,0,0.0,0.0,0.0,0.0,23.7,1.0,55.9,63.2,0.3,0.4,67.3,33.6,3.0,54.2,3.6,1.1,0.7,7.2,24.9,28.6,0.0,10.8,7.1,0.0,0.6,0.0,0.0,0.0,61.8,0.0,8.1,99.3,19.9,58.3,96.4,42.7,95.9,98.4,98.9,8.2,16.4,0.0,1596.1,16.00,22,22,22,52,74,560,1,2,Yes,No,No,No,No,No,No,No,No,No,Yes,No,No,No,No,No,No,No,No,No,No,No,No,No,No,No,No,No,No,No,No,No,No,No,No,No,No,No,48.0,54,54,59,88.0,100.0,No,No,21506,55883,5.5,0.0,5.5,2.968,0.000,2320,839,12.428,41.633,100.0,0.000,22.9,22.8,62.3,10.0,10.0,10.0,10.0,22.8,60.3,10.0,10.0,10.0,10.0,43.94,99.82,16.06,15.97,99.94,99.94,1.05,3.88,43.94,0.00,54.44,0,
1.2.2026,21:37:12.544,6364,2032,75.7,5463,2420,69.2,0.0,0.829,0.827,0.829,0.843,0.827,0.827,0.832,0.823,0.838,0.823,0.823,0.768,0.766,2074.9,2593.7,2593.7,1895.4,1895.4,1895.4,1895.4,1995.1,1995.1,1995.1,1995.1,99.8,1995.1,504.2,20.7,653.7,1114.3,3.1,2.2,1681.7,971.8,28.8,1549.6,16.7,6.1,2.1,559.5,17.1,0.0,16.5,29.3,0.0,0.0,72.9,23.0,0.0,63.7,0.0,0.0,0.0,72.9,17.1,100.0,43.9,0.7,46.9,76.1,0.1,0.1,164.9,94.3,3.1,136.3,3.9,0.6,0.1,43.9,20.8,26.0,26.0,19.0,19.0,19.0,19.0,20.0,20.0,20.0,20.0,20.0,53,49,53,55,55,55,55,51,51,51,51,47,51,47,45,45,45,45,49,49,49,49,55,55,No,No,No,No,No,No,No,No,No,No,No,No,No,No,No,No,No,No,No,No,No,No,No,No,No,No,No,No,No,No,No,No,No,No,No,No,55,55,49,53,0.222,0.000,0.000,0.000,0.000,0.000,0.000,0.000,1.200,19.375,12.275,8.795,0.011,18.243,2.857,0.167,0.124,45.0,12.0,55.0,55.0,20.000,300.0,3.4,0.0,0.0,0.0,0.0,642,0,0.0,0.0,0.0,0.0,20.9,0.9,18.3,34.6,0.2,0.1,81.6,38.1,1.0,75.5,0.6,0.2,0.1,17.8,48.1,65.1,0.0,16.8,24.6,0.0,23.7,0.0,0.0,0.0,53.7,0.0,0.2,99.8,1.3,37.2,98.8,0.7,99.3,99.6,99.8,16.0,32.1,0.0,1596.1,16.00,22,22,22,52,74,560,1,2,Yes,No,No,No,No,No,No,No,No,No,Yes,No,No,No,No,No,No,No,No,No,No,No,No,No,No,No,No,No,No,No,No,No,No,No,No,No,No,No,48.0,54,54,59,88.0,100.0,No,No,21506,55883,2.6,0.0,2.6,1.143,0.000,2320,839,12.428,41.633,100.0,0.000,22.9,22.8,60.8,10.0,10.0,10.0,10.0,22.8,60.3,10.0,10.0,10.0,10.0,43.93,99.82,16.46,16.43,99.94,99.94,1.02,3.56,43.93,0.00,54.38,0,
1.2.2026,21:37:12.657,6365,2031,75.8,5463,2421,69.2,0.0,0.804,0.827,0.830,0.820,0.789,0.794,0.794,0.790,0.800,0.800,0.795,0.761,0.766,1665.9,1895.4,1895.4,1895.4,1795.6,1795.6,1795.6,997.6,997.6,1795.6,1795.6,99.8,1296.8,696.7,28.4,2233.7,2704.6,3.2,3.3,1422.6,403.4,38.7,1491.2,16.7,10.5,3.8,854.7,29.4,0.0,55.1,60.6,40.8,11.1,73.6,31.9,12.0,56.1,0.0,0.0,11.1,73.6,29.4,100.0,59.2,0.9,171.2,193.8,0.2,0.2,144.3,41.4,3.8,152.6,1.5,0.9,0.2,59.3,16.7,19.0,19.0,19.0,18.0,18.0,18.0,10.0,10.0,18.0,18.0,13.0,52,51,48,55,55,55,55,51,51,51,51,48,49,52,45,45,45,45,49,49,49,49,55,55,No,No,No,No,No,No,No,No,No,No,No,No,No,No,No,No,No,No,No,No,No,No,No,No,No,No,No,No,No,No,No,No,No,No,No,No,56,56,49,52,0.222,0.000,0.000,0.000,0.000,0.000,0.000,0.000,1.200,9.375,18.096,14.657,0.019,23.734,2.695,0.252,0.122,45.0,12.0,55.0,55.0,10.000,300.0,4.2,0.0,0.0,0.0,0.0,642,0,0.0,0.0,0.0,0.0,24.0,1.1,57.5,64.6,0.3,0.2,77.3,25.2,1.3,59.7,0.6,0.4,0.2,12.8,32.6,32.3,0.0,22.8,0.0,0.0,40.4,0.0,0.0,0.0,58.2,9.9,2.3,99.7,0.0,73.9,98.3,0.0,99.0,99.2,99.5,0.3,0.0,0.6,1596.1,16.00,22,22,22,52,74,560,1,2,Yes,No,No,No,No,No,No,No,No,No,Yes,No,No,No,No,No,No,No,No,No,No,No,No,No,No,No,No,No,No,No,No,No,No,No,No,No,No,No,47.0,54,54,59,88.0,100.0,No,No,21506,55883,2.6,0.0,2.6,1.143,0.000,2320,839,12.428,41.633,100.0,0.000,22.9,22.8,60.8,10.0,10.0,10.0,10.0,22.8,60.3,10.0,10.0,10.0,10.0,43.93,99.82,16.46,16.43,99.94,99.94,1.02,3.56,43.93,0.00,54.38,0,
1.2.2026,21:37:12.767,6364,2032,75.7,5463,2420,69.2,0.0,1.102,1.115,1.165,1.143,1.123,1.118,1.138,0.778,1.148,1.148,1.148,1.031,0.766,2892.9,4289.5,4289.5,3192.2,3192.2,3192.2,997.6,1695.9,1695.9,3192.2,3192.2,99.8,3691.0,583.2,20.4,624.0,1515.9,3.0,10.6,1969.8,1579.4,9.3,1228.4,23.0,7.6,6.7,716.6,18.5,0.0,17.1,37.7,0.0,0.0,66.4,27.3,0.0,73.8,0.0,0.0,0.0,73.8,18.5,100.0,47.7,0.8,47.8,112.8,0.1,0.2,175.8,117.3,0.2,117.4,0.2,0.2,0.2,47.7,29.0,43.0,43.0,32.0,32.0,32.0,10.0,17.0,17.0,32.0,32.0,37.0,55,49,62,55,58,58,58,53,53,53,53,45,51,38,45,42,42,42,47,47,47,47,62,62,No,No,No,No,No,No,No,No,No,No,No,No,No,No,No,No,No,No,No,No,No,No,No,No,No,No,No,No,No,No,No,No,No,No,No,No,61,61,49,52,0.222,0.000,0.000,0.000,0.000,0.000,0.000,0.000,1.200,22.500,12.935,9.555,0.011,18.690,2.718,0.192,0.123,45.0,12.0,55.0,55.0,19.000,300.0,4.4,0.0,0.0,0.0,0.0,642,0,0.0,0.0,0.0,0.0,22.8,0.9,17.2,40.0,0.2,0.4,78.2,55.0,0.3,80.5,0.9,0.3,0.3,14.2,26.8,40.8,0.0,22.1,32.9,0.0,19.6,0.0,0.0,0.0,54.8,20.5,19.0,99.5,0.0,12.2,99.5,0.0,98.9,99.4,99.4,16.3,32.5,0.0,1596.1,16.00,22,22,22,52,74,560,1,2,Yes,No,No,No,No,No,No,No,No,No,Yes,No,No,No,No,No,No,No,No,No,No,No,No,No,No,No,No,No,No,No,No,No,No,No,No,No,No,No,47.0,54,54,60,88.0,100.0,No,No,21506,55883,5.5,0.0,5.5,0.452,0.000,2320,840,12.428,41.633,100.0,0.000,22.9,24.2,61.0,10.4,10.1,10.1,10.1,24.2,60.3,10.4,10.0,10.0,10.0,41.29,95.88,16.40,16.39,99.39,99.39,0.96,3.35,41.29,0.00,47.03,0,
1.2.2026,21:37:12.877,6365,2031,75.8,5462,2421,69.2,0.0,0.803,0.826,0.793,0.798,0.793,0.753,0.753,0.817,0.832,0.832,0.832,0.761,0.766,1596.1,1895.4,1795.6,1795.6,1795.6,997.6,997.6,997.6,1895.4,1895.4,1895.4,99.8,1296.8,684.1,18.1,2214.4,2581.1,2.4,4.5,1583.0,222.3,13.1,1509.7,51.5,4.6,4.0,829.9,24.1,0.2,48.4,59.7,0.0,0.2,71.6,21.9,12.9,72.0,2.4,0.1,0.0,72.0,24.1,100.0,58.9,0.6,155.9,196.1,0.1,1.2,161.3,21.6,1.9,158.0,7.9,0.9,0.7,58.9,16.0,19.0,18.0,18.0,18.0,10.0,10.0,10.0,19.0,19.0,19.0,13.0,53,49,48,56,56,56,56,52,52,52,52,47,51,52,44,44,44,44,48,48,48,48,56,56,No,No,No,No,No,No,No,No,No,No,No,No,No,No,No,No,No,No,No,No,No,No,No,No,No,No,No,No,No,No,No,No,No,No,No,No,56,56,49,52,0.217,0.000,0.000,0.000,0.000,0.000,0.000,0.000,1.200,8.750,18.855,15.075,0.016,24.960,3.041,0.242,0.123,45.0,12.0,55.0,55.0,6.000,300.0,3.7,0.0,0.0,0.0,0.0,642,0,0.0,0.0,0.0,0.0,23.9,0.8,55.3,61.0,0.2,0.2,75.0,14.5,0.5,76.9,2.0,0.2,0.2,11.6,28.6,38.9,0.0,25.1,0.0,0.0,23.2,0.0,0.0,0.0,58.1,0.0,0.0,99.7,0.0,85.2,99.3,0.0,97.8,99.7,99.7,8.6,17.1,0.0,1596.1,16.00,22,22,22,52,74,560,1,2,Yes,No,No,No,No,No,No,No,No,No,Yes,No,No,No,No,No,No,No,No,No,No,No,No,No,No,No,No,No,No,No,No,No,No,No,No,No,No,No,47.0,54,54,61,88.0,100.0,No,No,21506,55883,5.7,0.0,5.7,1.084,0.000,2320,840,12.428,41.633,100.0,0.000,22.9,25.4,61.0,10.5,10.1,10.1,10.1,25.4,60.3,10.4,10.1,10.0,10.0,39.30,95.56,16.40,16.39,99.39,99.39,0.87,3.22,39.30,0.00,43.99,0,
1.2.2026,21:37:12.990,6366,2030,75.8,5462,2421,69.2,0.0,1.119,1.114,1.133,1.113,1.103,1.088,1.128,1.128,1.128,1.128,1.128,1.026,0.766,3222.1,4289.5,4588.8,3192.2,3192.2,997.6,3192.2,3192.2,3192.2,3192.2,3192.2,99.8,3691.0,500.5,16.8,1229.4,2188.0,2.8,2.2,1224.0,67.9,66.8,1192.8,8.0,4.5,2.2,599.8,18.0,0.0,35.4,49.5,0.0,0.0,81.7,4.0,0.0,45.7,0.0,0.0,0.0,81.7,18.0,100.0,40.0,0.9,88.3,144.9,0.1,0.1,123.4,10.8,7.0,103.6,0.7,0.3,0.1,39.9,32.3,43.0,46.0,32.0,32.0,10.0,32.0,32.0,32.0,32.0,32.0,37.0,56,51,65,59,59,59,59,53,53,53,53,44,49,35,41,41,41,41,47,47,47,47,56,65,No,No,No,No,No,No,No,No,No,No,No,No,No,No,No,No,No,No,No,No,No,No,No,No,No,No,No,No,No,No,No,No,No,No,No,No,67,67,49,52,0.222,0.000,0.000,0.000,0.000,0.000,0.000,0.000,1.200,18.125,13.111,9.729,0.008,18.830,2.734,0.186,0.123,45.0,12.0,55.0,55.0,18.000,300.0,3.2,0.0,0.0,0.0,0.0,642,0,0.0,0.0,0.0,0.0,20.1,0.6,37.7,58.3,0.1,0.1,86.8,2.3,2.1,53.2,0.3,0.2,0.1,13.3,49.0,40.0,0.0,13.3,0.0,0.0,30.8,0.0,0.0,0.0,60.9,0.0,0.0,99.8,0.0,97.5,97.7,15.4,99.5,99.7,99.8,5.8,10.1,1.5,1596.1,16.00,22,22,22,52,74,560,1,2,Yes,No,No,No,No,No,No,No,No,No,Yes,No,No,No,No,No,No,No,No,No,No,No,No,No,No,No,No,No,No,No,No,No,No,No,No,No,No,No,47.0,54,54,60,88.0,100.0,No,No,21506,55883,2.3,0.0,2.3,0.111,0.000,2320,840,12.428,41.633,100.0,0.000,22.9,26.4,61.8,11.9,11.9,11.9,11.9,26.4,60.4,12.0,12.0,12.0,12.0,37.82,84.01,16.19,16.15,84.19,84.19,0.80,2.74,37.82,0.00,41.12,0,
1.2.2026,21:37:13.098,6362,2033,75.7,5461,2422,69.2,0.0,0.820,0.828,0.821,0.821,0.821,0.821,0.816,0.816,0.821,0.816,0.821,0.763,0.766,1915.3,2094.9,1895.4,1895.4,1895.4,1895.4,1895.4,1895.4,1895.4,1895.4,1895.4,99.8,1496.3,489.8,20.6,940.2,1225.4,1.8,1.5,1425.8,982.7,53.0,1182.9,34.0,8.1,1.9,581.4,26.5,0.0,19.6,31.4,35.1,20.7,66.2,35.1,12.2,54.5,11.7,10.9,20.7,66.2,26.5,100.0,43.5,0.6,60.6,90.8,0.1,0.1,147.3,98.5,5.0,113.9,3.6,0.8,0.1,43.6,19.2,21.0,19.0,19.0,19.0,19.0,19.0,19.0,19.0,19.0,19.0,15.0,52,48,46,55,55,55,55,52,52,52,52,48,52,54,45,45,45,45,48,48,48,48,55,55,No,No,No,No,No,No,No,No,No,No,No,No,No,No,No,No,No,No,No,No,No,No,No,No,No,No,No,No,No,No,No,No,No,No,No,No,55,55,49,52,0.222,0.000,0.000,0.000,0.000,0.000,0.000,0.000,1.200,5.938,13.111,9.729,0.008,18.830,2.734,0.186,0.123,45.0,12.0,55.0,55.0,4.000,300.0,3.7,0.0,0.0,0.0,0.0,642,0,0.0,0.0,0.0,0.0,19.6,0.7,25.0,35.2,0.1,0.1,70.8,39.6,2.4,60.1,1.1,0.3,0.1,14.1,41.0,34.6,0.0,29.3,22.1,0.0,13.6,0.0,0.0,0.0,56.0,0.0,1.7,99.9,0.0,37.4,97.4,25.3,98.7,99.6,99.8,29.9,32.3,27.6,1596.1,16.00,22,22,22,52,74,560,1,2,Yes,No,No,No,No,No,No,No,No,No,Yes,No,No,No,No,No,No,No,No,No,No,No,No,No,No,No,No,No,No,No,No,No,No,No,No,No,No,No,46.0,54,54,58,88.0,100.0,No,No,21506,55883,1.1,0.0,1.1,2.066,0.000,2320,840,12.429,41.633,100.0,0.000,22.9,27.8,61.8,11.9,11.9,11.9,11.9,27.8,60.4,12.0,12.0,12.0,12.0,35.98,84.02,16.19,16.15,84.19,84.19,0.78,2.59,35.98,0.00,37.47,0,
1.2.2026,21:37:13.209,6368,2028,75.8,5459,2425,69.2,0.0,0.922,0.913,1.008,0.911,0.916,0.916,0.906,0.901,0.916,0.916,0.916,0.831,0.766,2713.4,3291.9,3990.2,2693.4,997.6,2693.4,2693.4,2693.4,2693.4,2693.4,2693.4,99.8,2693.4,538.3,26.7,2255.9,1852.6,10.5,9.1,894.6,263.3,121.5,965.4,39.3,10.4,9.6,679.3,22.3,0.0,76.1,59.3,0.0,0.0,47.6,14.7,3.7,66.6,0.0,0.0,0.0,76.1,22.3,100.0,47.3,1.2,174.4,142.0,0.6,0.9,97.8,29.0,12.5,103.0,4.1,1.0,0.9,47.3,27.2,33.0,40.0,27.0,10.0,27.0,27.0,27.0,27.0,27.0,27.0,27.0,54,52,50,58,58,58,58,51,51,51,51,46,48,50,42,42,42,42,49,49,49,49,58,58,No,No,No,No,No,No,No,No,No,No,No,No,No,No,No,No,No,No,No,No,No,No,No,No,No,No,No,No,No,No,No,No,No,No,No,No,63,63,49,52,0.222,0.000,0.000,0.000,0.000,0.000,0.000,0.000,1.200,16.250,11.986,8.799,0.019,17.445,2.508,0.181,0.124,45.0,12.0,55.0,55.0,17.000,300.0,4.2,0.0,0.0,0.0,0.0,642,0,0.0,0.0,0.0,0.0,23.2,0.8,76.7,59.9,0.3,0.3,48.6,15.3,4.7,69.8,1.3,0.3,0.3,6.3,7.4,11.6,0.0,42.9,0.0,0.0,1.6,0.0,0.0,0.0,61.6,6.0,0.6,99.5,7.6,83.9,95.0,25.6,98.5,99.5,99.6,17.0,8.8,25.3,1596.1,16.00,22,22,22,52,74,560,1,2,Yes,No,No,No,No,No,No,No,No,No,Yes,No,No,No,No,No,No,No,No,No,No,No,No,No,No,No,No,No,No,No,No,No,No,No,No,No,No,No,47.0,54,54,60,88.0,100.0,No,No,21506,55883,7.1,0.0,7.1,2.824,0.000,2321,840,12.429,41.633,100.0,0.000,22.9,26.7,61.8,11.9,11.9,11.9,11.9,26.7,60.4,12.0,12.0,12.0,12.0,37.47,84.03,16.19,16.15,84.19,84.19,0.68,3.16,37.47,0.00,40.44,0,
1.2.2026,21:37:13.303,6369,2027,75.8,5459,2425,69.2,0.0,0.751,0.798,0.688,0.743,0.738,0.738,0.763,0.763,0.763,0.758,0.758,0.738,0.766,1476.4,1695.9,1396.6,1396.6,1396.6,1396.6,1496.3,1496.3,1496.3,1496.3,1496.3,99.8,1097.3,231.3,19.9,362.6,452.1,2.6,2.4,486.6,629.5,134.8,678.4,2.4,2.3,2.4,261.3,18.6,0.0,16.4,9.1,13.0,13.0,22.9,47.2,0.2,62.9,13.0,13.0,12.9,62.9,18.6,100.0,20.7,0.9,27.2,16.6,0.2,0.2,39.3,78.9,3.3,80.8,0.3,0.2,0.2,20.6,14.8,17.0,14.0,14.0,14.0,14.0,15.0,15.0,15.0,15.0,15.0,11.0,51,47,46,54,54,55,55,49,49,49,49,49,53,54,46,46,45,45,51,51,51,51,55,55,No,No,No,No,No,No,No,No,No,No,No,No,No,No,No,No,No,No,No,No,No,No,No,No,No,No,No,No,No,No,No,No,No,No,No,No,55,55,48,52,0.217,0.000,0.000,0.000,0.000,0.000,0.000,0.000,1.200,3.750,5.190,1.869,0.006,11.471,2.720,0.149,0.121,45.0,12.0,55.0,55.0,2.000,300.0,2.7,0.0,0.0,0.0,0.0,642,0,0.0,0.0,0.0,0.0,16.1,1.3,18.5,26.1,0.2,0.2,34.7,42.9,9.5,59.2,0.2,0.2,0.2,4.1,0.1,0.1,0.0,0.0,0.0,0.0,40.8,0.0,0.0,0.0,66.8,22.4,37.9,99.7,63.0,56.0,90.3,0.0,99.7,99.7,99.7,45.7,56.9,34.6,1596.1,16.00,22,22,22,52,74,560,1,2,No,No,No,No,No,No,No,No,No,No,No,No,No,No,No,No,No,No,No,No,No,No,No,No,No,No,No,No,No,No,No,No,No,No,No,No,No,No,48.0,54,54,61,88.0,100.0,No,No,21506,55883,3.8,0.0,3.8,0.572,0.000,2321,840,12.429,41.633,100.0,0.000,22.9,27.2,61.8,11.9,11.9,11.9,11.9,27.2,60.4,12.0,12.0,12.0,12.0,36.80,84.03,16.17,16.15,84.19,84.19,0.65,3.30,36.80,0.00,39.11,0,
1.2.2026,21:37:13.417,6369,2027,75.8,5460,2424,69.2,0.0,1.145,1.148,1.119,1.139,1.139,1.124,1.139,1.169,1.149,1.184,1.139,1.031,0.766,3411.7,4289.5,4289.5,3192.2,3192.2,3192.2,3192.2,3192.2,3192.2,3192.2,3192.2,99.8,3691.0,640.4,33.7,1211.7,3605.8,15.5,147.8,878.1,699.1,174.2,787.7,72.1,28.8,29.9,845.7,23.4,0.0,34.0,92.1,0.0,6.0,58.6,34.4,10.4,43.5,1.8,0.2,0.2,92.1,23.4,100.0,51.3,1.0,91.4,246.6,0.7,13.4,98.6,63.5,19.7,71.4,5.0,2.2,2.2,51.3,34.2,43.0,43.0,32.0,32.0,32.0,32.0,32.0,32.0,32.0,32.0,37.0,55,51,66,56,56,56,56,53,53,53,53,45,49,34,44,44,44,44,47,47,47,47,62,66,No,No,No,No,No,No,No,No,No,No,No,No,No,No,No,No,No,No,No,No,No,No,No,No,No,No,No,No,No,No,No,No,No,No,No,No,62,62,49,52,0.222,0.000,0.000,0.000,0.000,0.000,0.000,0.000,1.200,18.750,15.625,12.299,0.012,21.090,2.579,0.259,0.122,45.0,12.0,55.0,55.0,20.000,300.0,4.5,0.0,0.0,0.0,0.0,642,0,0.0,0.0,0.0,0.0,24.4,1.2,35.7,92.2,0.4,7.5,53.5,39.4,7.6,50.2,3.3,1.0,1.0,7.2,16.7,2.5,0.0,2.9,0.0,0.0,49.8,0.0,0.0,0.0,58.0,0.0,2.7,92.3,41.4,57.8,91.8,0.0,96.4,98.8,98.8,22.6,43.3,1.9,1596.1,16.00,22,22,22,52,74,560,1,2,Yes,No,No,No,No,No,No,No,No,No,Yes,No,No,No,No,No,No,No,No,No,No,No,No,No,No,No,No,No,No,No,No,No,No,No,No,No,No,No,47.0,54,54,57,88.0,100.0,No,No,21506,55883,1.0,0.0,1.0,0.016,0.000,2321,840,12.429,41.633,100.0,0.000,22.9,27.9,62.3,11.9,11.9,11.9,11.9,27.9,60.4,12.0,12.0,12.0,12.0,35.79,84.08,16.06,16.03,84.19,84.19,0.64,3.29,35.79,0.00,38.51,0,
1.2.2026,21:37:13.525,6366,2030,75.8,5459,2424,69.2,0.0,0.776,0.764,0.789,0.784,0.774,0.774,0.774,0.774,0.774,0.774,0.774,0.711,0.766,1655.9,1795.6,1795.6,1795.6,1695.9,1695.9,997.6,1695.9,1695.9,1695.9,1695.9,99.8,1197.1,262.3,117.8,478.1,448.5,3.5,3.9,676.0,420.7,630.6,357.4,4.0,3.8,3.8,347.4,15.7,2.0,16.4,26.4,0.0,0.0,40.1,23.6,44.2,35.3,0.0,0.0,0.0,44.2,15.7,100.0,30.2,7.9,35.5,63.0,0.4,1.9,75.1,48.2,74.6,51.4,2.4,0.8,0.8,30.2,16.6,18.0,18.0,18.0,17.0,17.0,10.0,17.0,17.0,17.0,17.0,12.0,51,46,46,55,55,55,54,50,50,50,50,49,54,54,45,45,45,46,50,50,50,50,54,55,No,No,No,No,No,No,No,No,No,No,No,No,No,No,No,No,No,No,No,No,No,No,No,No,No,No,No,No,No,No,No,No,No,No,No,No,54,54,49,52,0.222,0.000,0.000,0.000,0.000,0.000,0.000,0.000,1.200,11.875,8.240,4.795,0.006,14.413,2.815,0.178,0.123,45.0,12.0,55.0,55.0,12.000,300.0,2.9,0.0,0.0,0.0,0.0,642,0,0.0,0.0,0.0,0.0,15.9,3.7,18.8,21.1,0.4,0.3,43.0,26.4,44.0,31.6,0.3,0.3,0.3,11.5,8.6,46.0,0.0,2.6,12.1,10.5,34.8,0.0,0.0,0.0,62.0,0.0,32.8,99.4,52.2,60.4,44.8,32.6,99.3,99.4,99.4,34.2,68.3,0.0,1596.1,16.00,22,22,22,52,74,560,1,2,Yes,No,No,No,No,No,No,No,No,No,Yes,No,No,No,No,No,No,No,No,No,No,No,No,No,No,No,No,No,No,No,No,No,No,No,No,No,No,No,47.0,54,54,60,88.0,100.0,No,No,21506,55883,2.8,0.0,2.8,0.204,0.000,2321,840,12.429,41.633,100.0,0.000,22.9,26.9,62.7,11.9,11.9,11.9,11.9,26.9,60.4,12.0,12.0,12.0,12.0,37.19,84.12,15.96,15.93,84.19,84.19,0.65,3.75,37.19,0.00,37.45,0,
1.2.2026,21:37:13.635,6369,2027,75.8,5461,2423,69.2,0.0,1.118,1.122,1.093,1.108,1.108,1.109,1.124,1.124,1.128,1.128,1.133,1.033,0.766,3192.2,4289.5,4289.5,997.6,3192.2,3192.2,3192.2,3192.2,3192.2,3192.2,3192.2,99.8,3691.0,780.4,23.3,3532.5,2384.7,10.1,4.8,1207.9,514.7,129.0,1354.6,21.4,7.9,173.8,975.9,26.3,0.0,89.2,64.8,0.0,0.0,60.2,21.9,3.0,64.6,0.0,0.0,11.9,89.2,26.3,100.0,66.5,1.1,268.6,179.6,0.3,0.3,124.2,53.2,13.9,135.8,1.8,0.6,19.0,66.5,32.0,43.0,43.0,10.0,32.0,32.0,32.0,32.0,32.0,32.0,32.0,37.0,58,67,52,62,62,62,62,53,53,53,52,42,33,48,38,38,38,38,47,47,47,48,67,67,No,No,No,No,No,No,No,No,No,No,No,No,No,No,No,No,No,No,No,No,No,No,No,No,No,No,No,No,No,No,No,No,No,No,No,No,66,66,49,52,0.217,0.000,0.000,0.000,0.000,0.000,0.000,0.000,1.200,7.188,18.322,14.707,0.024,24.107,2.847,0.265,0.117,45.0,12.0,55.0,55.0,4.000,300.0,6.1,0.0,0.0,0.0,0.0,642,0,0.0,0.0,0.0,0.0,28.2,0.7,91.2,67.4,0.3,0.2,64.8,23.4,4.3,71.2,0.7,0.3,13.2,7.6,3.3,20.5,0.0,15.9,11.4,0.0,24.8,0.0,0.0,0.0,57.7,0.6,10.6,99.6,18.0,64.1,95.2,3.5,99.0,99.4,86.6,2.3,3.8,0.8,1596.1,16.00,22,22,22,52,74,560,1,2,Yes,No,No,No,No,No,No,No,No,No,Yes,No,No,No,No,No,No,No,No,No,No,No,No,No,No,No,No,No,No,No,No,No,No,No,No,No,No,No,47.0,54,54,60,88.0,100.0,No,No,21506,55883,4.2,0.0,4.2,0.529,0.000,2321,840,12.429,41.633,100.0,0.000,22.9,29.0,62.7,11.9,11.9,11.9,11.9,29.0,60.4,12.0,12.0,12.0,12.0,34.52,84.11,15.96,15.93,84.19,84.19,0.64,3.17,34.52,0.00,34.80,0,
1.2.2026,21:37:13.746,6370,2026,75.8,5461,2423,69.2,0.0,0.862,0.838,0.726,0.781,0.784,0.929,0.884,0.889,0.939,0.929,0.929,0.728,0.766,2124.8,1995.1,1695.9,1695.9,1695.9,2493.9,2493.9,2493.9,2493.9,2493.9,1695.9,99.8,1396.6,639.3,30.2,458.6,1284.0,29.9,5.1,2085.2,1830.7,1339.4,555.7,9.2,36.2,7.0,882.9,19.1,0.0,11.6,29.3,0.0,0.0,64.9,48.2,35.6,39.1,0.0,0.0,0.0,64.9,19.1,100.0,56.9,1.1,33.8,95.4,0.8,0.3,207.1,167.2,108.2,63.4,0.9,3.8,0.6,57.0,21.3,20.0,17.0,17.0,17.0,25.0,25.0,25.0,25.0,25.0,17.0,14.0,52,48,47,56,56,56,56,50,50,50,50,48,52,53,44,44,44,44,50,50,50,50,55,56,No,No,No,No,No,No,No,No,No,No,No,No,No,No,No,No,No,No,No,No,No,No,No,No,No,No,No,No,No,No,No,No,No,No,No,No,56,56,49,52,0.222,0.000,0.000,0.000,0.000,0.000,0.000,0.000,1.200,20.313,14.079,10.337,0.012,20.287,3.082,0.188,0.123,45.0,12.0,55.0,55.0,22.000,300.0,2.9,0.0,0.0,0.0,0.0,642,0,0.0,0.0,0.0,0.0,22.8,1.2,14.2,33.4,0.9,0.2,75.2,58.7,48.0,39.7,0.5,1.4,0.5,12.7,31.2,5.3,0.0,24.5,25.5,26.4,13.6,0.0,0.0,0.0,55.3,28.7,41.9,99.5,0.5,15.7,25.4,44.9,98.9,98.0,99.0,21.5,24.9,18.1,1596.1,16.00,22,22,22,52,74,560,1,2,Yes,No,No,No,No,No,No,No,No,No,Yes,No,No,No,No,No,No,No,No,No,No,No,No,No,No,No,No,No,No,No,No,No,No,No,No,No,No,No,47.0,54,54,61,88.0,100.0,No,No,21506,55883,9.9,0.0,9.9,0.959,0.000,2321,840,12.429,41.633,100.0,0.000,22.9,29.0,62.7,11.9,11.9,11.9,11.9,29.0,60.4,12.0,12.0,12.0,12.0,34.50,84.11,15.96,15.93,84.19,84.19,0.65,3.05,34.50,0.00,33.00,0,
1.2.2026,21:37:13.858,6371,2025,75.8,5463,2421,69.2,0.0,1.118,1.069,1.104,1.119,1.109,1.124,1.124,1.134,1.139,1.154,1.104,1.001,0.766,3561.3,4189.8,4289.5,3391.7,3391.7,3391.7,3391.7,3391.7,3391.7,3391.7,3391.7,99.8,3591.2,686.1,20.0,2686.5,3271.2,3.6,2.4,1598.6,63.3,77.6,476.3,18.3,10.2,5.3,965.4,34.6,11.9,66.4,79.3,21.5,21.5,90.1,13.2,14.2,31.5,21.9,21.7,21.6,90.1,34.6,100.0,56.9,1.0,198.5,246.5,0.2,0.1,175.4,5.9,7.9,44.7,1.7,0.8,0.4,56.9,35.7,42.0,43.0,34.0,34.0,34.0,34.0,34.0,34.0,34.0,34.0,36.0,57,62,58,60,60,60,60,53,53,53,53,43,38,42,40,40,40,40,47,47,47,47,62,62,No,No,No,No,No,No,No,No,No,No,No,No,No,No,No,No,No,No,No,No,No,No,No,No,No,No,No,No,No,No,No,No,No,No,No,No,61,61,49,53,0.222,0.000,0.000,0.000,0.000,0.000,0.000,0.000,1.200,11.563,19.564,16.042,0.027,25.339,2.750,0.272,0.123,45.0,12.0,55.0,55.0,14.000,300.0,5.8,0.0,0.0,0.0,0.0,642,0,0.0,0.0,0.0,0.0,22.1,0.6,65.2,77.9,0.2,0.1,88.2,2.2,3.2,26.2,0.7,0.4,0.2,4.1,23.7,5.4,0.0,11.8,0.0,0.0,0.0,0.0,0.0,0.0,67.8,8.5,5.7,99.7,0.0,97.5,96.5,72.2,99.0,99.4,99.5,6.0,2.6,9.5,1596.1,16.00,22,22,22,52,74,560,1,2,Yes,No,No,No,No,No,No,No,No,No,Yes,No,No,No,No,No,No,No,No,No,No,No,No,No,No,No,No,No,No,No,No,No,No,No,No,No,No,No,47.0,54,54,60,88.0,100.0,No,No,21506,55883,7.7,0.0,7.7,1.407,0.000,2321,840,12.429,41.633,100.0,0.000,22.9,30.0,63.6,11.9,11.9,11.9,11.9,30.0,60.4,12.0,12.0,12.0,12.0,33.34,84.11,15.73,15.66,84.19,84.19,0.66,2.62,33.34,0.00,33.62,0,
1.2.2026,21:37:13.965,6371,2025,75.8,5463,2421,69.2,0.0,1.062,0.947,0.770,0.785,1.161,1.142,1.172,1.170,1.145,1.170,1.160,1.026,0.766,2922.9,1895.4,1995.1,1596.1,3391.7,3391.7,3391.7,3391.7,3391.7,3391.7,3391.7,99.8,3691.0,397.0,24.1,622.2,1852.6,2.7,2.2,1376.7,10.8,10.0,855.3,2.6,2.7,2.8,487.7,14.6,0.0,14.0,40.6,0.0,0.0,74.4,0.0,0.0,46.1,0.0,0.0,0.0,74.4,14.6,100.0,31.6,1.0,42.8,112.2,0.1,0.2,135.1,1.7,1.4,83.7,0.2,0.2,0.2,31.6,29.3,19.0,20.0,16.0,34.0,34.0,34.0,34.0,34.0,34.0,34.0,37.0,52,48,53,55,55,55,55,51,51,51,51,48,52,47,45,45,45,45,49,49,49,49,54,55,No,No,No,No,No,No,No,No,No,No,No,No,No,No,No,No,No,No,No,No,No,No,No,No,No,No,No,No,No,No,No,No,No,No,No,No,55,55,49,52,0.222,0.000,0.000,0.000,0.000,0.000,0.000,0.000,1.200,18.125,11.111,7.839,0.010,17.223,2.637,0.161,0.122,45.0,12.0,55.0,55.0,18.000,300.0,2.9,0.0,0.0,0.0,0.0,642,0,0.0,0.0,0.0,0.0,17.1,0.9,17.3,54.3,0.1,0.2,82.4,0.4,0.4,48.8,0.2,0.2,0.2,9.4,37.7,23.6,0.0,17.7,0.0,0.0,15.0,0.0,0.0,0.0,65.5,13.3,8.9,99.7,0.0,99.4,99.4,35.7,99.6,99.6,99.6,20.8,29.1,12.6,1596.1,16.00,22,22,22,52,74,560,1,2,Yes,No,No,No,No,No,No,No,No,No,Yes,No,No,No,No,No,No,No,No,No,No,No,No,No,No,No,No,No,No,No,No,No,No,No,No,No,No,No,48.0,54,54,61,88.0,100.0,No,No,21506,55883,7.2,11.4,18.6,0.981,14.526,2321,841,12.429,41.633,100.0,0.000,22.9,30.5,63.6,11.9,11.9,11.9,11.9,30.5,60.3,12.0,12.0,12.0,12.0,32.76,83.85,15.73,15.66,83.90,83.90,0.69,2.69,32.76,0.00,30.72,0,
1.2.2026,21:37:14.081,6372,2023,75.8,5464,2420,69.3,0.0,0.959,0.905,0.965,0.965,0.960,0.965,0.970,0.960,0.965,0.965,0.969,0.843,0.766,2703.4,3391.7,3790.7,2693.4,2693.4,2693.4,2693.4,997.6,2693.4,2693.4,2693.4,99.8,2793.2,635.7,32.0,2289.7,2913.5,5.5,5.6,919.3,254.1,214.5,947.8,17.3,13.0,16.7,829.3,28.5,0.0,58.4,75.0,11.9,11.9,56.1,24.7,23.3,44.4,12.2,12.0,12.1,75.0,28.5,100.0,53.9,0.8,174.8,221.6,0.3,0.5,100.1,25.4,21.4,97.4,1.6,1.2,1.6,53.9,27.1,34.0,38.0,27.0,27.0,27.0,27.0,10.0,27.0,27.0,27.0,28.0,56,58,53,59,59,59,59,53,53,53,53,44,42,47,41,41,41,41,47,47,47,47,60,59,No,No,No,No,No,No,No,No,No,No,No,No,No,No,No,No,No,No,No,No,No,No,No,No,No,No,No,No,No,No,No,No,No,No,No,No,59,59,49,53,0.222,0.000,0.000,0.000,0.000,0.000,0.000,0.000,1.200,8.750,17.762,14.322,0.027,23.185,2.728,0.244,0.123,45.0,12.0,55.0,55.0,12.000,300.0,5.1,0.0,0.0,0.0,0.0,642,0,0.0,0.0,0.0,0.0,22.5,0.8,60.1,73.1,0.1,0.2,53.7,16.3,14.5,49.1,0.6,0.4,0.5,8.7,14.4,17.6,0.0,46.3,0.0,0.0,8.4,0.0,0.0,0.0,61.1,0.0,6.0,99.7,0.0,83.3,85.1,39.5,99.3,99.4,99.3,13.0,22.9,3.0,1596.1,16.00,22,22,22,52,74,560,1,2,Yes,No,No,No,No,No,No,No,No,No,Yes,No,No,No,No,No,No,No,No,No,No,No,No,No,No,No,No,No,No,No,No,No,No,No,No,No,No,No,46.0,54,54,58,88.0,100.0,No,No,21506,55883,1.6,0.0,1.6,0.198,0.000,2321,841,12.429,41.633,100.0,0.000,22.9,30.5,63.6,11.9,11.9,11.9,11.9,30.5,60.3,12.0,12.0,12.0,12.0,32.75,83.85,15.73,15.66,83.90,83.90,0.70,2.55,32.75,0.00,31.24,0,
1.2.2026,21:37:14.191,6368,2027,75.8,5461,2423,69.2,0.0,1.113,1.132,1.140,1.110,1.095,1.110,1.140,1.100,1.100,1.100,1.105,1.028,0.766,3361.8,4289.5,4588.8,3391.7,3391.7,3391.7,997.6,3391.7,3391.7,3391.7,3391.7,99.8,3691.0,440.9,20.5,889.9,1761.4,2.3,2.1,1536.3,86.1,13.9,964.7,5.0,4.4,4.4,539.0,15.3,0.0,19.0,23.7,0.0,0.0,80.1,3.3,0.0,57.8,0.0,0.0,0.0,80.1,15.3,100.0,33.9,0.8,56.9,69.3,0.1,0.1,150.5,11.7,0.2,116.3,0.1,0.1,0.1,33.9,33.7,43.0,46.0,34.0,34.0,34.0,10.0,34.0,34.0,34.0,34.0,37.0,56,48,66,56,58,58,58,53,53,53,53,44,52,34,44,42,42,42,47,47,47,47,57,66,No,No,No,No,No,No,No,No,No,No,No,No,No,No,No,No,No,No,No,No,No,No,No,No,No,No,No,No,No,No,No,No,No,No,No,No,61,61,49,52,0.217,0.000,0.000,0.000,0.000,0.000,0.000,0.000,1.200,17.813,10.948,7.891,0.014,16.273,2.439,0.131,0.122,45.0,12.0,55.0,55.0,19.000,300.0,3.1,0.0,0.0,0.0,0.0,642,0,0.0,0.0,0.0,0.0,17.7,0.7,23.3,44.6,0.1,0.1,88.3,3.4,0.5,51.5,0.2,0.2,0.2,10.2,44.5,41.6,0.0,11.8,0.0,0.0,4.2,0.0,0.0,0.0,64.2,0.0,3.5,99.9,0.0,96.4,99.4,43.5,99.6,99.7,99.7,19.6,29.4,9.9,1596.1,16.00,22,22,22,52,74,560,1,2,Yes,No,No,No,No,No,No,No,No,No,Yes,No,No,No,No,No,No,No,No,No,No,No,No,No,No,No,No,No,No,No,No,No,No,No,No,No,No,No,46.0,54,54,57,88.0,100.0,No,No,21506,55883,2.3,0.0,2.3,0.828,0.000,2321,841,12.429,41.633,100.0,0.000,22.9,29.5,63.6,11.9,11.9,11.9,11.9,29.5,60.3,12.0,12.0,12.0,12.0,33.93,83.85,15.73,15.66,83.90,83.90,0.71,2.65,33.93,0.00,31.16,0,
1.2.2026,21:37:14.300,6370,2026,75.8,5461,2423,69.2,0.0,0.846,0.867,0.876,0.862,0.847,0.832,0.837,0.837,0.837,0.832,0.832,0.791,0.766,2094.9,2992.7,2992.7,2094.9,2094.9,1995.1,1995.1,1995.1,997.6,1895.4,1895.4,99.8,2394.1,629.1,28.6,2201.9,2224.5,5.5,9.6,1145.6,288.8,113.9,1158.5,132.7,22.2,217.3,752.3,25.9,0.0,54.9,67.4,40.6,0.0,66.7,7.2,13.4,41.3,16.5,0.0,2.8,67.4,25.9,100.0,56.1,0.8,170.0,216.2,0.2,0.6,134.0,20.7,9.3,92.7,10.2,1.7,16.7,56.0,21.0,30.0,30.0,21.0,21.0,20.0,20.0,20.0,10.0,19.0,19.0,24.0,54,51,52,56,56,56,56,53,53,53,53,46,49,48,44,44,44,44,47,47,47,47,56,56,No,No,No,No,No,No,No,No,No,No,No,No,No,No,No,No,No,No,No,No,No,No,No,No,No,No,No,No,No,No,No,No,No,No,No,No,57,57,49,53,0.222,0.000,0.000,0.000,0.000,0.000,0.000,0.000,1.200,3.750,18.231,14.451,0.026,24.315,3.008,0.266,0.124,45.0,12.0,55.0,55.0,3.000,300.0,4.8,0.0,0.0,0.0,0.0,642,0,0.0,0.0,0.0,0.0,17.7,0.9,56.2,54.7,0.3,0.3,58.3,14.2,4.2,57.3,9.4,0.9,6.8,10.2,21.6,35.2,0.0,41.7,9.6,0.0,0.0,0.0,0.0,0.0,64.2,0.0,10.0,99.4,0.0,74.9,95.0,40.4,89.9,98.5,92.8,19.6,19.2,0.0,1596.1,16.00,22,22,22,52,74,560,1,2,Yes,No,No,No,No,No,No,No,No,No,Yes,No,No,No,No,No,No,No,No,No,No,No,No,No,No,No,No,No,No,No,No,No,No,No,No,No,No,No,46.0,54,54,59,88.0,100.0,No,No,21506,55883,2.3,0.0,2.3,0.828,0.000,2321,841,12.429,41.633,100.0,0.000,22.9,29.5,63.6,11.9,11.9,11.9,11.9,29.5,60.3,12.0,12.0,12.0,12.0,33.93,83.85,15.73,15.66,83.90,83.90,0.71,2.65,33.93,0.00,31.16,0,
1.2.2026,21:37:14.412,6370,2025,75.8,5462,2422,69.2,0.0,1.108,1.104,1.098,1.113,1.098,1.108,1.093,1.123,1.123,1.093,1.123,1.031,0.766,3571.3,4289.5,4289.5,3391.7,3391.7,3391.7,3391.7,3391.7,3391.7,3391.7,3391.7,99.8,3691.0,515.0,24.9,526.0,1521.8,3.6,5.6,1865.4,1287.0,91.5,836.3,6.7,5.9,5.8,665.7,21.4,0.0,13.1,27.4,11.7,11.7,74.5,47.3,0.0,47.4,0.0,11.7,11.7,74.5,21.4,100.0,42.2,1.0,35.6,82.8,0.1,0.2,174.2,127.5,0.8,83.4,0.2,0.2,0.2,42.2,35.8,43.0,43.0,34.0,34.0,34.0,34.0,34.0,34.0,34.0,34.0,37.0,55,49,65,56,56,56,56,53,53,53,53,45,51,35,44,44,44,44,47,47,47,47,62,65,No,No,No,No,No,No,No,No,No,No,No,No,No,No,No,No,No,No,No,No,No,No,No,No,No,No,No,No,No,No,No,No,No,No,No,No,62,62,49,53,0.217,0.000,0.000,0.000,0.000,0.000,0.000,0.000,1.200,20.313,11.383,7.954,0.017,17.275,2.764,0.171,0.122,45.0,12.0,55.0,55.0,21.000,300.0,3.5,0.0,0.0,0.0,0.0,642,0,0.0,0.0,0.0,0.0,21.0,1.1,15.9,38.5,0.3,0.2,86.6,53.6,6.0,48.4,0.3,0.3,0.3,16.6,64.0,35.2,0.0,13.7,22.9,0.0,29.8,0.0,0.0,0.0,54.7,0.0,11.3,99.6,0.0,23.6,93.7,20.8,99.3,99.3,99.3,16.6,18.6,14.6,1596.1,16.00,22,22,22,52,74,560,1,2,Yes,No,No,No,No,No,No,No,No,No,Yes,No,No,No,No,No,No,No,No,No,No,No,No,No,No,No,No,No,No,No,No,No,No,No,No,No,No,No,47.0,54,54,59,88.0,100.0,No,No,21506,55883,5.0,0.0,5.0,0.859,0.000,2321,841,12.429,41.633,100.0,0.000,22.9,29.0,63.6,11.9,11.9,11.9,11.9,29.0,60.3,12.0,12.0,12.0,12.0,34.50,83.70,15.73,15.66,83.90,83.90,0.73,2.53,34.50,0.00,31.65,0,
1.2.2026,21:37:14.528,6372,2024,75.8,5462,2422,69.2,0.0,0.809,0.863,0.804,0.814,0.809,0.813,0.813,0.808,0.793,0.793,0.778,0.791,0.763,1995.1,2992.7,2593.7,1795.6,1795.6,1795.6,1795.6,1795.6,1795.6,1795.6,1795.6,99.8,2394.1,590.5,31.8,1691.7,2718.7,9.5,8.0,1145.3,124.2,62.1,1240.3,24.7,16.5,13.1,723.9,19.9,0.0,39.5,68.5,0.0,0.0,70.5,5.0,7.2,48.2,0.0,0.0,0.0,70.5,19.9,100.0,53.9,0.9,129.6,228.8,0.5,0.8,129.3,14.1,16.8,120.2,2.4,1.6,1.3,53.9,20.0,30.0,26.0,18.0,18.0,18.0,18.0,18.0,18.0,18.0,18.0,24.0,54,49,51,56,56,56,56,53,53,53,53,46,51,49,44,44,44,44,47,47,47,47,56,56,No,No,No,No,No,No,No,No,No,No,No,No,No,No,No,No,No,No,No,No,No,No,No,No,No,No,No,No,No,No,No,No,No,No,No,No,56,56,50,53,0.222,0.000,0.000,0.000,0.000,0.000,0.000,0.000,1.200,10.938,18.272,14.590,0.014,24.063,2.969,0.249,0.123,45.0,12.0,55.0,55.0,15.000,300.0,4.6,0.0,0.0,0.0,0.0,642,0,0.0,0.0,0.0,0.0,20.7,1.2,41.6,65.4,0.4,0.3,71.8,5.8,2.3,58.2,1.0,0.6,0.5,9.7,31.2,27.6,0.0,28.2,0.0,0.0,9.9,0.0,0.0,0.0,62.3,0.0,6.5,99.4,0.0,93.7,97.2,29.8,98.5,99.1,99.2,12.5,24.7,0.2,1596.1,16.00,22,22,22,52,74,560,1,2,Yes,No,No,No,No,No,No,No,No,No,Yes,No,No,No,No,No,No,No,No,No,No,No,No,No,No,No,No,No,No,No,No,No,No,No,No,No,No,No,47.0,54,54,60,88.0,100.0,No,No,21506,55883,2.8,0.0,2.8,2.930,0.000,2322,841,12.429,41.633,100.0,0.000,22.9,29.0,63.2,12.0,12.0,12.0,12.0,29.0,60.4,12.0,12.0,12.0,12.0,34.52,83.13,15.82,15.67,83.16,83.16,0.74,2.44,34.52,0.00,33.31,0,
1.2.2026,21:37:14.619,6371,2025,75.8,5462,2421,69.2,0.0,1.124,1.130,1.149,1.119,1.159,1.119,1.123,1.108,1.098,1.098,1.138,1.031,0.766,2743.3,4289.5,4588.8,3192.2,3192.2,3192.2,3192.2,997.6,1596.1,1596.1,1596.1,99.8,3691.0,561.1,26.3,1687.9,1994.3,7.7,5.2,1402.4,770.5,50.0,753.9,25.3,4.7,4.8,743.0,19.1,0.0,45.0,46.3,0.0,0.0,62.6,41.5,0.4,33.5,0.0,0.0,0.0,62.6,19.1,100.0,45.0,1.2,127.7,126.4,0.4,0.4,130.6,83.6,3.0,63.8,2.7,0.3,0.4,45.0,27.5,43.0,46.0,32.0,32.0,32.0,32.0,10.0,16.0,16.0,16.0,37.0,58,66,61,60,60,60,60,52,52,52,52,42,34,39,40,40,40,40,48,48,48,48,66,66,No,No,No,No,No,No,No,No,No,No,No,No,No,No,No,No,No,No,No,No,No,No,No,No,No,No,No,No,No,No,No,No,No,No,No,No,65,65,50,53,0.222,0.000,0.000,0.000,0.000,0.000,0.000,0.000,1.200,18.438,13.732,10.774,0.009,19.107,2.302,0.161,0.123,45.0,12.0,55.0,55.0,20.000,300.0,3.3,0.0,0.0,0.0,0.0,642,0,0.0,0.0,0.0,0.0,21.6,0.9,46.4,54.4,0.3,0.2,69.5,42.2,2.4,41.9,1.1,0.2,0.2,10.8,10.0,30.4,0.0,30.7,0.0,0.0,36.8,0.0,0.0,0.0,58.8,0.0,15.2,99.6,0.0,57.5,97.3,20.4,98.7,99.6,99.6,20.3,40.7,0.0,1596.1,16.00,22,22,22,52,74,560,1,2,Yes,No,No,No,No,No,No,No,No,No,Yes,No,No,No,No,No,No,No,No,No,No,No,No,No,No,No,No,No,No,No,No,No,No,No,No,No,No,No,47.0,54,54,59,88.0,100.0,No,No,21506,55883,6.8,0.0,6.8,0.727,0.000,2322,841,12.429,41.633,100.0,0.000,22.9,28.9,63.2,12.0,12.0,12.0,12.0,28.9,60.4,12.0,12.0,12.0,12.0,34.64,83.13,15.81,15.67,83.16,83.16,0.74,2.48,34.64,0.00,33.30,0,
1.2.2026,21:37:14.727,6371,2025,75.8,5462,2421,69.2,0.0,0.784,0.763,0.751,0.806,0.806,0.786,0.786,0.786,0.786,0.786,0.786,0.748,0.766,1825.5,1795.6,1895.4,1895.4,1895.4,1795.6,1795.6,1795.6,1795.6,1795.6,1795.6,99.8,1197.1,336.9,34.1,594.0,883.1,3.4,6.8,932.8,865.2,23.1,643.5,26.2,10.1,21.0,417.8,16.6,0.0,18.4,30.3,0.0,0.0,54.0,51.4,0.0,45.3,0.0,0.0,0.0,54.0,16.6,100.0,34.3,1.0,47.5,82.9,0.2,0.5,102.5,94.8,4.7,71.9,2.5,0.9,2.0,34.4,18.3,18.0,19.0,19.0,19.0,18.0,18.0,18.0,18.0,18.0,18.0,12.0,51,47,46,55,55,55,55,49,49,49,49,49,53,54,45,45,45,45,51,51,51,51,53,55,No,No,No,No,No,No,No,No,No,No,No,No,No,No,No,No,No,No,No,No,No,No,No,No,No,No,No,No,No,No,No,No,No,No,No,No,54,54,49,52,0.222,0.000,0.000,0.000,0.000,0.000,0.000,0.000,1.200,14.375,9.472,5.967,0.022,15.763,2.825,0.193,0.123,45.0,12.0,55.0,55.0,13.000,300.0,4.7,0.0,0.0,0.0,0.0,642,0,0.0,0.0,0.0,0.0,21.6,1.4,19.7,28.1,0.3,0.3,56.9,53.7,0.8,44.9,1.0,0.5,0.8,10.8,21.7,32.4,0.0,43.1,8.3,0.0,10.5,0.0,0.0,0.0,58.8,12.4,39.4,99.5,0.0,36.5,98.9,42.6,98.6,99.2,98.8,20.3,44.3,0.0,1596.1,16.00,22,22,22,52,74,560,1,2,Yes,No,No,No,No,No,No,No,No,No,Yes,No,No,No,No,No,No,No,No,No,No,No,No,No,No,No,No,No,No,No,No,No,No,No,No,No,No,No,47.0,54,54,61,88.0,100.0,No,No,21506,55883,6.8,0.0,6.8,0.727,0.000,2322,841,12.429,41.633,100.0,0.000,22.9,28.9,63.2,12.0,12.0,12.0,12.0,28.9,60.4,12.0,12.0,12.0,12.0,34.64,83.13,15.81,15.67,83.16,83.16,0.74,2.48,34.64,0.00,33.30,0,
1.2.2026,21:37:14.838,6372,2024,75.8,5463,2421,69.2,0.0,0.790,0.806,0.801,0.786,0.786,0.786,0.786,0.791,0.786,0.786,0.786,0.751,0.766,1855.5,2294.4,1895.4,1795.6,1795.6,1795.6,1795.6,1795.6,1795.6,1795.6,1795.6,99.8,1695.9,576.3,29.2,1879.1,1857.5,23.2,55.9,1284.8,374.4,44.2,1298.9,20.7,29.4,18.0,693.5,26.9,0.4,51.8,43.6,12.7,14.1,72.7,23.4,13.7,51.5,12.8,13.0,12.7,72.7,26.9,100.0,48.4,1.4,142.9,125.4,1.6,5.9,135.8,39.2,4.5,117.3,2.0,3.0,1.8,48.4,18.6,23.0,19.0,18.0,18.0,18.0,18.0,18.0,18.0,18.0,18.0,17.0,52,48,47,55,55,55,55,51,51,51,51,48,52,53,45,45,45,45,49,49,49,49,55,55,No,No,No,No,No,No,No,No,No,No,No,No,No,No,No,No,No,No,No,No,No,No,No,No,No,No,No,No,No,No,No,No,No,No,No,No,55,55,49,52,0.222,0.000,0.000,0.000,0.000,0.000,0.000,0.000,1.200,9.688,13.726,10.306,0.012,19.705,2.722,0.219,0.123,45.0,12.0,55.0,55.0,9.000,300.0,3.1,0.0,0.0,0.0,0.0,642,0,0.0,0.0,0.0,0.0,23.0,1.4,53.5,51.2,0.7,2.3,76.4,25.1,1.9,60.8,0.8,1.1,0.7,9.7,24.2,28.6,0.0,23.6,0.0,0.0,20.2,0.0,0.0,0.0,60.3,19.1,0.0,97.4,0.0,74.1,97.6,18.4,98.8,98.6,99.0,10.9,2.6,19.3,1596.1,16.00,22,22,22,52,74,560,1,2,Yes,No,No,No,No,No,No,No,No,No,Yes,No,No,No,No,No,No,No,No,No,No,No,No,No,No,No,No,No,No,No,No,No,No,No,No,No,No,No,47.0,54,54,59,88.0,100.0,No,No,21506,55883,8.5,0.0,8.5,0.542,0.000,2322,841,12.429,41.633,100.0,0.000,22.9,27.5,63.2,12.0,12.0,12.0,12.0,27.5,60.4,12.0,12.0,12.0,12.0,36.42,83.15,15.82,15.67,83.16,83.16,0.74,3.21,36.42,0.00,36.98,0,
1.2.2026,21:37:14.948,6373,2023,75.8,5464,2420,69.3,0.0,0.796,0.786,0.790,0.795,0.794,0.799,0.798,0.796,0.801,0.801,0.801,0.738,0.766,1775.7,2094.9,2294.4,1596.1,1596.1,1596.1,1596.1,1695.9,1695.9,1795.6,1795.6,99.8,1496.3,576.8,18.4,1150.4,1451.5,3.7,5.9,1715.7,1337.2,15.3,1206.3,6.1,5.7,5.3,712.3,19.8,0.0,29.6,36.9,0.0,0.0,69.8,47.6,0.0,53.1,0.0,0.0,0.0,69.8,19.8,100.0,49.3,0.8,84.9,105.7,0.1,0.5,169.7,119.9,1.5,107.5,0.5,0.5,0.4,49.3,17.8,21.0,23.0,16.0,16.0,16.0,16.0,17.0,17.0,18.0,18.0,15.0,54,53,52,56,56,56,56,52,52,52,52,46,47,48,44,44,44,44,48,48,48,48,57,56,No,No,No,No,No,No,No,No,No,No,No,No,No,No,No,No,No,No,No,No,No,No,No,No,No,No,No,No,No,No,No,No,No,No,No,No,56,56,49,52,0.222,0.000,0.000,0.000,0.000,0.000,0.000,0.000,1.200,8.438,14.019,10.433,0.025,20.210,2.914,0.198,0.122,45.0,12.0,55.0,55.0,7.000,300.0,4.7,0.0,0.0,0.0,0.0,642,0,0.0,0.0,0.0,0.0,22.8,0.8,32.5,41.2,0.3,0.2,77.6,56.4,0.6,63.2,0.3,0.3,0.2,14.7,37.7,30.1,0.0,22.6,29.2,0.0,26.9,0.0,0.0,0.0,52.2,0.0,1.1,99.6,0.0,14.4,99.2,9.2,99.5,99.5,99.5,27.9,29.6,26.3,1596.1,16.00,22,22,22,52,74,560,1,2,Yes,No,No,No,No,No,No,No,No,No,Yes,No,No,No,No,No,No,No,No,No,No,No,No,No,No,No,No,No,No,No,No,No,No,No,No,No,No,No,48.0,54,54,61,88.0,100.0,No,No,21506,55883,7.6,0.0,7.6,4.906,0.000,2322,841,12.429,41.633,100.0,0.000,22.9,27.4,61.3,12.0,12.0,12.0,12.0,27.4,60.4,12.0,12.0,12.0,12.0,36.55,83.15,16.33,16.32,83.16,83.16,0.73,3.48,36.55,0.00,33.89,0,
1.2.2026,21:37:15.058,6373,2023,75.9,5464,2420,69.3,0.0,0.797,0.772,0.806,0.807,0.792,0.802,0.795,0.795,0.800,0.800,0.800,0.718,0.766,1745.7,1895.4,1895.4,1895.4,1795.6,1795.6,1795.6,997.6,1795.6,1795.6,1795.6,99.8,1296.8,608.6,21.6,2264.5,1805.5,2.2,2.0,1193.7,519.8,147.3,1119.3,75.4,126.8,25.4,744.6,22.0,0.0,55.2,45.6,11.0,0.0,58.3,32.6,0.0,61.7,0.0,0.0,0.0,61.7,22.0,100.0,53.1,0.7,166.1,129.5,0.1,0.1,123.8,51.9,15.9,124.2,8.0,13.7,2.6,53.1,17.5,19.0,19.0,19.0,18.0,18.0,18.0,10.0,18.0,18.0,18.0,13.0,52,48,47,55,55,55,55,50,51,51,51,48,52,53,45,45,45,45,50,49,49,49,55,55,No,No,No,No,No,No,No,No,No,No,No,No,No,No,No,No,No,No,No,No,No,No,No,No,No,No,No,No,No,No,No,No,No,No,No,No,55,55,50,53,0.222,0.000,0.000,0.000,0.000,0.000,0.000,0.000,1.200,7.500,14.655,11.354,0.014,20.595,2.588,0.217,0.124,45.0,12.0,55.0,55.0,5.000,300.0,3.8,0.0,0.0,0.0,0.0,642,0,0.0,0.0,0.0,0.0,22.8,1.0,59.1,49.1,0.2,0.1,60.5,37.1,7.5,62.3,4.3,5.6,0.8,14.7,12.9,32.7,0.0,39.6,7.8,0.0,31.2,0.0,0.0,0.0,52.2,21.4,18.2,99.8,0.0,54.4,92.3,5.9,95.5,94.3,99.0,27.9,5.5,0.0,1596.1,16.00,22,22,22,52,74,560,1,2,Yes,No,No,No,No,No,No,No,No,No,Yes,No,No,No,No,No,No,No,No,No,No,No,No,No,No,No,No,No,No,No,No,No,No,No,No,No,No,No,48.0,54,54,60,88.0,100.0,No,No,21506,55883,7.6,0.0,7.6,4.906,0.000,2322,841,12.429,41.633,100.0,0.000,22.9,27.4,61.3,12.0,12.0,12.0,12.0,27.4,60.4,12.0,12.0,12.0,12.0,36.55,83.15,16.33,16.32,83.16,83.16,0.73,3.48,36.55,0.00,33.89,0,
1.2.2026,21:37:15.171,6356,2040,75.7,5468,2416,69.3,0.0,1.145,1.125,1.197,1.152,1.163,1.128,1.138,1.163,1.173,1.198,1.013,1.028,0.766,3002.7,4289.5,4588.8,3192.2,3192.2,3192.2,3192.2,3192.2,3192.2,997.6,997.6,99.8,3691.0,769.8,13.8,1949.4,2637.4,4.2,19.1,1668.8,962.5,191.3,1655.8,93.9,21.4,20.3,930.8,34.1,0.0,40.2,61.5,11.5,12.0,80.6,53.1,24.2,79.6,22.1,12.0,11.9,80.6,34.1,100.0,64.8,2.0,113.1,180.7,0.2,2.1,172.4,112.4,13.9,169.3,6.5,2.4,2.3,64.3,30.1,43.0,46.0,32.0,32.0,32.0,32.0,32.0,32.0,10.0,10.0,37.0,56,57,61,58,58,58,58,53,53,54,54,44,43,39,42,42,42,42,47,47,46,46,60,61,No,No,No,No,No,No,No,No,No,No,No,No,No,No,No,No,No,No,No,No,No,No,No,No,No,No,No,No,No,No,No,No,No,No,No,No,59,59,49,53,0.222,0.000,0.000,0.000,0.000,0.000,0.000,0.000,1.200,18.438,16.608,13.261,0.017,22.067,2.655,0.209,0.124,45.0,12.0,55.0,55.0,19.000,300.0,5.2,0.0,0.0,0.0,0.0,642,0,0.0,0.0,0.0,0.0,28.5,1.1,51.9,63.8,0.2,0.6,83.2,51.1,6.8,79.2,3.3,0.7,0.7,13.5,51.7,28.5,0.0,17.0,16.9,0.0,20.9,0.0,0.0,0.0,52.6,0.0,7.6,99.1,0.0,31.5,92.9,0.0,96.5,99.0,99.1,0.9,1.9,0.0,1596.1,16.00,22,22,22,52,74,560,1,2,Yes,No,No,No,No,No,No,No,No,No,Yes,No,No,No,No,No,No,No,No,No,No,No,No,No,No,No,No,No,No,No,No,No,No,No,No,No,No,No,47.0,54,54,58,88.0,100.0,No,No,21506,55883,1.9,0.0,1.9,0.070,0.000,2323,841,12.429,41.633,100.0,0.000,22.9,27.4,63.4,12.0,12.0,12.0,12.0,27.4,60.4,12.0,12.0,12.0,12.0,36.51,83.12,15.77,15.60,83.14,83.14,0.71,3.37,36.51,0.00,31.89,0,
1.2.2026,21:37:15.282,6355,2040,75.6,5468,2416,69.3,0.0,0.779,0.823,0.788,0.778,0.780,0.750,0.750,0.760,0.760,0.807,0.792,0.756,0.766,1655.9,2394.1,2194.6,1596.1,1596.1,1596.1,1596.1,997.6,1596.1,1496.3,1496.3,99.8,1795.6,542.8,61.4,898.2,2576.3,20.5,8.6,1081.1,790.9,344.5,688.5,19.2,12.3,11.9,722.7,25.5,11.8,41.0,70.6,11.7,0.0,41.4,52.5,12.5,51.1,1.8,11.7,0.0,70.6,25.5,100.0,53.9,1.3,102.3,216.9,0.9,0.6,119.2,77.7,39.4,80.4,6.6,0.9,0.9,54.4,16.6,24.0,22.0,16.0,16.0,16.0,16.0,10.0,16.0,15.0,15.0,18.0,53,48,48,55,55,55,55,53,53,53,53,47,52,52,45,45,45,45,47,47,47,47,55,55,No,No,No,No,No,No,No,No,No,No,No,No,No,No,No,No,No,No,No,No,No,No,No,No,No,No,No,No,No,No,No,No,No,No,No,No,56,56,50,53,0.222,0.000,0.000,0.000,0.000,0.000,0.000,0.000,1.200,7.188,16.372,12.724,0.014,22.664,2.946,0.231,0.112,45.0,12.0,55.0,55.0,6.000,300.0,3.9,0.0,0.0,0.0,0.0,642,0,0.0,0.0,0.0,0.0,28.5,1.3,24.9,67.4,0.9,0.4,38.2,51.6,13.5,53.8,1.0,0.6,0.6,13.5,30.8,30.1,0.0,53.5,13.4,21.3,44.2,0.0,0.0,0.0,52.6,0.0,2.5,99.3,0.0,31.5,92.9,0.0,96.5,99.0,99.1,0.9,1.9,0.0,1596.1,16.00,22,22,22,52,74,560,1,2,Yes,No,No,No,No,No,No,No,No,No,Yes,No,No,No,No,No,No,No,No,No,No,No,No,No,No,No,No,No,No,No,No,No,No,No,No,No,No,No,47.0,54,54,61,88.0,100.0,No,No,21506,55883,1.9,0.0,1.9,0.070,0.000,2323,841,12.429,41.633,100.0,0.000,22.9,27.4,63.4,12.0,12.0,12.0,12.0,27.4,60.4,12.0,12.0,12.0,12.0,36.51,83.12,15.77,15.60,83.14,83.14,0.71,3.37,36.51,0.00,31.89,0,
1.2.2026,21:37:15.389,6372,2024,75.8,5467,2417,69.3,0.0,0.990,0.928,0.976,0.996,1.011,1.001,1.001,0.991,0.996,1.011,0.990,0.858,0.766,2843.0,3491.5,3890.5,1496.3,2793.2,2793.2,2793.2,2793.2,2793.2,2793.2,2793.2,99.8,2892.9,585.5,14.7,1925.6,2092.4,5.7,3.5,1370.0,77.4,30.0,1353.9,8.2,6.6,138.1,689.9,21.3,0.0,46.2,48.6,0.0,0.0,75.2,4.7,1.7,63.9,0.0,0.0,15.5,75.2,21.3,100.0,45.9,1.0,129.3,139.4,0.3,0.3,140.1,9.0,4.4,117.3,0.8,0.6,8.3,45.8,28.5,35.0,39.0,15.0,28.0,28.0,28.0,28.0,28.0,28.0,28.0,29.0,56,56,55,58,58,58,58,53,53,53,53,44,44,45,42,42,42,42,47,47,47,47,58,58,No,No,No,No,No,No,No,No,No,No,No,No,No,No,No,No,No,No,No,No,No,No,No,No,No,No,No,No,No,No,No,No,No,No,No,No,57,57,49,53,0.222,0.000,0.000,0.000,0.000,0.000,0.000,0.000,1.200,8.750,14.251,10.716,0.019,20.278,2.844,0.206,0.123,45.0,12.0,55.0,55.0,6.000,300.0,3.8,0.0,0.0,0.0,0.0,642,0,0.0,0.0,0.0,0.0,23.9,0.7,54.2,59.3,0.3,0.2,81.3,4.5,1.7,76.5,0.4,0.3,7.1,10.9,44.1,27.8,0.0,18.5,0.0,0.0,18.4,0.0,0.0,0.0,59.6,0.0,6.6,99.7,0.2,95.1,98.0,5.0,99.4,99.5,92.7,3.4,1.1,5.7,1596.1,16.00,22,22,22,52,74,560,1,2,Yes,No,No,No,No,No,No,No,No,No,Yes,No,No,No,No,No,No,No,No,No,No,No,No,No,No,No,No,No,No,No,No,No,No,No,No,No,No,No,47.0,54,54,61,88.0,100.0,No,No,21506,55883,0.4,0.0,0.4,0.119,0.000,2323,841,12.429,41.633,100.0,0.000,22.9,27.4,63.4,12.0,12.0,12.0,12.0,27.4,60.3,12.0,12.0,12.0,12.0,36.54,83.12,15.77,15.60,83.14,83.14,0.70,3.57,36.54,0.00,28.75,0,
1.2.2026,21:37:15.499,6369,2027,75.8,5467,2417,69.3,0.0,0.820,0.835,0.835,0.830,0.823,0.821,0.821,0.816,0.811,0.806,0.806,0.776,0.766,1955.2,1995.1,1995.1,1995.1,1995.1,1995.1,1995.1,1895.4,1895.4,1895.4,1895.4,99.8,1396.6,444.1,27.9,1671.7,1224.7,2.9,4.8,699.5,900.7,58.2,696.3,23.7,10.6,7.9,573.8,19.1,0.0,45.7,40.4,0.0,0.0,42.4,48.3,1.6,51.3,0.0,0.0,0.0,51.3,19.1,100.0,42.8,0.7,129.1,107.8,0.2,0.3,75.6,91.4,5.7,91.3,2.2,1.0,8.7,42.9,19.6,20.0,20.0,20.0,20.0,20.0,20.0,19.0,19.0,19.0,19.0,14.0,52,48,44,54,55,55,55,51,51,52,52,48,52,56,46,45,45,45,49,49,48,48,53,55,No,No,No,No,No,No,No,No,No,No,No,No,No,No,No,No,No,No,No,No,No,No,No,No,No,No,No,No,No,No,No,No,No,No,No,No,55,55,49,53,0.222,0.000,0.000,0.000,0.000,0.000,0.000,0.000,1.200,7.500,11.956,8.800,0.021,17.618,2.443,0.223,0.123,45.0,12.0,55.0,55.0,9.000,300.0,4.3,0.0,0.0,0.0,0.0,642,0,0.0,0.0,0.0,0.0,23.9,1.0,46.2,35.9,0.2,0.2,41.9,53.9,2.9,49.2,1.1,0.4,0.4,10.9,12.9,6.6,0.0,44.1,0.0,0.0,26.2,0.0,0.0,0.0,59.6,18.4,57.4,99.6,13.5,44.7,96.8,23.3,98.6,99.3,99.4,3.4,20.6,0.0,1596.1,16.00,22,22,22,52,74,560,1,2,Yes,No,No,No,No,No,No,No,No,No,Yes,No,No,No,No,No,No,No,No,No,No,No,No,No,No,No,No,No,No,No,No,No,No,No,No,No,No,No,47.0,54,54,58,88.0,100.0,No,No,21506,55883,0.4,0.0,0.4,0.119,0.000,2323,841,12.429,41.633,100.0,0.000,22.9,27.4,63.4,12.0,12.0,12.0,12.0,27.4,60.3,12.0,12.0,12.0,12.0,36.54,83.12,15.77,15.60,83.14,83.14,0.70,3.57,36.54,0.00,28.75,0,
1.2.2026,21:37:15.610,6372,2024,75.8,5467,2417,69.3,0.0,1.113,1.104,1.163,1.023,1.123,1.158,1.163,1.098,1.158,1.008,1.133,1.028,0.766,3441.6,4289.5,4588.8,3192.2,3192.2,3192.2,3192.2,3192.2,3192.2,3192.2,3192.2,99.8,3691.0,577.3,16.1,1885.6,1767.0,3.8,6.0,1292.2,445.2,10.8,1451.9,10.6,31.9,6.4,678.4,25.1,0.0,46.1,39.8,11.4,11.4,62.7,19.4,0.0,73.6,11.6,13.3,11.5,73.6,25.1,100.0,47.1,0.9,136.0,121.5,0.1,0.4,125.3,39.6,0.9,136.1,0.9,3.3,0.5,47.1,34.5,43.0,46.0,32.0,32.0,32.0,32.0,32.0,32.0,32.0,32.0,37.0,56,58,55,58,60,60,60,53,53,53,53,44,42,45,42,40,40,40,47,47,47,47,58,60,No,No,No,No,No,No,No,No,No,No,No,No,No,No,No,No,No,No,No,No,No,No,No,No,No,No,No,No,No,No,No,No,No,No,No,No,63,63,49,53,0.222,0.000,0.000,0.000,0.000,0.000,0.000,0.000,1.200,19.375,14.299,10.914,0.014,20.034,2.722,0.216,0.122,45.0,12.0,55.0,55.0,20.000,300.0,3.7,0.0,0.0,0.0,0.0,642,0,0.0,0.0,0.0,0.0,23.3,0.6,50.5,45.7,0.3,0.3,70.5,24.7,0.5,83.0,0.5,2.4,0.3,14.8,46.6,29.9,0.0,28.8,27.0,0.0,15.6,0.0,0.0,0.0,56.6,0.0,21.6,99.5,0.5,48.0,99.2,1.3,99.2,97.3,99.4,2.5,2.5,2.5,1596.1,16.00,22,22,22,52,74,560,1,2,Yes,No,No,No,No,No,No,No,No,No,Yes,No,No,No,No,No,No,No,No,No,No,No,No,No,No,No,No,No,No,No,No,No,No,No,No,No,No,No,47.0,54,54,59,88.0,100.0,No,No,21506,55883,2.3,0.0,2.3,0.521,0.000,2323,841,12.429,41.633,100.0,0.000,22.9,28.9,63.6,14.9,14.9,14.9,14.9,28.9,60.3,15.0,15.0,15.0,15.0,34.59,66.99,15.73,15.60,67.08,67.08,0.69,3.51,34.59,0.00,24.68,0,
1.2.2026,21:37:15.720,6371,2025,75.8,5467,2417,69.3,0.0,0.779,0.828,0.668,0.748,0.793,0.791,0.791,0.791,0.791,0.796,0.796,0.776,0.766,1556.2,1995.1,1396.6,399.0,1795.6,1795.6,1795.6,997.6,1795.6,1795.6,1795.6,99.8,1396.6,517.6,30.7,1908.3,1801.3,2.5,2.5,1172.5,36.1,112.6,1124.1,8.6,9.2,2.3,633.3,16.7,0.0,43.5,49.1,0.0,0.0,44.1,0.0,0.0,63.6,0.0,0.0,0.0,63.6,16.7,100.0,44.7,1.2,136.4,138.8,0.1,0.2,115.5,5.7,12.8,123.2,0.8,0.9,0.1,44.7,15.6,20.0,14.0,4.0,18.0,18.0,18.0,10.0,18.0,18.0,18.0,14.0,52,49,47,54,54,54,54,51,51,51,51,48,51,53,46,46,46,46,49,49,49,49,55,54,No,No,No,No,No,No,No,No,No,No,No,No,No,No,No,No,No,No,No,No,No,No,No,No,No,No,No,No,No,No,No,No,No,No,No,No,53,53,49,53,0.222,0.000,0.000,0.000,0.000,0.000,0.000,0.000,1.200,5.313,15.034,11.475,0.022,21.105,2.826,0.213,0.123,45.0,12.0,55.0,55.0,3.000,300.0,4.1,0.0,0.0,0.0,0.0,642,0,2.5,0.0,0.0,0.0,18.9,1.2,50.6,53.5,0.2,0.1,50.0,1.2,7.7,62.3,0.3,0.3,0.1,10.6,20.5,36.7,0.0,32.3,0.0,0.0,16.4,0.0,0.0,0.0,66.7,29.7,9.7,99.8,17.3,98.6,92.2,21.3,99.6,99.6,99.8,0.2,0.5,0.0,1596.1,16.00,22,22,22,52,74,560,1,2,Yes,No,No,No,No,No,No,No,No,No,Yes,No,No,No,No,No,No,No,No,No,No,No,No,No,No,No,No,No,No,No,No,No,No,No,No,No,No,No,47.0,54,54,61,88.0,100.0,No,No,21506,55883,8.6,0.0,8.6,1.283,0.000,2323,841,12.429,41.633,100.0,0.000,22.9,29.5,63.6,15.0,15.0,15.0,15.0,29.5,60.1,15.0,15.0,15.0,15.0,33.95,66.67,15.72,15.60,66.75,66.75,0.68,3.10,33.95,0.00,22.83,0,
1.2.2026,21:37:15.830,6372,2024,75.8,5467,2417,69.3,0.0,0.772,0.793,0.746,0.761,0.761,0.761,0.785,0.760,0.785,0.785,0.785,0.736,0.766,1356.7,1695.9,1795.6,997.6,997.6,997.6,997.6,997.6,1695.9,1695.9,1695.9,99.8,1097.3,523.9,17.5,2064.7,2566.8,4.5,2.4,1013.6,113.7,55.0,429.4,9.4,6.5,3.1,729.8,20.1,0.0,53.6,66.4,0.0,0.0,67.6,24.4,1.3,27.6,0.0,0.0,0.0,67.6,20.1,100.0,41.8,0.6,144.3,184.0,0.3,0.2,109.6,11.1,5.9,43.3,0.9,0.6,0.3,41.8,13.6,17.0,18.0,10.0,10.0,10.0,10.0,10.0,17.0,17.0,17.0,11.0,52,51,48,56,56,56,56,53,53,53,51,48,49,52,44,44,44,44,47,47,47,49,55,54,No,No,No,No,No,No,No,No,No,No,No,No,No,No,No,No,No,No,No,No,No,No,No,No,No,No,No,No,No,No,No,No,No,No,No,No,56,56,49,53,0.222,0.000,0.000,0.000,0.000,0.000,0.000,0.000,1.200,5.938,14.785,11.269,0.008,20.966,2.837,0.222,0.122,45.0,12.0,55.0,55.0,4.000,300.0,4.1,0.0,0.0,0.0,0.0,642,0,2.5,0.0,0.0,0.0,18.9,1.2,50.6,53.5,0.2,0.1,50.0,1.2,7.7,62.3,0.3,0.3,0.1,10.6,20.5,36.7,0.0,32.3,0.0,0.0,16.4,0.0,0.0,0.0,66.7,29.7,9.7,99.8,17.3,98.6,92.2,21.3,99.6,99.6,99.8,0.2,0.5,0.0,1596.1,16.00,22,22,22,52,74,560,1,2,Yes,No,No,No,No,No,No,No,No,No,Yes,No,No,No,No,No,No,No,No,No,No,No,No,No,No,No,No,No,No,No,No,No,No,No,No,No,No,No,47.0,54,54,59,88.0,100.0,No,No,21506,55883,8.6,0.0,8.6,1.283,0.000,2323,841,12.429,41.633,100.0,0.000,22.9,29.5,63.6,15.0,15.0,15.0,15.0,29.5,60.1,15.0,15.0,15.0,15.0,33.95,66.67,15.72,15.60,66.75,66.75,0.68,3.10,33.95,0.00,22.83,0,
1.2.2026,21:37:15.941,6373,2023,75.9,5467,2417,69.3,0.0,1.102,0.770,1.108,1.123,1.131,1.116,1.151,1.140,1.160,1.160,1.160,0.728,0.766,2922.9,1596.1,4289.5,3192.2,3192.2,3192.2,3192.2,997.6,3192.2,3192.2,3192.2,99.8,1396.6,454.6,18.9,358.4,1449.5,3.7,2.3,1463.8,1271.6,3.0,874.3,3.2,2.7,3.4,571.4,17.9,0.0,11.1,33.0,0.0,0.0,55.4,46.5,0.0,69.2,0.0,0.0,0.0,69.2,17.9,100.0,36.5,0.7,20.9,74.1,0.1,0.1,131.5,122.4,0.1,88.1,0.1,0.1,0.1,36.5,29.3,16.0,43.0,32.0,32.0,32.0,32.0,10.0,32.0,32.0,32.0,14.0,54,49,64,55,55,55,55,52,52,52,52,46,51,36,45,45,45,45,48,48,48,48,55,64,No,No,No,No,No,No,No,No,No,No,No,No,No,No,No,No,No,No,No,No,No,No,No,No,No,No,No,No,No,No,No,No,No,No,No,No,55,55,49,53,0.217,0.000,0.000,0.000,0.000,0.000,0.000,0.000,1.200,6.563,10.060,6.502,0.013,16.290,2.901,0.171,0.124,45.0,12.0,55.0,55.0,2.000,300.0,2.2,0.0,0.0,0.0,0.0,642,0,0.0,0.0,0.0,0.0,21.7,1.0,16.3,47.8,0.1,0.1,67.8,52.0,0.1,75.1,0.1,0.1,0.1,12.8,4.2,49.5,0.0,32.4,21.7,0.0,20.0,0.0,0.0,0.0,52.9,0.0,0.0,99.9,0.0,26.1,99.9,4.1,99.8,99.9,99.8,41.0,79.6,2.5,1596.1,16.00,22,22,22,52,74,560,1,2,Yes,No,No,No,No,No,No,No,No,No,Yes,No,No,No,No,No,No,No,No,No,No,No,No,No,No,No,No,No,No,No,No,No,No,No,No,No,No,No,48.0,54,54,61,88.0,100.0,No,No,21506,55883,8.6,0.0,8.6,2.111,0.000,2323,841,12.429,41.633,100.0,0.000,22.9,29.0,63.6,15.0,15.0,15.0,15.0,29.0,60.1,15.0,15.0,15.0,15.0,34.50,66.66,15.72,15.60,66.75,66.75,0.66,3.56,34.50,0.00,25.50,0,
1.2.2026,21:37:16.052,6372,2023,75.8,5467,2417,69.3,0.0,0.785,0.812,0.755,0.785,0.785,0.785,0.790,0.795,0.790,0.775,0.775,0.736,0.766,1596.1,1895.4,1895.4,1695.9,1695.9,1695.9,1695.9,1695.9,1695.9,997.6,997.6,99.8,1296.8,613.5,27.4,1838.0,2830.8,1.6,1.5,917.2,637.5,179.9,907.1,11.0,4.8,4.6,804.2,31.7,0.0,48.2,75.9,45.7,11.7,50.9,28.4,26.4,57.0,11.9,11.8,11.8,75.9,31.7,100.0,53.1,0.5,141.7,228.0,0.3,0.2,95.8,50.0,15.1,103.5,1.0,0.5,0.6,53.1,16.0,19.0,19.0,17.0,17.0,17.0,17.0,17.0,17.0,10.0,10.0,13.0,54,52,51,56,56,56,56,52,52,52,52,46,48,49,44,44,44,44,48,48,48,48,56,56,No,No,No,No,No,No,No,No,No,No,No,No,No,No,No,No,No,No,No,No,No,No,No,No,No,No,No,No,No,No,No,No,No,No,No,No,56,56,49,53,0.222,0.000,0.000,0.000,0.000,0.000,0.000,0.000,1.200,11.563,17.847,13.957,0.026,23.788,3.133,0.269,0.122,45.0,12.0,55.0,55.0,4.000,300.0,2.2,0.0,0.0,0.0,0.0,642,0,0.0,0.0,0.0,0.0,21.7,0.9,46.3,69.4,0.1,0.1,51.1,42.9,8.5,45.8,0.4,0.2,0.2,12.8,13.3,23.2,0.0,49.0,3.3,0.0,52.5,0.0,0.0,0.0,52.9,0.0,7.3,99.9,0.0,52.1,91.2,1.7,99.4,99.7,99.7,41.0,33.3,0.0,1596.1,16.00,22,22,22,52,74,560,1,2,Yes,No,No,No,No,No,No,No,No,No,Yes,No,No,No,No,No,No,No,No,No,No,No,No,No,No,No,No,No,No,No,No,No,No,No,No,No,No,No,48.0,54,54,61,88.0,100.0,No,No,21506,55883,8.6,0.0,8.6,2.111,0.000,2323,841,12.429,41.633,100.0,0.000,22.9,29.0,63.6,15.0,15.0,15.0,15.0,29.0,60.1,15.0,15.0,15.0,15.0,34.50,66.66,15.72,15.60,66.75,66.75,0.66,3.56,34.50,0.00,25.50,0,
1.2.2026,21:37:16.165,6372,2023,75.8,5467,2417,69.3,0.0,0.803,0.835,0.777,0.780,0.775,0.780,0.779,0.774,0.844,0.844,0.844,0.781,0.766,1875.4,2793.2,1895.4,1695.9,1695.9,1695.9,1695.9,997.6,2094.9,2094.9,2094.9,99.8,2194.6,412.5,16.5,557.5,1496.9,1.3,1.2,1140.9,520.1,1.4,1211.1,1.2,1.1,1.1,467.0,16.5,0.0,14.7,41.6,0.0,0.0,54.5,21.6,0.0,65.5,0.0,0.0,0.0,65.5,16.5,100.0,32.9,0.7,39.0,97.8,0.1,0.1,104.5,43.5,0.2,108.5,0.1,0.1,0.1,32.9,18.8,28.0,19.0,17.0,17.0,17.0,17.0,10.0,21.0,21.0,21.0,22.0,51,49,48,53,53,53,53,51,51,51,51,49,51,52,47,47,47,47,49,49,49,49,53,53,No,No,No,No,No,No,No,No,No,No,No,No,No,No,No,No,No,No,No,No,No,No,No,No,No,No,No,No,No,No,No,No,No,No,No,No,55,55,49,53,0.222,0.000,0.000,0.000,0.000,0.000,0.000,0.000,1.200,18.438,10.084,6.599,0.019,16.373,2.834,0.170,0.123,45.0,12.0,55.0,55.0,22.000,300.0,3.4,0.0,0.0,0.0,0.0,642,0,0.0,0.0,0.0,0.0,19.7,0.8,17.6,47.3,0.1,0.1,65.7,27.7,0.1,76.5,0.1,0.1,0.1,16.7,33.7,50.4,0.0,34.5,34.1,0.0,14.1,0.0,0.0,0.0,54.7,0.0,0.0,99.9,0.0,38.3,99.9,8.8,99.9,99.9,99.9,24.4,46.7,2.1,1596.1,16.00,22,22,22,52,74,560,1,2,Yes,No,No,No,No,No,No,No,No,No,Yes,No,No,No,No,No,No,No,No,No,No,No,No,No,No,No,No,No,No,No,No,No,No,No,No,No,No,No,48.0,54,54,62,88.0,100.0,No,No,21506,55883,9.3,0.0,9.3,1.241,0.000,2324,841,12.429,41.633,100.0,0.000,22.9,28.9,62.3,15.0,15.0,15.0,15.0,28.9,60.2,15.0,15.0,15.0,15.0,34.55,66.67,16.06,16.05,66.75,66.75,0.65,3.37,34.55,0.00,23.87,0,
1.2.2026,21:37:16.275,6355,2041,75.6,5464,2420,69.3,0.0,0.894,0.912,0.877,0.892,0.877,0.882,0.882,0.912,0.892,0.896,0.916,0.831,0.766,2314.3,3291.9,3391.7,2394.1,997.6,2394.1,2394.1,997.6,2394.1,2394.1,2493.9,99.8,2693.4,837.5,14.2,2714.0,3324.6,9.2,5.6,1903.6,323.9,165.9,1558.8,16.4,9.4,5.0,1057.6,29.4,0.0,64.5,72.6,41.0,0.0,74.1,9.9,15.9,75.3,0.0,0.0,0.0,75.3,29.4,100.0,71.6,0.6,208.1,239.8,0.6,0.5,196.1,32.4,18.1,159.7,1.6,0.9,0.4,71.6,23.2,33.0,34.0,24.0,10.0,24.0,24.0,10.0,24.0,24.0,25.0,27.0,54,51,53,56,56,56,56,53,53,53,53,46,49,47,44,44,44,44,47,47,47,47,58,56,No,No,No,No,No,No,No,No,No,No,No,No,No,No,No,No,No,No,No,No,No,No,No,No,No,No,No,No,No,No,No,No,No,No,No,No,58,58,50,53,0.222,0.000,0.000,0.000,0.000,0.000,0.000,0.000,1.200,10.000,20.875,16.876,0.018,27.077,3.228,0.277,0.121,45.0,12.0,55.0,55.0,10.000,300.0,5.1,0.0,0.0,0.0,0.0,642,0,0.0,0.0,0.0,0.0,19.7,0.4,65.8,78.2,0.2,0.2,79.2,12.9,5.3,79.1,0.6,0.3,0.2,16.7,33.0,12.5,0.0,20.9,13.9,0.0,21.0,0.0,0.0,0.0,54.7,0.8,9.3,99.7,0.0,72.5,94.5,0.0,99.3,99.5,99.7,24.4,0.0,0.0,1596.1,16.00,22,22,22,52,74,560,1,2,Yes,No,No,No,No,No,No,No,No,No,Yes,No,No,No,No,No,No,No,No,No,No,No,No,No,No,No,No,No,No,No,No,No,No,No,No,No,No,No,48.0,54,54,61,88.0,100.0,No,No,21506,55883,9.3,0.0,9.3,1.241,0.000,2324,841,12.429,41.633,100.0,0.000,22.9,28.9,62.3,15.0,15.0,15.0,15.0,28.9,60.2,15.0,15.0,15.0,15.0,34.55,66.67,16.06,16.05,66.75,66.75,0.65,3.37,34.55,0.00,23.87,0,
1.2.2026,21:37:16.386,6370,2025,75.8,5464,2420,69.3,0.0,0.931,0.824,0.947,0.950,0.940,0.945,0.945,0.945,0.945,0.945,0.930,0.773,0.766,2553.8,2693.4,3691.0,2593.7,997.6,2593.7,2593.7,2593.7,2593.7,2593.7,2593.7,99.8,2094.9,465.1,14.0,652.5,950.5,2.0,1.4,1618.4,1379.2,1.5,958.2,1.0,1.0,1.1,577.4,16.9,0.0,12.5,26.8,0.0,0.0,69.1,40.1,0.0,53.8,0.0,0.0,0.0,69.1,16.9,100.0,40.5,0.6,34.4,55.3,0.1,0.1,156.7,136.1,0.1,101.8,0.1,0.1,0.1,40.5,25.6,27.0,37.0,26.0,10.0,26.0,26.0,26.0,26.0,26.0,26.0,21.0,52,45,51,54,55,55,55,51,51,51,51,48,55,49,46,45,45,45,49,49,49,49,55,55,No,No,No,No,No,No,No,No,No,No,No,No,No,No,No,No,No,No,No,No,No,No,No,No,No,No,No,No,No,No,No,No,No,No,No,No,55,55,50,53,0.222,0.000,0.000,0.000,0.000,0.000,0.000,0.000,1.200,9.688,11.146,7.488,0.019,17.281,2.992,0.173,0.123,45.0,12.0,55.0,55.0,6.000,300.0,2.4,0.0,0.0,0.0,0.0,642,0,0.0,0.0,0.0,0.0,20.5,0.5,21.5,37.2,0.1,0.1,80.9,52.3,0.1,52.7,0.0,0.0,0.0,16.7,66.5,39.3,0.0,19.3,22.8,0.0,18.6,0.0,0.0,0.0,56.9,0.0,16.3,99.9,0.0,25.1,99.9,28.5,99.9,99.9,99.9,12.2,17.4,7.0,1596.1,16.00,22,22,22,52,74,560,1,2,Yes,No,No,No,No,No,No,No,No,No,Yes,No,No,No,No,No,No,No,No,No,No,No,No,No,No,No,No,No,No,No,No,No,No,No,No,No,No,No,47.0,54,54,62,88.0,100.0,No,No,21506,55883,9.1,0.0,9.1,1.490,0.000,2324,841,12.429,41.633,100.0,0.000,22.9,29.5,62.3,15.0,15.0,15.0,15.0,29.5,60.2,15.0,15.0,15.0,15.0,33.92,66.64,16.06,16.05,66.75,66.75,0.64,3.53,33.92,0.00,22.49,0,
1.2.2026,21:37:16.497,6369,2027,75.8,5464,2420,69.3,0.0,1.104,1.140,1.069,1.109,1.099,1.109,1.109,1.099,1.109,1.094,1.106,1.028,0.766,2902.9,4289.5,4289.5,2992.7,2992.7,3092.4,3092.4,997.6,3092.4,997.6,3192.2,99.8,3691.0,645.8,34.1,2555.9,2545.6,463.8,7.2,1253.4,155.4,92.8,553.1,17.6,55.1,15.3,888.5,32.5,0.1,64.6,65.2,54.4,12.2,76.4,19.7,24.2,25.1,12.4,23.8,12.4,76.4,32.5,100.0,53.3,2.0,194.8,193.3,31.4,0.6,136.1,14.7,8.8,49.8,1.5,5.2,1.3,53.3,29.1,43.0,43.0,30.0,30.0,31.0,31.0,10.0,31.0,10.0,32.0,37.0,55,52,58,56,56,56,56,54,54,54,54,45,48,42,44,44,44,44,46,46,46,46,58,58,No,No,No,No,No,No,No,No,No,No,No,No,No,No,No,No,No,No,No,No,No,No,No,No,No,No,No,No,No,No,No,No,No,No,No,No,57,57,50,53,0.222,0.000,0.000,0.000,0.000,0.000,0.000,0.000,1.200,5.313,17.595,13.730,0.008,24.004,3.116,0.275,0.123,45.0,12.0,55.0,55.0,6.000,300.0,5.0,0.0,0.0,0.0,0.0,642,0,0.0,0.0,0.0,0.0,21.6,1.0,62.9,61.1,10.8,0.3,73.1,10.2,3.8,32.4,0.7,3.0,0.6,7.2,17.0,16.8,0.0,26.9,0.0,0.0,11.5,0.0,0.0,0.0,64.8,1.0,12.8,99.6,0.0,89.5,96.0,54.3,99.1,96.8,99.3,7.6,15.2,0.0,1596.1,16.00,22,22,22,52,74,560,1,2,Yes,No,No,No,No,No,No,No,No,No,Yes,No,No,No,No,No,No,No,No,No,No,No,No,No,No,No,No,No,No,No,No,No,No,No,No,No,No,No,47.0,54,54,63,88.0,100.0,No,No,21506,55883,7.2,0.0,7.2,1.992,0.000,2324,841,12.429,41.633,100.0,0.000,22.9,29.5,62.3,15.1,15.1,15.1,15.1,29.5,60.2,15.0,15.0,15.0,15.0,33.93,66.21,16.06,16.05,66.35,66.35,0.64,3.36,33.93,0.00,23.62,0,
1.2.2026,21:37:16.605,6369,2027,75.8,5464,2420,69.3,0.0,1.127,1.149,1.105,1.102,1.132,1.102,1.147,1.142,1.102,1.147,1.141,1.028,0.766,3571.3,4289.5,4289.5,3391.7,3391.7,3391.7,3391.7,3391.7,3391.7,3391.7,3391.7,99.8,3691.0,432.5,22.8,1450.9,1630.7,1.9,1.1,1478.2,18.1,24.9,554.0,2.7,3.2,0.9,578.6,18.9,12.1,36.2,39.3,0.0,0.0,87.2,12.1,0.0,39.7,0.0,0.0,0.0,87.2,18.9,100.0,31.4,1.0,81.7,84.8,0.1,0.1,149.1,1.6,0.1,57.7,0.1,0.1,0.1,31.4,35.8,43.0,43.0,34.0,34.0,34.0,34.0,34.0,34.0,34.0,34.0,37.0,54,51,57,56,56,56,56,51,51,51,51,46,49,43,44,44,44,44,49,49,49,49,55,57,No,No,No,No,No,No,No,No,No,No,No,No,No,No,No,No,No,No,No,No,No,No,No,No,No,No,No,No,No,No,No,No,No,No,No,No,61,61,50,53,0.217,0.000,0.000,0.000,0.000,0.000,0.000,0.000,1.200,18.125,11.984,8.569,0.022,18.156,2.768,0.161,0.123,45.0,12.0,55.0,55.0,20.000,300.0,3.7,0.0,0.0,0.0,0.0,642,0,0.0,0.0,0.0,0.0,17.8,0.8,40.3,46.4,0.1,0.0,92.5,0.6,1.8,30.9,0.1,0.1,0.0,10.9,43.3,39.9,0.0,7.6,0.0,0.0,17.7,0.0,0.0,0.0,64.8,0.0,0.0,100.0,0.0,99.3,98.2,50.7,99.9,99.8,100.0,16.9,21.1,12.7,1596.1,16.00,22,22,22,52,74,560,1,2,Yes,No,No,No,No,No,No,No,No,No,Yes,No,No,No,No,No,No,No,No,No,No,No,No,No,No,No,No,No,No,No,No,No,No,No,No,No,No,No,47.0,54,54,61,88.0,100.0,No,No,21506,55883,9.4,0.0,9.4,2.207,0.000,2325,841,12.429,41.633,100.0,0.000,22.9,28.4,62.2,15.0,15.0,15.0,15.0,28.4,60.2,15.0,15.0,14.9,14.9,35.18,66.51,16.08,16.05,66.56,66.56,0.66,3.64,35.18,0.00,23.23,0,
1.2.2026,21:37:16.718,6370,2025,75.8,5463,2420,69.2,0.0,1.091,1.141,1.117,1.102,1.097,1.097,1.067,1.062,1.062,1.077,1.092,1.028,0.766,3262.0,4289.5,4389.3,2992.7,2992.7,2992.7,2992.7,2992.7,2992.7,2992.7,2992.7,99.8,3691.0,687.3,34.7,1597.3,3683.4,6.9,4.0,1023.8,329.3,111.6,1326.1,13.7,9.3,107.3,848.9,26.8,0.0,43.3,83.3,41.5,0.0,67.6,10.3,24.9,48.7,0.0,0.0,2.0,83.3,26.8,100.0,55.9,1.3,129.2,267.4,0.3,0.3,119.4,26.0,9.0,107.5,1.2,0.9,8.6,55.9,32.7,43.0,44.0,30.0,30.0,30.0,30.0,30.0,30.0,30.0,30.0,37.0,54,51,56,56,56,56,56,55,55,55,55,46,49,44,44,44,44,44,45,45,45,45,55,57,No,No,No,No,No,No,No,No,No,No,No,No,No,No,No,No,No,No,No,No,No,No,No,No,No,No,No,No,No,No,No,No,No,No,No,No,58,58,50,53,0.222,0.000,0.000,0.000,0.000,0.000,0.000,0.000,1.200,5.313,18.938,14.993,0.014,25.158,3.184,0.278,0.122,45.0,12.0,55.0,55.0,6.000,300.0,4.5,0.0,0.0,0.0,0.0,642,0,0.0,0.0,0.0,0.0,17.8,0.8,40.3,46.4,0.1,0.0,92.5,0.6,1.8,30.9,0.1,0.1,0.0,10.9,43.3,39.9,0.0,7.6,0.0,0.0,17.7,0.0,0.0,0.0,64.8,0.0,0.0,100.0,0.0,99.3,98.2,50.7,99.9,99.8,100.0,16.9,21.1,12.7,1596.1,16.00,22,22,22,52,74,560,1,2,Yes,No,No,No,No,No,No,No,No,No,Yes,No,No,No,No,No,No,No,No,No,No,No,No,No,No,No,No,No,No,No,No,No,No,No,No,No,No,No,47.0,54,54,63,88.0,100.0,No,No,21506,55883,9.4,0.0,9.4,2.207,0.000,2325,841,12.429,41.633,100.0,0.000,22.9,28.4,62.2,15.0,15.0,15.0,15.0,28.4,60.2,15.0,15.0,14.9,14.9,35.18,66.51,16.08,16.05,66.56,66.56,0.66,3.64,35.18,0.00,23.23,0,
1.2.2026,21:37:16.830,6370,2026,75.8,5463,2421,69.2,0.0,1.099,0.936,1.106,1.121,1.151,1.121,1.121,1.107,1.017,1.162,1.147,0.843,0.766,2952.8,3391.7,4289.5,3192.2,3192.2,3192.2,3192.2,997.6,1695.9,3192.2,3192.2,99.8,2793.2,605.2,18.9,1820.1,1373.2,2.0,1.2,1508.5,1366.4,9.2,1155.0,3.0,3.3,1.5,762.5,20.2,0.0,31.3,33.8,0.0,0.0,60.1,51.6,0.6,64.8,0.0,0.0,0.0,64.8,20.2,100.0,51.4,0.9,99.7,103.9,0.1,0.1,153.5,142.6,3.9,112.3,0.1,0.1,0.2,51.4,29.6,34.0,43.0,32.0,32.0,32.0,32.0,10.0,17.0,32.0,32.0,28.0,55,56,46,60,60,60,60,53,53,53,53,45,44,54,40,40,40,40,47,47,47,47,56,60,No,No,No,No,No,No,No,No,No,No,No,No,No,No,No,No,No,No,No,No,No,No,No,No,No,No,No,No,No,No,No,No,No,No,No,No,58,58,50,53,0.217,0.000,0.000,0.000,0.000,0.000,0.000,0.000,1.200,13.438,13.691,9.836,0.011,19.872,3.214,0.173,0.115,45.0,12.0,55.0,55.0,12.000,300.0,2.9,0.0,0.0,0.0,0.0,642,0,0.0,0.0,0.0,0.0,23.3,0.6,46.4,36.4,0.1,0.0,66.2,54.6,0.4,74.3,0.1,0.1,0.0,15.1,52.4,29.5,0.0,34.0,20.6,0.0,14.1,0.0,0.0,0.0,56.9,0.0,34.0,99.9,0.0,24.9,99.6,11.0,99.8,99.8,99.9,6.1,12.3,0.0,1596.1,16.00,22,22,22,52,74,560,1,2,Yes,No,No,No,No,No,No,No,No,No,Yes,No,No,No,No,No,No,No,No,No,No,No,No,No,No,No,No,No,No,No,No,No,No,No,No,No,No,No,48.0,54,54,64,88.0,100.0,No,No,21506,55883,8.0,0.0,8.0,1.135,0.000,2325,845,12.429,41.633,100.0,0.000,22.9,29.5,62.9,14.9,14.9,14.9,14.9,29.5,60.2,14.9,14.9,14.9,14.9,33.93,66.89,15.89,15.84,67.02,67.02,0.66,3.78,33.93,0.00,23.66,0,
1.2.2026,21:37:16.938,6371,2025,75.8,5464,2420,69.3,0.0,0.797,0.823,0.792,0.781,0.786,0.781,0.781,0.786,0.816,0.816,0.816,0.756,0.763,1795.6,2394.1,1695.9,1695.9,1695.9,1695.9,1695.9,1695.9,1795.6,1795.6,1795.6,99.8,1795.6,749.0,28.0,2716.4,2091.5,184.8,139.9,1601.7,1014.4,168.5,1006.5,17.7,8.6,10.3,993.2,24.4,0.0,71.3,45.4,31.5,2.3,61.7,29.3,0.0,51.3,0.0,0.0,0.0,71.3,24.4,100.0,63.4,0.8,232.1,145.5,10.5,11.8,148.8,86.5,14.5,106.9,1.6,0.9,0.8,63.4,18.0,24.0,17.0,17.0,17.0,17.0,17.0,17.0,18.0,18.0,18.0,18.0,55,51,51,58,58,58,58,53,53,53,53,45,49,49,42,42,42,42,47,47,47,47,56,58,No,No,No,No,No,No,No,No,No,No,No,No,No,No,No,No,No,No,No,No,No,No,No,No,No,No,No,No,No,No,No,No,No,No,No,No,56,56,50,53,0.222,0.000,0.000,0.000,0.000,0.000,0.000,0.000,1.200,7.813,18.928,14.869,0.017,25.359,3.310,0.280,0.122,45.0,12.0,55.0,55.0,14.000,300.0,4.8,0.0,0.0,0.0,0.0,642,0,0.0,0.0,0.0,0.0,23.9,0.9,63.2,50.3,4.5,4.4,71.6,38.8,5.4,46.0,0.6,0.3,0.3,10.7,15.1,22.4,0.0,14.8,13.5,0.0,41.1,0.0,0.0,0.0,59.8,12.2,27.2,95.5,12.3,46.2,94.4,11.5,99.2,99.6,99.5,0.0,0.0,0.0,1596.1,16.00,22,22,22,52,74,560,1,2,Yes,No,No,No,No,No,No,No,No,No,Yes,No,No,No,No,No,No,No,No,No,No,No,No,No,No,No,No,No,No,No,No,No,No,No,No,No,No,No,47.0,54,54,64,88.0,100.0,No,No,21506,55883,11.0,0.0,11.0,2.257,0.000,2325,845,12.429,41.633,100.0,0.000,22.9,29.5,62.9,14.9,14.9,14.9,14.9,29.5,60.7,14.9,14.9,14.9,14.9,33.90,66.99,15.89,15.84,67.02,67.02,0.67,3.75,33.90,0.00,23.73,0,
1.2.2026,21:37:17.050,6371,2025,75.8,5464,2420,69.2,0.0,0.849,0.777,0.888,0.884,0.874,0.849,0.849,0.844,0.849,0.839,0.839,0.831,0.766,1915.3,1596.1,3291.9,997.6,997.6,1596.1,2194.6,2194.6,2094.9,2094.9,2094.9,99.8,2693.4,413.9,17.1,902.9,1124.9,1.2,1.0,1297.0,468.0,1.3,1150.0,1.3,1.1,0.9,476.7,17.8,0.0,21.8,29.4,0.0,11.7,52.2,19.2,0.0,79.2,0.0,0.0,0.0,79.2,17.8,100.0,34.7,0.7,55.6,64.4,0.1,0.1,128.5,48.9,0.1,118.0,0.1,0.1,0.1,34.7,19.2,16.0,33.0,10.0,10.0,16.0,22.0,22.0,21.0,21.0,21.0,27.0,53,49,51,55,55,55,55,52,52,52,52,47,51,49,45,45,45,45,48,48,48,48,55,55,No,No,No,No,No,No,No,No,No,No,No,No,No,No,No,No,No,No,No,No,No,No,No,No,No,No,No,No,No,No,No,No,No,No,No,No,56,56,50,53,0.217,0.000,0.000,0.000,0.000,0.000,0.000,0.000,1.200,10.625,10.684,7.067,0.013,16.861,2.939,0.184,0.124,45.0,12.0,55.0,55.0,8.000,300.0,4.0,0.0,0.0,0.0,0.0,638,0,0.0,0.0,0.0,0.0,19.4,1.0,28.1,40.7,0.1,0.1,59.9,20.4,0.1,82.4,0.1,0.1,0.0,15.0,48.2,26.0,0.0,39.5,21.3,0.0,15.3,0.0,0.0,0.0,57.2,0.0,11.8,99.9,0.4,58.1,99.9,2.0,99.9,99.9,99.9,22.6,24.6,20.6,1596.1,16.00,22,22,22,52,74,560,1,2,Yes,No,No,No,No,No,No,No,No,No,Yes,No,No,No,No,No,No,No,No,No,No,No,No,No,No,No,No,No,No,No,No,No,No,No,No,No,No,No,47.0,54,54,63,88.0,100.0,No,No,21506,55883,5.4,1.2,6.6,1.191,0.654,2325,845,12.429,41.633,100.0,0.000,22.9,29.0,62.8,14.9,14.9,14.9,14.9,28.9,60.7,14.9,14.9,14.9,14.9,34.53,66.99,15.92,15.85,67.02,67.02,0.69,3.96,34.53,0.00,25.30,0,
1.2.2026,21:37:17.159,6372,2024,75.8,5464,2420,69.2,0.0,1.124,1.137,1.090,1.120,1.120,1.125,1.125,1.131,1.131,1.131,1.126,1.028,0.766,3162.3,4289.5,4389.3,3092.4,3092.4,3092.4,3092.4,997.6,3192.2,3192.2,3192.2,99.8,3691.0,547.2,28.3,1814.9,2848.9,1.9,10.8,899.1,156.4,33.7,726.6,24.1,17.9,4.1,724.2,22.8,0.0,52.6,72.6,21.0,0.0,52.7,7.9,0.0,43.2,11.9,11.7,0.0,72.6,22.8,100.0,46.8,0.9,140.3,216.9,0.1,1.0,95.7,16.4,3.1,83.2,2.2,1.7,0.3,46.8,31.7,43.0,44.0,31.0,31.0,31.0,31.0,10.0,32.0,32.0,32.0,37.0,53,51,60,56,56,56,56,53,53,53,53,47,49,40,44,44,44,44,47,47,47,47,55,55,No,No,No,No,No,No,No,No,No,No,No,No,No,No,No,No,No,No,No,No,No,No,No,No,No,No,No,No,No,No,No,No,No,No,No,No,56,56,49,53,0.222,0.000,0.000,0.000,0.000,0.000,0.000,0.000,1.200,6.563,15.449,11.642,0.023,21.681,3.085,0.252,0.122,45.0,12.0,55.0,55.0,5.000,300.0,5.2,0.0,0.0,0.0,0.0,638,0,0.0,0.0,0.0,0.0,19.4,1.0,28.1,40.7,0.1,0.1,59.9,20.4,0.1,82.4,0.1,0.1,0.0,15.0,48.2,26.0,0.0,39.5,21.3,0.0,15.3,0.0,0.0,0.0,57.2,0.0,11.8,99.9,0.4,58.1,99.9,2.0,99.9,99.9,99.9,22.6,24.6,20.6,1596.1,16.00,22,22,22,52,74,560,1,2,Yes,No,No,No,No,No,No,No,No,No,Yes,No,No,No,No,No,No,No,No,No,No,No,No,No,No,No,No,No,No,No,No,No,No,No,No,No,No,No,47.0,54,54,63,88.0,100.0,No,No,21506,55883,5.4,1.2,6.6,1.191,0.654,2325,845,12.429,41.633,100.0,0.000,22.9,29.0,62.8,14.9,14.9,14.9,14.9,28.9,60.7,14.9,14.9,14.9,14.9,34.53,66.99,15.92,15.85,67.02,67.02,0.69,3.96,34.53,0.00,25.30,0,
1.2.2026,21:37:17.271,6369,2027,75.8,5461,2422,69.2,0.0,1.083,0.764,1.072,1.129,1.124,1.144,1.138,1.118,1.108,1.118,1.118,1.086,0.766,3321.9,1795.6,4289.5,3391.7,3391.7,3391.7,3391.7,3391.7,3391.7,3391.7,3391.7,99.8,3990.2,390.7,18.0,1470.7,832.5,1.6,1.5,1486.7,1.1,1.2,871.1,1.7,1.4,1.3,476.7,15.0,0.0,40.3,19.0,0.0,0.0,87.4,0.0,0.0,33.6,0.0,0.0,0.0,87.4,15.0,100.0,31.0,0.8,102.2,55.8,0.1,0.1,144.4,0.1,0.1,68.4,0.1,0.1,0.2,31.0,33.3,18.0,43.0,34.0,34.0,34.0,34.0,34.0,34.0,34.0,34.0,40.0,54,56,49,57,57,57,57,52,52,53,53,46,44,51,43,43,43,43,48,48,47,47,56,57,No,No,No,No,No,No,No,No,No,No,No,No,No,No,No,No,No,No,No,No,No,No,No,No,No,No,No,No,No,No,No,No,No,No,No,No,58,58,50,53,0.222,0.000,0.000,0.000,0.000,0.000,0.000,0.000,1.200,19.375,10.999,7.464,0.004,17.299,2.876,0.169,0.122,45.0,12.0,55.0,55.0,21.000,300.0,2.8,0.0,0.0,0.0,0.0,638,0,0.0,0.0,0.0,0.0,17.3,0.6,45.5,23.3,0.1,0.0,94.8,0.1,0.0,42.4,0.0,0.0,0.0,13.3,46.0,54.9,0.0,5.3,0.0,0.0,27.1,0.0,0.0,0.0,65.2,0.0,21.8,99.9,0.0,99.9,99.9,30.5,99.9,99.9,99.9,4.2,8.4,0.0,1596.1,16.00,22,22,22,52,74,560,1,2,Yes,No,No,No,No,No,No,No,No,No,Yes,No,No,No,No,No,No,No,No,No,No,No,No,No,No,No,No,No,No,No,No,No,No,No,No,No,No,No,47.0,54,54,62,88.0,100.0,No,No,21506,55883,6.4,0.0,6.4,1.592,0.000,2326,845,12.429,41.633,100.0,0.000,22.9,28.9,62.8,14.9,14.9,14.9,14.9,28.9,60.7,14.9,14.9,14.9,14.9,34.57,66.99,15.93,15.85,67.02,67.02,0.68,3.65,34.57,0.00,27.18,0,
1.2.2026,21:37:17.379,6371,2024,75.8,5462,2422,69.2,0.0,0.804,0.828,0.814,0.806,0.811,0.801,0.801,0.796,0.801,0.776,0.801,0.761,0.766,1805.6,2294.4,2194.6,1995.1,1995.1,1895.4,1895.4,997.6,1895.4,997.6,1895.4,99.8,1695.9,724.9,21.0,3174.9,2370.8,1.4,4.7,1787.6,120.5,62.6,959.5,91.7,94.4,10.1,943.0,23.5,0.0,70.3,52.1,0.0,0.0,65.7,23.6,0.7,49.9,1.7,18.0,0.0,70.3,23.5,100.0,62.1,0.7,236.7,174.6,0.1,0.5,186.6,10.1,6.7,108.2,10.0,10.3,1.0,62.1,18.1,23.0,22.0,20.0,20.0,19.0,19.0,10.0,19.0,10.0,19.0,17.0,54,52,48,57,57,57,58,53,53,53,53,46,48,52,43,43,43,42,47,47,47,47,57,58,No,No,No,No,No,No,No,No,No,No,No,No,No,No,No,No,No,No,No,No,No,No,No,No,No,No,No,No,No,No,No,No,No,No,No,No,56,56,50,53,0.222,0.000,0.000,0.000,0.000,0.000,0.000,0.000,1.200,11.875,20.716,16.904,0.020,26.688,3.087,0.264,0.121,45.0,12.0,55.0,55.0,13.000,300.0,4.4,0.0,0.0,0.0,0.0,638,0,0.0,0.0,0.0,0.0,22.4,0.8,74.1,55.5,0.1,0.2,69.5,4.5,1.9,51.5,2.8,7.4,0.3,9.3,16.1,35.2,0.0,30.6,0.0,0.0,11.2,0.0,0.0,0.0,63.6,9.4,9.3,99.8,0.0,95.2,98.0,35.4,97.1,92.5,99.6,0.0,0.0,0.0,1596.1,16.00,22,22,22,52,74,560,1,2,Yes,No,No,No,No,No,No,No,No,No,Yes,No,No,No,No,No,No,No,No,No,No,No,No,No,No,No,No,No,No,No,No,No,No,No,No,No,No,No,47.0,54,54,63,88.0,100.0,No,No,21506,55883,8.8,0.0,8.8,1.900,0.000,2326,845,12.429,41.633,100.0,0.000,22.9,29.5,62.8,14.9,14.9,14.9,14.9,29.5,60.7,14.9,14.9,14.9,14.9,33.92,66.99,15.93,15.85,67.02,67.02,0.68,3.27,33.92,0.00,25.64,0,
1.2.2026,21:37:17.490,6372,2024,75.8,5462,2422,69.2,0.0,1.116,0.983,1.136,1.150,1.135,1.115,1.115,1.145,1.105,1.145,1.135,0.913,0.766,2962.8,3890.5,4588.8,997.6,997.6,3192.2,3192.2,3192.2,3192.2,3192.2,3192.2,99.8,3291.9,402.1,22.7,940.2,2052.9,1.7,1.1,1189.7,35.3,87.9,483.6,4.0,4.9,1.2,541.4,17.1,0.0,26.5,51.5,11.7,0.0,78.7,2.2,0.0,34.6,0.0,0.0,0.0,78.7,17.1,100.0,29.5,0.8,58.6,113.9,0.1,0.1,121.8,6.1,0.1,51.6,0.1,0.1,0.1,29.5,29.7,39.0,46.0,10.0,10.0,32.0,32.0,32.0,32.0,32.0,32.0,33.0,55,49,66,56,56,56,55,53,53,53,53,45,51,34,44,44,44,45,47,47,47,47,55,66,No,No,No,No,No,No,No,No,No,No,No,No,No,No,No,No,No,No,No,No,No,No,No,No,No,No,No,No,No,No,No,No,No,No,No,No,57,57,49,53,0.222,0.000,0.000,0.000,0.000,0.000,0.000,0.000,1.200,17.813,9.155,5.588,0.006,15.599,2.896,0.181,0.124,45.0,12.0,55.0,55.0,18.000,300.0,3.7,0.0,0.0,0.0,0.0,638,0,0.0,0.0,0.0,0.0,18.4,0.8,32.0,63.3,0.1,0.1,80.2,1.8,5.1,36.7,0.2,0.2,0.0,9.5,39.6,24.1,0.0,19.9,0.0,0.0,11.6,0.0,0.0,0.0,64.5,0.4,1.5,99.9,0.0,98.1,94.8,50.7,99.8,99.8,99.9,18.7,27.0,10.5,1596.1,16.00,22,22,22,52,74,560,1,2,Yes,No,No,No,No,No,No,No,No,No,Yes,No,No,No,No,No,No,No,No,No,No,No,No,No,No,No,No,No,No,No,No,No,No,No,No,No,No,No,47.0,54,54,64,88.0,100.0,No,No,21506,55883,7.8,0.0,7.8,1.360,0.000,2326,845,12.429,41.633,100.0,0.000,22.9,28.4,62.8,14.9,14.9,14.9,14.9,28.4,60.7,14.9,14.9,14.9,14.9,35.20,66.99,15.93,15.85,67.02,67.02,0.68,3.41,35.20,0.00,25.96,0,
1.2.2026,21:37:17.593,6372,2024,75.8,5462,2422,69.2,0.0,0.811,0.818,0.823,0.823,0.802,0.806,0.806,0.811,0.811,0.806,0.806,0.763,0.766,1895.4,1895.4,1895.4,1895.4,1895.4,1895.4,1895.4,1895.4,1895.4,1895.4,1895.4,99.8,1296.8,535.0,25.9,2201.7,1955.0,2.0,1.5,794.6,427.1,228.0,737.9,38.2,4.2,4.2,704.5,25.7,0.0,55.4,56.6,21.2,0.0,45.1,19.4,33.6,41.4,12.4,11.6,11.4,56.6,25.7,100.0,49.6,0.6,172.4,184.6,0.1,0.1,92.9,37.4,30.6,71.8,3.7,0.8,0.4,49.6,19.0,19.0,19.0,19.0,19.0,19.0,19.0,19.0,19.0,19.0,19.0,13.0,55,49,47,55,56,56,56,51,51,51,51,45,51,53,45,44,44,44,49,49,49,49,55,66,No,No,No,No,No,No,No,No,No,No,No,No,No,No,No,No,No,No,No,No,No,No,No,No,No,No,No,No,No,No,No,No,No,No,No,No,58,55,49,53,0.222,0.000,0.000,0.000,0.000,0.000,0.000,0.000,1.200,17.813,9.155,5.588,0.006,15.599,2.896,0.181,0.124,45.0,12.0,55.0,55.0,18.000,300.0,3.7,0.0,0.0,0.0,0.0,638,0,0.0,0.0,0.0,0.0,18.4,0.8,32.0,63.3,0.1,0.1,80.2,1.8,5.1,36.7,0.2,0.2,0.0,9.5,39.6,24.1,0.0,19.9,0.0,0.0,11.6,0.0,0.0,0.0,64.5,0.4,1.5,99.9,0.0,98.1,94.8,50.7,99.8,99.8,99.9,18.7,27.0,10.5,1596.1,16.00,22,22,22,52,74,560,1,2,Yes,No,No,No,No,No,No,No,No,No,Yes,No,No,No,No,No,No,No,No,No,No,No,No,No,No,No,No,No,No,No,No,No,No,No,No,No,No,No,47.0,54,54,62,88.0,100.0,No,No,21506,55883,7.8,0.0,7.8,1.360,0.000,2326,845,12.429,41.633,100.0,0.000,22.9,28.4,62.8,14.9,14.9,14.9,14.9,28.4,60.7,14.9,14.9,14.9,14.9,35.20,66.99,15.93,15.85,67.02,67.02,0.68,3.41,35.20,0.00,25.96,0,
1.2.2026,21:37:17.698,6372,2024,75.8,5462,2422,69.2,0.0,0.808,0.783,0.810,0.815,0.815,0.811,0.811,0.813,0.803,0.813,0.803,0.736,0.766,1775.7,2094.9,2493.9,1795.6,1795.6,997.6,997.6,1895.4,1895.4,1895.4,1895.4,99.8,1496.3,509.9,15.9,1157.4,1127.0,1.3,1.1,1510.1,701.4,638.8,962.2,1.2,1.1,1.1,644.1,15.7,0.0,28.7,27.4,0.0,10.9,62.7,3.6,0.0,55.8,0.0,0.0,0.0,62.7,15.7,100.0,42.0,0.8,72.4,78.4,0.1,0.1,137.0,68.6,53.9,92.4,0.1,0.1,0.1,42.0,17.8,21.0,25.0,18.0,18.0,10.0,10.0,19.0,19.0,19.0,19.0,15.0,53,53,48,58,58,58,55,51,51,51,51,47,47,52,42,42,42,45,49,49,49,49,55,58,No,No,No,No,No,No,No,No,No,No,No,No,No,No,No,No,No,No,No,No,No,No,No,No,No,No,No,No,No,No,No,No,No,No,No,No,58,58,50,53,0.222,0.000,0.000,0.000,0.000,0.000,0.000,0.000,1.200,7.813,11.576,7.916,0.014,17.808,3.015,0.189,0.122,45.0,12.0,55.0,55.0,10.000,300.0,4.4,0.0,0.0,0.0,0.0,638,0,0.0,0.0,0.0,0.0,19.6,0.9,37.0,33.3,0.1,0.1,75.2,36.6,32.5,62.9,0.1,0.1,0.1,10.7,40.0,39.7,0.0,20.7,31.8,37.1,17.9,0.0,0.0,0.0,62.5,16.6,21.8,99.9,3.9,31.6,30.1,18.3,99.9,99.9,99.9,11.5,7.8,5.0,1596.1,16.00,22,22,22,52,74,560,1,2,Yes,No,No,No,No,No,No,No,No,No,Yes,No,No,No,No,No,No,No,No,No,No,No,No,No,No,No,No,No,No,No,No,No,No,No,No,No,No,No,47.0,54,54,63,88.0,100.0,No,No,21506,55883,10.4,0.0,10.4,1.910,0.000,2326,845,12.429,41.633,100.0,0.000,22.9,30.6,62.8,14.9,14.9,14.9,14.9,30.5,60.7,14.9,14.9,14.9,14.9,32.72,66.99,15.93,15.85,67.02,67.02,0.65,2.60,32.72,0.00,25.06,0,
1.2.2026,21:37:17.809,6374,2022,75.9,5462,2421,69.2,0.0,0.812,0.843,0.814,0.812,0.812,0.756,0.812,0.817,0.817,0.817,0.819,0.776,0.766,1895.4,1995.1,1995.1,1995.1,1995.1,997.6,1995.1,1995.1,1995.1,1995.1,1995.1,99.8,1396.6,624.6,21.0,2297.4,2362.9,2.1,3.6,1148.3,362.0,54.3,1177.2,47.4,11.0,7.3,781.5,28.2,0.0,57.4,55.7,11.6,0.0,59.8,37.4,22.6,57.0,13.7,11.8,11.7,59.8,28.2,100.0,53.3,0.6,173.5,175.3,0.1,0.3,121.7,36.5,5.7,119.3,5.0,1.0,0.7,53.3,19.0,20.0,20.0,20.0,20.0,10.0,20.0,20.0,20.0,20.0,20.0,14.0,52,49,44,55,55,55,55,53,53,53,53,48,51,56,45,45,45,45,47,47,47,47,56,55,No,No,No,No,No,No,No,No,No,No,No,No,No,No,No,No,No,No,No,No,No,No,No,No,No,No,No,No,No,No,No,No,No,No,No,No,56,56,50,53,0.222,0.000,0.000,0.000,0.000,0.000,0.000,0.000,1.200,7.813,11.576,7.916,0.014,17.808,3.015,0.189,0.122,45.0,12.0,55.0,55.0,10.000,300.0,4.4,0.0,0.0,0.0,0.0,638,0,0.0,0.0,0.0,0.0,23.2,0.9,37.0,33.3,0.1,0.1,75.2,36.6,32.5,62.9,0.1,0.1,0.1,18.7,40.0,39.7,0.0,20.7,31.8,37.1,17.9,0.0,0.0,0.0,52.2,16.6,21.8,99.9,3.9,31.6,30.1,18.3,99.9,99.9,99.9,6.4,7.8,5.0,1596.1,16.00,22,22,22,52,74,560,1,2,Yes,No,No,No,No,No,No,No,No,No,Yes,No,No,No,No,No,No,No,No,No,No,No,No,No,No,No,No,No,No,No,No,No,No,No,No,No,No,No,47.0,54,54,63,88.0,100.0,No,No,21506,55883,6.3,0.0,6.3,1.434,0.000,2327,845,12.429,41.633,100.0,0.000,22.9,30.0,61.7,14.9,14.9,14.9,14.9,30.0,60.7,14.9,14.9,14.9,14.9,33.33,66.99,16.20,16.20,67.02,67.02,0.66,2.61,33.33,0.00,24.18,0,
1.2.2026,21:37:17.916,6374,2022,75.9,5462,2422,69.2,0.0,1.141,1.115,1.146,1.015,1.155,1.170,1.170,1.170,1.165,1.130,1.175,1.031,0.766,3291.9,4289.5,4588.8,3192.2,3192.2,3192.2,3192.2,1695.9,3192.2,3192.2,3192.2,99.8,3691.0,542.8,13.0,1263.4,2323.7,2.4,1.7,1267.3,525.8,17.9,1054.2,15.6,22.3,6.2,676.9,20.0,0.0,33.3,54.8,12.3,0.0,63.5,13.2,0.0,63.1,0.0,0.0,0.0,63.5,20.0,100.0,43.4,0.9,87.5,161.1,0.1,0.1,114.2,48.8,0.4,107.7,0.1,0.1,0.1,43.4,33.0,43.0,46.0,32.0,32.0,32.0,32.0,17.0,32.0,32.0,32.0,37.0,57,49,66,59,59,59,59,54,54,54,54,43,51,34,41,41,41,41,46,46,46,46,64,66,No,No,No,No,No,No,No,No,No,No,No,No,No,No,No,No,No,No,No,No,No,No,No,No,No,No,No,No,No,No,No,No,No,No,No,No,62,62,49,53,0.222,0.000,0.000,0.000,0.000,0.000,0.000,0.000,1.200,15.625,12.516,8.777,0.011,18.864,3.071,0.195,0.129,45.0,12.0,55.0,55.0,16.000,300.0,5.1,0.0,0.0,0.0,0.0,638,0,0.0,0.0,0.0,0.0,22.2,0.5,36.6,60.2,0.1,0.1,71.5,29.8,0.6,65.6,0.5,0.7,0.2,14.7,46.0,11.6,0.0,28.1,26.7,0.0,34.6,0.0,0.0,0.0,54.4,3.0,0.0,99.9,0.4,43.1,99.3,0.0,99.4,99.3,99.8,20.3,13.5,27.0,1596.1,16.00,22,22,22,52,74,560,1,2,Yes,No,No,No,No,No,No,No,No,No,Yes,No,No,No,No,No,No,No,No,No,No,No,No,No,No,No,No,No,No,No,No,No,No,No,No,No,No,No,47.0,55,55,63,88.0,100.0,No,No,21506,55883,5.8,0.0,5.8,3.016,0.000,2327,845,12.429,41.633,100.0,0.000,22.9,30.0,61.7,16.1,15.2,15.1,15.1,30.0,60.3,16.1,15.1,15.0,15.0,33.33,62.09,16.20,16.20,66.44,66.44,0.64,2.88,33.33,0.00,20.66,0,
1.2.2026,21:37:18.028,6373,2023,75.9,5462,2422,69.2,0.0,0.746,0.666,1.101,0.700,0.710,0.715,0.715,0.710,0.715,0.715,0.715,0.618,0.766,1646.0,798.0,4289.5,1396.6,1496.3,1496.3,1496.3,997.6,1496.3,1496.3,1496.3,99.8,399.0,417.7,34.0,1321.6,1931.1,7.6,5.1,669.1,525.3,96.5,394.2,9.4,9.5,9.2,573.8,19.5,10.8,40.4,56.4,10.4,0.0,35.9,34.5,21.6,23.9,0.0,0.0,0.0,56.4,19.5,100.0,40.2,0.6,102.7,170.1,0.4,0.5,93.6,59.3,4.3,43.7,2.5,3.3,1.4,40.3,16.5,8.0,43.0,14.0,15.0,15.0,15.0,10.0,15.0,15.0,15.0,4.0,53,48,51,55,55,55,55,52,52,52,52,47,52,49,45,45,45,45,48,48,48,48,55,55,No,No,No,No,No,No,No,No,No,No,No,No,No,No,No,No,No,No,No,No,No,No,No,No,No,No,No,No,No,No,No,No,No,No,No,No,55,55,50,53,0.217,0.000,0.000,0.000,0.000,0.000,0.000,0.000,1.200,2.813,14.882,11.815,0.016,20.091,2.379,0.201,0.125,45.0,12.0,55.0,55.0,1.000,300.0,4.1,0.0,0.0,0.0,0.0,638,0,0.0,0.0,0.0,0.0,12.4,1.5,37.1,45.6,0.2,0.2,22.9,17.7,7.1,15.9,0.4,0.3,0.3,17.4,25.3,38.6,0.0,58.1,18.9,0.0,33.3,0.0,0.0,0.0,63.1,0.0,10.3,99.7,18.9,61.8,92.8,48.8,99.5,99.5,99.6,21.5,37.8,5.3,1596.1,16.00,22,22,22,52,74,560,1,2,Yes,No,No,No,No,No,No,No,No,No,Yes,No,No,No,No,No,No,No,No,No,No,No,No,No,No,No,No,No,No,No,No,No,No,No,No,No,No,No,47.0,55,55,60,88.0,100.0,No,No,21506,55883,0.0,26.7,26.7,0.000,10.408,2327,846,12.429,41.633,100.0,0.000,22.9,31.1,61.7,16.1,15.2,15.1,15.1,31.1,60.8,16.1,15.1,15.0,15.0,32.18,62.09,16.20,16.20,66.44,66.44,0.62,2.82,32.18,0.00,20.64,0,
1.2.2026,21:37:18.140,6373,2023,75.9,5461,2423,69.2,0.0,1.097,0.851,1.124,1.149,1.146,1.110,1.166,1.105,1.105,1.105,1.105,0.813,0.766,3262.0,2793.2,4289.5,3192.2,3192.2,3192.2,3192.2,3192.2,3192.2,3192.2,3192.2,99.8,2194.6,254.3,20.0,1281.9,1191.2,2.0,1.2,476.1,9.2,5.4,55.1,4.1,4.3,1.3,373.4,8.5,0.0,55.2,34.2,0.0,0.0,11.4,0.0,0.0,0.9,0.0,0.0,0.0,55.2,8.5,100.0,17.5,0.7,97.5,67.4,0.1,0.1,31.4,0.5,7.7,4.4,0.1,0.1,0.1,17.5,32.7,28.0,43.0,32.0,32.0,32.0,32.0,32.0,32.0,32.0,32.0,22.0,53,47,60,55,55,55,55,51,51,51,51,47,53,40,45,45,45,45,49,49,49,49,53,60,No,No,No,No,No,No,No,No,No,No,No,No,No,No,No,No,No,No,No,No,No,No,No,No,No,No,No,No,No,No,No,No,No,No,No,No,56,56,49,53,0.222,0.000,0.000,0.000,0.000,0.000,0.000,0.000,1.200,15.000,6.655,3.692,0.015,12.439,2.327,0.141,0.124,45.0,12.0,55.0,55.0,14.000,300.0,3.2,0.0,0.0,0.0,0.0,638,0,0.0,0.0,0.0,0.0,10.5,1.0,54.7,44.1,0.1,0.1,21.1,0.4,0.2,4.2,0.2,0.2,0.1,4.4,0.0,23.1,0.0,20.7,0.0,0.0,0.0,0.0,0.0,0.0,77.8,29.0,0.0,99.9,57.1,99.5,99.7,93.7,99.8,99.8,99.9,22.6,13.5,31.6,1596.1,16.00,22,22,22,52,74,560,1,2,Yes,No,No,No,No,No,No,No,No,No,Yes,No,No,No,No,No,No,No,No,No,No,No,No,No,No,No,No,No,No,No,No,No,No,No,No,No,No,No,48.0,55,55,60,88.0,100.0,No,No,21506,55883,0.0,0.0,0.0,0.000,0.000,2327,846,12.429,41.633,100.0,0.000,22.9,31.1,61.5,16.1,15.2,15.1,15.1,31.1,60.8,16.1,15.1,15.0,15.0,32.19,62.09,16.27,16.22,66.44,66.44,0.63,2.92,32.19,0.00,18.90,0,
1.2.2026,21:37:18.251,6367,2029,75.8,5461,2423,69.2,0.0,0.704,0.662,0.702,0.696,0.696,0.711,0.711,0.711,0.711,0.711,0.726,0.626,0.766,1127.2,698.3,1097.3,1097.3,1097.3,1197.1,1197.1,1197.1,1197.1,1197.1,1296.8,99.8,997.6,429.8,34.4,1833.8,2089.7,5.7,4.9,593.3,56.9,12.6,506.1,8.5,6.3,6.0,578.9,14.4,0.1,44.0,53.9,21.9,0.0,24.2,13.6,0.0,15.4,0.0,0.0,0.0,53.9,14.4,100.0,37.4,0.9,141.5,175.4,0.3,0.4,73.5,6.1,1.6,46.9,1.1,0.9,0.6,37.4,11.3,7.0,11.0,11.0,11.0,12.0,12.0,12.0,12.0,12.0,13.0,10.0,53,48,47,55,55,55,55,51,51,51,51,47,52,53,45,45,45,45,49,49,49,49,53,60,No,No,No,No,No,No,No,No,No,No,No,No,No,No,No,No,No,No,No,No,No,No,No,No,No,No,No,No,No,No,No,No,No,No,No,No,55,54,50,52,0.222,0.000,0.000,0.000,0.000,0.000,0.000,0.000,1.200,15.000,6.655,3.692,0.015,12.439,2.327,0.141,0.124,45.0,12.0,55.0,55.0,14.000,300.0,3.2,0.0,0.0,0.0,0.0,638,0,0.0,0.0,0.0,0.0,10.5,1.0,54.7,44.1,0.1,0.1,21.1,0.4,0.2,4.2,0.2,0.2,0.1,4.4,0.0,23.1,0.0,20.7,0.0,0.0,0.0,0.0,0.0,0.0,77.8,29.0,0.0,99.9,57.1,99.5,99.7,93.7,99.8,99.8,99.9,22.6,13.5,31.6,1596.1,16.00,22,22,22,52,74,560,1,2,Yes,No,No,No,No,No,No,No,No,No,Yes,No,No,No,No,No,No,No,No,No,No,No,No,No,No,No,No,No,No,No,No,No,No,No,No,No,No,No,48.0,55,55,58,88.0,100.0,No,No,21506,55883,0.0,0.0,0.0,0.000,0.000,2327,846,12.429,41.633,100.0,0.000,22.9,31.1,61.5,16.1,15.2,15.1,15.1,31.1,60.8,16.1,15.1,15.0,15.0,32.19,62.09,16.27,16.22,66.44,66.44,0.63,2.92,32.19,0.00,18.90,0,
1.2.2026,21:37:18.370,6370,2026,75.8,5459,2425,69.2,0.0,1.126,1.180,1.112,1.130,1.110,1.110,1.110,1.125,1.125,1.125,1.125,1.031,0.766,3411.7,4289.5,4289.5,3192.2,3192.2,3192.2,3192.2,3192.2,3192.2,3192.2,3192.2,99.8,3691.0,462.9,18.2,1430.0,2351.6,1.9,1.2,1536.6,14.8,11.5,147.4,9.3,8.4,23.8,670.7,20.5,0.0,37.0,60.0,0.0,0.0,48.9,0.0,21.9,12.6,21.9,21.8,21.9,60.0,20.5,100.0,32.9,1.1,83.0,163.9,0.1,0.1,122.3,1.6,1.2,18.3,0.9,0.9,1.3,32.9,34.2,43.0,43.0,32.0,32.0,32.0,32.0,32.0,32.0,32.0,32.0,37.0,55,52,66,56,56,56,56,53,53,53,53,45,48,34,44,44,44,44,47,47,47,47,65,66,No,No,No,No,No,No,No,No,No,No,No,No,No,No,No,No,No,No,No,No,No,No,No,No,No,No,No,No,No,No,No,No,No,No,No,No,65,65,49,52,0.217,0.000,0.000,0.000,0.000,0.000,0.000,0.000,1.200,17.813,12.427,9.457,0.017,17.770,2.319,0.164,0.122,45.0,12.0,55.0,55.0,19.000,300.0,3.4,0.0,0.0,0.0,0.0,638,0,0.0,0.0,0.0,0.0,16.0,0.8,48.5,63.7,0.1,0.1,65.6,0.5,0.4,10.8,0.3,0.3,0.8,11.4,44.8,23.8,0.0,29.6,0.0,0.0,15.8,0.0,0.0,0.0,68.6,0.0,12.4,99.9,4.5,99.4,99.6,72.3,99.6,99.6,99.2,3.5,6.9,0.0,1596.1,16.00,22,22,22,52,74,560,1,2,Yes,No,No,No,No,No,No,No,No,No,Yes,No,No,No,No,No,No,No,No,No,No,No,No,No,No,No,No,No,No,No,No,No,No,No,No,No,No,No,47.0,55,55,57,88.0,100.0,No,No,21506,55883,0.0,2.5,2.5,0.000,0.641,2327,846,12.429,41.633,100.0,0.000,22.9,32.2,61.6,16.1,15.2,15.1,15.1,32.1,60.9,16.1,15.1,15.0,15.0,31.08,61.93,16.24,16.21,66.44,66.44,0.64,2.91,31.08,0.00,18.87,0,
1.2.2026,21:37:18.476,6371,2024,75.8,5459,2425,69.2,0.0,0.841,0.858,0.835,0.845,0.835,0.840,0.840,0.845,0.840,0.840,0.836,0.786,0.766,2094.9,2094.9,2094.9,2094.9,2094.9,2094.9,2094.9,2094.9,2094.9,2094.9,2094.9,99.8,1496.3,527.3,26.4,1776.5,2476.8,1.6,5.1,1278.3,224.1,149.5,350.4,16.8,13.2,9.4,742.3,15.2,0.0,45.0,62.4,0.0,12.0,40.6,5.3,7.4,10.3,0.0,0.0,0.0,62.4,15.2,100.0,46.5,0.7,139.0,205.0,0.1,0.4,137.6,20.7,15.1,33.7,1.6,1.3,2.3,46.5,21.0,21.0,21.0,21.0,21.0,21.0,21.0,21.0,21.0,21.0,21.0,15.0,52,49,44,55,55,55,55,51,51,51,51,48,51,56,45,45,45,45,49,49,49,49,55,55,No,No,No,No,No,No,No,No,No,No,No,No,No,No,No,No,No,No,No,No,No,No,No,No,No,No,No,No,No,No,No,No,No,No,No,No,55,55,50,53,0.217,0.000,0.000,0.000,0.000,0.000,0.000,0.000,1.200,2.813,12.427,9.457,0.017,17.770,2.319,0.164,0.122,45.0,12.0,55.0,55.0,1.000,300.0,5.4,0.0,0.0,0.0,0.0,638,0,0.0,0.0,0.0,0.0,15.0,0.9,45.4,59.4,0.1,0.2,42.9,7.4,8.9,12.9,0.6,0.4,0.3,10.0,19.6,40.4,0.0,17.2,9.6,0.0,12.9,0.0,0.0,0.0,68.2,0.0,0.2,99.8,38.0,82.2,90.9,72.4,99.2,99.5,99.6,16.6,33.3,0.0,1596.1,16.00,22,22,22,52,74,560,1,2,Yes,No,No,No,No,No,No,No,No,No,Yes,No,No,No,No,No,No,No,No,No,No,No,No,No,No,No,No,No,No,No,No,No,No,No,No,No,No,No,47.0,55,55,58,88.0,100.0,No,No,21506,55883,0.0,0.0,0.0,0.000,0.000,2327,846,12.429,41.633,100.0,0.000,22.9,32.5,61.3,19.6,19.5,19.5,19.5,32.5,60.9,19.9,19.9,19.9,19.9,30.73,51.14,16.32,16.31,51.26,51.26,0.63,2.39,30.73,0.00,17.71,0,
1.2.2026,21:37:18.581,6372,2024,75.8,5459,2425,69.2,0.0,1.110,1.107,1.093,1.130,1.130,1.105,1.090,1.145,1.105,1.100,1.100,1.031,0.766,3411.7,4289.5,4289.5,3192.2,3192.2,3192.2,3192.2,3192.2,3192.2,3192.2,3192.2,99.8,3691.0,286.6,28.3,849.0,1764.1,13.5,3.4,512.1,145.0,6.6,104.6,3.4,4.1,5.1,415.3,15.7,0.0,34.4,70.5,41.3,0.0,24.8,0.0,0.0,5.5,0.0,11.7,0.0,70.5,15.7,100.0,23.6,0.8,64.5,134.9,0.9,0.3,54.0,15.8,0.7,10.4,0.3,0.3,0.5,23.6,34.2,43.0,43.0,32.0,32.0,32.0,32.0,32.0,32.0,32.0,32.0,37.0,53,48,64,53,53,53,53,52,52,52,52,47,52,36,47,47,47,47,48,48,48,48,62,64,No,No,No,No,No,No,No,No,No,No,No,No,No,No,No,No,No,No,No,No,No,No,No,No,No,No,No,No,No,No,No,No,No,No,No,No,54,54,50,53,0.222,0.000,0.000,0.000,0.000,0.000,0.000,0.000,1.200,11.250,14.779,11.792,0.008,20.041,2.338,0.193,0.114,45.0,12.0,55.0,55.0,11.000,300.0,5.1,0.0,0.0,0.0,0.0,638,0,0.5,0.0,1.2,0.0,12.9,1.3,36.1,71.6,0.6,0.1,27.3,9.0,0.2,7.5,0.2,0.2,0.2,4.2,0.1,1.5,0.0,26.6,13.4,0.0,0.0,0.0,0.0,0.0,77.5,38.6,26.8,99.8,43.9,76.5,99.7,90.4,99.7,99.7,99.7,11.7,23.4,0.0,1596.1,16.00,22,22,22,52,74,560,1,2,Yes,No,No,No,No,No,No,No,No,No,Yes,No,No,No,No,No,No,No,No,No,No,No,No,No,No,No,No,No,No,No,No,No,No,No,No,No,No,No,47.0,55,55,57,88.0,100.0,No,No,21506,55883,0.0,0.0,0.0,0.000,0.000,2327,846,12.429,41.633,100.0,0.000,22.9,32.0,61.3,19.6,19.5,19.5,19.5,32.1,60.9,19.9,19.9,19.9,19.9,31.20,51.15,16.32,16.31,51.26,51.26,0.65,2.69,31.20,0.00,17.17,0,
1.2.2026,21:37:18.699,6372,2024,75.8,5459,2424,69.2,0.0,0.809,0.808,0.768,0.815,0.815,0.810,0.815,0.820,0.815,0.810,0.810,0.726,0.766,1885.4,1895.4,1995.1,1995.1,1995.1,1995.1,1995.1,997.6,1995.1,1995.1,1995.1,99.8,1396.6,360.1,39.5,1832.4,1759.7,4.4,7.0,423.6,54.8,10.6,160.1,9.5,9.9,9.2,516.5,9.6,0.1,44.0,50.6,0.0,0.0,13.6,0.9,0.0,5.4,0.0,0.0,0.0,50.6,9.6,100.0,29.2,1.2,140.5,138.8,0.3,0.7,44.1,6.0,1.0,14.5,1.0,1.0,0.9,29.2,18.9,19.0,20.0,20.0,20.0,20.0,20.0,10.0,20.0,20.0,20.0,14.0,51,47,47,53,53,53,53,51,51,51,51,49,53,53,47,47,47,47,49,49,49,49,54,53,No,No,No,No,No,No,No,No,No,No,No,No,No,No,No,No,No,No,No,No,No,No,No,No,No,No,No,No,No,No,No,No,No,No,No,No,53,53,50,52,0.222,0.000,0.000,0.000,0.000,0.000,0.000,0.000,1.200,3.438,7.230,4.554,0.009,12.775,2.045,0.162,0.123,45.0,12.0,55.0,55.0,2.000,300.0,3.6,0.0,0.0,0.0,0.0,638,0,0.0,0.0,0.0,0.0,10.6,2.2,46.3,50.5,0.2,0.2,16.2,1.9,0.4,8.8,0.3,0.3,0.3,10.3,21.3,46.7,0.0,28.4,0.0,0.0,6.4,0.0,0.0,0.0,76.0,24.9,2.7,99.7,54.0,97.9,99.5,82.3,99.6,99.6,99.6,3.2,6.3,0.0,1596.1,16.00,22,22,22,52,74,560,1,2,Yes,No,No,No,No,No,No,No,No,No,Yes,No,No,No,No,No,No,No,No,No,No,No,No,No,No,No,No,No,No,No,No,No,No,No,No,No,No,No,47.0,55,55,56,88.0,100.0,No,No,21506,55883,0.0,0.0,0.0,0.000,0.000,2327,846,12.429,41.633,100.0,0.000,22.9,31.1,61.3,19.5,19.5,19.5,19.5,31.1,60.9,19.9,19.9,19.9,19.9,32.16,51.15,16.32,16.31,51.26,51.26,0.67,3.26,32.16,0.00,18.90,0,
1.2.2026,21:37:18.790,6372,2023,75.8,5460,2424,69.2,0.0,1.099,1.038,1.106,1.111,1.111,1.111,1.101,1.111,1.101,1.103,1.093,0.971,0.766,3311.9,4090.0,4289.5,3092.4,3092.4,3092.4,3092.4,3092.4,3092.4,3092.4,3092.4,99.8,3491.5,320.0,29.0,1494.0,1663.6,1.8,1.5,442.2,39.5,22.1,127.1,6.4,6.9,6.1,461.7,21.6,0.0,43.6,65.1,21.1,0.0,23.7,13.6,21.6,7.2,21.2,21.2,21.2,65.1,21.6,100.0,25.6,0.9,102.1,132.6,0.1,0.1,48.3,4.1,2.5,14.1,0.6,0.7,0.6,25.5,33.2,41.0,43.0,31.0,31.0,31.0,31.0,31.0,31.0,31.0,31.0,35.0,54,57,50,58,58,58,58,51,51,51,51,46,43,50,42,42,42,42,49,49,49,49,58,58,No,No,No,No,No,No,No,No,No,No,No,No,No,No,No,No,No,No,No,No,No,No,No,No,No,No,No,No,No,No,No,No,No,No,No,No,61,61,49,52,0.217,0.000,0.000,0.000,0.000,0.000,0.000,0.000,1.200,17.500,12.896,9.989,0.017,18.151,2.263,0.177,0.123,45.0,12.0,55.0,55.0,17.000,300.0,5.5,0.0,0.0,0.0,0.0,638,0,0.5,0.5,0.0,0.0,12.6,1.3,48.5,63.8,0.1,0.1,24.8,2.7,0.7,8.3,0.3,0.2,0.2,1.9,0.7,10.5,0.0,7.8,0.0,0.0,0.0,0.0,0.0,0.0,77.5,0.0,25.6,99.9,64.7,97.1,99.2,89.4,99.6,99.7,99.7,25.3,50.5,0.0,1596.1,16.00,22,22,22,52,74,560,1,2,Yes,No,No,No,No,No,No,No,No,No,Yes,No,No,No,No,No,No,No,No,No,No,No,No,No,No,No,No,No,No,No,No,No,No,No,No,No,No,No,48.0,55,55,56,88.0,100.0,No,No,21506,55883,0.0,1.1,1.1,0.000,0.035,2327,846,12.429,41.633,100.0,0.000,22.9,31.0,61.3,19.5,19.5,19.5,19.5,31.0,60.9,19.9,19.9,19.9,19.9,32.28,51.19,16.32,16.31,51.26,51.26,0.68,2.81,32.28,0.00,19.34,0,
1.2.2026,21:37:18.901,6373,2023,75.9,5460,2424,69.2,0.0,0.819,0.844,0.813,0.823,0.813,0.823,0.813,0.818,0.818,0.813,0.813,0.778,0.766,1905.3,1995.1,1895.4,1895.4,1895.4,1895.4,1895.4,1895.4,1895.4,1895.4,1895.4,99.8,1396.6,361.8,24.0,1188.5,1888.2,6.3,10.7,433.8,158.5,47.5,527.0,18.3,30.8,8.3,469.7,10.5,0.0,33.2,50.3,0.0,11.0,12.4,3.1,0.0,16.0,0.0,0.0,0.0,50.3,10.5,100.0,30.6,0.6,105.6,138.2,0.4,1.0,42.9,14.7,4.7,52.8,1.8,3.2,0.8,30.6,19.1,20.0,19.0,19.0,19.0,19.0,19.0,19.0,19.0,19.0,19.0,14.0,51,47,47,53,53,53,53,51,51,51,51,49,53,53,47,47,47,47,49,49,49,49,53,53,No,No,No,No,No,No,No,No,No,No,No,No,No,No,No,No,No,No,No,No,No,No,No,No,No,No,No,No,No,No,No,No,No,No,No,No,53,53,49,52,0.217,0.000,0.000,0.000,0.000,0.000,0.000,0.000,1.200,2.188,9.086,5.872,0.015,14.655,2.521,0.185,0.123,45.0,12.0,55.0,55.0,1.000,300.0,4.6,0.0,0.0,0.0,0.0,638,0,0.5,0.0,1.2,0.0,11.1,0.9,30.1,54.8,0.2,0.4,16.6,6.1,1.9,19.9,0.6,1.0,0.3,12.4,15.3,42.5,0.0,30.6,18.3,0.0,17.6,0.0,0.0,0.0,72.5,42.5,2.7,99.6,50.4,74.4,97.8,60.1,99.3,98.9,99.6,3.0,6.1,0.0,1596.1,16.00,22,22,22,52,74,560,1,2,Yes,No,No,No,No,No,No,No,No,No,Yes,No,No,No,No,No,No,No,No,No,No,No,No,No,No,No,No,No,No,No,No,No,No,No,No,No,No,No,47.0,55,55,57,88.0,100.0,No,No,21506,55883,0.0,0.0,0.0,0.000,0.000,2327,846,12.429,41.633,100.0,0.000,22.9,33.2,61.6,19.5,19.5,19.5,19.5,33.2,60.4,20.0,19.9,19.9,19.9,30.11,51.19,16.22,16.19,51.26,51.26,0.68,2.35,30.11,0.00,17.75,0,
1.2.2026,21:37:19.011,6374,2022,75.9,5460,2423,69.2,0.0,0.975,1.116,0.960,0.938,0.938,0.938,0.948,0.968,0.983,0.983,0.983,1.028,0.766,2962.8,4289.5,3790.7,2693.4,2693.4,2693.4,2693.4,2693.4,2693.4,2693.4,2693.4,99.8,3691.0,273.6,28.0,1082.6,1897.8,1.1,4.4,155.2,22.2,23.4,49.0,7.4,7.8,3.8,401.8,15.9,0.0,38.9,75.6,28.5,0.0,15.3,0.0,10.7,0.1,10.6,10.6,0.0,75.6,15.9,100.0,19.5,1.0,65.0,148.4,0.1,0.1,11.4,1.9,0.5,4.4,0.3,0.4,0.1,19.4,29.7,43.0,38.0,27.0,27.0,27.0,27.0,27.0,27.0,27.0,27.0,37.0,53,49,53,56,56,56,56,51,51,51,51,47,51,47,44,44,44,44,49,49,49,49,60,56,No,No,No,No,No,No,No,No,No,No,No,No,No,No,No,No,No,No,No,No,No,No,No,No,No,No,No,No,No,No,No,No,No,No,No,No,53,53,49,53,0.222,0.000,0.000,0.000,0.000,0.000,0.000,0.000,1.200,5.000,11.833,8.978,0.025,17.149,2.182,0.174,0.136,45.0,12.0,55.0,55.0,3.000,300.0,3.9,0.0,0.0,0.0,0.0,638,0,1.6,0.0,0.0,0.0,11.1,1.1,36.9,70.5,0.0,0.2,7.8,1.1,0.8,3.0,0.3,0.3,0.1,12.4,0.1,23.7,0.0,6.2,0.0,0.0,0.0,0.0,0.0,0.0,72.5,12.4,5.7,99.8,83.9,98.5,99.2,95.7,99.6,99.6,99.8,3.0,53.0,0.0,1596.1,16.00,22,22,22,52,74,560,1,2,Yes,No,No,No,No,No,No,No,No,No,Yes,No,No,No,No,No,No,No,No,No,No,No,No,No,No,No,No,No,No,No,No,No,No,No,No,No,No,No,47.0,55,55,56,88.0,100.0,No,No,21506,55883,0.0,0.0,0.0,0.000,0.000,2327,846,12.429,41.633,100.0,0.000,22.9,33.2,61.6,19.5,19.5,19.5,19.5,33.2,60.4,20.0,19.9,19.9,19.9,30.11,51.19,16.22,16.19,51.26,51.26,0.68,2.35,30.11,0.00,17.75,0,
1.2.2026,21:37:19.121,6373,2022,75.9,5461,2423,69.2,0.0,0.700,0.661,0.650,0.711,0.691,0.716,0.716,0.714,0.714,0.714,0.714,0.593,0.766,1127.2,798.0,1097.3,1197.1,997.6,1197.1,1197.1,1197.1,1197.1,1197.1,1197.1,99.8,399.0,343.5,35.4,2014.9,1306.8,1.3,1.4,412.6,15.3,7.7,304.9,8.6,6.7,6.2,474.4,12.2,11.3,51.1,38.6,0.0,0.0,13.3,11.5,0.0,20.3,0.0,0.0,0.0,51.1,12.2,100.0,30.1,0.8,170.4,106.0,0.1,0.5,45.6,2.1,2.9,30.1,1.3,1.0,0.9,30.2,11.3,8.0,11.0,12.0,10.0,12.0,12.0,12.0,12.0,12.0,12.0,4.0,51,48,46,54,54,54,54,50,51,51,51,49,52,54,46,46,46,46,50,49,49,49,53,54,No,No,No,No,No,No,No,No,No,No,No,No,No,No,No,No,No,No,No,No,No,No,No,No,No,No,No,No,No,No,No,No,No,No,No,No,55,55,49,53,0.222,0.000,0.000,0.000,0.000,0.000,0.000,0.000,1.200,2.188,7.498,4.753,0.011,12.972,2.132,0.152,0.110,45.0,12.0,55.0,55.0,1.000,300.0,4.0,0.0,0.0,0.0,0.0,638,0,0.0,0.0,0.0,0.0,10.1,1.6,50.7,38.9,0.1,0.1,15.4,0.9,0.3,12.4,0.3,0.3,0.2,12.9,39.1,46.7,0.0,28.8,0.0,0.0,14.4,0.0,0.0,0.0,73.9,5.8,11.1,99.8,54.3,98.9,99.6,70.7,99.6,99.7,99.7,2.3,1.4,3.1,1596.1,16.00,22,22,22,52,74,560,1,2,Yes,No,No,No,No,No,No,No,No,No,Yes,No,No,No,No,No,No,No,No,No,No,No,No,No,No,No,No,No,No,No,No,No,No,No,No,No,No,No,46.0,55,55,56,88.0,100.0,No,No,21506,55883,0.0,0.0,0.0,0.000,0.000,2327,846,12.429,41.633,100.0,0.000,22.9,31.7,61.8,19.5,19.5,19.5,19.5,31.7,60.4,20.0,19.9,19.9,19.9,31.56,51.19,16.19,16.18,51.26,51.26,0.69,2.43,31.56,0.00,18.48,0,
1.2.2026,21:37:19.232,6373,2022,75.9,5461,2423,69.2,0.0,1.112,1.100,1.105,1.145,1.105,1.150,1.005,1.115,1.100,1.150,1.150,1.026,0.766,3411.7,4289.5,4289.5,3192.2,3192.2,3192.2,3192.2,3192.2,3192.2,3192.2,3192.2,99.8,3691.0,280.4,23.6,987.1,2101.1,5.4,5.5,138.5,36.5,11.4,19.9,13.1,12.0,11.0,413.6,14.3,0.2,41.2,62.4,0.0,12.3,5.9,0.0,12.4,0.0,12.4,12.4,12.3,62.4,14.3,100.0,19.8,1.0,75.2,140.7,0.1,0.3,14.3,0.9,0.8,1.2,0.9,0.9,0.8,19.5,34.2,43.0,43.0,32.0,32.0,32.0,32.0,32.0,32.0,32.0,32.0,37.0,55,51,66,55,55,55,55,53,53,53,53,45,49,34,45,45,45,45,47,47,47,47,53,66,No,No,No,No,No,No,No,No,No,No,No,No,No,No,No,No,No,No,No,No,No,No,No,No,No,No,No,No,No,No,No,No,No,No,No,No,54,54,49,53,0.222,0.000,0.000,0.000,0.000,0.000,0.000,0.000,1.200,10.000,12.879,9.847,0.012,18.066,2.389,0.182,0.122,45.0,12.0,55.0,55.0,8.000,300.0,4.1,0.0,0.0,0.0,0.0,638,0,10.1,0.2,1.8,0.0,10.1,1.3,40.5,68.2,0.2,0.2,6.7,1.2,0.4,1.5,0.4,0.4,0.4,0.1,1.2,0.1,0.0,0.0,0.0,0.0,0.0,0.0,0.0,0.0,84.3,56.4,0.0,99.7,92.8,98.7,99.5,97.6,99.5,99.5,99.6,15.2,0.0,30.5,1596.1,16.00,22,22,22,52,74,560,1,2,Yes,No,No,No,No,No,No,No,No,No,Yes,No,No,No,No,No,No,No,No,No,No,No,No,No,No,No,No,No,No,No,No,No,No,No,No,No,No,No,48.0,55,55,56,88.0,100.0,No,No,21506,55883,0.0,0.0,0.0,0.000,0.000,2327,846,12.429,41.633,100.0,0.000,22.9,30.6,61.8,13.3,12.1,11.9,11.9,30.5,60.4,13.5,12.1,12.0,12.0,32.73,75.02,16.19,16.18,83.81,83.81,0.73,2.59,32.73,0.00,19.75,0,
1.2.2026,21:37:19.348,6351,2045,75.6,5459,2425,69.2,0.0,0.802,0.818,0.760,0.810,0.815,0.806,0.796,0.801,0.801,0.806,0.806,0.721,0.768,1925.3,1895.4,1995.1,1995.1,1995.1,1895.4,1895.4,1895.4,1895.4,1895.4,1895.4,99.8,1296.8,351.5,34.7,1866.5,1275.7,22.3,4.5,595.3,27.9,11.2,344.2,9.6,17.3,8.7,479.8,13.0,0.0,43.7,37.9,29.2,0.0,18.5,0.1,0.0,27.0,0.0,0.0,0.0,43.7,13.0,100.0,31.1,0.9,143.5,120.7,1.8,0.6,59.4,5.9,1.5,34.2,1.4,2.1,1.2,31.3,19.3,19.0,20.0,20.0,20.0,19.0,19.0,19.0,19.0,19.0,19.0,13.0,52,49,47,54,54,54,54,51,51,51,51,48,51,53,46,46,46,46,49,49,49,49,55,54,No,No,No,No,No,No,No,No,No,No,No,No,No,No,No,No,No,No,No,No,No,No,No,No,No,No,No,No,No,No,No,No,No,No,No,No,55,55,49,53,0.222,0.000,0.000,0.000,0.000,0.000,0.000,0.000,1.200,1.563,7.819,5.130,0.003,13.248,2.063,0.155,0.123,45.0,12.0,55.0,55.0,2.000,300.0,4.4,0.0,0.0,0.0,0.0,638,0,2.3,0.1,13.8,0.0,10.6,1.0,46.1,33.5,0.6,0.2,22.6,1.0,0.4,20.3,0.3,0.6,0.3,4.7,5.9,19.9,0.0,13.4,0.0,0.0,8.2,0.0,0.0,0.0,81.4,41.4,45.8,99.8,61.2,98.8,99.5,69.2,99.6,99.3,99.6,3.0,5.6,0.4,1596.1,16.00,22,22,22,52,74,560,1,2,Yes,No,No,No,No,No,No,No,No,No,Yes,No,No,No,No,No,No,No,No,No,No,No,No,No,No,No,No,No,No,No,No,No,No,No,No,No,No,No,47.0,55,55,56,88.0,100.0,No,No,21506,55883,0.0,0.0,0.0,0.000,0.000,2327,846,12.429,41.633,100.0,0.000,22.9,29.5,63.4,12.6,12.0,11.9,11.9,29.5,60.3,12.7,12.1,12.0,12.0,33.93,79.56,15.78,15.66,83.81,83.81,0.77,3.24,33.93,0.00,21.80,0,
1.2.2026,21:37:19.458,6371,2025,75.8,5459,2425,69.2,0.0,0.890,1.119,0.889,0.864,0.864,0.855,0.855,0.870,0.865,0.850,0.865,1.031,0.766,2593.7,4289.5,3291.9,2294.4,2294.4,2294.4,2294.4,2294.4,2294.4,2294.4,2294.4,99.8,3691.0,353.8,29.2,1747.6,1542.4,1.4,1.2,803.8,16.0,9.1,76.6,7.9,7.0,3.7,518.8,18.2,0.0,51.8,48.7,28.1,10.1,36.5,0.0,10.3,1.6,10.3,10.2,10.2,51.8,18.2,100.0,27.6,1.0,133.2,96.4,0.1,0.1,90.5,1.1,0.7,7.4,0.5,0.4,0.4,27.6,26.0,43.0,33.0,23.0,23.0,23.0,23.0,23.0,23.0,23.0,23.0,37.0,52,61,57,56,56,56,56,51,51,51,51,48,39,43,44,44,44,44,49,49,49,49,61,61,No,No,No,No,No,No,No,No,No,No,No,No,No,No,No,No,No,No,No,No,No,No,No,No,No,No,No,No,No,No,No,No,No,No,No,No,58,58,48,52,0.222,0.000,0.000,0.000,0.000,0.000,0.000,0.000,1.200,16.563,12.324,9.663,0.010,16.926,2.037,0.177,0.136,45.0,12.0,55.0,55.0,17.000,300.0,4.1,0.0,0.0,0.0,0.0,638,0,2.3,0.1,13.8,0.0,10.6,1.0,46.1,33.5,0.6,0.2,22.6,1.0,0.4,20.3,0.3,0.6,0.3,4.7,5.9,19.9,0.0,13.4,0.0,0.0,8.2,0.0,0.0,0.0,81.4,41.4,45.8,99.8,61.2,98.8,99.5,69.2,99.6,99.3,99.6,3.0,5.6,0.4,1596.1,16.00,22,22,22,52,74,560,1,2,Yes,No,No,No,No,No,No,No,No,No,Yes,No,No,No,No,No,No,No,No,No,No,No,No,No,No,No,No,No,No,No,No,No,No,No,No,No,No,No,47.0,55,55,56,88.0,100.0,No,No,21506,55883,0.0,0.0,0.0,0.000,0.000,2327,846,12.428,41.633,100.0,0.000,22.9,29.5,63.4,12.6,12.0,11.9,11.9,29.5,60.3,12.7,12.1,12.0,12.0,33.93,79.56,15.78,15.66,83.81,83.81,0.77,3.24,33.93,0.00,21.80,0,
1.2.2026,21:37:19.574,6371,2024,75.8,5459,2424,69.2,0.0,0.788,0.759,0.746,0.796,0.796,0.806,0.797,0.802,0.802,0.787,0.792,0.711,0.766,1825.5,1496.3,1795.6,1895.4,1895.4,1895.4,1895.4,1895.4,1895.4,1795.6,1795.6,99.8,897.8,353.0,28.0,1646.0,1640.3,1.8,3.2,504.3,30.4,7.6,358.9,6.4,6.4,3.1,482.7,9.6,0.0,38.6,45.7,0.0,0.0,16.2,0.0,0.0,15.1,0.0,0.0,0.0,45.7,9.6,100.0,30.7,0.7,128.1,144.8,0.1,0.3,52.1,3.6,1.0,35.9,0.9,0.9,0.3,30.8,18.3,15.0,18.0,19.0,19.0,19.0,19.0,19.0,19.0,18.0,18.0,9.0,51,49,46,53,53,53,53,50,50,50,50,49,51,54,47,47,47,47,50,50,50,50,52,53,No,No,No,No,No,No,No,No,No,No,No,No,No,No,No,No,No,No,No,No,No,No,No,No,No,No,No,No,No,No,No,No,No,No,No,No,55,55,49,53,0.222,0.000,0.000,0.000,0.000,0.000,0.000,0.000,1.200,1.875,8.985,6.043,0.011,14.714,2.304,0.166,0.113,45.0,12.0,55.0,55.0,1.000,300.0,5.8,0.0,0.0,0.0,0.0,638,0,3.9,0.1,10.6,0.0,10.5,1.0,40.1,43.4,0.1,0.1,20.2,1.1,0.3,19.3,0.3,0.2,0.1,7.3,25.6,14.1,0.0,23.5,0.0,0.0,10.1,0.0,0.0,0.0,77.8,24.4,33.7,99.8,53.9,98.7,99.7,68.4,99.6,99.6,99.8,8.1,8.7,7.5,1596.1,16.00,22,22,22,52,74,560,1,2,Yes,No,No,No,No,No,No,No,No,No,Yes,No,No,No,No,No,No,No,No,No,No,No,No,No,No,No,No,No,No,No,No,No,No,No,No,No,No,No,47.0,55,55,55,88.0,100.0,No,No,21506,55883,0.0,0.0,0.0,0.000,0.000,2327,847,12.428,41.633,100.0,0.000,22.9,28.9,63.5,12.6,12.0,11.9,11.9,28.9,60.3,12.7,12.1,12.0,12.0,34.56,79.63,15.75,15.66,83.81,83.81,0.79,3.22,34.56,0.00,25.57,0,
1.2.2026,21:37:19.669,6371,2024,75.8,5459,2424,69.2,0.0,0.788,0.759,0.746,0.796,0.796,0.806,0.797,0.802,0.802,0.787,0.792,0.711,0.766,1825.5,1496.3,1795.6,1895.4,1895.4,1895.4,1895.4,1895.4,1895.4,1795.6,1795.6,99.8,897.8,353.0,28.0,1646.0,1640.3,1.8,3.2,504.3,30.4,7.6,358.9,6.4,6.4,3.1,482.7,9.6,0.0,38.6,45.7,0.0,0.0,16.2,0.0,0.0,15.1,0.0,0.0,0.0,45.7,9.6,100.0,30.7,0.7,128.1,144.8,0.1,0.3,52.1,3.6,1.0,35.9,0.9,0.9,0.3,30.8,18.3,15.0,18.0,19.0,19.0,19.0,19.0,19.0,19.0,18.0,18.0,9.0,51,49,46,53,53,53,53,50,50,50,50,49,51,54,47,47,47,47,50,50,50,50,52,53,No,No,No,No,No,No,No,No,No,No,No,No,No,No,No,No,No,No,No,No,No,No,No,No,No,No,No,No,No,No,No,No,No,No,No,No,55,55,49,52,0.222,0.000,0.000,0.000,0.000,0.000,0.000,0.000,1.200,4.375,11.841,9.344,0.027,16.672,1.860,0.178,0.131,45.0,12.0,55.0,55.0,2.000,300.0,4.1,0.0,0.0,0.0,0.0,638,0,3.9,0.1,10.6,0.0,10.5,1.0,40.1,43.4,0.1,0.1,20.2,1.1,0.3,19.3,0.3,0.2,0.1,7.3,25.6,14.1,0.0,23.5,0.0,0.0,10.1,0.0,0.0,0.0,77.8,24.4,33.7,99.8,53.9,98.7,99.7,68.4,99.6,99.6,99.8,8.1,8.7,7.5,1596.1,16.00,22,22,22,52,74,560,1,2,Yes,No,No,No,No,No,No,No,No,No,Yes,No,No,No,No,No,No,No,No,No,No,No,No,No,No,No,No,No,No,No,No,No,No,No,No,No,No,No,47.0,54,54,55,88.0,100.0,No,No,21506,55883,0.0,0.0,0.0,0.000,0.000,2327,847,12.428,41.633,100.0,0.000,22.9,28.9,63.5,12.6,12.0,11.9,11.9,28.9,60.3,12.7,12.1,12.0,12.0,34.56,79.63,15.75,15.66,83.81,83.81,0.79,3.22,34.56,0.00,25.57,0,
1.2.2026,21:37:19.782,6371,2025,75.8,5460,2424,69.2,0.0,0.856,0.890,0.881,0.876,0.876,0.841,0.846,0.846,0.836,0.836,0.833,0.831,0.766,2374.2,3291.9,3192.2,2194.6,2194.6,2194.6,2194.6,2194.6,2094.9,2094.9,2094.9,99.8,2693.4,479.2,42.2,1324.8,3212.1,7.2,7.0,769.1,100.0,16.4,243.3,12.8,10.9,4.6,684.8,18.8,0.2,33.0,79.6,12.3,12.3,30.4,0.0,12.6,7.7,12.5,12.5,12.3,79.6,18.8,100.0,39.0,1.0,101.2,240.2,0.4,0.5,93.5,8.5,1.4,18.9,1.3,1.1,0.3,39.0,23.8,33.0,32.0,22.0,22.0,22.0,22.0,22.0,21.0,21.0,21.0,27.0,53,48,50,55,55,55,55,53,53,53,53,47,52,50,45,45,45,45,47,47,47,47,54,55,No,No,No,No,No,No,No,No,No,No,No,No,No,No,No,No,No,No,No,No,No,No,No,No,No,No,No,No,No,No,No,No,No,No,No,No,66,66,49,52,0.222,0.000,0.000,0.000,0.000,0.000,0.000,0.000,1.200,4.375,5.391,2.724,0.024,11.151,2.056,0.147,0.113,45.0,12.0,55.0,55.0,4.000,300.0,4.2,0.0,0.0,0.0,0.0,638,0,0.0,0.0,0.0,0.0,12.6,1.3,33.6,72.9,0.2,0.2,27.1,3.3,0.6,11.7,0.4,0.4,0.2,7.8,16.6,18.1,0.0,22.1,0.0,0.0,21.0,0.0,0.0,0.0,71.5,0.0,8.7,99.7,47.9,96.4,99.2,64.2,99.4,99.4,99.8,22.7,45.3,0.1,1596.1,16.00,22,22,22,52,74,560,1,2,Yes,No,No,No,No,No,No,No,No,No,Yes,No,No,No,No,No,No,No,No,No,No,No,No,No,No,No,No,No,No,No,No,No,No,No,No,No,No,No,47.0,54,54,55,88.0,100.0,No,No,21506,55883,0.0,0.0,0.0,0.000,0.000,2327,847,12.428,41.633,100.0,0.000,22.9,28.9,63.6,12.6,12.0,11.9,11.9,28.9,60.4,12.7,12.1,12.0,12.0,34.57,79.63,15.73,15.65,83.81,83.81,0.82,3.27,34.57,0.00,27.48,0,
1.2.2026,21:37:19.885,6371,2025,75.8,5460,2424,69.2,0.0,0.819,0.760,0.770,0.835,0.835,0.831,0.831,0.836,0.831,0.831,0.831,0.776,0.766,2074.9,1895.4,2094.9,2094.9,2094.9,2094.9,2094.9,2094.9,2094.9,2094.9,2094.9,99.8,1396.6,164.1,28.1,395.9,650.3,1.7,1.3,482.6,5.9,1.2,398.2,1.2,1.2,1.3,195.9,8.1,0.0,22.8,26.2,0.0,0.0,26.9,0.0,0.0,21.5,0.0,0.0,0.0,26.9,8.1,100.0,14.4,0.7,29.6,40.2,0.1,0.2,54.4,0.7,0.1,46.4,0.1,0.1,0.1,14.4,20.8,19.0,21.0,21.0,21.0,21.0,21.0,21.0,21.0,21.0,21.0,14.0,51,45,48,53,53,53,53,51,51,51,51,49,55,52,47,47,47,47,49,49,49,49,55,53,No,No,No,No,No,No,No,No,No,No,No,No,No,No,No,No,No,No,No,No,No,No,No,No,No,No,No,No,No,No,No,No,No,No,No,No,55,55,49,52,0.222,0.000,0.000,0.000,0.000,0.000,0.000,0.000,1.200,4.375,15.413,12.345,0.009,20.472,2.375,0.217,0.122,45.0,12.0,55.0,55.0,3.000,300.0,4.2,0.0,0.0,0.0,0.0,638,0,10.8,0.0,4.7,0.0,9.5,1.6,25.5,34.7,0.1,0.1,28.6,0.5,0.1,22.1,0.1,0.1,0.1,4.9,17.4,23.5,0.0,7.8,0.0,0.0,0.1,0.0,0.0,0.0,77.7,0.0,41.2,99.9,60.9,99.5,99.9,75.9,99.9,99.9,99.9,27.1,53.9,0.3,1596.1,16.00,22,22,22,52,74,560,1,2,No,No,No,No,No,No,No,No,No,No,No,No,No,No,No,No,No,No,No,No,No,No,No,No,No,No,No,No,No,No,No,No,No,No,No,No,No,No,47.0,54,54,56,88.0,100.0,No,No,21506,55883,0.0,0.0,0.0,0.000,0.000,2327,847,12.428,41.633,100.0,0.000,22.9,26.9,63.6,11.9,11.9,11.9,11.9,26.9,60.4,12.0,12.0,12.0,12.0,37.18,83.82,15.73,15.65,83.83,83.83,0.86,3.50,37.18,0.00,32.39,0,
1.2.2026,21:37:20.004,6371,2025,75.8,5460,2424,69.2,0.0,0.969,1.101,0.953,0.958,0.960,0.960,0.940,0.960,0.950,0.960,0.950,1.028,0.766,2952.8,4289.5,3691.0,2693.4,2693.4,2693.4,2693.4,2693.4,2693.4,2693.4,2693.4,99.8,3691.0,467.6,36.2,2399.6,2197.7,6.3,3.9,784.4,41.9,16.3,95.8,12.9,11.4,5.4,685.8,22.9,11.1,75.8,63.4,28.7,0.0,36.8,12.0,11.3,13.9,11.2,11.1,0.0,75.8,22.9,100.0,37.1,1.0,185.0,160.3,0.4,0.4,80.7,4.3,1.6,8.8,1.2,1.1,0.5,37.1,29.6,43.0,37.0,27.0,27.0,27.0,27.0,27.0,27.0,27.0,27.0,37.0,54,56,57,56,56,56,56,51,51,51,51,46,44,43,44,44,44,44,49,49,49,49,58,57,No,No,No,No,No,No,No,No,No,No,No,No,No,No,No,No,No,No,No,No,No,No,No,No,No,No,No,No,No,No,No,No,No,No,No,No,61,61,49,52,0.222,0.000,0.000,0.000,0.000,0.000,0.000,0.000,1.200,14.063,4.622,2.025,0.012,10.026,1.997,0.121,0.128,45.0,12.0,55.0,55.0,18.000,300.0,5.2,0.0,0.0,0.0,0.0,638,0,0.0,0.0,0.0,0.0,14.5,1.2,73.4,59.6,0.2,0.2,31.7,1.4,0.6,4.8,0.5,0.4,0.2,5.0,7.5,15.4,0.0,26.8,0.0,0.0,0.0,0.0,0.0,0.0,74.5,6.6,9.3,99.8,39.4,98.3,99.3,93.7,99.3,99.4,99.7,13.1,11.1,15.0,1596.1,16.00,22,22,22,52,74,560,1,2,Yes,No,No,No,No,No,No,No,No,No,Yes,No,No,No,No,No,No,No,No,No,No,No,No,No,No,No,No,No,No,No,No,No,No,No,No,No,No,No,48.0,55,55,54,88.0,100.0,No,No,21506,55883,0.0,0.0,0.0,0.000,0.000,2327,847,12.428,41.633,100.0,0.000,22.9,26.4,63.6,11.9,11.9,11.9,11.9,26.4,60.4,12.0,12.0,12.0,12.0,37.82,83.82,15.73,15.65,83.83,83.83,0.86,3.52,37.82,0.00,32.92,0,
1.2.2026,21:37:20.111,6370,2025,75.8,5460,2424,69.2,0.0,0.816,0.844,0.818,0.828,0.823,0.813,0.812,0.812,0.812,0.797,0.797,0.788,0.766,1925.3,2094.9,1396.6,1995.1,1995.1,1995.1,1995.1,1995.1,1995.1,1895.4,1895.4,99.8,1496.3,219.2,24.6,825.1,1114.1,1.2,1.5,395.4,1.3,1.2,261.8,1.3,1.4,1.3,295.5,7.6,0.0,30.2,43.0,0.0,0.0,18.2,0.0,0.0,0.0,0.0,0.0,0.0,43.0,7.6,100.0,19.1,0.6,63.5,97.2,0.1,0.1,40.0,0.1,0.1,26.6,0.1,0.1,0.1,19.1,19.3,21.0,14.0,20.0,20.0,20.0,20.0,20.0,20.0,19.0,19.0,15.0,50,46,43,53,53,53,53,49,50,50,50,50,54,57,47,47,47,47,51,50,50,50,53,53,No,No,No,No,No,No,No,No,No,No,No,No,No,No,No,No,No,No,No,No,No,No,No,No,No,No,No,No,No,No,No,No,No,No,No,No,53,53,49,52,0.222,0.000,0.000,0.000,0.000,0.000,0.000,0.000,1.200,2.500,13.598,10.542,0.024,18.699,2.362,0.222,0.120,45.0,12.0,55.0,55.0,2.000,300.0,2.9,0.0,0.0,0.0,0.0,638,0,0.0,0.0,0.0,0.0,9.5,1.3,31.8,41.3,0.1,0.1,22.8,0.1,0.1,16.7,0.1,0.1,0.1,10.0,55.2,35.2,0.0,10.0,0.0,0.0,0.0,0.0,0.0,0.0,78.1,12.2,23.5,99.9,64.5,99.9,99.9,81.1,99.9,99.9,99.9,0.0,0.0,0.0,1596.1,16.00,22,22,22,52,74,560,1,2,Yes,No,No,No,No,No,No,No,No,No,Yes,No,No,No,No,No,No,No,No,No,No,No,No,No,No,No,No,No,No,No,No,No,No,No,No,No,No,No,47.0,54,54,54,88.0,100.0,No,No,21506,55883,0.0,0.0,0.0,0.000,0.000,2327,847,12.428,41.633,100.0,0.000,22.9,26.9,67.3,11.8,11.8,11.8,11.8,26.9,60.4,12.0,12.0,12.0,12.0,37.18,84.74,14.86,14.63,85.05,85.05,0.86,3.04,37.18,0.00,36.07,0,
1.2.2026,21:37:20.227,6371,2025,75.8,5460,2424,69.2,0.0,0.859,0.999,0.858,0.846,0.841,0.841,0.841,0.841,0.841,0.841,0.841,0.943,0.766,2384.2,3990.2,3092.4,2094.9,2094.9,2094.9,2094.9,2094.9,2094.9,2094.9,2094.9,99.8,3391.7,511.5,34.4,2395.3,2721.9,2.1,4.6,441.1,42.6,17.4,439.2,13.4,12.9,12.6,707.4,21.1,0.0,66.4,76.9,0.0,11.4,14.4,12.4,11.7,25.5,11.6,11.6,11.6,76.9,21.1,100.0,41.6,1.0,183.1,212.7,0.1,0.4,46.0,4.5,1.8,45.6,1.3,1.3,1.3,41.6,23.9,40.0,31.0,21.0,21.0,21.0,21.0,21.0,21.0,21.0,21.0,34.0,55,61,52,57,57,57,58,53,53,53,53,45,39,48,43,43,43,42,47,47,47,47,61,61,No,No,No,No,No,No,No,No,No,No,No,No,No,No,No,No,No,No,No,No,No,No,No,No,No,No,No,No,No,No,No,No,No,No,No,No,56,56,49,53,0.222,0.000,0.000,0.000,0.000,0.000,0.000,0.000,1.200,11.563,6.700,3.933,0.007,12.098,2.175,0.112,0.116,45.0,12.0,55.0,55.0,10.000,300.0,6.0,0.0,0.0,0.0,0.0,638,0,0.0,0.0,0.0,0.0,15.3,1.2,68.2,76.7,0.1,0.2,16.8,1.4,0.6,17.5,0.5,0.5,0.5,9.4,24.8,19.4,0.0,26.0,0.0,0.0,24.2,0.0,0.0,0.0,71.7,7.4,3.9,99.7,54.9,98.3,99.3,55.7,99.3,99.3,99.4,0.0,0.0,0.0,1596.1,16.00,22,22,22,52,74,560,1,2,Yes,No,No,No,No,No,No,No,No,No,Yes,No,No,No,No,No,No,No,No,No,No,No,No,No,No,No,No,No,No,No,No,No,No,No,No,No,No,No,46.0,54,54,56,88.0,100.0,No,No,21506,55883,0.0,0.0,0.0,0.000,0.000,2327,847,12.428,41.633,100.0,0.000,22.9,26.9,66.9,11.8,11.8,11.8,11.8,26.9,60.4,12.0,12.0,12.0,12.0,37.19,84.74,14.95,14.64,85.05,85.05,0.84,2.54,37.19,0.00,37.35,0,
1.2.2026,21:37:20.333,6371,2025,75.8,5460,2424,69.2,0.0,0.844,0.756,0.790,0.875,0.865,0.870,0.857,0.866,0.852,0.852,0.852,0.718,0.766,2254.5,1895.4,2294.4,2294.4,2294.4,2294.4,2294.4,2294.4,2294.4,2294.4,2294.4,99.8,1296.8,147.2,24.0,436.9,643.9,1.6,1.2,550.8,21.1,5.9,64.5,14.8,1.0,1.0,210.7,8.5,0.0,19.0,28.3,20.8,0.0,32.0,0.0,0.0,2.2,0.0,0.0,0.0,32.0,8.5,100.0,12.7,0.6,30.2,43.7,0.1,0.1,65.1,2.5,0.6,8.0,1.7,0.1,0.1,12.7,22.6,19.0,23.0,23.0,23.0,23.0,23.0,23.0,23.0,23.0,23.0,13.0,50,47,47,53,53,53,53,49,50,50,50,50,53,53,47,47,47,47,51,50,50,50,53,53,No,No,No,No,No,No,No,No,No,No,No,No,No,No,No,No,No,No,No,No,No,No,No,No,No,No,No,No,No,No,No,No,No,No,No,No,54,54,49,52,0.222,0.000,0.000,0.000,0.000,0.000,0.000,0.000,1.200,1.563,15.493,12.506,0.012,20.710,2.277,0.235,0.124,45.0,12.0,55.0,55.0,1.000,300.0,2.9,0.0,0.0,0.0,0.0,638,0,10.1,0.4,6.6,0.0,8.2,1.6,24.5,33.4,0.1,0.1,31.7,1.4,0.3,4.1,0.7,0.0,0.0,6.3,15.9,26.6,0.0,12.4,0.0,0.0,8.0,0.0,0.0,0.0,79.0,28.1,23.1,99.9,54.6,98.5,99.7,87.1,99.3,99.9,99.9,24.2,32.0,16.4,1596.1,16.00,22,22,22,52,74,560,1,2,No,No,No,No,No,No,No,No,No,No,No,No,No,No,No,No,No,No,No,No,No,No,No,No,No,No,No,No,No,No,No,No,No,No,No,No,No,No,47.0,54,54,55,88.0,100.0,No,No,21506,55883,0.0,0.0,0.0,0.000,0.000,2327,847,12.428,41.633,100.0,0.000,22.9,26.4,66.9,11.8,11.8,11.8,11.8,26.4,60.4,12.0,12.0,12.0,12.0,37.84,84.84,14.95,14.64,85.05,85.05,0.83,2.57,37.84,0.00,39.92,0,
1.2.2026,21:37:20.445,6354,2041,75.6,5459,2424,69.2,0.0,1.116,1.122,1.139,1.144,1.124,1.099,1.099,1.099,1.114,1.097,1.122,1.031,0.766,3411.7,4289.5,4289.5,3192.2,3192.2,3192.2,3192.2,3192.2,3192.2,3192.2,3192.2,99.8,3691.0,513.0,31.2,1657.9,3243.9,82.8,10.7,466.5,362.0,20.3,240.4,14.4,13.1,13.0,734.4,24.9,0.0,54.9,80.2,36.4,21.0,15.3,19.8,11.4,6.0,11.3,21.1,21.1,80.2,24.9,100.0,39.2,1.0,128.7,225.2,6.0,1.0,46.7,33.8,1.7,22.2,1.3,1.2,1.2,39.2,34.2,43.0,43.0,32.0,32.0,32.0,32.0,32.0,32.0,32.0,32.0,37.0,55,51,67,55,55,55,55,53,53,53,53,45,49,33,45,45,45,45,47,47,47,47,62,67,No,No,No,No,No,No,No,No,No,No,No,No,No,No,No,No,No,No,No,No,No,No,No,No,No,No,No,No,No,No,No,No,No,No,No,No,64,64,49,53,0.222,0.000,0.000,0.000,0.000,0.000,0.000,0.000,1.200,15.938,4.495,2.041,0.003,9.673,1.892,0.109,0.129,45.0,12.0,55.0,55.0,18.000,300.0,3.8,0.0,0.0,0.0,0.0,638,0,0.0,0.0,0.0,0.0,15.4,1.0,53.8,85.7,1.9,0.3,18.5,12.1,0.7,9.5,0.5,0.5,0.4,6.2,23.1,0.5,0.0,9.1,5.0,0.0,24.7,0.0,0.0,0.0,72.2,9.2,2.1,99.5,69.7,81.3,99.0,63.5,99.3,99.4,99.4,10.0,10.0,10.0,1596.1,16.00,22,22,22,52,74,560,1,2,Yes,No,No,No,No,No,No,No,No,No,Yes,No,No,No,No,No,No,No,No,No,No,No,No,No,No,No,No,No,No,No,No,No,No,No,No,No,No,No,48.0,54,54,55,88.0,100.0,No,No,21506,55883,0.0,0.0,0.0,0.000,0.000,2327,847,12.428,41.633,100.0,0.000,22.9,25.9,67.0,11.8,11.8,11.8,11.8,25.9,60.4,12.0,12.0,12.0,12.0,38.67,84.85,14.93,14.64,85.05,85.05,0.81,2.76,38.67,0.00,40.17,0,
1.2.2026,21:37:20.541,6354,2041,75.6,5459,2424,69.2,0.0,1.116,1.122,1.139,1.144,1.124,1.099,1.099,1.099,1.114,1.097,1.122,1.031,0.766,3411.7,4289.5,4289.5,3192.2,3192.2,3192.2,3192.2,3192.2,3192.2,3192.2,3192.2,99.8,3691.0,513.0,31.2,1657.9,3243.9,82.8,10.7,466.5,362.0,20.3,240.4,14.4,13.1,13.0,734.4,24.9,0.0,54.9,80.2,36.4,21.0,15.3,19.8,11.4,6.0,11.3,21.1,21.1,80.2,24.9,100.0,39.2,1.0,128.7,225.2,6.0,1.0,46.7,33.8,1.7,22.2,1.3,1.2,1.2,39.2,34.2,43.0,43.0,32.0,32.0,32.0,32.0,32.0,32.0,32.0,32.0,37.0,55,51,67,55,55,55,55,53,53,53,53,45,49,33,45,45,45,45,47,47,47,47,62,67,No,No,No,No,No,No,No,No,No,No,No,No,No,No,No,No,No,No,No,No,No,No,No,No,No,No,No,No,No,No,No,No,No,No,No,No,52,52,49,52,0.222,0.000,0.000,0.000,0.000,0.000,0.000,0.000,1.200,2.500,14.314,11.157,0.008,19.415,2.469,0.221,0.117,45.0,12.0,55.0,55.0,2.000,300.0,4.3,0.0,0.0,0.0,0.0,638,0,0.0,0.0,0.0,0.0,15.4,1.0,53.8,85.7,1.9,0.3,18.5,12.1,0.7,9.5,0.5,0.5,0.4,6.2,23.1,0.5,0.0,9.1,5.0,0.0,24.7,0.0,0.0,0.0,72.2,9.2,2.1,99.5,69.7,81.3,99.0,63.5,99.3,99.4,99.4,10.0,10.0,10.0,1596.1,16.00,22,22,22,52,74,560,1,2,Yes,No,No,No,No,No,No,No,No,No,Yes,No,No,No,No,No,No,No,No,No,No,No,No,No,No,No,No,No,No,No,No,No,No,No,No,No,No,No,48.0,54,54,55,88.0,100.0,No,No,21506,55883,0.0,0.0,0.0,0.000,0.000,2327,847,12.428,41.633,100.0,0.000,22.9,25.9,67.0,11.8,11.8,11.8,11.8,25.9,60.4,12.0,12.0,12.0,12.0,38.67,84.85,14.93,14.64,85.05,85.05,0.81,2.76,38.67,0.00,40.17,0,
1.2.2026,21:37:20.651,6371,2025,75.8,5460,2424,69.2,0.0,0.869,1.119,0.819,0.834,0.834,0.844,0.854,0.849,0.839,0.844,0.849,1.028,0.766,2414.1,4289.5,2593.7,2094.9,2094.9,2094.9,2194.6,2194.6,2194.6,2194.6,2194.6,99.8,3691.0,476.7,30.0,2049.9,2388.7,8.2,7.3,445.7,315.1,113.1,251.4,25.6,70.6,14.2,669.8,20.2,0.0,70.1,61.2,0.0,0.0,28.1,20.0,15.4,9.2,12.3,14.2,11.9,70.1,20.2,100.0,35.9,1.0,158.2,143.6,0.4,0.6,58.8,24.9,9.6,24.2,2.0,5.9,1.1,35.8,24.2,43.0,26.0,21.0,21.0,21.0,22.0,22.0,22.0,22.0,22.0,37.0,51,58,55,55,55,55,55,51,51,51,51,49,42,45,45,45,45,45,49,49,49,49,58,58,No,No,No,No,No,No,No,No,No,No,No,No,No,No,No,No,No,No,No,No,No,No,No,No,No,No,No,No,No,No,No,No,No,No,No,No,61,61,49,52,0.222,0.000,0.000,0.000,0.000,0.000,0.000,0.000,1.200,13.438,6.136,3.950,0.011,10.611,1.710,0.107,0.140,45.0,12.0,55.0,55.0,17.000,300.0,3.1,0.0,0.0,0.0,0.0,638,0,4.1,0.4,18.4,0.0,8.2,1.2,28.7,40.2,0.1,0.1,19.0,3.0,0.1,5.5,0.1,0.1,0.1,6.7,38.9,6.1,0.0,0.1,9.1,0.0,13.0,0.0,0.0,0.0,80.0,0.0,53.6,99.9,78.8,87.3,99.9,80.3,99.9,99.9,99.9,20.9,41.8,0.0,1596.1,16.00,22,22,22,52,74,560,1,2,Yes,No,No,No,No,No,No,No,No,No,Yes,No,No,No,No,No,No,No,No,No,No,No,No,No,No,No,No,No,No,No,No,No,No,No,No,No,No,No,47.0,54,54,55,88.0,100.0,No,No,21506,55883,0.0,0.0,0.0,0.000,0.000,2327,847,12.428,41.633,100.0,0.000,22.9,25.6,67.1,11.8,11.8,11.8,11.8,25.5,60.4,12.0,12.0,12.0,12.0,39.12,84.86,14.90,14.63,85.05,85.05,0.83,3.49,39.12,0.00,45.84,0,
1.2.2026,21:37:20.765,6371,2024,75.8,5460,2424,69.2,0.0,0.800,0.789,0.794,0.794,0.794,0.824,0.814,0.792,0.792,0.797,0.807,0.691,0.766,1755.7,1695.9,1795.6,1795.6,1795.6,1895.4,1895.4,997.6,1895.4,1895.4,1895.4,99.8,1097.3,213.8,28.4,704.4,1025.3,1.8,1.4,224.1,318.6,10.0,238.1,4.6,7.4,1.4,289.2,6.0,0.0,20.0,39.9,0.0,0.0,5.5,0.0,0.0,6.7,0.0,0.0,0.0,39.9,6.0,100.0,19.0,0.9,53.5,94.4,0.1,0.1,22.0,31.3,0.9,23.9,0.4,0.7,0.1,19.1,17.6,17.0,18.0,18.0,18.0,19.0,19.0,10.0,19.0,19.0,19.0,11.0,52,48,47,55,55,55,55,52,52,51,51,48,52,53,45,45,45,45,48,48,49,49,56,55,No,No,No,No,No,No,No,No,No,No,No,No,No,No,No,No,No,No,No,No,No,No,No,No,No,No,No,No,No,No,No,No,No,No,No,No,52,52,49,52,0.222,0.000,0.000,0.000,0.000,0.000,0.000,0.000,1.200,2.188,11.577,8.489,0.021,17.028,2.352,0.220,0.107,45.0,12.0,55.0,55.0,1.000,300.0,4.0,0.0,0.0,0.0,0.0,638,0,6.5,0.4,31.3,0.0,8.1,1.2,23.0,38.3,0.1,0.1,9.5,13.3,0.4,10.7,0.2,0.4,0.1,7.4,19.2,9.5,0.0,6.9,17.6,0.0,20.7,0.0,0.0,0.0,80.6,56.2,33.4,99.9,82.0,68.1,99.4,67.4,99.7,99.6,99.9,9.3,0.6,17.9,1596.1,16.00,22,22,22,52,74,560,1,2,Yes,No,No,No,No,No,No,No,No,No,Yes,No,No,No,No,No,No,No,No,No,No,No,No,No,No,No,No,No,No,No,No,No,No,No,No,No,No,No,47.0,54,54,54,88.0,100.0,No,No,21506,55883,0.0,7.4,7.4,0.000,1.244,2327,847,12.428,41.633,100.0,0.000,22.9,23.8,67.2,11.8,11.8,11.8,11.8,23.8,60.3,12.0,12.0,12.0,12.0,42.02,84.86,14.89,14.63,85.05,85.05,0.79,3.40,42.02,0.00,48.65,0,
1.2.2026,21:37:20.872,6372,2023,75.8,5460,2424,69.2,0.0,0.914,1.094,0.866,0.906,0.896,0.887,0.887,0.887,0.912,0.902,0.902,1.028,0.766,2693.4,4289.5,3291.9,2294.4,2394.1,2394.1,2394.1,2394.1,2493.9,2493.9,2493.9,99.8,3691.0,406.0,35.5,1912.4,2402.5,1.6,3.4,413.0,13.7,11.2,59.6,7.1,6.1,6.5,599.1,17.7,12.4,59.3,72.1,0.0,0.0,28.4,12.5,12.4,2.8,12.3,0.0,0.0,72.1,17.7,100.0,31.4,1.0,145.6,174.9,0.1,0.3,44.2,1.5,1.2,6.4,0.7,0.6,0.7,31.4,27.0,43.0,33.0,23.0,24.0,24.0,24.0,24.0,25.0,25.0,25.0,37.0,54,57,55,55,55,55,55,51,51,51,51,46,43,45,45,45,45,45,49,49,49,49,57,57,No,No,No,No,No,No,No,No,No,No,No,No,No,No,No,No,No,No,No,No,No,No,No,No,No,No,No,No,No,No,No,No,No,No,No,No,57,57,49,52,0.222,0.000,0.000,0.000,0.000,0.000,0.000,0.000,1.200,17.813,6.656,4.472,0.002,10.390,1.706,0.117,0.137,45.0,12.0,55.0,55.0,18.000,300.0,2.4,0.0,0.0,0.0,0.0,638,0,0.9,0.4,0.9,0.0,12.7,1.3,55.0,71.8,0.1,0.2,19.2,0.6,0.4,3.5,0.3,0.2,0.3,5.4,14.5,8.6,0.0,31.3,0.0,0.0,0.0,0.0,0.0,0.0,74.6,0.2,5.1,99.8,47.6,99.3,99.5,95.4,99.6,99.7,99.7,20.0,27.3,12.6,1596.1,16.00,22,22,22,52,74,560,1,2,Yes,No,No,No,No,No,No,No,No,No,Yes,No,No,No,No,No,No,No,No,No,No,No,No,No,No,No,No,No,No,No,No,No,No,No,No,No,No,No,47.0,54,54,57,88.0,100.0,No,No,21506,55883,0.0,7.4,7.4,0.000,1.244,2327,847,12.428,41.633,100.0,0.000,22.9,23.8,67.2,11.8,11.8,11.8,11.8,23.8,60.3,12.0,12.0,12.0,12.0,42.02,84.86,14.89,14.63,85.05,85.05,0.79,3.40,42.02,0.00,48.65,0,
1.2.2026,21:37:20.985,6372,2024,75.8,5460,2423,69.2,0.0,0.749,0.706,0.728,0.774,0.679,0.679,0.789,0.789,0.786,0.786,0.776,0.688,0.768,1665.9,1596.1,1695.9,1695.9,997.6,1795.6,1795.6,1795.6,1795.6,1795.6,1695.9,99.8,1097.3,201.0,24.5,763.1,1073.8,1.6,1.5,315.5,20.6,3.2,197.6,3.5,3.6,3.4,275.5,8.4,0.0,20.0,41.1,10.7,0.0,11.5,0.0,0.0,17.3,0.0,0.0,0.0,41.1,8.4,100.0,17.8,0.6,59.6,99.2,0.1,0.2,32.4,1.9,0.3,18.2,0.3,0.3,0.3,17.8,16.7,16.0,17.0,17.0,10.0,18.0,18.0,18.0,18.0,18.0,17.0,11.0,51,48,48,55,55,55,55,49,49,49,50,49,52,52,45,45,45,45,51,51,51,50,53,55,No,No,No,No,No,No,No,No,No,No,No,No,No,No,No,No,No,No,No,No,No,No,No,No,No,No,No,No,No,No,No,No,No,No,No,No,53,53,49,52,0.217,0.000,0.000,0.000,0.000,0.000,0.000,0.000,1.200,3.438,12.406,9.237,0.018,17.742,2.505,0.198,0.109,45.0,12.0,55.0,55.0,2.000,300.0,6.0,0.0,0.0,0.0,0.0,638,0,2.8,0.7,9.5,0.0,7.3,1.2,22.2,38.2,0.1,0.1,15.2,0.9,0.1,9.5,0.1,0.2,0.1,8.3,12.0,42.5,0.0,14.8,0.0,0.0,14.0,0.0,0.0,0.0,78.3,24.3,18.3,99.8,68.1,98.9,99.8,74.7,99.7,99.8,99.8,20.3,39.9,0.8,1596.1,16.00,22,22,22,52,74,560,1,2,Yes,No,No,No,No,No,No,No,No,No,Yes,No,No,No,No,No,No,No,No,No,No,No,No,No,No,No,No,No,No,No,No,No,No,No,No,No,No,No,47.0,54,54,55,88.0,100.0,No,No,21506,55883,0.0,0.0,0.0,0.000,0.000,2327,847,12.428,41.633,100.0,0.000,22.9,22.4,67.2,9.1,8.6,8.6,8.6,22.4,60.3,9.1,8.6,8.6,8.6,44.72,110.11,14.87,14.63,116.77,116.77,0.79,4.64,44.72,0.00,50.22,0,
1.2.2026,21:37:21.096,6372,2024,75.8,5460,2423,69.2,0.0,0.749,0.706,0.728,0.774,0.679,0.679,0.789,0.789,0.786,0.786,0.776,0.688,0.768,1665.9,1596.1,1695.9,1695.9,997.6,1795.6,1795.6,1795.6,1795.6,1795.6,1695.9,99.8,1097.3,201.0,24.5,763.1,1073.8,1.6,1.5,315.5,20.6,3.2,197.6,3.5,3.6,3.4,275.5,8.4,0.0,20.0,41.1,10.7,0.0,11.5,0.0,0.0,17.3,0.0,0.0,0.0,41.1,8.4,100.0,17.8,0.6,59.6,99.2,0.1,0.2,32.4,1.9,0.3,18.2,0.3,0.3,0.3,17.8,16.7,16.0,17.0,17.0,10.0,18.0,18.0,18.0,18.0,18.0,17.0,11.0,51,48,48,55,55,55,55,49,49,49,50,49,52,52,45,45,45,45,51,51,51,50,53,55,No,No,No,No,No,No,No,No,No,No,No,No,No,No,No,No,No,No,No,No,No,No,No,No,No,No,No,No,No,No,No,No,No,No,No,No,56,56,49,52,0.222,0.000,0.000,0.000,0.000,0.000,0.000,0.000,1.200,15.625,7.495,4.923,0.012,12.441,2.001,0.131,0.125,45.0,12.0,55.0,55.0,17.000,300.0,3.5,0.0,0.0,0.0,0.0,638,0,2.8,0.7,9.5,0.0,7.3,1.2,22.2,38.2,0.1,0.1,15.2,0.9,0.1,9.5,0.1,0.2,0.1,8.3,12.0,42.5,0.0,14.8,0.0,0.0,14.0,0.0,0.0,0.0,78.3,24.3,18.3,99.8,68.1,98.9,99.8,74.7,99.7,99.8,99.8,20.3,39.9,0.8,1596.1,16.00,22,22,22,52,74,560,1,2,Yes,No,No,No,No,No,No,No,No,No,Yes,No,No,No,No,No,No,No,No,No,No,No,No,No,No,No,No,No,No,No,No,No,No,No,No,No,No,No,47.0,54,54,54,88.0,100.0,No,No,21506,55883,0.0,0.0,0.0,0.000,0.000,2327,847,12.429,41.633,100.0,0.000,22.9,22.4,67.2,9.1,8.6,8.6,8.6,22.4,60.3,9.1,8.6,8.6,8.6,44.72,110.11,14.87,14.63,116.77,116.77,0.79,4.64,44.72,0.00,50.22,0,
1.2.2026,21:37:21.203,6372,2023,75.8,5461,2423,69.2,0.0,0.741,0.714,0.694,0.769,0.764,0.684,0.758,0.758,0.763,0.753,0.753,0.671,0.768,1456.4,1596.1,1496.3,1596.1,1596.1,997.6,1596.1,997.6,1596.1,1596.1,1496.3,99.8,997.6,247.6,26.6,976.2,883.0,2.0,9.6,339.0,307.4,78.6,242.8,52.5,12.0,42.0,327.8,10.5,0.4,43.0,34.8,0.0,0.2,11.2,8.8,2.2,10.2,13.7,0.4,1.2,43.0,10.5,100.0,26.9,0.6,136.1,78.7,0.1,0.8,33.1,26.3,6.5,30.0,4.8,1.2,3.9,26.9,14.6,16.0,15.0,16.0,16.0,10.0,16.0,10.0,16.0,16.0,15.0,10.0,52,48,47,55,55,55,55,51,51,51,51,48,52,53,45,45,45,45,49,49,49,49,54,55,No,No,No,No,No,No,No,No,No,No,No,No,No,No,No,No,No,No,No,No,No,No,No,No,No,No,No,No,No,No,No,No,No,No,No,No,53,53,49,53,0.217,0.000,0.000,0.000,0.000,0.000,0.000,0.000,1.200,2.500,10.131,7.154,0.014,15.602,2.318,0.181,0.123,45.0,12.0,55.0,55.0,1.000,300.0,5.0,0.0,0.0,0.0,0.0,638,0,1.6,0.2,9.0,0.0,8.8,1.0,27.2,35.4,0.2,0.3,13.1,11.9,3.1,10.2,1.7,0.4,1.5,9.3,40.5,19.0,0.0,7.8,0.0,11.0,14.9,0.0,0.0,0.0,73.3,15.4,0.0,99.6,77.2,86.7,85.1,73.0,98.2,99.5,98.4,21.6,0.0,43.1,1596.1,16.00,22,22,22,52,74,560,1,2,Yes,No,No,No,No,No,No,No,No,No,Yes,No,No,No,No,No,No,No,No,No,No,No,No,No,No,No,No,No,No,No,No,No,No,No,No,No,No,No,47.0,54,54,54,88.0,100.0,No,No,21506,55883,0.0,0.0,0.0,0.000,0.000,2327,847,12.429,41.633,100.0,0.000,22.9,21.7,62.8,9.1,8.6,8.6,8.6,21.7,60.3,9.1,8.6,8.6,8.6,46.04,110.26,15.92,15.89,116.77,116.77,0.86,4.80,46.04,0.00,52.40,0,
1.2.2026,21:37:21.316,6372,2023,75.8,5461,2423,69.2,0.0,0.741,0.714,0.694,0.769,0.764,0.684,0.758,0.758,0.763,0.753,0.753,0.671,0.768,1456.4,1596.1,1496.3,1596.1,1596.1,997.6,1596.1,997.6,1596.1,1596.1,1496.3,99.8,997.6,247.6,26.6,976.2,883.0,2.0,9.6,339.0,307.4,78.6,242.8,52.5,12.0,42.0,327.8,10.5,0.4,43.0,34.8,0.0,0.2,11.2,8.8,2.2,10.2,13.7,0.4,1.2,43.0,10.5,100.0,26.9,0.6,136.1,78.7,0.1,0.8,33.1,26.3,6.5,30.0,4.8,1.2,3.9,26.9,14.6,16.0,15.0,16.0,16.0,10.0,16.0,10.0,16.0,16.0,15.0,10.0,52,48,47,55,55,55,55,51,51,51,51,48,52,53,45,45,45,45,49,49,49,49,54,55,No,No,No,No,No,No,No,No,No,No,No,No,No,No,No,No,No,No,No,No,No,No,No,No,No,No,No,No,No,No,No,No,No,No,No,No,61,61,49,52,0.217,0.000,0.000,0.000,0.000,0.000,0.000,0.000,1.200,15.625,10.514,7.832,0.009,15.446,2.077,0.155,0.135,45.0,12.0,55.0,55.0,15.000,300.0,2.8,0.0,0.0,0.0,0.0,638,0,1.6,0.2,9.0,0.0,8.8,1.0,27.2,35.4,0.2,0.3,13.1,11.9,3.1,10.2,1.7,0.4,1.5,9.3,40.5,19.0,0.0,7.8,0.0,11.0,14.9,0.0,0.0,0.0,73.3,15.4,0.0,99.6,77.2,86.7,85.1,73.0,98.2,99.5,98.4,21.6,0.0,43.1,1596.1,16.00,22,22,22,52,74,560,1,2,Yes,No,No,No,No,No,No,No,No,No,Yes,No,No,No,No,No,No,No,No,No,No,No,No,No,No,No,No,No,No,No,No,No,No,No,No,No,No,No,47.0,54,54,54,88.0,100.0,No,No,21506,55883,0.0,0.0,0.0,0.000,0.000,2327,847,12.429,41.633,100.0,0.000,22.9,21.7,62.8,9.1,8.6,8.6,8.6,21.7,60.3,9.1,8.6,8.6,8.6,46.04,110.26,15.92,15.89,116.77,116.77,0.86,4.80,46.04,0.00,52.40,0,
1.2.2026,21:37:21.429,6350,2046,75.6,5458,2425,69.2,0.0,0.785,0.734,0.747,0.782,0.782,0.797,0.797,0.802,0.802,0.802,0.802,0.683,0.766,1805.6,1296.8,1795.6,1795.6,1795.6,1895.4,1895.4,1895.4,1895.4,1895.4,1895.4,99.8,698.3,226.4,25.3,722.9,1400.4,5.0,26.6,413.5,14.3,8.5,76.8,8.6,9.9,4.6,327.1,8.5,0.0,36.1,38.4,0.0,0.0,13.3,11.7,0.0,2.2,0.0,0.0,0.0,38.4,8.5,100.0,22.9,0.7,105.9,107.5,0.4,2.6,44.9,1.6,2.3,6.6,1.0,1.1,0.6,22.9,18.1,13.0,18.0,18.0,18.0,19.0,19.0,19.0,19.0,19.0,19.0,7.0,51,48,46,54,54,54,54,50,50,50,50,49,52,54,46,46,46,46,50,50,50,50,56,54,No,No,No,No,No,No,No,No,No,No,No,No,No,No,No,No,No,No,No,No,No,No,No,No,No,No,No,No,No,No,No,No,No,No,No,No,53,53,50,52,0.222,0.000,0.000,0.000,0.000,0.000,0.000,0.000,1.200,2.188,9.782,6.869,0.020,15.036,2.277,0.176,0.108,45.0,12.0,55.0,55.0,1.000,300.0,4.1,0.0,0.0,0.0,0.0,638,0,4.9,0.3,24.4,0.0,7.4,1.1,20.0,44.8,0.2,0.9,15.7,0.7,0.3,5.1,0.3,0.3,0.2,1.5,6.4,0.1,0.0,8.7,0.0,0.0,0.0,0.0,0.0,0.0,82.7,29.8,33.5,99.0,74.0,99.1,99.6,93.1,99.6,99.6,99.8,22.7,25.1,20.3,1596.1,16.00,22,22,22,52,74,560,1,2,Yes,No,No,No,No,No,No,No,No,No,Yes,No,No,No,No,No,No,No,No,No,No,No,No,No,No,No,No,No,No,No,No,No,No,No,No,No,No,No,47.0,54,54,54,88.0,100.0,No,No,21506,55883,0.0,0.0,0.0,0.000,0.000,2327,847,12.429,41.633,100.0,0.000,22.9,21.9,62.7,9.0,8.6,8.6,8.6,21.9,60.3,9.1,8.6,8.6,8.6,45.58,110.85,15.96,15.89,116.77,116.77,0.86,4.71,45.58,0.00,50.81,0,
1.2.2026,21:37:21.537,6370,2026,75.8,5463,2421,69.2,0.0,1.104,1.099,1.099,1.103,1.093,1.103,1.103,1.113,1.113,1.108,1.108,1.026,0.766,3411.7,4289.5,4289.5,3192.2,3192.2,3192.2,3192.2,3192.2,3192.2,3192.2,3192.2,99.8,3691.0,337.7,29.7,1094.8,2302.6,10.8,7.3,338.7,34.1,17.1,193.1,8.9,8.1,7.8,479.4,17.7,0.0,37.6,75.1,12.3,12.3,16.2,0.0,12.6,9.0,12.3,12.3,12.3,75.1,17.7,100.0,26.6,0.9,82.9,174.1,0.7,0.7,33.6,3.5,1.7,18.9,0.8,0.7,0.7,26.6,34.2,43.0,43.0,32.0,32.0,32.0,32.0,32.0,32.0,32.0,32.0,37.0,52,51,48,54,54,54,54,51,51,51,51,48,49,52,46,46,46,46,49,49,49,49,53,54,No,No,No,No,No,No,No,No,No,No,No,No,No,No,No,No,No,No,No,No,No,No,No,No,No,No,No,No,No,No,No,No,No,No,No,No,54,54,49,52,0.217,0.000,0.000,0.000,0.000,0.000,0.000,0.000,1.200,6.875,9.355,7.015,0.014,13.333,1.792,0.141,0.137,45.0,12.0,55.0,55.0,5.000,300.0,3.2,0.0,0.0,0.0,0.0,638,0,0.0,0.0,0.0,0.0,12.3,1.2,38.8,75.4,0.3,0.3,18.2,1.3,0.7,10.8,0.4,0.3,0.3,1.9,5.0,1.8,0.0,9.5,0.0,0.0,3.1,0.0,0.0,0.0,75.2,0.0,2.0,99.6,70.5,98.5,99.2,83.8,99.5,99.5,99.6,36.1,53.1,19.1,1596.1,16.00,22,22,22,52,74,560,1,2,Yes,No,No,No,No,No,No,No,No,No,Yes,No,No,No,No,No,No,No,No,No,No,No,No,No,No,No,No,No,No,No,No,No,No,No,No,No,No,No,47.0,54,54,54,88.0,100.0,No,No,21506,55883,0.0,0.0,0.0,0.000,0.000,2327,847,12.429,41.633,100.0,0.000,22.9,19.6,62.6,8.5,8.5,8.5,8.5,19.6,60.1,8.6,8.6,8.6,8.6,50.93,117.23,15.96,15.89,117.31,117.31,0.98,6.59,50.93,0.00,52.86,0,
1.2.2026,21:37:21.649,6369,2027,75.8,5463,2421,69.2,0.0,0.817,0.853,0.771,0.816,0.814,0.819,0.819,0.819,0.819,0.819,0.819,0.803,0.766,2015.1,2194.6,1995.1,1995.1,1995.1,1995.1,1995.1,1995.1,1995.1,1995.1,1995.1,99.8,1596.1,394.1,34.2,1050.5,2160.9,14.2,16.5,920.0,53.7,31.9,365.4,29.1,14.0,39.2,535.3,10.7,0.0,26.7,51.1,0.0,0.0,30.1,0.6,0.0,19.6,0.0,0.0,0.0,51.1,10.7,100.0,34.3,1.5,80.0,167.5,1.0,1.7,101.5,5.8,3.5,39.8,3.1,1.5,4.4,34.2,20.2,22.0,20.0,20.0,20.0,20.0,20.0,20.0,20.0,20.0,20.0,16.0,51,47,47,53,53,53,53,51,51,51,51,49,53,53,47,47,47,47,49,49,49,49,53,53,No,No,No,No,No,No,No,No,No,No,No,No,No,No,No,No,No,No,No,No,No,No,No,No,No,No,No,No,No,No,No,No,No,No,No,No,53,53,49,52,0.222,0.000,0.000,0.000,0.000,0.000,0.000,0.000,1.200,2.188,10.114,7.102,0.012,15.402,2.361,0.182,0.109,45.0,12.0,55.0,55.0,1.000,300.0,5.4,0.0,0.0,0.0,0.0,638,0,0.0,0.0,0.0,0.0,11.9,1.9,29.0,53.2,0.4,0.5,31.6,1.9,1.0,21.3,0.9,0.5,1.2,8.8,25.0,46.5,0.0,16.9,0.0,0.0,0.0,0.0,0.0,0.0,72.0,0.0,0.2,99.4,49.9,97.9,98.9,76.6,98.9,99.4,98.7,21.7,43.3,0.0,1596.1,16.00,22,22,22,52,74,560,1,2,Yes,No,No,No,No,No,No,No,No,No,Yes,No,No,No,No,No,No,No,No,No,No,No,No,No,No,No,No,No,No,No,No,No,No,No,No,No,No,No,46.0,54,54,54,88.0,100.0,No,No,21506,55883,0.0,0.0,0.0,0.000,0.000,2327,847,12.429,41.633,100.0,0.000,22.9,17.6,61.0,8.5,8.5,8.5,8.5,17.6,60.1,8.6,8.6,8.6,8.6,56.89,117.54,16.39,16.38,117.58,117.58,1.08,8.08,56.89,0.00,56.80,0,
1.2.2026,21:37:21.743,6370,2026,75.8,5463,2421,69.2,0.0,1.153,1.147,1.159,1.179,1.144,1.144,1.159,1.140,1.155,1.155,1.155,1.028,0.766,3411.7,4289.5,4289.5,3192.2,3192.2,3192.2,3192.2,3192.2,3192.2,3192.2,3192.2,99.8,3691.0,686.9,63.5,3075.9,2819.3,15.0,3.2,923.7,175.4,163.2,978.6,8.6,9.7,6.6,904.9,31.8,1.1,88.5,77.6,0.0,21.6,40.2,17.1,26.0,45.1,21.7,21.6,21.6,88.5,31.8,100.0,57.3,3.5,231.1,204.9,0.1,0.3,101.8,16.9,19.1,108.5,0.6,0.4,0.4,57.3,34.2,43.0,43.0,32.0,32.0,32.0,32.0,32.0,32.0,32.0,32.0,37.0,56,56,57,60,60,60,60,53,53,52,52,44,44,43,40,40,40,40,47,47,48,48,58,60,No,No,No,No,No,No,No,No,No,No,No,No,No,No,No,No,No,No,No,No,No,No,No,No,No,No,No,No,No,No,No,No,No,No,No,No,57,57,49,53,0.222,0.000,0.000,0.000,0.000,0.000,0.000,0.000,1.200,15.625,12.702,9.673,0.028,18.037,2.368,0.186,0.123,45.0,12.0,55.0,55.0,16.000,300.0,3.8,0.0,0.0,0.0,0.0,638,0,0.0,0.0,0.0,0.0,11.9,2.1,90.1,80.4,0.4,0.1,41.0,7.0,5.4,45.8,0.4,0.3,0.2,8.8,0.1,12.6,0.0,8.9,10.0,0.0,12.2,0.0,0.0,0.0,72.0,0.8,7.0,99.8,46.7,81.9,94.4,38.8,99.5,99.6,99.7,21.7,7.4,0.0,1596.1,16.00,22,22,22,52,74,560,1,2,Yes,No,No,No,No,No,No,No,No,No,Yes,No,No,No,No,No,No,No,No,No,No,No,No,No,No,No,No,No,No,No,No,No,No,No,No,No,No,No,46.0,54,54,54,88.0,100.0,No,No,21506,55883,0.0,0.0,0.0,0.000,0.000,2327,847,12.429,41.633,100.0,0.000,22.9,17.6,61.0,8.5,8.5,8.5,8.5,17.6,60.1,8.6,8.6,8.6,8.6,56.89,117.54,16.39,16.38,117.58,117.58,1.08,8.08,56.89,0.00,56.80,0,
1.2.2026,21:37:21.857,6371,2025,75.8,5463,2421,69.2,0.0,1.122,1.109,1.106,1.116,1.126,1.126,1.116,1.116,1.126,1.141,1.141,1.031,0.766,3192.2,4289.5,4289.5,3192.2,997.6,3192.2,3192.2,3192.2,3192.2,3192.2,3192.2,99.8,3691.0,889.6,14.5,3868.4,3020.1,12.2,7.6,805.4,1066.9,509.6,1208.8,79.7,11.0,70.6,1163.1,25.1,0.0,89.9,72.5,29.4,0.0,24.0,31.2,13.6,36.6,3.7,0.0,0.0,89.9,25.1,100.0,76.9,0.9,301.8,241.4,1.1,0.6,81.4,106.6,48.5,122.8,8.2,1.7,7.3,76.8,32.0,43.0,43.0,32.0,10.0,32.0,32.0,32.0,32.0,32.0,32.0,37.0,56,56,61,58,58,58,58,53,53,53,53,44,44,39,42,42,42,42,47,47,47,47,61,61,No,No,No,No,No,No,No,No,No,No,No,No,No,No,No,No,No,No,No,No,No,No,No,No,No,No,No,No,No,No,No,No,No,No,No,No,60,60,49,53,0.222,0.000,0.000,0.000,0.000,0.000,0.000,0.000,1.200,15.938,13.922,10.570,0.006,19.039,2.656,0.178,0.153,45.0,40.0,55.0,55.0,18.000,300.0,4.4,0.0,0.0,0.0,0.0,638,0,0.0,0.0,0.0,0.0,24.3,0.4,89.6,70.8,0.3,0.3,27.8,36.0,17.3,41.3,5.3,0.4,2.2,10.3,8.9,20.9,0.0,40.4,3.3,0.5,29.5,0.0,0.0,0.0,59.6,0.8,8.2,99.7,30.3,57.9,80.4,27.2,94.5,99.6,97.7,0.0,0.0,0.0,1596.1,16.00,22,22,22,52,74,560,1,2,Yes,No,No,No,No,No,No,No,No,No,Yes,No,No,No,No,No,No,No,No,No,No,No,No,No,No,No,No,No,No,No,No,No,No,No,No,No,No,No,47.0,54,54,55,88.0,100.0,No,No,21506,55883,0.0,0.0,0.0,0.000,0.000,2327,847,12.429,41.633,100.0,0.000,22.9,20.3,63.1,8.5,8.5,8.5,8.5,20.3,62.9,8.6,8.6,8.6,8.6,49.17,117.53,15.85,15.74,117.58,117.58,1.00,5.91,49.17,0.00,50.14,0,
1.2.2026,21:37:21.964,6371,2025,75.8,5463,2421,69.2,0.0,1.122,0.699,0.687,0.732,0.732,0.737,0.682,0.687,0.751,0.751,0.751,0.723,0.766,3192.2,1496.3,1496.3,1396.6,1396.6,1396.6,997.6,997.6,1496.3,1496.3,1496.3,99.8,997.6,889.6,25.1,163.0,289.0,1.5,1.5,443.0,509.4,12.7,26.7,1.4,1.5,1.3,180.7,25.1,0.0,6.9,10.8,31.8,0.0,19.1,21.9,0.0,0.0,0.0,0.0,0.0,31.8,7.5,100.0,76.9,0.7,12.3,21.7,0.1,0.2,49.4,56.0,2.5,2.8,0.1,0.1,0.1,12.2,32.0,15.0,15.0,14.0,14.0,14.0,10.0,10.0,15.0,15.0,15.0,10.0,56,56,61,58,58,58,58,53,53,53,53,44,44,39,42,42,42,42,47,47,47,47,61,61,No,No,No,No,No,No,No,No,No,No,No,No,No,No,No,No,No,No,No,No,No,No,No,No,No,No,No,No,No,No,No,No,No,No,No,No,55,55,50,52,0.222,0.000,0.000,0.000,0.000,0.000,0.000,0.000,1.200,15.938,13.922,10.570,0.006,19.039,2.656,0.178,0.153,45.0,40.0,55.0,55.0,18.000,300.0,4.4,0.0,0.0,0.0,0.0,638,0,0.0,0.0,0.0,0.0,24.3,0.4,89.6,70.8,0.3,0.3,27.8,36.0,17.3,41.3,5.3,0.4,2.2,10.3,8.9,20.9,0.0,40.4,3.3,0.5,29.5,0.0,0.0,0.0,59.6,0.8,8.2,99.7,30.3,57.9,80.4,27.2,94.5,99.6,97.7,0.0,0.0,0.0,1596.1,16.00,22,22,22,52,74,560,1,2,Yes,No,No,No,No,No,No,No,No,No,Yes,No,No,No,No,No,No,No,No,No,No,No,No,No,No,No,No,No,No,No,No,No,No,No,No,No,No,No,47.0,54,54,54,88.0,100.0,No,No,21506,55883,0.0,0.0,0.0,0.000,0.000,2327,847,12.429,41.633,100.0,0.000,22.9,20.3,63.1,8.5,8.5,8.5,8.5,20.3,62.9,8.6,8.6,8.6,8.6,49.17,117.53,15.85,15.74,117.58,117.58,1.00,5.91,49.17,0.00,50.14,0,
1.2.2026,21:37:22.075,6371,2025,75.8,5465,2419,69.3,0.0,1.138,1.164,1.151,1.136,1.136,1.136,1.121,1.146,1.102,1.122,1.167,1.031,0.766,3411.7,4289.5,4289.5,3192.2,3192.2,3192.2,3192.2,3192.2,3192.2,3192.2,3192.2,99.8,3691.0,554.7,23.3,2020.0,2873.2,3.0,17.6,1098.7,265.3,58.5,226.9,38.5,20.7,10.3,795.0,22.9,0.0,60.0,83.2,0.0,0.0,46.0,18.4,12.8,18.1,12.4,11.9,11.6,83.2,22.9,100.0,44.5,0.9,147.9,219.9,0.1,1.7,103.5,25.2,5.9,22.0,3.9,2.0,0.9,44.4,34.2,43.0,43.0,32.0,32.0,32.0,32.0,32.0,32.0,32.0,32.0,37.0,55,49,66,55,55,55,55,53,53,53,53,45,51,34,45,45,45,45,47,47,47,47,66,66,No,No,No,No,No,No,No,No,No,No,No,No,No,No,No,No,No,No,No,No,No,No,No,No,No,No,No,No,No,No,No,No,No,No,No,No,64,64,49,53,0.222,0.000,0.000,0.000,0.000,0.000,0.000,0.000,1.200,6.563,15.280,12.188,0.023,20.585,2.373,0.231,0.124,45.0,40.0,55.0,55.0,5.000,300.0,2.1,0.0,0.0,0.0,0.0,638,0,0.0,0.0,0.0,0.0,6.2,0.8,60.4,81.5,0.1,0.6,47.7,9.5,1.9,9.1,1.3,0.8,0.4,11.7,15.8,0.5,0.0,34.6,7.9,0.0,12.5,0.0,0.0,0.0,80.5,22.9,5.0,99.3,16.5,80.6,97.7,75.7,98.3,99.0,99.3,0.0,0.2,11.9,1596.1,16.00,22,22,22,52,74,560,1,2,Yes,No,No,No,No,No,No,No,No,No,Yes,No,No,No,No,No,No,No,No,No,No,No,No,No,No,No,No,No,No,No,No,No,No,No,No,No,No,No,47.0,54,54,54,88.0,100.0,No,No,21506,55883,0.0,0.0,0.0,0.000,0.000,2327,847,12.429,41.633,100.0,0.000,22.9,19.7,63.2,8.5,8.5,8.5,8.5,19.7,62.9,8.6,8.6,8.6,8.6,50.85,117.53,15.83,15.74,117.58,117.58,1.01,6.48,50.85,0.00,51.09,0,
1.2.2026,21:37:22.189,6371,2024,75.8,5465,2419,69.3,0.0,0.724,0.724,0.681,0.717,0.727,0.727,0.727,0.721,0.736,0.736,0.736,0.661,0.766,1296.8,1197.1,1197.1,1197.1,1296.8,1296.8,1296.8,1296.8,1396.6,1396.6,1396.6,99.8,997.6,348.7,18.7,799.6,858.2,1.6,1.2,1382.7,896.3,4.3,216.2,3.4,1.1,1.4,495.3,9.5,11.4,19.0,18.8,0.0,11.0,30.5,18.0,0.0,5.8,0.0,0.0,0.0,30.5,9.5,100.0,26.4,0.6,58.5,62.6,0.1,0.2,108.8,66.4,0.5,18.4,0.3,0.1,0.2,26.4,13.0,12.0,12.0,12.0,13.0,13.0,13.0,13.0,14.0,14.0,14.0,10.0,52,47,47,56,55,55,55,52,52,51,51,48,53,53,44,45,45,45,48,48,49,49,55,56,No,No,No,No,No,No,No,No,No,No,No,No,No,No,No,No,No,No,No,No,No,No,No,No,No,No,No,No,No,No,No,No,No,No,No,No,55,54,49,52,0.222,0.000,0.000,0.000,0.000,0.000,0.000,0.000,1.200,6.563,15.280,12.188,0.023,20.585,2.373,0.231,0.124,45.0,40.0,55.0,55.0,5.000,300.0,6.2,0.0,0.0,0.0,0.0,638,0,0.0,0.0,0.0,0.0,17.8,0.8,60.4,81.5,0.1,0.6,47.7,9.5,1.9,9.1,1.3,0.8,0.4,7.1,15.8,0.5,0.0,34.6,7.9,0.0,12.5,0.0,0.0,0.0,69.4,22.9,5.0,99.3,16.5,80.6,97.7,75.7,98.3,99.0,99.3,6.0,0.2,11.9,1596.1,16.00,22,22,22,52,74,560,1,2,Yes,No,No,No,No,No,No,No,No,No,Yes,No,No,No,No,No,No,No,No,No,No,No,No,No,No,No,No,No,No,No,No,No,No,No,No,No,No,No,47.0,54,54,54,88.0,100.0,No,No,21506,55883,0.0,0.0,0.0,0.000,0.000,2327,847,12.429,41.633,100.0,0.000,22.9,20.3,63.2,8.5,8.5,8.5,8.5,20.3,62.9,8.6,8.6,8.6,8.6,49.15,117.53,15.83,15.74,117.58,117.58,0.97,6.34,49.15,0.00,51.84,0,
1.2.2026,21:37:22.300,6371,2024,75.8,5465,2419,69.3,0.0,1.132,1.098,1.142,1.142,1.132,1.157,1.112,1.157,1.116,1.116,1.146,1.033,0.766,3441.6,4289.5,4588.8,3192.2,3192.2,3192.2,3192.2,3192.2,3192.2,3192.2,3192.2,99.8,3691.0,623.8,19.6,1882.8,3093.1,2.6,1.4,1330.5,58.4,27.5,1031.0,24.0,9.7,4.6,802.0,19.0,0.0,54.2,81.6,13.7,0.0,49.9,0.0,0.1,28.4,0.0,0.0,0.0,81.6,19.0,100.0,48.7,0.9,141.9,222.1,0.1,0.1,128.3,4.4,2.6,80.2,2.3,0.8,0.4,48.6,34.5,43.0,46.0,32.0,32.0,32.0,32.0,32.0,32.0,32.0,32.0,37.0,55,49,69,55,55,55,55,53,53,53,53,45,51,31,45,45,45,45,47,47,47,47,67,69,No,No,No,No,No,No,No,No,No,No,No,No,No,No,No,No,No,No,No,No,No,No,No,No,No,No,No,No,No,No,No,No,No,No,No,No,66,66,49,53,0.222,0.000,0.000,0.000,0.000,0.000,0.000,0.000,1.200,15.938,15.563,12.276,0.021,21.237,2.576,0.235,0.109,45.0,40.0,55.0,55.0,18.000,300.0,6.1,0.0,0.0,0.0,0.0,638,0,0.0,0.0,0.0,0.0,20.3,0.8,56.6,86.3,0.1,0.1,56.8,1.9,0.9,38.6,0.8,0.3,0.2,13.7,34.4,10.0,0.0,39.0,0.0,0.0,53.3,0.0,0.0,0.0,61.0,0.0,3.6,99.9,3.5,97.9,99.0,7.6,99.2,99.6,99.8,4.3,8.7,0.0,1596.1,16.00,22,22,22,52,74,560,1,2,Yes,No,No,No,No,No,No,No,No,No,Yes,No,No,No,No,No,No,No,No,No,No,No,No,No,No,No,No,No,No,No,No,No,No,No,No,No,No,No,47.0,54,54,55,88.0,100.0,No,No,21506,55883,0.0,2.0,2.0,0.000,3.411,2327,847,12.429,41.633,100.0,0.000,22.9,22.8,63.1,9.1,8.6,8.5,8.5,22.8,62.9,9.1,8.6,8.6,8.6,43.93,110.44,15.84,15.74,117.58,117.58,0.87,4.69,43.93,0.00,47.04,0,
1.2.2026,21:37:22.410,6371,2024,75.8,5465,2419,69.3,0.0,0.803,0.784,0.774,0.814,0.819,0.769,0.814,0.824,0.824,0.804,0.809,0.736,0.766,1895.4,2094.9,2094.9,1995.1,1995.1,997.6,1995.1,1995.1,1995.1,1895.4,1895.4,99.8,1496.3,210.3,32.1,734.3,598.6,1.6,1.6,327.2,34.1,4.1,734.7,52.1,1.5,1.6,216.7,13.1,0.0,21.7,30.7,20.8,0.0,14.4,12.2,11.0,33.8,12.2,0.0,0.0,33.8,13.1,100.0,22.6,0.6,56.7,71.3,0.1,0.1,35.3,5.2,0.8,95.4,5.6,0.3,0.1,22.7,19.0,21.0,21.0,20.0,20.0,10.0,20.0,20.0,20.0,19.0,19.0,15.0,50,47,46,53,53,53,53,49,49,49,49,50,53,54,47,47,47,47,51,51,51,51,53,53,No,No,No,No,No,No,No,No,No,No,No,No,No,No,No,No,No,No,No,No,No,No,No,No,No,No,No,No,No,No,No,No,No,No,No,No,53,53,49,53,0.217,0.000,0.000,0.000,0.000,0.000,0.000,0.000,1.200,2.188,15.563,12.276,0.021,21.237,2.576,0.235,0.109,45.0,40.0,55.0,55.0,2.000,300.0,1.8,0.0,0.0,0.0,0.0,638,0,0.2,0.0,0.0,0.0,9.6,1.3,23.7,26.3,0.1,0.1,18.0,1.2,0.1,42.5,1.7,0.1,0.1,11.0,11.5,54.5,0.0,25.9,0.0,0.0,18.4,0.0,0.0,0.0,70.6,0.0,19.1,99.9,53.7,98.6,99.8,37.3,98.3,99.9,99.9,30.4,60.7,0.0,1596.1,16.00,22,22,22,52,74,560,1,2,Yes,No,No,No,No,No,No,No,No,No,Yes,No,No,No,No,No,No,No,No,No,No,No,No,No,No,No,No,No,No,No,No,No,No,No,No,No,No,No,46.0,54,54,54,88.0,100.0,No,No,21506,55883,0.0,0.1,0.1,0.000,0.701,2327,847,12.429,41.633,100.0,0.000,22.9,23.8,63.1,9.0,8.6,8.5,8.5,23.8,62.9,9.1,8.6,8.6,8.6,42.07,110.78,15.84,15.74,117.58,117.58,0.82,4.25,42.07,0.00,44.53,0,
1.2.2026,21:37:22.523,6352,2044,75.6,5460,2423,69.2,0.0,1.139,1.131,1.122,1.142,1.122,1.137,1.167,1.141,1.141,1.141,1.141,1.031,0.766,3192.2,4289.5,4289.5,3192.2,3192.2,3192.2,3192.2,997.6,3192.2,3192.2,3192.2,99.8,3691.0,467.1,38.1,1596.5,3113.0,7.5,4.1,680.2,63.9,15.1,52.5,14.3,10.4,10.2,689.8,17.7,0.0,38.2,83.5,21.0,0.0,21.0,12.8,0.0,13.1,0.0,11.3,11.3,83.5,17.7,100.0,37.8,1.4,121.9,240.3,0.5,0.4,72.6,6.9,1.5,4.9,1.5,1.0,1.0,37.8,32.0,43.0,43.0,32.0,32.0,32.0,32.0,10.0,32.0,32.0,32.0,37.0,55,53,61,56,56,56,56,53,53,53,53,45,47,39,44,44,44,44,47,47,47,47,62,61,No,No,No,No,No,No,No,No,No,No,No,No,No,No,No,No,No,No,No,No,No,No,No,No,No,No,No,No,No,No,No,No,No,No,No,No,66,66,49,53,0.222,0.000,0.000,0.000,0.000,0.000,0.000,0.000,1.200,16.250,7.892,5.139,0.008,13.603,2.145,0.136,0.122,45.0,40.0,55.0,55.0,17.000,300.0,3.8,0.0,0.0,0.0,0.0,638,0,0.2,0.0,2.4,0.0,13.0,1.3,40.2,84.3,0.2,0.1,23.4,2.1,0.5,3.1,0.6,0.4,0.4,3.7,11.0,10.8,0.0,15.5,0.0,0.0,0.0,0.0,0.0,0.0,75.8,3.7,4.9,99.8,59.2,97.8,99.3,95.5,99.3,99.5,99.5,21.2,42.3,0.0,1596.1,16.00,22,22,22,52,74,560,1,2,Yes,No,No,No,No,No,No,No,No,No,Yes,No,No,No,No,No,No,No,No,No,No,No,No,No,No,No,No,No,No,No,No,No,No,No,No,No,No,No,47.0,54,54,54,88.0,100.0,No,No,21506,55883,0.0,0.0,0.0,0.000,0.000,2327,847,12.429,41.633,100.0,0.000,22.9,24.9,63.1,10.3,10.0,10.0,10.0,24.9,62.9,10.3,10.0,10.0,10.0,40.11,96.68,15.84,15.74,100.16,100.16,0.80,3.37,40.11,0.00,45.55,0,
1.2.2026,21:37:22.632,6354,2042,75.6,5460,2423,69.2,0.0,0.742,0.764,0.674,0.744,0.744,0.739,0.748,0.753,0.753,0.753,0.753,0.651,0.768,1456.4,1496.3,1396.6,1396.6,1396.6,1396.6,1496.3,1496.3,1496.3,1496.3,1496.3,99.8,897.8,162.5,26.8,485.0,1145.9,6.9,5.3,226.2,5.9,14.3,21.6,3.7,5.5,3.4,239.5,5.1,0.0,16.1,44.9,0.0,0.0,0.0,0.0,0.0,0.0,0.0,0.0,0.0,44.9,5.1,100.0,13.1,0.5,37.1,89.0,0.5,0.5,24.2,0.6,1.6,1.9,0.3,0.5,0.3,13.1,14.6,15.0,14.0,14.0,14.0,14.0,15.0,15.0,15.0,15.0,15.0,9.0,50,49,47,53,53,53,53,49,49,49,49,50,51,53,47,47,47,47,51,51,51,51,55,53,No,No,No,No,No,No,No,No,No,No,No,No,No,No,No,No,No,No,No,No,No,No,No,No,No,No,No,No,No,No,No,No,No,No,No,No,54,54,49,53,0.222,0.000,0.000,0.000,0.000,0.000,0.000,0.000,1.200,4.063,15.169,12.184,0.021,20.203,2.293,0.213,0.123,45.0,40.0,55.0,55.0,2.000,300.0,3.4,0.0,0.0,0.0,0.0,638,0,3.6,0.1,18.1,0.0,6.6,1.0,18.0,46.4,0.2,0.2,10.3,0.2,0.5,1.5,0.2,0.2,0.1,4.6,8.6,26.8,0.0,10.7,0.0,0.0,0.0,0.0,0.0,0.0,81.7,16.4,26.7,99.7,78.0,99.7,99.5,97.8,99.7,99.7,99.8,27.5,55.0,0.0,1596.1,16.00,22,22,22,52,74,560,1,2,Yes,No,No,No,No,No,No,No,No,No,Yes,No,No,No,No,No,No,No,No,No,No,No,No,No,No,No,No,No,No,No,No,No,No,No,No,No,No,No,47.0,54,54,54,88.0,100.0,No,No,21506,55883,0.0,0.0,0.0,0.000,0.000,2327,847,12.429,41.633,100.0,0.000,22.9,24.2,63.1,10.4,10.0,10.0,10.0,24.2,62.8,10.4,10.0,10.0,10.0,41.30,96.51,15.85,15.74,100.16,100.16,0.77,3.75,41.30,0.00,47.21,0,
1.2.2026,21:37:22.740,6370,2026,75.8,5460,2423,69.2,0.0,1.117,1.119,1.131,1.131,1.116,1.122,1.137,1.091,1.121,1.106,1.096,1.031,0.766,3441.6,4289.5,4588.8,3192.2,3192.2,3192.2,3192.2,3192.2,3192.2,3192.2,3192.2,99.8,3691.0,434.3,34.6,1928.2,2340.4,8.6,8.0,550.1,44.6,35.8,216.2,9.7,15.5,20.3,618.8,19.8,0.0,70.4,69.5,0.0,0.0,43.5,22.9,12.7,18.6,0.0,0.0,0.0,70.4,19.8,100.0,33.8,1.6,148.7,156.2,0.7,0.9,64.4,4.8,3.9,19.9,0.7,1.6,2.2,33.8,34.5,43.0,46.0,32.0,32.0,32.0,32.0,32.0,32.0,32.0,32.0,37.0,53,49,66,53,53,53,53,51,51,51,51,47,51,34,47,47,47,47,49,49,49,49,61,66,No,No,No,No,No,No,No,No,No,No,No,No,No,No,No,No,No,No,No,No,No,No,No,No,No,No,No,No,No,No,No,No,No,No,No,No,55,55,49,53,0.222,0.000,0.000,0.000,0.000,0.000,0.000,0.000,1.200,12.813,5.830,3.630,0.015,10.482,1.660,0.109,0.141,45.0,40.0,55.0,55.0,16.000,300.0,3.9,0.0,0.0,0.0,0.0,638,0,0.0,0.0,0.0,0.0,15.7,1.2,71.2,74.4,0.3,0.3,26.7,1.8,1.2,9.4,0.4,0.7,0.8,2.5,6.6,0.4,0.0,6.9,0.0,0.0,10.9,0.0,0.0,0.0,76.5,3.9,25.1,99.6,64.3,97.8,98.7,77.8,99.5,99.2,99.1,8.1,16.2,0.0,1596.1,16.00,22,22,22,52,74,560,1,2,Yes,No,No,No,No,No,No,No,No,No,Yes,No,No,No,No,No,No,No,No,No,No,No,No,No,No,No,No,No,No,No,No,No,No,No,No,No,No,No,47.0,54,54,55,88.0,100.0,No,No,21506,55883,0.0,1.0,1.0,0.000,0.033,2327,847,12.429,41.633,100.0,0.000,22.9,23.8,61.5,10.0,10.0,10.0,10.0,23.8,60.6,10.0,10.0,10.0,10.0,42.04,99.82,16.26,16.26,100.16,100.16,0.83,3.91,42.04,0.00,50.59,0,
1.2.2026,21:37:22.834,6370,2026,75.8,5460,2423,69.2,0.0,0.698,0.663,0.666,0.711,0.697,0.697,0.697,0.712,0.717,0.712,0.714,0.621,0.766,1107.3,798.0,1097.3,1097.3,1097.3,1097.3,1097.3,1197.1,1197.1,1197.1,1197.1,99.8,399.0,333.9,29.1,1209.3,1444.4,1.4,1.7,491.2,12.9,4.5,801.5,4.1,4.8,1.7,399.3,11.2,0.0,33.5,47.8,11.7,11.7,14.2,0.0,0.0,15.2,0.0,0.0,0.0,47.8,11.2,100.0,30.5,0.5,88.8,146.7,0.1,0.1,43.0,1.5,0.8,82.7,0.7,0.7,0.4,30.5,11.1,8.0,11.0,11.0,11.0,11.0,11.0,12.0,12.0,12.0,12.0,4.0,50,46,46,53,53,53,53,49,49,49,49,50,54,54,47,47,47,47,51,51,51,51,53,53,No,No,No,No,No,No,No,No,No,No,No,No,No,No,No,No,No,No,No,No,No,No,No,No,No,No,No,No,No,No,No,No,No,No,No,No,54,54,49,52,0.217,0.000,0.000,0.000,0.000,0.000,0.000,0.000,1.200,2.188,10.413,7.297,0.022,16.133,2.430,0.220,0.108,45.0,40.0,55.0,55.0,1.000,300.0,4.0,0.0,0.0,0.0,0.0,638,0,0.0,0.0,0.0,0.0,10.9,1.7,37.7,40.4,0.1,0.1,19.0,0.5,0.2,30.4,0.2,0.2,0.1,12.5,19.4,59.5,0.0,25.4,0.0,0.0,20.8,0.0,0.0,0.0,71.1,10.6,0.0,99.8,54.5,99.4,99.7,47.6,99.8,99.7,99.9,15.5,31.1,0.0,1596.1,16.00,22,22,22,52,74,560,1,2,Yes,No,No,No,No,No,No,No,No,No,Yes,No,No,No,No,No,No,No,No,No,No,No,No,No,No,No,No,No,No,No,No,No,No,No,No,No,No,No,47.0,54,54,54,88.0,100.0,No,No,21506,55883,0.0,0.0,0.0,0.000,0.000,2327,847,12.429,41.633,100.0,0.000,22.9,22.8,61.5,10.0,10.0,10.0,10.0,22.8,60.6,10.0,10.0,10.0,10.0,43.93,99.84,16.27,16.26,100.16,100.16,0.84,4.00,43.93,0.00,51.33,0,
1.2.2026,21:37:22.946,6371,2025,75.8,5460,2423,69.2,0.0,0.904,1.086,0.874,0.904,0.879,0.879,0.893,0.903,0.878,0.878,0.863,1.031,0.766,2643.5,4289.5,3391.7,2394.1,2394.1,2394.1,2394.1,2294.4,2294.4,2294.4,2294.4,99.8,3691.0,411.2,31.9,1847.2,2508.3,18.0,3.7,441.1,14.2,9.4,36.3,9.2,9.0,6.2,609.2,22.7,0.0,47.9,71.4,11.9,11.7,17.8,12.0,21.6,13.2,21.6,21.6,21.5,71.4,22.7,100.0,31.5,0.9,140.0,181.4,1.4,0.4,45.8,1.4,0.9,3.4,0.9,0.9,0.6,31.4,26.5,43.0,34.0,24.0,24.0,24.0,24.0,23.0,23.0,23.0,23.0,37.0,55,61,58,56,56,56,56,51,51,51,51,45,39,42,44,44,44,44,49,49,49,49,61,61,No,No,No,No,No,No,No,No,No,No,No,No,No,No,No,No,No,No,No,No,No,No,No,No,No,No,No,No,No,No,No,No,No,No,No,No,65,65,49,53,0.222,0.000,0.000,0.000,0.000,0.000,0.000,0.000,1.200,17.500,11.017,8.088,0.013,16.246,2.312,0.142,0.119,45.0,40.0,55.0,55.0,17.000,300.0,4.4,0.0,0.0,0.0,0.0,638,0,0.0,0.0,0.0,0.0,12.4,1.3,48.4,74.6,0.5,0.2,19.8,0.5,0.3,2.3,0.4,0.3,0.2,7.2,14.5,25.1,0.0,32.4,0.0,0.0,0.0,0.0,0.0,0.0,74.0,0.0,0.0,99.8,46.1,99.3,99.5,96.5,99.5,99.6,99.7,16.7,33.5,0.0,1596.1,16.00,22,22,22,52,74,560,1,2,Yes,No,No,No,No,No,No,No,No,No,Yes,No,No,No,No,No,No,No,No,No,No,No,No,No,No,No,No,No,No,No,No,No,No,No,No,No,No,No,47.0,54,54,53,88.0,100.0,No,No,21506,55883,0.0,0.0,0.0,0.000,0.000,2327,847,12.429,41.633,100.0,0.000,22.9,24.9,61.5,10.0,10.0,10.0,10.0,24.8,60.6,10.0,10.0,10.0,10.0,40.21,99.81,16.27,16.26,100.16,100.16,0.81,3.27,40.21,0.00,46.89,0,
1.2.2026,21:37:23.058,6370,2025,75.8,5460,2423,69.2,0.0,0.759,0.693,0.718,0.763,0.763,0.768,0.776,0.776,0.776,0.776,0.776,0.653,0.768,1636.0,1496.3,1596.1,1596.1,1596.1,1596.1,1695.9,1695.9,1695.9,1695.9,1695.9,99.8,897.8,194.7,36.7,592.8,1338.4,1.3,1.5,335.6,3.6,2.9,18.9,2.3,1.3,1.3,289.1,6.8,0.0,21.2,48.3,0.0,0.0,12.6,0.0,0.0,0.0,0.0,0.0,0.0,48.3,6.8,100.0,16.6,0.7,44.4,116.8,0.1,0.1,34.8,0.3,0.3,1.5,0.2,0.1,0.1,16.7,16.4,15.0,16.0,16.0,16.0,16.0,17.0,17.0,17.0,17.0,17.0,9.0,52,48,47,55,55,55,55,51,51,51,51,48,52,53,45,45,45,45,49,49,49,49,55,55,No,No,No,No,No,No,No,No,No,No,No,No,No,No,No,No,No,No,No,No,No,No,No,No,No,No,No,No,No,No,No,No,No,No,No,No,53,53,49,52,0.215,0.000,0.000,0.000,0.000,0.000,0.000,0.000,1.200,4.688,13.019,9.967,0.013,18.139,2.363,0.208,0.123,45.0,40.0,55.0,55.0,3.000,300.0,5.2,0.0,0.0,0.0,0.0,638,0,2.2,0.3,12.5,0.0,7.5,1.8,23.6,46.6,0.1,0.1,15.2,0.2,0.1,1.7,0.1,0.1,0.1,5.3,13.3,30.8,0.0,8.5,0.0,0.0,0.0,0.0,0.0,0.0,81.9,25.8,22.5,99.8,74.8,99.8,99.8,97.2,99.8,99.9,99.9,17.2,34.3,0.0,1596.1,16.00,22,22,22,52,74,560,1,2,Yes,No,No,No,No,No,No,No,No,No,Yes,No,No,No,No,No,No,No,No,No,No,No,No,No,No,No,No,No,No,No,No,No,No,No,No,No,No,No,47.0,54,54,54,88.0,100.0,No,No,21506,55883,0.0,0.0,0.0,0.000,0.000,2327,847,12.429,41.633,100.0,0.000,22.9,24.8,61.2,10.0,10.0,10.0,10.0,24.8,60.2,10.0,10.0,10.0,10.0,40.35,99.81,16.34,16.33,100.16,100.16,0.82,3.53,40.35,0.00,46.96,0,
1.2.2026,21:37:23.168,6371,2024,75.8,5461,2423,69.2,0.0,1.121,1.117,1.093,1.148,1.128,1.123,1.103,1.148,1.118,1.118,1.118,1.033,0.766,3411.7,4289.5,4289.5,3192.2,3192.2,3192.2,3192.2,3192.2,3192.2,3192.2,3192.2,99.8,3691.0,416.8,38.3,2379.9,2123.0,1.8,1.5,267.2,14.3,10.6,139.0,10.0,9.9,5.6,604.6,16.0,0.0,59.6,62.5,0.0,0.0,8.2,11.6,11.5,4.3,11.5,11.5,11.4,62.5,16.0,100.0,32.7,1.1,182.5,163.6,0.1,0.1,25.8,1.4,1.0,14.7,0.9,0.9,0.5,32.7,34.2,43.0,43.0,32.0,32.0,32.0,32.0,32.0,32.0,32.0,32.0,37.0,55,67,47,59,59,59,59,50,50,50,50,45,33,53,41,41,41,41,50,50,50,50,67,67,No,No,No,No,No,No,No,No,No,No,No,No,No,No,No,No,No,No,No,No,No,No,No,No,No,No,No,No,No,No,No,No,No,No,No,No,56,56,49,52,0.222,0.000,0.000,0.000,0.000,0.000,0.000,0.000,1.200,9.688,6.841,4.407,0.005,11.606,1.880,0.125,0.128,45.0,40.0,55.0,55.0,8.000,300.0,3.7,0.0,0.0,0.0,0.0,638,0,0.2,0.0,1.7,0.0,12.1,1.2,61.2,63.4,0.1,0.1,11.0,0.5,0.4,6.2,0.4,0.3,0.2,6.9,12.0,27.6,0.0,29.1,0.0,0.0,0.0,0.0,0.0,0.0,75.7,0.0,9.0,99.9,57.9,99.3,99.5,92.6,99.5,99.5,99.7,12.3,24.5,0.0,1596.1,16.00,22,22,22,52,74,560,1,2,Yes,No,No,No,No,No,No,No,No,No,Yes,No,No,No,No,No,No,No,No,No,No,No,No,No,No,No,No,No,No,No,No,No,No,No,No,No,No,No,47.0,54,54,54,88.0,100.0,No,No,21506,55883,0.0,0.0,0.0,0.000,0.000,2327,847,12.429,41.633,100.0,0.000,22.9,24.2,63.5,10.0,10.0,10.0,10.0,24.2,60.2,10.0,10.0,10.0,10.0,41.26,99.82,15.74,15.58,100.16,100.16,0.84,3.75,41.26,0.00,46.90,0,
1.2.2026,21:37:23.281,6371,2024,75.8,5461,2423,69.2,0.0,0.821,0.823,0.781,0.825,0.825,0.824,0.824,0.819,0.824,0.829,0.834,0.728,0.766,2005.1,1995.1,2094.9,1995.1,1995.1,1995.1,1995.1,1995.1,1995.1,1995.1,1995.1,99.8,1396.6,204.9,28.7,595.4,1482.0,3.4,1.2,279.9,36.0,2.9,24.1,2.5,1.2,1.3,303.7,11.6,10.9,33.4,63.6,0.0,10.3,20.9,0.0,0.0,0.0,0.0,0.0,0.0,63.6,11.6,100.0,16.5,0.8,45.6,113.1,0.1,0.1,31.2,4.1,0.3,2.2,0.2,0.1,0.1,16.5,20.1,20.0,21.0,20.0,20.0,20.0,20.0,20.0,20.0,20.0,20.0,14.0,50,47,46,52,52,52,52,49,49,49,49,50,53,54,48,48,48,48,51,51,51,51,53,52,No,No,No,No,No,No,No,No,No,No,No,No,No,No,No,No,No,No,No,No,No,No,No,No,No,No,No,No,No,No,No,No,No,No,No,No,53,53,49,52,0.217,0.000,0.000,0.000,0.000,0.000,0.000,0.000,1.200,2.188,13.773,10.819,0.008,18.788,2.303,0.204,0.118,45.0,40.0,55.0,55.0,2.000,300.0,5.2,0.0,0.0,0.0,0.0,638,0,0.0,0.0,0.0,0.0,8.7,1.6,26.8,61.1,0.1,0.1,12.0,1.2,0.1,1.7,0.1,0.1,0.1,7.8,26.7,38.9,0.0,12.8,0.0,0.0,0.0,0.0,0.0,0.0,78.9,18.9,0.0,99.9,74.1,98.8,99.9,97.3,99.8,99.9,99.9,12.5,25.1,0.0,1596.1,16.00,22,22,22,52,74,560,1,2,Yes,No,No,No,No,No,No,No,No,No,Yes,No,No,No,No,No,No,No,No,No,No,No,No,No,No,No,No,No,No,No,No,No,No,No,No,No,No,No,47.0,54,54,54,88.0,100.0,No,No,21506,55883,0.0,0.0,0.0,0.000,0.000,2327,847,12.429,41.633,100.0,0.000,22.9,24.8,63.5,10.0,10.0,10.0,10.0,24.8,60.4,10.0,10.0,10.0,10.0,40.30,99.81,15.75,15.59,100.16,100.16,0.83,3.41,40.30,0.00,45.70,0,
1.2.2026,21:37:23.396,6372,2023,75.8,5462,2422,69.2,0.0,1.109,1.108,1.093,1.101,1.126,1.101,1.116,1.111,1.111,1.111,1.111,1.031,0.766,3411.7,4289.5,4289.5,3192.2,3192.2,3192.2,3192.2,3192.2,3192.2,3192.2,3192.2,99.8,3691.0,613.2,48.3,2294.8,3325.6,7.6,7.0,1073.3,20.9,47.0,496.9,13.1,13.4,11.0,853.1,23.0,0.4,59.9,81.6,12.8,0.2,41.2,0.7,14.3,26.9,12.9,12.9,12.8,81.6,23.0,100.0,50.8,1.5,175.7,250.8,0.6,0.6,118.7,2.0,5.1,51.3,1.2,1.3,1.1,50.7,34.2,43.0,43.0,32.0,32.0,32.0,32.0,32.0,32.0,32.0,32.0,37.0,56,56,67,56,56,56,56,53,53,53,53,44,44,33,44,44,44,44,47,47,47,47,65,67,No,No,No,No,No,No,No,No,No,No,No,No,No,No,No,No,No,No,No,No,No,No,No,No,No,No,No,No,No,No,No,No,No,No,No,No,61,61,49,53,0.222,0.000,0.000,0.000,0.000,0.000,0.000,0.000,1.200,15.938,7.078,4.307,0.005,12.521,2.156,0.128,0.127,45.0,40.0,55.0,55.0,16.000,300.0,3.8,0.0,0.0,0.0,0.0,638,0,0.0,0.0,0.0,0.0,17.4,1.2,60.5,82.2,0.2,0.2,41.7,0.7,2.0,18.7,0.5,0.5,0.4,8.7,15.7,17.2,0.0,27.7,0.0,0.0,26.3,0.0,0.0,0.0,68.5,7.3,0.6,99.6,28.9,99.1,97.8,53.2,99.3,99.3,99.4,7.7,15.3,0.0,1596.1,16.00,22,22,22,52,74,560,1,2,Yes,No,No,No,No,No,No,No,No,No,Yes,No,No,No,No,No,No,No,No,No,No,No,No,No,No,No,No,No,No,No,No,No,No,No,No,No,No,No,47.0,54,54,54,88.0,100.0,No,No,21506,55883,0.0,0.0,0.0,0.000,0.000,2327,847,12.429,41.633,100.0,0.000,22.9,26.9,64.6,10.5,10.2,10.1,10.1,26.9,60.6,10.4,10.1,10.0,10.0,37.17,94.86,15.48,15.45,98.64,98.64,0.79,2.91,37.17,0.00,39.71,0,
1.2.2026,21:37:23.500,6372,2024,75.8,5462,2422,69.2,0.0,0.770,0.790,0.768,0.768,0.763,0.765,0.770,0.765,0.770,0.770,0.770,0.736,0.766,1526.3,2094.9,1995.1,1396.6,1396.6,1396.6,1396.6,1396.6,1396.6,1396.6,1396.6,99.8,1496.3,196.2,17.9,1320.9,476.0,1.6,1.7,340.3,1.3,1.4,189.3,1.4,1.3,1.3,270.1,7.5,0.0,57.2,21.0,0.0,0.0,11.7,0.0,0.0,0.0,0.0,0.0,0.0,57.2,7.5,100.0,17.8,0.6,101.5,53.1,0.2,0.2,35.5,0.2,0.2,21.2,0.2,0.1,0.2,17.8,15.3,21.0,20.0,14.0,14.0,14.0,14.0,14.0,14.0,14.0,14.0,15.0,50,48,46,53,53,53,53,49,49,49,49,50,52,54,47,47,47,47,51,51,51,51,53,53,No,No,No,No,No,No,No,No,No,No,No,No,No,No,No,No,No,No,No,No,No,No,No,No,No,No,No,No,No,No,No,No,No,No,No,No,53,53,49,52,0.222,0.000,0.000,0.000,0.000,0.000,0.000,0.000,1.200,8.125,16.936,13.649,0.017,22.004,2.564,0.233,0.123,45.0,40.0,55.0,55.0,6.000,300.0,1.7,0.0,0.0,0.0,0.0,638,0,5.9,0.0,0.0,0.0,8.9,0.7,59.0,19.1,0.1,0.1,15.0,0.1,0.1,12.8,0.1,0.1,0.1,5.8,23.5,11.6,0.0,9.3,0.0,0.0,13.2,0.0,0.0,0.0,78.6,17.6,21.5,99.8,74.4,99.9,99.9,73.2,99.9,99.9,99.9,23.6,0.0,47.2,1596.1,16.00,22,22,22,52,74,560,1,2,Yes,No,No,No,No,No,No,No,No,No,Yes,No,No,No,No,No,No,No,No,No,No,No,No,No,No,No,No,No,No,No,No,No,No,No,No,No,No,No,47.0,54,54,55,88.0,100.0,No,No,21506,55883,0.0,0.0,0.0,0.000,0.000,2327,847,12.429,41.633,100.0,0.000,22.9,28.3,64.6,10.5,10.2,10.1,10.1,28.3,60.6,10.4,10.1,10.0,10.0,35.35,95.00,15.47,15.45,98.64,98.64,0.78,2.38,35.35,0.00,35.96,0,
1.2.2026,21:37:23.619,6368,2028,75.8,5461,2423,69.2,0.0,1.122,1.137,1.118,1.118,1.103,1.108,1.122,1.162,1.117,1.117,1.117,1.031,0.766,3291.9,4289.5,4289.5,3192.2,3192.2,1995.1,3192.2,3192.2,3192.2,3192.2,3192.2,99.8,3691.0,436.3,18.4,1502.1,2960.0,1.4,1.2,572.9,46.5,11.3,93.2,11.0,9.4,7.6,639.2,23.5,0.0,44.5,82.0,10.9,11.0,23.6,22.1,21.1,14.0,21.1,21.0,11.1,82.0,23.5,100.0,34.6,0.7,116.3,219.3,0.1,0.1,61.7,5.1,1.1,8.4,1.1,0.9,0.8,34.6,33.0,43.0,43.0,32.0,32.0,20.0,32.0,32.0,32.0,32.0,32.0,37.0,55,52,66,55,55,55,55,53,53,53,53,45,48,34,45,45,45,45,47,47,47,47,65,66,No,No,No,No,No,No,No,No,No,No,No,No,No,No,No,No,No,No,No,No,No,No,No,No,No,No,No,No,No,No,No,No,No,No,No,No,65,65,48,52,0.222,0.000,0.000,0.000,0.000,0.000,0.000,0.000,1.200,14.063,6.396,3.845,0.006,11.990,1.978,0.102,0.124,45.0,40.0,55.0,55.0,16.000,300.0,6.0,0.0,0.0,0.0,0.0,638,0,0.0,0.0,0.0,0.0,13.6,0.8,45.2,84.4,0.0,0.1,25.8,1.7,0.4,4.5,0.4,0.3,0.3,8.4,53.9,1.0,0.0,29.5,0.0,0.0,0.0,0.0,0.0,0.0,73.7,0.0,3.6,99.9,43.0,98.1,99.5,93.9,99.4,99.6,99.7,5.2,0.0,10.5,1596.1,16.00,22,22,22,52,74,560,1,2,Yes,No,No,No,No,No,No,No,No,No,Yes,No,No,No,No,No,No,No,No,No,No,No,No,No,No,No,No,No,No,No,No,No,No,No,No,No,No,No,47.0,54,54,54,88.0,100.0,No,No,21506,55883,0.0,4.6,4.6,0.000,0.845,2327,848,12.429,41.633,100.0,0.000,22.9,26.9,64.6,10.0,10.0,10.0,10.0,26.9,60.6,10.0,10.0,10.0,10.0,37.13,99.94,15.48,15.45,100.37,100.37,0.80,3.19,37.13,0.00,38.41,0,
1.2.2026,21:37:23.725,6368,2027,75.8,5461,2423,69.2,0.0,0.795,0.781,0.747,0.807,0.807,0.797,0.804,0.804,0.804,0.799,0.799,0.766,0.766,1905.3,2094.9,1795.6,1895.4,1895.4,1895.4,1895.4,1895.4,1895.4,1895.4,1895.4,99.8,1496.3,202.2,23.8,422.2,767.5,1.4,1.4,449.4,39.3,3.3,712.1,3.2,1.3,1.2,213.6,7.4,0.0,11.2,25.0,0.0,0.0,15.9,0.0,0.0,36.9,0.0,0.0,0.0,36.9,7.4,100.0,19.5,0.6,31.3,74.5,0.1,0.1,46.2,4.2,0.3,75.8,0.3,0.1,0.1,19.5,19.1,21.0,18.0,19.0,19.0,19.0,19.0,19.0,19.0,19.0,19.0,15.0,50,47,46,53,53,53,53,50,50,50,50,50,53,54,47,47,47,47,50,50,50,50,53,53,No,No,No,No,No,No,No,No,No,No,No,No,No,No,No,No,No,No,No,No,No,No,No,No,No,No,No,No,No,No,No,No,No,No,No,No,53,53,49,52,0.222,0.000,0.000,0.000,0.000,0.000,0.000,0.000,1.200,1.875,13.727,10.545,0.026,19.178,2.474,0.226,0.122,45.0,40.0,55.0,55.0,1.000,300.0,3.8,0.0,0.0,0.0,0.0,638,0,0.5,0.0,3.0,0.0,8.2,1.2,13.6,23.2,0.1,0.1,19.1,1.3,0.1,39.9,0.1,0.1,0.1,10.3,20.1,60.0,0.0,14.8,0.0,0.0,8.1,0.0,0.0,0.0,75.0,20.6,16.7,99.8,64.3,98.7,99.8,50.2,99.8,99.9,99.9,22.2,44.5,0.0,1596.1,16.00,22,22,22,52,74,560,1,2,Yes,No,No,No,No,No,No,No,No,No,Yes,No,No,No,No,No,No,No,No,No,No,No,No,No,No,No,No,No,No,No,No,No,No,No,No,No,No,No,47.0,54,54,54,88.0,100.0,No,No,21506,55883,0.0,0.0,0.0,0.000,0.000,2327,848,12.429,41.633,100.0,0.000,22.9,29.4,64.6,10.4,10.0,10.0,10.0,29.4,60.6,10.4,10.0,10.0,10.0,33.96,96.14,15.48,15.45,100.37,100.37,0.76,2.97,33.96,0.00,33.37,0,
1.2.2026,21:37:23.844,6371,2024,75.8,5462,2422,69.2,0.0,1.113,1.139,1.102,1.117,1.117,1.102,1.102,1.102,1.117,1.117,1.117,1.031,0.766,3411.7,4289.5,4289.5,3192.2,3192.2,3192.2,3192.2,3192.2,3192.2,3192.2,3192.2,99.8,3691.0,478.5,33.5,1327.6,3639.0,1.7,1.5,572.5,26.7,29.4,75.4,14.9,9.5,10.0,704.0,22.4,0.0,36.4,95.8,20.8,10.9,17.9,21.4,11.7,1.0,11.3,21.0,21.0,95.8,22.4,100.0,38.0,1.1,101.3,275.0,0.1,0.1,61.4,2.9,3.3,6.8,1.6,1.0,1.0,37.9,34.2,43.0,43.0,32.0,32.0,32.0,32.0,32.0,32.0,32.0,32.0,37.0,55,53,66,55,55,55,55,53,53,53,53,45,47,34,45,45,45,45,47,47,47,47,64,66,No,No,No,No,No,No,No,No,No,No,No,No,No,No,No,No,No,No,No,No,No,No,No,No,No,No,No,No,No,No,No,No,No,No,No,No,65,65,49,53,0.222,0.000,0.000,0.000,0.000,0.000,0.000,0.000,1.200,17.500,7.480,4.780,0.015,12.652,2.094,0.124,0.125,45.0,40.0,55.0,55.0,18.000,300.0,6.1,0.0,0.0,0.0,0.0,638,0,0.0,0.0,0.0,0.0,13.6,1.2,38.1,96.7,0.0,0.1,20.4,0.9,0.9,3.7,0.6,0.3,0.3,4.6,20.4,3.0,0.0,22.5,0.0,0.0,0.0,0.0,0.0,0.0,74.7,0.0,0.3,99.9,55.2,98.9,98.9,94.8,99.3,99.6,99.6,19.5,38.9,0.0,1596.1,16.00,22,22,22,52,74,560,1,2,Yes,No,No,No,No,No,No,No,No,No,Yes,No,No,No,No,No,No,No,No,No,No,No,No,No,No,No,No,No,No,No,No,No,No,No,No,No,No,No,47.0,54,54,53,88.0,100.0,No,No,21506,55883,0.0,0.0,0.0,0.000,0.000,2327,848,12.429,41.633,100.0,0.000,22.9,29.5,64.6,10.4,10.0,10.0,10.0,29.5,60.6,10.5,10.0,10.0,10.0,33.92,95.94,15.48,15.45,100.37,100.37,0.78,3.03,33.92,0.00,32.22,0,
1.2.2026,21:37:23.947,6371,2025,75.8,5462,2422,69.2,0.0,0.785,0.783,0.768,0.783,0.783,0.789,0.789,0.789,0.789,0.789,0.789,0.738,0.768,1775.7,1695.9,1695.9,1795.6,1795.6,1795.6,1795.6,1795.6,1795.6,1795.6,1795.6,99.8,1097.3,133.8,28.3,650.5,648.4,1.5,1.5,222.3,1.4,1.4,46.5,1.4,1.4,1.4,194.4,4.4,0.0,23.6,29.2,0.0,0.0,0.0,0.0,0.0,0.0,0.0,0.0,0.0,29.2,4.4,100.0,12.8,0.8,48.8,74.1,0.1,0.2,25.7,0.2,0.2,3.0,0.1,0.1,0.1,12.8,17.8,17.0,17.0,18.0,18.0,18.0,18.0,18.0,18.0,18.0,18.0,11.0,51,48,47,53,53,53,53,51,51,51,51,49,52,53,47,47,47,47,49,49,49,49,55,53,No,No,No,No,No,No,No,No,No,No,No,No,No,No,No,No,No,No,No,No,No,No,No,No,No,No,No,No,No,No,No,No,No,No,No,No,53,53,49,53,0.220,0.000,0.000,0.000,0.000,0.000,0.000,0.000,1.200,5.313,5.918,3.499,0.001,10.583,1.899,0.100,0.136,45.0,40.0,55.0,55.0,6.000,300.0,2.5,0.0,0.0,0.0,0.0,638,0,3.2,0.0,14.0,0.0,6.0,1.4,26.8,26.1,0.1,0.1,14.4,0.1,0.1,3.2,0.1,0.1,0.1,6.5,17.2,34.4,0.0,13.2,0.0,0.0,0.0,0.0,0.0,0.0,80.6,0.0,39.4,99.8,71.5,99.9,99.9,96.1,99.9,99.9,99.9,26.7,53.5,0.0,1596.1,16.00,22,22,22,52,74,560,1,2,Yes,No,No,No,No,No,No,No,No,No,Yes,No,No,No,No,No,No,No,No,No,No,No,No,No,No,No,No,No,No,No,No,No,No,No,No,No,No,No,47.0,54,54,54,88.0,100.0,No,No,21506,55883,0.0,0.0,0.0,0.000,0.000,2327,848,12.429,41.633,100.0,0.000,22.9,29.0,64.6,10.4,10.0,10.0,10.0,29.0,60.6,10.5,10.0,10.0,10.0,34.47,95.77,15.48,15.45,100.37,100.37,0.78,3.14,34.47,0.00,34.64,0,
1.2.2026,21:37:24.064,6372,2024,75.8,5462,2421,69.2,0.0,1.102,1.116,1.075,1.151,1.100,1.100,1.100,1.085,1.095,1.095,1.099,1.028,0.766,3411.7,4289.5,4289.5,3192.2,3192.2,3192.2,3192.2,3192.2,3192.2,3192.2,3192.2,99.8,3691.0,572.5,24.9,2065.7,3423.7,1.9,4.5,1207.6,21.4,22.4,63.2,11.8,15.3,7.1,846.5,19.1,0.0,52.0,89.2,0.0,0.0,48.5,12.4,12.2,3.0,12.2,0.0,0.0,89.2,19.1,100.0,43.2,1.0,139.6,257.9,0.1,0.3,105.9,1.9,1.1,7.9,0.9,1.4,0.5,43.2,34.2,43.0,43.0,32.0,32.0,32.0,32.0,32.0,32.0,32.0,32.0,37.0,55,48,64,56,56,56,56,53,53,53,53,45,52,36,44,44,44,44,47,47,47,47,58,64,No,No,No,No,No,No,No,No,No,No,No,No,No,No,No,No,No,No,No,No,No,No,No,No,No,No,No,No,No,No,No,No,No,No,No,No,64,64,49,53,0.222,0.000,0.000,0.000,0.000,0.000,0.000,0.000,1.200,16.875,16.209,13.226,0.025,21.523,2.280,0.222,0.111,45.0,40.0,55.0,55.0,20.000,300.0,5.6,0.0,0.0,0.0,0.0,638,0,0.0,0.0,0.0,0.0,16.9,0.7,60.4,92.4,0.1,0.2,43.9,0.7,0.7,3.0,0.4,0.5,0.2,5.7,29.6,0.7,0.0,26.7,0.0,0.0,0.0,0.0,0.0,0.0,73.5,7.9,6.4,99.8,28.6,99.1,99.2,95.7,99.4,99.4,99.7,0.7,1.3,0.2,1596.1,16.00,22,22,22,52,74,560,1,2,Yes,No,No,No,No,No,No,No,No,No,Yes,No,No,No,No,No,No,No,No,No,No,No,No,No,No,No,No,No,No,No,No,No,No,No,No,No,No,No,47.0,54,54,53,88.0,100.0,No,No,21506,55883,0.0,0.0,0.0,0.000,0.000,2327,848,12.429,41.633,100.0,0.000,22.9,29.0,64.2,10.4,10.0,10.0,10.0,29.0,60.6,10.5,10.0,10.0,10.0,34.51,95.94,15.57,15.46,100.37,100.37,0.78,3.31,34.51,0.00,32.91,0,
1.2.2026,21:37:24.168,6373,2022,75.9,5463,2420,69.2,0.0,0.794,0.785,0.747,0.797,0.808,0.803,0.801,0.801,0.801,0.801,0.801,0.753,0.766,1775.7,1795.6,1795.6,1795.6,997.6,1895.4,1895.4,1895.4,1895.4,1895.4,1895.4,99.8,1197.1,275.0,19.9,1021.2,1048.5,1.7,1.3,1185.3,1.1,2.3,15.4,1.1,1.2,1.0,410.1,15.0,10.5,32.4,37.0,0.0,20.2,48.6,0.0,0.0,11.3,0.0,10.3,10.3,48.6,15.0,100.0,22.0,0.6,66.3,75.7,0.1,0.2,116.4,0.4,1.5,2.1,0.3,0.3,0.3,22.0,17.8,18.0,18.0,18.0,10.0,19.0,19.0,19.0,19.0,19.0,19.0,12.0,50,48,47,53,53,53,53,49,49,49,49,50,52,53,47,47,47,47,51,51,51,51,53,53,No,No,No,No,No,No,No,No,No,No,No,No,No,No,No,No,No,No,No,No,No,No,No,No,No,No,No,No,No,No,No,No,No,No,No,No,53,53,49,52,0.222,0.000,0.000,0.000,0.000,0.000,0.000,0.000,1.200,4.688,8.504,6.170,0.009,13.534,1.762,0.116,0.133,45.0,40.0,55.0,55.0,3.000,300.0,3.4,0.0,0.0,0.0,0.0,638,0,1.6,0.0,10.0,0.0,9.3,0.9,29.9,32.7,0.1,0.1,46.9,0.0,0.1,1.1,0.0,0.1,0.0,10.4,41.6,37.0,0.0,25.8,0.0,0.0,0.0,0.0,0.0,0.0,75.1,0.0,26.8,99.9,26.9,99.9,99.9,98.1,99.9,99.9,99.9,15.7,28.0,3.3,1596.1,16.00,22,22,22,52,74,560,1,2,Yes,No,No,No,No,No,No,No,No,No,Yes,No,No,No,No,No,No,No,No,No,No,No,No,No,No,No,No,No,No,No,No,No,No,No,No,No,No,No,47.0,54,54,54,88.0,100.0,No,No,21506,55883,0.0,0.0,0.0,0.000,0.000,2327,848,12.429,41.633,100.0,0.000,22.9,30.6,64.3,10.4,10.0,10.0,10.0,30.6,60.6,10.4,10.0,10.0,10.0,32.71,96.10,15.56,15.46,100.37,100.37,0.78,3.23,32.71,0.00,31.66,0,
1.2.2026,21:37:24.283,6374,2022,75.9,5465,2419,69.3,0.0,1.121,1.115,1.107,1.102,1.142,1.157,1.137,1.107,1.108,1.123,1.108,1.028,0.766,3411.7,4289.5,4289.5,3192.2,3192.2,3192.2,3192.2,3192.2,3192.2,3192.2,3192.2,99.8,3691.0,454.9,30.6,2041.9,2318.4,5.6,3.5,463.6,246.6,43.6,275.5,10.0,9.7,9.8,644.2,19.6,0.0,58.4,62.5,46.5,0.6,5.4,8.3,14.1,0.0,13.2,13.2,13.2,62.5,19.6,100.0,35.0,1.1,147.1,169.7,0.3,0.3,45.4,26.1,4.5,23.2,0.9,0.9,0.9,35.0,34.2,43.0,43.0,32.0,32.0,32.0,32.0,32.0,32.0,32.0,32.0,37.0,55,55,60,56,56,56,56,52,52,52,52,45,45,40,44,44,44,44,48,48,48,48,60,60,No,No,No,No,No,No,No,No,No,No,No,No,No,No,No,No,No,No,No,No,No,No,No,No,No,No,No,No,No,No,No,No,No,No,No,No,64,64,49,52,0.222,0.000,0.000,0.000,0.000,0.000,0.000,0.000,1.200,18.125,12.147,9.251,0.011,17.619,2.208,0.223,0.113,45.0,40.0,55.0,55.0,18.000,300.0,5.4,0.0,0.0,0.0,0.0,638,0,0.0,0.0,0.0,0.0,15.0,1.2,66.1,69.8,0.1,0.1,20.6,8.3,1.4,11.7,0.4,0.3,0.3,6.5,22.7,2.0,0.0,30.2,0.0,0.0,9.8,0.0,0.0,0.0,71.7,2.6,2.2,99.8,47.3,91.5,98.4,76.3,99.4,99.5,99.6,16.7,8.9,24.5,1596.1,16.00,22,22,22,52,74,560,1,2,Yes,No,No,No,No,No,No,No,No,No,Yes,No,No,No,No,No,No,No,No,No,No,No,No,No,No,No,No,No,No,No,No,No,No,No,No,No,No,No,47.0,54,54,53,88.0,100.0,No,No,21506,55883,0.0,0.0,0.0,0.000,0.000,2327,848,12.429,41.633,100.0,0.000,22.9,30.6,64.2,10.4,10.0,10.0,10.0,30.5,60.6,10.5,10.0,10.0,10.0,32.70,95.94,15.57,15.46,100.37,100.37,0.78,3.34,32.70,0.00,32.31,0,
1.2.2026,21:37:24.387,6374,2022,75.9,5465,2419,69.3,0.0,0.749,0.760,0.683,0.758,0.758,0.704,0.759,0.759,0.764,0.764,0.779,0.711,0.766,1466.4,1496.3,1496.3,1596.1,1596.1,997.6,1596.1,997.6,1596.1,1596.1,1695.9,99.8,997.6,233.7,32.8,663.5,1129.1,1.8,1.2,632.1,14.9,3.7,313.8,5.1,4.1,2.1,309.9,14.3,11.6,36.5,47.1,0.0,0.0,40.1,11.5,0.0,24.2,0.0,0.0,0.0,47.1,14.3,100.0,22.2,0.8,65.4,95.1,0.1,0.1,65.6,1.7,0.4,35.9,0.5,0.4,0.2,22.2,14.7,15.0,15.0,16.0,16.0,10.0,16.0,10.0,16.0,16.0,17.0,10.0,50,46,46,53,53,53,53,49,49,49,49,50,54,54,47,47,47,47,51,51,51,51,53,53,No,No,No,No,No,No,No,No,No,No,No,No,No,No,No,No,No,No,No,No,No,No,No,No,No,No,No,No,No,No,No,No,No,No,No,No,53,53,49,52,0.222,0.000,0.000,0.000,0.000,0.000,0.000,0.000,1.200,11.563,7.651,5.145,0.013,12.476,1.934,0.129,0.144,45.0,40.0,55.0,55.0,13.000,300.0,3.2,0.0,0.0,0.0,0.0,638,0,2.9,0.0,12.5,0.0,10.0,1.6,25.5,40.4,0.1,0.1,36.2,0.6,0.1,15.2,0.2,0.1,0.1,4.8,11.9,7.6,0.0,18.6,0.0,0.0,10.0,0.0,0.0,0.0,77.9,18.4,46.7,99.9,43.1,99.2,99.8,72.7,99.8,99.8,99.9,21.3,37.6,4.9,1596.1,16.00,22,22,22,52,74,560,1,2,Yes,No,No,No,No,No,No,No,No,No,Yes,No,No,No,No,No,No,No,No,No,No,No,No,No,No,No,No,No,No,No,No,No,No,No,No,No,No,No,46.0,54,54,53,88.0,100.0,No,No,21506,55883,0.0,0.0,0.0,0.000,0.000,2327,848,12.429,41.633,100.0,0.000,22.9,28.9,62.8,10.4,10.0,10.0,10.0,29.0,61.2,10.4,10.0,10.0,10.0,34.61,95.94,15.91,15.90,100.37,100.37,0.81,3.55,34.61,0.00,35.81,0,
1.2.2026,21:37:24.505,6374,2021,75.9,5465,2418,69.3,0.0,1.118,1.116,1.119,1.116,1.116,1.151,1.116,1.101,1.116,1.116,1.116,1.028,0.766,3411.7,4289.5,4289.5,3192.2,3192.2,3192.2,3192.2,3192.2,3192.2,3192.2,3192.2,99.8,3691.0,670.1,13.8,2800.0,2766.1,1.9,3.2,1726.1,118.4,23.0,563.4,8.1,8.1,8.9,931.6,25.3,0.0,70.7,61.4,0.0,21.1,49.0,2.1,21.6,13.9,21.2,21.2,21.2,70.7,25.3,100.0,51.1,0.9,202.7,188.3,0.1,0.3,150.7,13.2,2.4,52.0,0.8,0.7,0.9,51.1,34.2,43.0,43.0,32.0,32.0,32.0,32.0,32.0,32.0,32.0,32.0,37.0,56,54,65,57,57,57,57,53,53,53,53,44,46,35,43,43,43,43,47,47,47,47,60,65,No,No,No,No,No,No,No,No,No,No,No,No,No,No,No,No,No,No,No,No,No,No,No,No,No,No,No,No,No,No,No,No,No,No,No,No,61,61,49,53,0.222,0.000,0.000,0.000,0.000,0.000,0.000,0.000,1.200,18.125,17.350,14.220,0.024,22.468,2.410,0.231,0.113,45.0,40.0,55.0,55.0,19.000,300.0,6.3,0.0,0.0,0.0,0.0,638,0,0.0,0.0,0.0,0.0,19.5,0.5,76.4,69.6,0.1,0.1,62.8,3.6,0.7,18.7,0.3,0.3,0.3,8.2,17.5,20.9,0.0,26.1,0.0,0.0,17.7,0.0,0.0,0.0,67.4,6.8,1.4,99.8,10.6,96.1,99.1,61.8,99.6,99.6,99.6,3.9,0.0,7.8,1596.1,16.00,22,22,22,52,74,560,1,2,Yes,No,No,No,No,No,No,No,No,No,Yes,No,No,No,No,No,No,No,No,No,No,No,No,No,No,No,No,No,No,No,No,No,No,No,No,No,No,No,47.0,54,54,53,88.0,100.0,No,No,21506,55883,0.0,0.0,0.0,0.000,0.000,2327,848,12.429,41.633,100.0,0.000,22.9,28.6,65.0,10.5,10.0,10.0,10.0,28.6,61.2,10.5,10.0,10.0,10.0,35.01,95.61,15.38,15.19,100.37,100.37,0.81,3.42,35.01,0.00,35.21,0,
1.2.2026,21:37:24.613,6368,2028,75.8,5460,2423,69.2,0.0,0.741,0.759,0.752,0.737,0.737,0.737,0.737,0.737,0.737,0.737,0.737,0.688,0.768,1406.6,1396.6,1496.3,1396.6,1396.6,1396.6,1396.6,1396.6,1396.6,1396.6,1396.6,99.8,997.6,136.0,24.5,394.8,586.1,1.4,1.2,513.0,9.7,1.1,96.3,1.3,1.1,1.1,191.5,9.0,0.0,14.9,26.6,39.9,0.0,20.8,0.0,0.0,5.3,0.0,0.0,0.0,39.9,9.0,100.0,14.5,0.7,39.1,58.5,0.1,0.1,53.6,1.2,0.1,20.0,0.1,0.2,0.1,14.5,14.1,14.0,15.0,14.0,14.0,14.0,14.0,14.0,14.0,14.0,14.0,10.0,50,48,47,53,53,53,53,50,49,49,49,50,52,53,47,47,47,47,50,51,51,51,55,53,No,No,No,No,No,No,No,No,No,No,No,No,No,No,No,No,No,No,No,No,No,No,No,No,No,No,No,No,No,No,No,No,No,No,No,No,53,53,49,52,0.217,0.000,0.000,0.000,0.000,0.000,0.000,0.000,1.200,4.375,5.874,3.536,0.008,10.509,1.810,0.110,0.132,45.0,40.0,55.0,55.0,3.000,300.0,3.5,0.0,0.0,0.0,0.0,638,0,4.3,0.2,13.1,2.8,6.8,1.5,15.8,29.8,0.1,0.1,27.3,0.5,0.1,6.1,0.1,0.1,0.1,5.9,32.7,0.1,0.0,12.8,0.0,0.0,13.8,0.0,0.0,0.0,82.4,39.7,47.9,99.9,58.4,99.4,99.9,79.0,99.9,99.9,99.9,14.9,8.4,21.4,1596.1,16.00,22,22,22,52,74,560,1,2,Yes,No,No,No,No,No,No,No,No,No,Yes,No,No,No,No,No,No,No,No,No,No,No,No,No,No,No,No,No,No,No,No,No,No,No,No,No,No,No,47.0,54,54,53,88.0,100.0,No,No,21506,55883,0.0,0.0,0.0,0.000,0.000,2327,848,12.429,41.633,100.0,0.000,22.9,30.0,65.0,11.9,11.9,11.9,11.9,30.0,61.3,11.9,11.9,11.9,11.9,33.37,83.82,15.37,15.19,83.95,83.95,0.76,2.74,33.37,0.00,33.58,0,
1.2.2026,21:37:24.728,6371,2025,75.8,5460,2423,69.2,0.0,1.127,1.142,1.109,1.159,1.109,1.114,1.124,1.109,1.124,1.124,1.159,1.031,0.766,3411.7,4289.5,4289.5,3192.2,3192.2,3192.2,3192.2,3192.2,3192.2,3192.2,3192.2,99.8,3691.0,603.2,36.5,2340.8,3056.5,9.0,4.6,1289.3,34.6,92.9,334.0,13.7,15.3,10.7,858.0,24.5,0.0,62.9,80.6,11.8,11.8,42.6,0.0,23.6,5.6,21.8,21.8,11.9,80.6,24.5,100.0,45.1,2.4,166.3,219.8,0.6,0.4,115.3,3.1,9.9,20.0,1.3,1.3,1.0,45.1,34.2,43.0,43.0,32.0,32.0,32.0,32.0,32.0,32.0,32.0,32.0,37.0,55,52,67,56,55,55,55,53,53,53,53,45,48,33,44,45,45,45,47,47,47,47,65,67,No,No,No,No,No,No,No,No,No,No,No,No,No,No,No,No,No,No,No,No,No,No,No,No,No,No,No,No,No,No,No,No,No,No,No,No,66,66,49,52,0.222,0.000,0.000,0.000,0.000,0.000,0.000,0.000,1.200,15.625,16.166,13.128,0.015,21.466,2.341,0.232,0.113,45.0,40.0,55.0,55.0,17.000,300.0,4.6,0.0,0.0,0.0,0.0,638,0,0.0,0.0,0.0,0.0,18.5,1.1,69.4,82.5,0.2,0.2,51.8,1.2,2.8,11.7,0.5,0.5,0.4,8.7,30.3,14.9,0.0,37.4,0.0,0.0,4.2,0.0,0.0,0.0,68.7,0.0,1.5,99.8,10.0,98.6,97.0,82.0,99.3,99.3,99.6,0.4,0.0,0.8,1596.1,16.00,22,22,22,52,74,560,1,2,Yes,No,No,No,No,No,No,No,No,No,Yes,No,No,No,No,No,No,No,No,No,No,No,No,No,No,No,No,No,No,No,No,No,No,No,No,No,No,No,47.0,54,54,53,88.0,100.0,No,No,21506,55883,0.0,0.0,0.0,0.000,0.000,2327,848,12.429,41.633,100.0,0.000,22.9,30.0,65.0,12.0,12.0,12.0,12.0,30.0,61.3,11.9,11.9,11.9,11.9,33.36,83.42,15.39,15.19,83.48,83.48,0.77,2.65,33.36,0.00,31.28,0,
1.2.2026,21:37:24.840,6374,2022,75.9,5462,2422,69.2,0.0,0.923,0.843,0.933,0.952,0.962,0.962,0.962,0.912,0.905,0.910,0.885,0.776,0.766,2683.4,2294.4,3790.7,2693.4,2693.4,2693.4,2693.4,2493.9,2493.9,2493.9,2493.9,99.8,1695.9,207.6,29.5,340.7,673.1,2.3,1.6,1083.6,8.4,31.9,316.6,1.3,1.1,1.3,271.4,7.1,0.0,11.6,18.8,0.0,0.0,41.5,0.0,0.0,13.8,0.0,0.0,0.0,41.5,7.1,100.0,18.4,1.2,26.3,47.1,0.1,0.2,101.3,0.9,0.3,42.8,0.2,0.3,0.1,18.4,26.9,23.0,38.0,27.0,27.0,27.0,27.0,25.0,25.0,25.0,25.0,17.0,51,48,55,53,53,53,53,49,49,49,49,49,52,45,47,47,47,47,51,51,51,51,55,55,No,No,No,No,No,No,No,No,No,No,No,No,No,No,No,No,No,No,No,No,No,No,No,No,No,No,No,No,No,No,No,No,No,No,No,No,55,55,49,52,0.222,0.000,0.000,0.000,0.000,0.000,0.000,0.000,1.200,9.063,6.243,3.693,0.008,11.232,1.985,0.106,0.134,45.0,40.0,55.0,55.0,7.000,300.0,3.2,0.0,0.0,0.0,0.0,638,0,1.6,0.0,8.0,0.0,9.1,1.9,14.8,25.5,0.1,0.1,50.9,0.3,1.5,14.0,0.1,0.0,0.1,12.6,40.2,40.6,0.0,23.2,0.0,0.0,21.9,0.0,0.0,0.0,73.8,17.4,33.8,99.9,25.2,99.6,98.4,63.6,99.9,99.9,99.9,12.9,25.7,0.0,1596.1,16.00,22,22,22,52,74,560,1,2,Yes,No,No,No,No,No,No,No,No,No,Yes,No,No,No,No,No,No,No,No,No,No,No,No,No,No,No,No,No,No,No,No,No,No,No,No,No,No,No,47.0,54,54,52,88.0,100.0,No,No,21506,55883,0.0,0.0,0.0,0.000,0.000,2327,848,12.429,41.633,100.0,0.000,22.9,29.4,65.1,12.0,12.0,12.0,12.0,29.4,61.3,11.9,11.9,11.9,11.9,33.96,83.43,15.36,15.19,83.48,83.48,0.76,2.77,33.96,0.00,34.87,0,
1.2.2026,21:37:24.929,6374,2022,75.9,5463,2421,69.2,0.0,1.105,1.128,1.091,1.148,1.133,1.093,1.098,1.098,1.098,1.083,1.083,1.028,0.766,3411.7,4289.5,4289.5,3192.2,3192.2,3192.2,3192.2,3192.2,3192.2,3192.2,3192.2,99.8,3691.0,508.9,35.1,2566.4,1959.4,1.7,1.6,622.6,52.8,51.1,420.5,381.5,8.5,6.0,661.4,21.6,0.0,76.3,60.8,21.5,11.7,27.7,13.5,24.0,11.0,12.6,0.0,0.0,76.3,21.6,100.0,43.2,2.7,198.6,156.3,0.2,0.1,75.3,5.3,8.6,31.6,38.2,0.7,0.5,42.7,34.2,43.0,43.0,32.0,32.0,32.0,32.0,32.0,32.0,32.0,32.0,37.0,51,58,53,59,60,60,60,53,53,53,53,49,42,47,41,40,40,40,47,47,47,47,58,60,No,No,No,No,No,No,No,No,No,No,No,No,No,No,No,No,No,No,No,No,No,No,No,No,No,No,No,No,No,No,No,No,No,No,No,No,60,60,49,52,0.222,0.000,0.000,0.000,0.000,0.000,0.000,0.000,1.200,20.313,12.206,8.916,0.011,17.729,2.616,0.209,0.114,45.0,40.0,55.0,55.0,22.000,300.0,4.4,0.0,0.0,0.0,0.0,638,0,1.6,0.0,8.0,0.0,9.1,1.9,14.8,25.5,0.1,0.1,50.9,0.3,1.5,14.0,0.1,0.0,0.1,12.6,40.2,40.6,0.0,23.2,0.0,0.0,21.9,0.0,0.0,0.0,73.8,17.4,33.8,99.9,25.2,99.6,98.4,63.6,99.9,99.9,99.9,12.9,25.7,0.0,1596.1,16.00,22,22,22,52,74,560,1,2,Yes,No,No,No,No,No,No,No,No,No,Yes,No,No,No,No,No,No,No,No,No,No,No,No,No,No,No,No,No,No,No,No,No,No,No,No,No,No,No,47.0,54,54,53,88.0,100.0,No,No,21506,55883,0.0,0.0,0.0,0.000,0.000,2327,848,12.429,41.633,100.0,0.000,22.9,29.4,65.1,12.0,12.0,12.0,12.0,29.4,61.3,11.9,11.9,11.9,11.9,33.96,83.43,15.36,15.19,83.48,83.48,0.76,2.77,33.96,0.00,34.87,0,
1.2.2026,21:37:25.039,6374,2021,75.9,5464,2420,69.3,0.0,0.759,0.790,0.744,0.744,0.745,0.745,0.760,0.765,0.765,0.765,0.765,0.736,0.766,1566.2,1695.9,1496.3,1496.3,1496.3,1496.3,1596.1,1596.1,1596.1,1596.1,1596.1,99.8,1097.3,466.2,38.7,1363.6,1783.5,11.5,1.5,1150.9,21.6,5.0,1206.2,4.9,4.2,3.1,547.0,17.9,0.0,30.0,51.5,0.0,11.6,27.9,0.0,0.0,29.3,21.5,21.5,21.4,51.5,17.9,100.0,35.8,0.6,96.1,133.2,0.5,0.2,92.2,2.2,0.5,102.6,0.5,0.4,0.3,36.3,15.7,17.0,15.0,15.0,15.0,15.0,16.0,16.0,16.0,16.0,16.0,11.0,51,46,46,54,54,54,54,50,50,50,50,49,54,54,46,46,46,46,50,50,50,50,53,54,No,No,No,No,No,No,No,No,No,No,No,No,No,No,No,No,No,No,No,No,No,No,No,No,No,No,No,No,No,No,No,No,No,No,No,No,53,53,49,53,0.222,0.000,0.000,0.000,0.000,0.000,0.000,0.000,1.200,13.125,12.879,9.961,0.006,17.969,2.301,0.140,0.127,45.0,40.0,55.0,55.0,11.000,300.0,2.9,0.0,0.0,0.0,0.0,638,0,0.0,0.0,0.0,0.0,16.6,0.9,34.6,53.7,0.6,0.1,40.0,0.7,0.2,38.6,0.2,0.2,0.1,6.1,63.7,33.8,0.0,49.6,0.0,0.0,38.0,0.0,0.0,0.0,67.8,2.3,12.2,99.8,10.0,99.0,99.7,23.1,99.7,99.7,99.8,26.9,0.0,0.2,1596.1,16.00,22,22,22,52,74,560,1,2,Yes,No,No,No,No,No,No,No,No,No,Yes,No,No,No,No,No,No,No,No,No,No,No,No,No,No,No,No,No,No,No,No,No,No,No,No,No,No,No,46.0,54,54,54,88.0,100.0,No,No,21506,55883,0.0,4.4,4.4,0.000,0.702,2327,848,12.429,41.633,100.0,0.000,22.9,28.5,65.1,12.0,12.0,12.0,12.0,28.5,61.3,11.9,11.9,11.9,11.9,35.13,83.23,15.36,15.19,83.27,83.27,0.78,2.46,35.13,0.00,35.40,0,
1.2.2026,21:37:25.149,6374,2022,75.9,5465,2419,69.3,0.0,1.101,1.127,1.101,1.106,1.091,1.091,1.106,1.091,1.101,1.101,1.101,1.031,0.766,3411.7,4289.5,4289.5,3192.2,3192.2,3192.2,3192.2,3192.2,3192.2,3192.2,3192.2,99.8,3691.0,577.8,18.9,2283.5,2873.3,2.2,1.3,1535.5,41.9,11.9,144.3,8.7,8.2,3.7,846.1,15.2,0.3,57.2,70.5,0.0,0.0,48.0,1.0,0.2,4.8,0.2,0.1,0.0,70.5,15.2,100.0,44.6,1.0,158.9,216.2,0.1,0.1,138.5,4.3,1.1,13.0,0.8,0.7,0.3,44.5,34.2,43.0,43.0,32.0,32.0,32.0,32.0,32.0,32.0,32.0,32.0,37.0,55,49,66,55,55,55,55,53,53,53,53,45,51,34,45,45,45,45,47,47,47,47,66,66,No,No,No,No,No,No,No,No,No,No,No,No,No,No,No,No,No,No,No,No,No,No,No,No,No,No,No,No,No,No,No,No,No,No,No,No,67,67,49,52,0.222,0.000,0.000,0.000,0.000,0.000,0.000,0.000,1.200,15.938,15.942,12.859,0.025,21.183,2.380,0.227,0.123,45.0,40.0,55.0,55.0,19.000,300.0,7.9,0.0,0.0,0.0,0.0,638,0,0.0,0.0,0.0,0.0,17.3,0.9,64.9,73.0,0.1,0.1,59.4,1.3,0.4,6.2,0.4,0.3,0.1,7.7,33.3,15.0,0.0,28.9,0.0,0.0,0.0,0.0,0.0,0.0,71.2,1.2,11.9,99.9,10.9,98.5,99.5,91.7,99.5,99.5,99.8,0.0,0.0,0.0,1596.1,16.00,22,22,22,52,74,560,1,2,Yes,No,No,No,No,No,No,No,No,No,Yes,No,No,No,No,No,No,No,No,No,No,No,No,No,No,No,No,No,No,No,No,No,No,No,No,No,No,No,47.0,54,54,54,88.0,100.0,No,No,21506,55883,0.0,0.0,0.0,0.000,0.000,2327,848,12.429,41.633,100.0,0.000,22.9,29.5,65.1,12.0,12.0,12.0,12.0,29.5,61.3,11.9,11.9,11.9,11.9,33.94,83.04,15.36,15.19,83.11,83.11,0.75,1.75,33.94,0.00,31.21,0,
1.2.2026,21:37:25.259,6374,2022,75.9,5465,2419,69.3,0.0,0.662,0.633,0.632,0.662,0.661,0.661,0.661,0.677,0.677,0.677,0.677,0.593,0.766,838.0,798.0,798.0,798.0,798.0,798.0,798.0,897.8,897.8,897.8,897.8,99.8,399.0,438.2,21.9,1572.3,1579.5,1.4,1.6,881.4,13.4,4.8,1175.9,3.7,1.3,1.4,509.5,12.0,0.0,30.8,35.6,12.7,12.7,18.3,0.0,0.0,34.1,0.0,0.0,0.0,35.6,12.0,100.0,32.7,0.6,100.7,112.9,0.1,0.1,64.9,1.3,0.5,110.1,0.4,0.2,0.2,32.7,8.4,8.0,8.0,8.0,8.0,8.0,8.0,9.0,9.0,9.0,9.0,4.0,51,46,47,53,53,53,53,51,50,50,50,49,54,53,47,47,47,47,49,50,50,50,54,53,No,No,No,No,No,No,No,No,No,No,No,No,No,No,No,No,No,No,No,No,No,No,No,No,No,No,No,No,No,No,No,No,No,No,No,No,53,53,49,53,0.222,0.000,0.000,0.000,0.000,0.000,0.000,0.000,1.200,4.063,12.720,9.910,0.008,18.013,2.186,0.142,0.123,45.0,40.0,55.0,55.0,2.000,300.0,2.1,0.0,0.0,0.0,0.0,638,0,0.0,0.0,0.0,0.0,12.7,1.1,38.6,40.0,0.1,0.2,30.0,0.5,0.2,41.4,0.2,0.1,0.1,19.8,49.1,60.0,0.0,52.6,0.0,0.0,36.7,0.0,0.0,0.0,64.8,11.6,0.0,99.8,16.7,99.3,99.7,21.9,99.8,99.9,99.9,0.0,0.0,0.0,1596.1,16.00,22,22,22,52,74,560,1,2,Yes,No,No,No,No,No,No,No,No,No,Yes,No,No,No,No,No,No,No,No,No,No,No,No,No,No,No,No,No,No,No,No,No,No,No,No,No,No,No,47.0,54,54,53,88.0,100.0,No,No,21506,55883,0.0,0.0,0.0,0.000,0.000,2327,848,12.429,41.633,100.0,0.000,22.9,30.0,65.1,12.0,12.0,12.0,12.0,30.0,61.3,11.9,11.9,11.9,11.9,33.34,83.04,15.36,15.19,83.11,83.11,0.75,1.38,33.34,0.00,29.89,0,
1.2.2026,21:37:25.378,6374,2021,75.9,5465,2419,69.3,0.0,1.110,1.103,1.101,1.101,1.101,1.116,1.116,1.116,1.116,1.116,1.116,1.031,0.766,3411.7,4289.5,4289.5,3192.2,3192.2,3192.2,3192.2,3192.2,3192.2,3192.2,3192.2,99.8,3691.0,410.5,31.5,1206.3,3379.3,6.2,8.2,188.4,19.3,13.1,41.9,11.8,11.1,9.3,606.5,22.7,0.0,33.9,93.5,45.8,12.1,6.1,12.4,12.2,1.0,12.1,21.9,21.8,93.5,22.7,100.0,31.7,1.0,92.1,256.7,0.4,0.9,18.8,2.0,1.3,4.2,1.2,1.1,1.0,31.7,34.2,43.0,43.0,32.0,32.0,32.0,32.0,32.0,32.0,32.0,32.0,37.0,55,51,69,55,55,55,55,53,53,53,53,45,49,31,45,45,45,45,47,47,47,47,66,69,No,No,No,No,No,No,No,No,No,No,No,No,No,No,No,No,No,No,No,No,No,No,No,No,No,No,No,No,No,No,No,No,No,No,No,No,61,61,49,53,0.222,0.000,0.000,0.000,0.000,0.000,0.000,0.000,1.200,13.438,13.979,10.849,0.024,18.970,2.441,0.210,0.122,45.0,40.0,55.0,55.0,13.000,300.0,5.3,0.0,0.0,0.0,0.0,638,0,0.0,0.0,0.0,0.0,12.0,1.2,35.2,94.3,0.2,0.3,8.0,0.7,0.5,2.2,0.4,0.4,0.3,2.9,13.1,5.6,0.0,10.5,0.0,0.0,0.0,0.0,0.0,0.0,79.8,25.2,0.0,99.6,79.4,99.1,99.4,96.8,99.5,99.5,99.6,12.3,24.7,0.0,1596.1,16.00,22,22,22,52,74,560,1,2,Yes,No,No,No,No,No,No,No,No,No,Yes,No,No,No,No,No,No,No,No,No,No,No,No,No,No,No,No,No,No,No,No,No,No,No,No,No,No,No,47.0,54,54,54,88.0,100.0,No,No,21506,55883,0.0,0.0,0.0,0.000,0.000,2327,848,12.429,41.633,100.0,0.000,22.9,30.0,65.1,12.0,12.0,12.0,12.0,30.0,61.3,12.0,12.0,12.0,12.0,33.33,82.99,15.37,15.19,83.11,83.11,0.74,1.27,33.33,0.00,30.03,0,
1.2.2026,21:37:25.483,6374,2021,75.9,5465,2419,69.3,0.0,0.739,0.700,0.685,0.762,0.682,0.767,0.767,0.757,0.762,0.752,0.752,0.631,0.766,1426.5,1396.6,1496.3,1596.1,997.6,1596.1,1596.1,997.6,1596.1,1496.3,1496.3,99.8,798.0,191.6,24.5,797.5,746.1,1.2,1.4,660.4,17.9,4.3,39.9,3.3,1.2,1.3,281.7,10.8,10.6,31.5,38.3,0.0,0.0,37.5,0.0,0.0,11.9,0.0,0.0,0.0,38.3,10.8,100.0,17.3,0.7,60.4,71.7,0.1,0.1,68.6,1.8,0.4,3.6,0.3,0.1,0.1,17.4,14.3,14.0,15.0,16.0,10.0,16.0,16.0,10.0,16.0,15.0,15.0,8.0,51,48,47,52,52,53,53,51,51,51,51,49,52,53,48,48,47,47,49,49,49,49,52,53,No,No,No,No,No,No,No,No,No,No,No,No,No,No,No,No,No,No,No,No,No,No,No,No,No,No,No,No,No,No,No,No,No,No,No,No,54,54,49,52,0.222,0.000,0.000,0.000,0.000,0.000,0.000,0.000,1.200,5.625,7.425,4.844,0.004,12.428,1.996,0.122,0.126,45.0,40.0,55.0,55.0,3.000,300.0,3.9,0.0,0.0,0.0,0.0,638,0,2.7,0.2,7.7,0.0,7.8,1.3,25.3,29.1,0.1,0.1,33.1,1.1,0.2,2.7,0.1,0.1,0.1,6.9,10.6,37.2,0.0,21.5,0.0,0.0,0.0,0.0,0.0,0.0,77.1,0.0,33.4,99.9,43.5,98.8,99.8,96.1,99.8,99.9,99.9,31.5,62.6,0.3,1596.1,16.00,22,22,22,52,74,560,1,2,Yes,No,No,No,No,No,No,No,No,No,Yes,No,No,No,No,No,No,No,No,No,No,No,No,No,No,No,No,No,No,No,No,No,No,No,No,No,No,No,47.0,54,54,54,88.0,100.0,No,No,21506,55883,0.0,0.0,0.0,0.000,0.000,2327,848,12.429,41.633,100.0,0.000,22.9,30.0,62.6,12.0,12.0,12.0,12.0,30.0,61.0,12.0,12.0,12.0,12.0,33.34,83.01,15.96,15.90,83.11,83.11,0.75,1.29,33.34,0.00,28.23,0,
1.2.2026,21:37:25.600,6374,2022,75.9,5466,2418,69.3,0.0,1.118,1.128,1.107,1.147,1.107,1.127,1.112,1.112,1.112,1.112,1.112,1.033,0.766,3412.5,4290.5,4290.5,3193.0,3193.0,3193.0,3193.0,3193.0,3193.0,3193.0,3193.0,99.8,3691.9,454.5,34.2,2296.8,2406.0,18.4,5.7,455.9,43.7,13.6,145.0,17.5,9.9,7.7,659.3,17.2,0.0,62.5,71.1,0.0,0.0,14.6,21.7,11.1,3.0,11.2,11.0,0.0,71.1,17.2,100.0,36.1,1.0,176.7,183.5,1.3,0.5,46.9,4.5,1.2,13.9,1.8,0.9,0.7,36.1,34.2,43.0,43.0,32.0,32.0,32.0,32.0,32.0,32.0,32.0,32.0,37.0,55,67,44,59,59,59,59,51,51,51,51,45,33,56,41,41,41,41,49,49,49,49,67,67,No,No,No,No,No,No,No,No,No,No,No,No,No,No,No,No,No,No,No,No,No,No,No,No,No,No,No,No,No,No,No,No,No,No,No,No,57,57,49,53,0.222,0.000,0.000,0.000,0.000,0.000,0.000,0.000,1.200,7.188,14.253,11.258,0.017,19.534,2.299,0.219,0.121,45.0,40.0,55.0,55.0,6.000,300.0,4.3,0.0,0.0,0.0,0.0,638,0,0.0,0.0,0.0,0.0,13.7,1.1,63.1,72.4,0.4,0.2,17.9,1.4,0.4,6.0,0.6,0.3,0.3,4.7,5.7,3.9,0.0,26.5,0.0,0.0,10.5,0.0,0.0,0.0,75.2,0.0,21.5,99.8,53.2,98.3,99.4,81.7,99.3,99.6,99.6,15.0,28.6,1.4,1596.5,16.00,22,22,22,52,74,560,1,2,Yes,No,No,No,No,No,No,No,No,No,Yes,No,No,No,No,No,No,No,No,No,No,No,No,No,No,No,No,No,No,No,No,No,No,No,No,No,No,No,47.0,54,54,52,88.0,100.0,No,No,21506,55883,0.0,0.0,0.0,0.000,0.000,2327,848,12.429,41.633,100.0,0.000,22.9,30.6,62.6,12.0,12.0,12.0,12.0,30.5,60.6,12.0,12.0,12.0,12.0,32.72,83.00,15.97,15.90,83.11,83.11,0.74,1.49,32.72,0.00,26.19,0,
1.2.2026,21:37:25.706,6349,2047,75.6,5460,2424,69.2,0.0,0.751,0.762,0.702,0.768,0.768,0.688,0.688,0.788,0.788,0.782,0.782,0.653,0.768,1506.3,1496.3,1596.1,1596.1,1596.1,997.6,997.6,1695.9,1695.9,1695.9,1695.9,99.8,897.8,185.2,24.9,488.5,1269.7,1.3,1.9,146.9,9.3,135.8,138.4,3.2,1.1,1.2,259.8,8.0,0.0,18.8,47.3,12.1,12.1,0.0,0.0,0.0,6.0,0.0,0.0,0.0,47.3,8.0,100.0,15.0,0.5,36.6,97.0,0.1,0.2,15.5,0.9,15.2,14.0,0.3,0.1,0.1,15.1,15.1,15.0,16.0,16.0,16.0,10.0,10.0,17.0,17.0,17.0,17.0,9.0,49,45,47,51,51,51,51,49,49,49,49,51,55,53,49,49,49,49,51,51,51,51,52,51,No,No,No,No,No,No,No,No,No,No,No,No,No,No,No,No,No,No,No,No,No,No,No,No,No,No,No,No,No,No,No,No,No,No,No,No,53,53,49,52,0.222,0.000,0.000,0.000,0.000,0.000,0.000,0.000,1.200,8.125,6.292,3.841,0.001,11.046,1.921,0.114,0.126,45.0,40.0,55.0,55.0,6.000,300.0,3.1,0.0,0.0,0.0,0.0,638,0,11.3,0.0,14.2,0.0,7.5,1.3,20.3,48.8,0.1,0.1,6.7,0.4,4.3,7.4,0.1,0.1,0.1,7.1,32.8,0.1,0.0,21.1,0.0,0.0,17.5,0.0,0.0,0.0,80.7,16.4,51.0,99.8,71.7,99.5,95.6,73.7,99.8,99.9,99.9,14.5,28.9,0.0,1596.1,16.00,22,22,22,52,74,560,1,2,Yes,No,No,No,No,No,No,No,No,No,Yes,No,No,No,No,No,No,No,No,No,No,No,No,No,No,No,No,No,No,No,No,No,No,No,No,No,No,No,47.0,54,54,53,88.0,100.0,No,No,21506,55883,0.0,0.0,0.0,0.000,0.000,2327,848,12.429,41.633,100.0,0.000,22.9,31.7,62.6,12.7,12.1,12.0,12.0,31.7,60.6,12.7,12.0,12.0,12.0,31.54,78.62,15.97,15.90,83.11,83.11,0.72,1.38,31.54,0.00,26.14,0,
1.2.2026,21:37:25.816,6372,2024,75.8,5460,2424,69.2,0.0,1.115,1.134,1.109,1.099,1.099,1.114,1.106,1.141,1.111,1.121,1.121,1.031,0.766,3411.7,4289.5,4289.5,3192.2,3192.2,3192.2,3192.2,3192.2,3192.2,3192.2,3192.2,99.8,3691.0,580.3,93.6,2083.7,3721.8,11.0,9.0,478.3,53.6,24.6,442.2,21.9,15.0,9.2,809.5,28.3,0.9,54.7,94.7,11.9,12.0,47.4,13.3,22.2,16.9,22.1,21.9,21.7,94.7,28.3,100.0,46.9,5.9,159.8,282.6,0.8,1.0,52.5,5.9,2.7,47.2,2.4,1.6,0.9,46.9,34.2,43.0,43.0,32.0,32.0,32.0,32.0,32.0,32.0,32.0,32.0,37.0,56,58,67,55,55,55,55,53,54,54,54,44,42,33,45,45,45,45,47,46,46,46,62,67,No,No,No,No,No,No,No,No,No,No,No,No,No,No,No,No,No,No,No,No,No,No,No,No,No,No,No,No,No,No,No,No,No,No,No,No,61,61,49,53,0.222,0.000,0.000,0.000,0.000,0.000,0.000,0.000,1.200,6.563,17.179,14.105,0.019,22.256,2.370,0.237,0.121,45.0,40.0,55.0,55.0,8.000,300.0,4.8,0.0,0.0,0.0,0.0,638,0,0.0,0.0,0.0,0.0,16.3,2.6,55.9,95.6,0.3,0.3,18.5,1.8,0.8,18.4,0.7,0.5,0.3,4.6,4.2,3.4,0.0,22.7,0.0,0.0,16.1,0.0,0.0,0.0,71.5,0.0,1.0,99.6,56.6,97.8,98.9,63.7,99.0,99.4,99.6,18.6,37.1,0.0,1596.1,16.00,22,22,22,52,74,560,1,2,Yes,No,No,No,No,No,No,No,No,No,Yes,No,No,No,No,No,No,No,No,No,No,No,No,No,No,No,No,No,No,No,No,No,No,No,No,No,No,No,47.0,54,54,52,88.0,100.0,No,No,21506,55883,0.0,0.0,0.0,0.000,0.000,2327,848,12.429,41.633,100.0,0.000,22.9,31.0,62.5,15.0,15.0,15.0,15.0,31.0,61.0,14.9,14.9,14.9,14.9,32.24,66.65,16.00,15.90,66.73,66.73,0.72,1.39,32.24,0.00,24.41,0,
1.2.2026,21:37:25.927,6371,2025,75.8,5460,2424,69.2,0.0,0.731,0.689,0.728,0.728,0.723,0.743,0.743,0.738,0.738,0.738,0.738,0.648,0.766,1366.7,1396.6,1296.8,1296.8,1296.8,1396.6,1396.6,1396.6,1396.6,1396.6,1396.6,99.8,798.0,143.4,26.4,479.5,483.2,1.7,1.3,432.6,5.7,1.2,285.9,1.2,1.2,1.3,179.0,6.4,0.0,22.0,26.1,0.0,0.0,20.2,0.0,0.0,8.7,0.0,0.0,0.0,26.1,6.4,100.0,14.6,0.6,36.6,61.5,0.1,0.1,43.9,0.6,0.1,31.6,0.1,0.2,0.2,14.7,13.7,14.0,13.0,13.0,13.0,14.0,14.0,14.0,14.0,14.0,14.0,8.0,52,47,46,55,55,55,55,51,51,51,51,48,53,54,45,45,45,45,49,49,49,49,55,55,No,No,No,No,No,No,No,No,No,No,No,No,No,No,No,No,No,No,No,No,No,No,No,No,No,No,No,No,No,No,No,No,No,No,No,No,54,54,49,53,0.222,0.000,0.000,0.000,0.000,0.000,0.000,0.000,1.200,11.875,6.519,4.034,0.001,11.583,1.919,0.118,0.126,45.0,40.0,55.0,55.0,8.000,300.0,2.7,0.0,0.0,0.0,0.0,638,0,11.1,0.4,7.8,0.0,6.9,1.1,23.8,22.6,0.1,0.1,24.0,0.2,0.1,10.5,0.1,0.1,0.1,6.6,15.4,30.9,0.0,12.8,0.0,0.0,7.3,0.0,0.0,0.0,80.6,28.1,35.8,99.9,61.5,99.7,99.9,81.1,99.9,99.9,99.9,20.5,31.1,9.9,1596.1,16.00,22,22,22,52,74,560,1,2,Yes,No,No,No,No,No,No,No,No,No,Yes,No,No,No,No,No,No,No,No,No,No,No,No,No,No,No,No,No,No,No,No,No,No,No,No,No,No,No,47.0,54,54,53,88.0,100.0,No,No,21506,55883,0.0,0.0,0.0,0.000,0.000,2327,848,12.429,41.633,100.0,0.000,22.9,31.7,61.3,15.0,15.0,15.0,15.0,31.7,61.0,14.9,14.9,14.9,14.9,31.57,66.66,16.32,16.26,66.73,66.73,0.71,1.45,31.57,0.00,23.09,0,
1.2.2026,21:37:26.042,6374,2022,75.9,5467,2417,69.3,0.0,1.122,1.141,1.104,1.129,1.104,1.119,1.119,1.114,1.129,1.129,1.129,1.031,0.766,3411.7,4289.5,4289.5,3192.2,3192.2,3192.2,3192.2,3192.2,3192.2,3192.2,3192.2,99.8,3691.0,545.4,37.9,2122.8,3021.9,12.3,7.3,808.6,114.7,29.8,355.6,11.3,15.1,7.9,769.4,17.7,0.0,50.7,79.1,22.0,0.0,32.8,15.7,0.2,12.0,0.0,0.0,0.0,79.1,17.7,100.0,45.5,1.4,145.9,248.4,0.9,0.8,91.0,12.8,3.0,38.2,1.0,1.3,0.8,45.4,34.2,43.0,43.0,32.0,32.0,32.0,32.0,32.0,32.0,32.0,32.0,37.0,54,45,53,58,58,58,58,53,53,53,53,46,55,47,42,42,42,42,47,47,47,47,64,58,No,No,No,No,No,No,No,No,No,No,No,No,No,No,No,No,No,No,No,No,No,No,No,No,No,No,No,No,No,No,No,No,No,No,No,No,61,61,49,53,0.222,0.000,0.000,0.000,0.000,0.000,0.000,0.000,1.200,11.875,16.597,13.410,0.027,21.616,2.462,0.230,0.118,45.0,40.0,55.0,55.0,13.000,300.0,6.6,0.0,0.0,0.0,0.0,638,0,0.0,0.0,0.0,0.0,15.4,1.2,55.9,75.0,0.3,0.2,32.8,4.3,1.0,13.3,0.4,0.5,0.3,6.9,10.5,12.9,0.0,38.6,0.0,0.0,6.7,0.0,0.0,0.0,70.2,0.0,5.8,99.7,26.2,95.3,98.8,77.7,99.4,99.3,99.7,19.8,34.0,5.6,1596.1,16.00,22,22,22,52,74,560,1,2,Yes,No,No,No,No,No,No,No,No,No,Yes,No,No,No,No,No,No,No,No,No,No,No,No,No,No,No,No,No,No,No,No,No,No,No,No,No,No,No,46.0,54,54,53,88.0,100.0,No,No,21506,55883,0.0,0.0,0.0,0.000,0.000,2327,848,12.429,41.633,100.0,0.000,22.9,29.5,62.4,12.6,12.0,11.9,11.9,29.5,61.0,12.7,12.1,12.0,12.0,33.89,79.24,16.02,15.86,84.11,84.11,0.73,2.09,33.89,0.00,25.20,0,
1.2.2026,21:37:26.133,6373,2022,75.9,5467,2417,69.3,0.0,0.767,0.713,0.714,0.769,0.769,0.769,0.769,0.799,0.799,0.789,0.782,0.671,0.766,1636.0,1596.1,1596.1,1596.1,1596.1,1596.1,1596.1,1695.9,1695.9,1695.9,1695.9,99.8,997.6,162.8,28.3,597.9,537.2,2.0,1.4,438.1,22.2,2.7,319.1,1.7,1.2,1.4,203.7,5.2,0.0,29.0,15.7,0.0,0.0,16.4,0.0,0.0,1.2,0.0,0.0,0.0,29.0,5.2,100.0,16.0,0.6,69.6,39.2,0.1,0.1,45.3,2.7,0.5,33.3,0.2,0.4,0.1,16.0,16.4,16.0,16.0,16.0,16.0,16.0,16.0,17.0,17.0,17.0,17.0,10.0,51,48,47,53,53,53,53,50,50,50,50,49,52,53,47,47,47,47,50,50,50,50,54,53,No,No,No,No,No,No,No,No,No,No,No,No,No,No,No,No,No,No,No,No,No,No,No,No,No,No,No,No,No,No,No,No,No,No,No,No,53,53,49,53,0.222,0.000,0.000,0.000,0.000,0.000,0.000,0.000,1.200,15.938,6.839,4.437,0.004,11.787,1.873,0.109,0.125,45.0,40.0,55.0,55.0,13.000,300.0,3.4,0.0,0.0,0.0,0.0,638,0,8.8,0.0,7.7,0.0,7.3,1.3,25.4,19.8,0.2,0.1,20.3,1.3,0.1,19.1,0.1,0.1,0.1,7.1,22.3,26.7,0.0,8.9,0.0,0.0,12.7,0.0,0.0,0.0,77.4,0.0,39.9,99.9,69.0,98.6,99.8,66.8,99.9,99.9,99.9,28.2,43.2,13.3,1596.1,16.00,22,22,22,52,74,560,1,2,Yes,No,No,No,No,No,No,No,No,No,Yes,No,No,No,No,No,No,No,No,No,No,No,No,No,No,No,No,No,No,No,No,No,No,No,No,No,No,No,46.0,54,54,53,88.0,100.0,No,No,21506,55883,0.0,0.0,0.0,0.000,0.000,2327,848,12.429,41.633,100.0,0.000,22.9,30.6,62.9,12.6,12.0,11.9,11.9,30.6,61.0,12.7,12.1,12.0,12.0,32.71,79.59,15.90,15.85,84.11,84.11,0.72,2.07,32.71,0.00,25.88,0,
1.2.2026,21:37:26.248,6374,2022,75.9,5468,2415,69.3,0.0,1.121,1.122,1.117,1.127,1.112,1.127,1.127,1.112,1.127,1.122,1.122,1.033,0.766,3411.7,4289.5,4289.5,3192.2,3192.2,3192.2,3192.2,3192.2,3192.2,3192.2,3192.2,99.8,3691.0,514.1,31.3,1650.2,3685.6,1.3,3.9,486.0,54.3,36.2,175.5,24.4,13.2,7.5,743.6,21.8,0.0,46.7,91.4,21.1,11.3,15.4,12.7,12.2,16.5,11.8,11.5,11.4,91.4,21.8,100.0,41.0,0.8,126.5,284.0,0.1,0.4,49.5,5.7,3.7,17.1,2.4,1.3,0.7,41.0,34.2,43.0,43.0,32.0,32.0,32.0,32.0,32.0,32.0,32.0,32.0,37.0,55,49,66,55,55,55,55,54,54,54,54,45,51,34,45,45,45,45,46,46,46,46,67,66,No,No,No,No,No,No,No,No,No,No,No,No,No,No,No,No,No,No,No,No,No,No,No,No,No,No,No,No,No,No,No,No,No,No,No,No,55,55,49,52,0.222,0.000,0.000,0.000,0.000,0.000,0.000,0.000,1.200,3.125,16.942,13.918,0.019,22.366,2.332,0.237,0.122,45.0,40.0,55.0,55.0,2.000,300.0,4.2,0.0,0.0,0.0,0.0,638,0,0.0,0.0,0.0,0.0,14.3,1.0,48.1,92.2,0.0,0.1,18.3,1.8,1.1,7.1,0.8,0.4,0.2,5.2,19.3,2.8,0.0,14.6,0.0,0.0,14.9,0.0,0.0,0.0,73.9,0.0,3.9,99.8,64.1,97.9,98.6,76.1,99.1,99.5,99.6,15.2,29.6,0.7,1596.1,16.00,22,22,22,52,74,560,1,2,Yes,No,No,No,No,No,No,No,No,No,Yes,No,No,No,No,No,No,No,No,No,No,No,No,No,No,No,No,No,No,No,No,No,No,No,No,No,No,No,46.0,54,54,53,88.0,100.0,No,No,21506,55883,0.0,6.6,6.6,0.000,0.846,2327,848,12.429,41.633,100.0,0.000,22.9,30.0,62.9,12.6,12.0,11.9,11.9,30.0,61.0,12.7,12.1,12.0,12.0,33.32,79.24,15.91,15.85,84.11,84.11,0.74,2.68,33.32,0.00,25.21,0,
1.2.2026,21:37:26.357,6374,2022,75.9,5468,2415,69.3,0.0,1.084,0.769,1.095,1.115,1.105,1.105,1.106,1.131,1.131,1.141,1.141,0.713,0.766,3142.3,1496.3,4389.3,3192.2,3192.2,3192.2,3192.2,3192.2,3192.2,3192.2,3192.2,99.8,997.6,175.4,24.8,499.6,639.0,1.9,1.9,456.9,6.8,1.8,466.5,2.0,1.9,1.9,204.1,8.4,0.0,19.5,24.1,0.0,0.0,21.8,0.0,0.0,35.3,0.0,0.0,0.0,35.3,8.4,100.0,14.0,0.6,36.7,33.2,0.1,0.2,38.8,0.6,0.1,56.7,0.1,0.1,0.2,13.9,31.5,15.0,44.0,32.0,32.0,32.0,32.0,32.0,32.0,32.0,32.0,10.0,52,45,53,55,55,55,55,50,50,50,50,48,55,47,45,45,45,45,50,50,50,50,52,55,No,No,No,No,No,No,No,No,No,No,No,No,No,No,No,No,No,No,No,No,No,No,No,No,No,No,No,No,No,No,No,No,No,No,No,No,54,54,48,53,0.217,0.000,0.000,0.000,0.000,0.000,0.000,0.000,1.200,9.688,5.747,2.555,0.014,11.499,2.550,0.127,0.125,45.0,40.0,55.0,55.0,7.000,300.0,3.9,0.0,0.0,0.0,0.0,638,0,11.6,0.3,0.0,0.0,10.3,1.6,23.4,34.3,0.1,0.1,29.2,0.6,0.1,33.8,0.1,0.1,0.1,6.2,9.3,34.5,0.0,9.3,0.0,0.0,9.4,0.0,0.0,0.0,74.5,0.0,31.0,99.8,59.6,99.2,99.8,55.8,99.8,99.8,99.8,32.6,65.1,0.0,1596.1,16.00,22,22,22,52,74,560,1,2,Yes,No,No,No,No,No,No,No,No,No,Yes,No,No,No,No,No,No,No,No,No,No,No,No,No,No,No,No,No,No,No,No,No,No,No,No,No,No,No,46.0,54,54,56,88.0,100.0,No,No,21506,55883,0.0,2.1,2.1,0.000,0.098,2327,848,12.429,41.633,100.0,0.000,22.9,29.4,62.9,12.6,12.0,11.9,11.9,29.4,60.9,12.7,12.1,12.0,12.0,33.98,79.59,15.90,15.85,84.11,84.11,0.74,2.78,33.98,0.00,27.08,0,
1.2.2026,21:37:26.465,6374,2022,75.9,5468,2415,69.3,0.0,1.137,1.149,1.127,1.137,1.137,1.137,1.137,1.122,1.142,1.142,1.142,1.026,0.766,3252.0,4289.5,4289.5,3192.2,3192.2,3192.2,3192.2,1596.1,3192.2,3192.2,3192.2,99.8,3691.0,544.0,41.4,2231.5,2717.6,24.6,8.0,949.5,61.4,44.5,393.0,14.7,14.7,26.9,759.8,18.1,11.8,58.3,70.1,0.0,0.0,42.3,12.9,0.0,21.7,0.0,0.0,0.0,70.1,18.1,100.0,44.9,1.3,171.0,206.6,1.6,0.7,107.0,5.8,4.2,35.8,1.3,1.3,2.5,44.9,32.6,43.0,43.0,32.0,32.0,32.0,32.0,16.0,32.0,32.0,32.0,37.0,54,53,51,56,56,56,56,52,52,52,52,46,47,49,44,44,44,44,48,48,48,48,58,56,No,No,No,No,No,No,No,No,No,No,No,No,No,No,No,No,No,No,No,No,No,No,No,No,No,No,No,No,No,No,No,No,No,No,No,No,56,56,49,53,0.222,0.000,0.000,0.000,0.000,0.000,0.000,0.000,1.200,7.500,17.609,14.287,0.018,22.728,2.598,0.234,0.122,45.0,40.0,55.0,55.0,7.000,300.0,6.0,0.0,0.0,0.0,0.0,638,0,0.0,0.0,0.0,0.0,14.2,1.1,52.9,62.9,0.6,0.3,32.1,2.0,1.4,14.6,0.5,0.5,0.9,10.5,23.3,22.3,0.0,34.6,0.0,0.0,24.6,0.0,0.0,0.0,69.8,0.0,14.7,99.7,31.2,97.6,98.4,58.9,99.4,99.4,99.0,10.5,21.0,0.0,1596.1,16.00,22,22,22,52,74,560,1,2,Yes,No,No,No,No,No,No,No,No,No,Yes,No,No,No,No,No,No,No,No,No,No,No,No,No,No,No,No,No,No,No,No,No,No,No,No,No,No,No,47.0,54,54,53,88.0,100.0,No,No,21506,55883,0.0,0.9,0.9,0.000,0.517,2327,848,12.429,41.633,100.0,0.000,22.9,28.9,62.9,12.6,12.0,11.9,11.9,28.9,61.0,12.7,12.1,12.0,12.0,34.59,79.66,15.90,15.85,84.11,84.11,0.76,3.17,34.59,0.00,27.05,0,
1.2.2026,21:37:26.576,6374,2022,75.9,5468,2415,69.3,0.0,1.100,1.104,1.085,1.100,1.100,1.100,1.100,1.100,1.110,1.100,1.100,1.031,0.766,3411.7,4289.5,4289.5,3192.2,3192.2,3192.2,3192.2,3192.2,3192.2,3192.2,3192.2,99.8,3691.0,476.4,23.4,1203.5,2241.1,3.9,4.3,1590.7,5.5,4.5,629.4,3.5,3.7,3.5,634.6,14.6,0.0,25.8,40.9,0.0,11.6,44.6,0.0,11.6,5.9,11.6,11.6,11.6,44.6,14.6,100.0,35.9,0.8,83.3,136.3,0.2,0.1,149.4,0.1,0.1,59.7,0.1,0.1,0.1,35.8,34.2,43.0,43.0,32.0,32.0,32.0,32.0,32.0,32.0,32.0,32.0,37.0,55,48,67,55,55,55,55,53,53,53,53,45,52,33,45,45,45,45,47,47,47,47,65,67,No,No,No,No,No,No,No,No,No,No,No,No,No,No,No,No,No,No,No,No,No,No,No,No,No,No,No,No,No,No,No,No,No,No,No,No,69,69,49,53,0.222,0.000,0.000,0.000,0.000,0.000,0.000,0.000,1.200,18.125,12.348,9.446,0.003,17.118,2.330,0.128,0.116,45.0,40.0,55.0,55.0,19.000,300.0,3.3,0.0,0.0,0.0,0.0,638,0,1.1,0.0,0.1,0.0,13.4,0.8,29.8,52.3,0.1,0.1,53.8,0.2,0.1,23.6,0.1,0.1,0.1,14.2,48.3,44.6,0.0,22.0,0.0,0.0,27.6,0.0,0.0,0.0,67.4,0.0,3.1,99.8,23.6,99.8,99.8,48.5,99.8,99.8,99.8,10.3,20.6,0.0,1596.1,16.00,22,22,22,52,74,560,1,2,Yes,No,No,No,No,No,No,No,No,No,Yes,No,No,No,No,No,No,No,No,No,No,No,No,No,No,No,No,No,No,No,No,No,No,No,No,No,No,No,47.0,54,54,54,88.0,100.0,No,No,21506,55883,0.0,0.0,0.0,0.000,0.000,2327,848,12.429,41.633,100.0,0.000,22.9,28.9,63.3,12.6,12.0,11.9,11.9,28.9,61.0,12.7,12.1,12.0,12.0,34.64,79.66,15.79,15.77,84.11,84.11,0.76,3.23,34.64,0.00,25.31,0,
1.2.2026,21:37:26.690,6374,2021,75.9,5469,2415,69.3,0.0,0.754,0.788,0.775,0.740,0.732,0.762,0.762,0.727,0.762,0.763,0.728,0.733,0.766,1466.4,2094.9,1995.1,1396.6,1396.6,1296.8,1296.8,1296.8,1296.8,1296.8,1296.8,99.8,1496.3,469.9,39.2,2412.9,2253.7,70.5,3.4,525.0,18.1,71.9,204.2,11.7,20.4,7.4,674.3,15.3,0.0,55.8,61.9,30.3,0.0,18.2,0.0,0.0,17.0,0.0,0.0,0.0,61.9,15.3,100.0,40.8,0.7,185.8,209.1,3.7,0.6,60.2,2.0,6.8,16.6,1.2,2.0,0.8,40.9,14.7,21.0,20.0,14.0,14.0,13.0,13.0,13.0,13.0,13.0,13.0,15.0,52,51,50,55,55,55,55,51,51,51,51,48,49,50,45,45,45,45,49,49,49,49,56,55,No,No,No,No,No,No,No,No,No,No,No,No,No,No,No,No,No,No,No,No,No,No,No,No,No,No,No,No,No,No,No,No,No,No,No,No,55,55,49,53,0.215,0.000,0.000,0.000,0.000,0.000,0.000,0.000,1.200,6.875,17.392,14.244,0.007,22.154,2.442,0.212,0.136,45.0,40.0,55.0,55.0,4.000,300.0,4.1,0.0,0.0,0.0,0.0,638,0,1.3,0.0,2.7,0.0,12.1,1.0,56.8,53.1,1.7,0.1,19.7,0.6,2.3,8.5,0.5,0.7,0.3,9.7,19.5,29.8,0.0,38.0,0.0,0.0,9.8,0.0,0.0,0.0,74.0,8.8,17.1,99.8,40.6,99.2,97.5,79.5,99.3,99.1,99.6,6.5,12.9,0.0,1596.1,16.00,22,22,22,52,74,560,1,2,Yes,No,No,No,No,No,No,No,No,No,Yes,No,No,No,No,No,No,No,No,No,No,No,No,No,No,No,No,No,No,No,No,No,No,No,No,No,No,No,46.0,54,54,54,88.0,100.0,No,No,21506,55883,0.0,0.0,0.0,0.000,0.000,2327,848,12.429,41.633,100.0,0.000,22.9,30.0,67.8,12.6,12.0,11.9,11.9,30.0,60.6,12.7,12.1,12.0,12.0,33.33,79.49,14.75,14.41,84.11,84.11,0.73,3.12,33.33,0.00,24.53,0,
1.2.2026,21:37:26.797,6368,2028,75.8,5461,2423,69.2,0.0,1.103,1.114,1.090,1.105,1.090,1.090,1.090,1.089,1.097,1.132,1.132,1.028,0.766,3411.7,4289.5,4289.5,3192.2,3192.2,3192.2,3192.2,3192.2,3192.2,3192.2,3192.2,99.8,3691.0,326.1,23.8,1430.0,1171.9,1.6,1.3,437.9,1.3,1.3,840.6,1.2,1.1,1.1,383.7,10.3,0.0,40.0,34.0,0.0,11.3,18.4,0.0,0.0,19.6,0.0,0.0,0.0,40.0,10.3,100.0,24.5,1.0,96.8,76.3,0.1,0.1,37.7,0.1,0.1,81.4,0.1,0.1,0.1,24.4,34.2,43.0,43.0,32.0,32.0,32.0,32.0,32.0,32.0,32.0,32.0,37.0,54,57,55,56,56,56,56,51,51,51,51,46,43,45,44,44,44,44,49,49,49,49,57,57,No,No,No,No,No,No,No,No,No,No,No,No,No,No,No,No,No,No,No,No,No,No,No,No,No,No,No,No,No,No,No,No,No,No,No,No,58,58,49,53,0.222,0.000,0.000,0.000,0.000,0.000,0.000,0.000,1.200,17.813,8.630,5.686,0.010,13.825,2.336,0.144,0.112,45.0,40.0,55.0,55.0,18.000,300.0,2.5,0.0,0.0,0.0,0.0,638,0,0.0,0.0,0.0,0.0,12.4,1.0,46.6,40.4,0.1,0.1,23.6,0.1,0.1,37.3,0.1,0.1,0.1,14.2,45.8,35.0,0.0,32.1,0.0,0.0,28.9,0.0,0.0,0.0,69.0,0.0,13.4,99.9,43.7,99.9,99.9,33.3,99.8,99.9,99.9,8.7,6.7,10.6,1596.1,16.00,22,22,22,52,74,560,1,2,Yes,No,No,No,No,No,No,No,No,No,Yes,No,No,No,No,No,No,No,No,No,No,No,No,No,No,No,No,No,No,No,No,No,No,No,No,No,No,No,47.0,54,54,55,88.0,100.0,No,No,21506,55883,0.0,1.5,1.5,0.000,1.727,2327,848,12.429,41.633,100.0,0.000,22.9,30.0,67.8,12.6,12.0,11.9,11.9,30.0,60.6,12.7,12.1,12.0,12.0,33.32,79.49,14.75,14.41,84.11,84.11,0.70,2.91,33.32,0.00,23.96,0,
1.2.2026,21:37:26.908,6371,2025,75.8,5461,2423,69.2,0.0,0.722,0.754,0.739,0.724,0.721,0.721,0.706,0.711,0.711,0.711,0.726,0.701,0.768,1276.9,1396.6,1396.6,1296.8,1296.8,1296.8,1197.1,1197.1,1197.1,1197.1,1296.8,99.8,997.6,454.8,38.4,1364.9,2768.3,23.4,12.0,959.0,82.0,14.7,154.5,16.6,13.4,10.1,657.9,16.2,0.0,30.5,62.3,35.0,0.0,29.6,22.1,0.0,14.8,0.0,0.0,0.0,62.3,16.2,100.0,38.3,1.1,103.9,215.1,1.7,1.2,106.7,8.8,1.5,15.9,1.6,1.2,0.9,38.4,12.8,14.0,14.0,13.0,13.0,13.0,12.0,12.0,12.0,12.0,13.0,10.0,53,49,50,56,56,56,56,52,52,53,53,47,51,50,44,44,44,44,48,48,47,47,55,56,No,No,No,No,No,No,No,No,No,No,No,No,No,No,No,No,No,No,No,No,No,No,No,No,No,No,No,No,No,No,No,No,No,No,No,No,55,54,49,53,0.222,0.000,0.000,0.000,0.000,0.000,0.000,0.000,1.200,7.188,15.771,12.904,0.013,20.314,2.236,0.195,0.134,45.0,40.0,55.0,55.0,6.000,300.0,4.6,0.0,0.0,0.0,0.0,638,0,2.5,0.1,13.5,0.0,11.8,1.3,33.2,63.3,0.6,0.4,32.3,2.7,0.5,6.1,0.6,0.5,0.4,5.8,22.2,7.3,0.0,28.3,0.0,0.0,0.0,0.0,0.0,0.0,74.8,0.0,25.0,99.5,37.3,97.1,99.4,92.3,99.1,99.3,99.5,21.7,40.2,3.1,1596.1,16.00,22,22,22,52,74,560,1,2,Yes,No,No,No,No,No,No,No,No,No,Yes,No,No,No,No,No,No,No,No,No,No,No,No,No,No,No,No,No,No,No,No,No,No,No,No,No,No,No,47.0,54,54,53,88.0,100.0,No,No,21506,55883,0.0,0.0,0.0,0.000,0.000,2327,848,12.429,41.633,100.0,0.000,22.9,28.9,67.8,15.0,14.9,14.9,14.9,28.9,60.6,15.0,15.0,15.0,15.0,34.55,66.87,14.74,14.41,66.99,66.99,0.72,3.31,34.55,0.00,19.91,0,
1.2.2026,21:37:27.021,6373,2022,75.9,5464,2420,69.3,0.0,1.091,1.088,1.090,1.100,1.090,1.090,1.085,1.100,1.090,1.087,1.087,1.031,0.766,3411.7,4289.5,4289.5,3192.2,3192.2,3192.2,3192.2,3192.2,3192.2,3192.2,3192.2,99.8,3691.0,353.1,23.8,1526.5,2413.7,1.7,1.3,231.8,6.4,6.0,13.4,5.5,5.4,1.7,526.4,14.7,0.0,36.1,58.8,0.0,10.7,8.8,0.0,20.8,0.0,20.8,20.8,0.0,58.8,14.7,100.0,24.4,0.8,97.9,170.8,0.1,0.1,20.2,0.6,0.6,1.0,0.6,0.5,0.1,24.4,34.2,43.0,43.0,32.0,32.0,32.0,32.0,32.0,32.0,32.0,32.0,37.0,55,50,64,55,55,55,55,53,53,53,53,45,50,36,45,45,45,45,47,47,47,47,64,64,No,No,No,No,No,No,No,No,No,No,No,No,No,No,No,No,No,No,No,No,No,No,No,No,No,No,No,No,No,No,No,No,No,No,No,No,64,64,49,53,0.222,0.000,0.000,0.000,0.000,0.000,0.000,0.000,1.200,18.438,11.297,8.485,0.018,16.413,2.208,0.144,0.112,45.0,40.0,55.0,55.0,19.000,300.0,3.4,0.0,0.0,0.0,0.0,638,0,0.0,0.0,0.0,0.0,10.6,1.0,45.5,65.7,0.1,0.1,12.8,0.2,0.2,1.0,0.2,0.2,0.1,6.8,26.8,18.2,0.0,23.4,0.0,0.0,0.0,0.0,0.0,0.0,76.1,0.0,0.4,99.9,63.4,99.7,99.7,98.2,99.8,99.7,99.9,21.0,26.7,15.3,1596.1,16.00,22,22,22,52,74,560,1,2,Yes,No,No,No,No,No,No,No,No,No,Yes,No,No,No,No,No,No,No,No,No,No,No,No,No,No,No,No,No,No,No,No,No,No,No,No,No,No,No,47.0,54,54,53,88.0,100.0,No,No,21506,55883,0.0,0.0,0.0,0.000,0.000,2327,848,12.429,41.633,100.0,0.000,22.9,28.4,67.9,15.0,14.9,14.9,14.9,28.4,60.6,15.0,15.0,15.0,15.0,35.26,66.87,14.72,14.41,66.99,66.99,0.73,3.29,35.26,0.00,20.65,0,
1.2.2026,21:37:27.119,6374,2022,75.9,5465,2418,69.3,0.0,0.679,0.669,0.664,0.674,0.674,0.679,0.673,0.688,0.688,0.689,0.689,0.628,0.766,927.7,897.8,798.0,897.8,897.8,897.8,897.8,997.6,997.6,997.6,997.6,99.8,997.6,407.9,33.3,1628.1,2026.2,4.4,3.8,303.5,16.7,12.9,753.6,12.1,96.4,4.1,503.6,13.0,0.0,39.4,46.7,35.6,0.0,10.3,0.0,0.0,23.5,0.0,0.0,0.0,46.7,13.0,100.0,34.4,0.7,126.1,156.5,0.3,0.4,32.8,1.6,1.3,81.3,1.2,10.6,0.4,34.5,9.3,9.0,8.0,9.0,9.0,9.0,9.0,10.0,10.0,10.0,10.0,10.0,55,47,47,53,53,53,53,51,51,51,51,45,53,53,47,47,47,47,49,49,49,49,54,53,No,No,No,No,No,No,No,No,No,No,No,No,No,No,No,No,No,No,No,No,No,No,No,No,No,No,No,No,No,No,No,No,No,No,No,No,53,53,49,52,0.222,0.000,0.000,0.000,0.000,0.000,0.000,0.000,1.200,4.688,14.292,11.398,0.015,19.508,2.224,0.182,0.124,45.0,40.0,55.0,55.0,3.000,300.0,3.4,0.0,0.0,0.0,0.0,638,0,0.0,0.0,0.0,0.0,10.6,1.0,45.5,65.7,0.1,0.1,12.8,0.2,0.2,1.0,0.2,0.2,0.1,6.8,26.8,18.2,0.0,23.4,0.0,0.0,0.0,0.0,0.0,0.0,76.1,0.0,0.4,99.9,63.4,99.7,99.7,98.2,99.8,99.7,99.9,21.0,26.7,15.3,1596.1,16.00,22,22,22,52,74,560,1,2,Yes,No,No,No,No,No,No,No,No,No,Yes,No,No,No,No,No,No,No,No,No,No,No,No,No,No,No,No,No,No,No,No,No,No,No,No,No,No,No,47.0,54,54,53,88.0,100.0,No,No,21506,55883,0.0,0.0,0.0,0.000,0.000,2327,848,12.429,41.633,100.0,0.000,22.9,28.4,67.9,15.0,14.9,14.9,14.9,28.4,60.6,15.0,15.0,15.0,15.0,35.26,66.87,14.72,14.41,66.99,66.99,0.73,3.29,35.26,0.00,20.65,0,
1.2.2026,21:37:27.227,6374,2022,75.9,5466,2417,69.3,0.0,1.096,1.081,1.146,1.097,1.082,1.097,1.097,1.097,1.082,1.097,1.082,1.031,0.766,3411.7,4289.5,4289.5,3192.2,3192.2,3192.2,3192.2,3192.2,3192.2,3192.2,3192.2,99.8,3691.0,514.0,21.1,2098.5,2540.4,5.2,3.4,1390.0,23.5,9.8,34.3,21.2,17.4,3.1,761.5,16.3,8.8,51.4,59.1,8.6,8.5,50.9,0.0,0.0,0.0,0.0,0.0,8.6,59.1,16.3,100.0,36.9,0.8,141.8,166.1,0.3,0.3,127.8,1.0,0.8,2.4,0.9,0.5,0.3,36.9,34.2,43.0,43.0,32.0,32.0,32.0,32.0,32.0,32.0,32.0,32.0,37.0,56,57,66,56,58,58,58,53,53,53,53,44,43,34,44,42,42,42,47,47,47,47,61,66,No,No,No,No,No,No,No,No,No,No,No,No,No,No,No,No,No,No,No,No,No,No,No,No,No,No,No,No,No,No,No,No,No,No,No,No,61,61,49,53,0.222,0.000,0.000,0.000,0.000,0.000,0.000,0.000,1.200,17.813,14.292,11.398,0.015,19.508,2.224,0.182,0.124,45.0,40.0,55.0,55.0,19.000,300.0,5.4,0.0,0.0,0.0,0.0,638,0,0.0,0.0,0.0,0.0,14.9,0.6,55.1,64.2,0.2,0.1,54.0,0.9,0.3,2.0,0.8,0.6,0.1,10.2,44.2,23.2,0.0,35.1,0.0,0.0,0.0,0.0,0.0,0.0,71.0,0.0,6.4,99.8,10.4,99.0,99.6,96.8,99.1,99.3,99.8,3.0,0.5,5.6,1596.1,16.00,22,22,22,52,74,560,1,2,Yes,No,No,No,No,No,No,No,No,No,Yes,No,No,No,No,No,No,No,No,No,No,No,No,No,No,No,No,No,No,No,No,No,No,No,No,No,No,No,47.0,54,54,53,88.0,100.0,No,No,21506,55883,0.0,0.0,0.0,0.000,0.000,2327,848,12.429,41.633,100.0,0.000,22.9,28.4,67.9,14.9,14.9,14.9,14.9,28.4,60.6,15.0,15.0,15.0,15.0,35.21,67.12,14.72,14.41,67.17,67.17,0.75,3.59,35.21,0.00,16.31,0,
1.2.2026,21:37:27.338,6374,2022,75.9,5466,2417,69.3,0.0,0.720,0.697,0.713,0.713,0.713,0.723,0.723,0.723,0.723,0.738,0.738,0.658,0.766,1256.9,997.6,1197.1,1197.1,1197.1,1296.8,1296.8,1296.8,1296.8,1396.6,1396.6,99.8,498.8,273.0,23.9,911.4,1150.7,2.0,1.4,736.9,26.4,16.8,397.0,4.5,3.9,1.4,358.7,6.2,0.0,12.2,27.8,0.0,1.1,12.5,2.4,1.6,13.3,1.6,1.5,1.0,27.8,6.2,100.0,26.3,0.7,71.1,121.5,0.1,0.1,74.5,4.2,1.8,37.0,2.1,2.0,0.1,26.3,12.6,10.0,12.0,12.0,12.0,13.0,13.0,13.0,13.0,14.0,14.0,5.0,51,47,46,53,53,53,53,51,51,51,51,49,53,54,47,47,47,47,49,49,49,49,53,53,No,No,No,No,No,No,No,No,No,No,No,No,No,No,No,No,No,No,No,No,No,No,No,No,No,No,No,No,No,No,No,No,No,No,No,No,53,53,49,52,0.217,0.000,0.000,0.000,0.000,0.000,0.000,0.000,1.200,17.813,14.292,11.398,0.015,19.508,2.224,0.182,0.124,45.0,40.0,55.0,55.0,19.000,300.0,5.4,0.0,0.0,0.0,0.0,638,0,2.0,0.0,8.4,0.0,14.9,1.6,24.3,29.0,0.2,0.1,27.7,0.9,0.6,16.5,0.2,0.2,0.1,10.2,23.4,52.5,0.0,29.9,0.0,0.0,21.3,0.0,0.0,0.0,71.0,0.0,18.5,99.9,40.4,99.0,99.3,60.5,99.7,99.8,99.9,3.0,49.2,0.0,1596.1,16.00,22,22,22,52,74,560,1,2,Yes,No,No,No,No,No,No,No,No,No,Yes,No,No,No,No,No,No,No,No,No,No,No,No,No,No,No,No,No,No,No,No,No,No,No,No,No,No,No,47.0,54,54,53,88.0,100.0,No,No,21506,55883,0.0,0.0,0.0,0.000,0.000,2327,848,12.429,41.633,100.0,0.000,22.9,28.4,67.9,14.9,14.9,14.9,14.9,28.4,60.6,15.0,15.0,15.0,15.0,35.21,67.12,14.72,14.41,67.17,67.17,0.75,3.59,35.21,0.00,16.31,0,
1.2.2026,21:37:27.451,6374,2021,75.9,5466,2417,69.3,0.0,1.089,1.119,1.130,1.145,1.105,1.015,1.152,1.012,1.027,1.007,1.182,1.031,0.766,3411.7,4289.5,4289.5,3192.2,3192.2,3192.2,3192.2,3192.2,3192.2,3192.2,3192.2,99.8,3691.0,521.5,41.0,3208.6,1274.8,1.8,4.5,1033.3,21.2,11.4,620.3,22.9,9.6,9.0,699.6,21.0,0.3,70.0,30.4,0.0,12.5,42.2,12.9,12.7,32.3,13.1,12.7,12.7,70.0,21.0,100.0,40.6,1.2,238.0,93.5,0.1,0.4,97.8,2.1,1.2,49.1,2.6,0.9,0.9,40.6,34.2,43.0,43.0,32.0,32.0,32.0,32.0,32.0,32.0,32.0,32.0,37.0,57,66,50,60,60,60,60,53,53,53,53,43,34,50,40,40,40,40,47,47,47,47,66,66,No,No,No,No,No,No,No,No,No,No,No,No,No,No,No,No,No,No,No,No,No,No,No,No,No,No,No,No,No,No,No,No,No,No,No,No,67,67,49,53,0.222,0.000,0.000,0.000,0.000,0.000,0.000,0.000,1.200,15.313,16.068,13.034,0.032,21.125,2.342,0.207,0.114,45.0,40.0,55.0,55.0,16.000,300.0,5.0,0.0,0.0,0.0,0.0,638,0,0.0,0.0,0.0,0.0,14.9,1.2,73.5,32.6,0.1,0.2,40.2,0.8,0.4,28.8,0.8,0.3,0.3,16.0,10.9,44.6,0.0,49.4,0.0,0.0,55.6,0.0,0.0,0.0,63.8,1.7,15.9,99.8,9.8,99.0,99.5,14.4,99.1,99.6,99.6,10.5,14.4,6.5,1596.1,16.00,22,22,22,52,74,560,1,2,Yes,No,No,No,No,No,No,No,No,No,Yes,No,No,No,No,No,No,No,No,No,No,No,No,No,No,No,No,No,No,No,No,No,No,No,No,No,No,No,47.0,54,54,54,88.0,100.0,No,No,21506,55883,0.0,0.0,0.0,0.000,0.000,2327,848,12.429,41.633,100.0,0.000,22.9,27.4,67.6,14.9,14.9,14.9,14.9,27.4,60.2,15.0,15.0,15.0,15.0,36.53,67.22,14.80,14.42,67.24,67.24,0.73,3.70,36.53,0.00,20.68,0,
1.2.2026,21:37:27.559,6374,2022,75.9,5469,2414,69.3,0.0,0.792,0.826,0.780,0.790,0.790,0.792,0.792,0.797,0.782,0.782,0.782,0.776,0.766,1915.3,2094.9,2194.6,1895.4,1895.4,1895.4,1895.4,1895.4,1795.6,1795.6,1795.6,99.8,1496.3,246.2,31.4,1083.6,664.6,1.8,1.3,407.8,33.0,12.5,709.1,3.2,3.0,3.2,279.5,11.8,11.2,44.8,28.4,28.7,0.0,11.6,0.0,0.0,16.5,0.0,0.0,0.0,44.8,11.8,100.0,23.7,0.8,97.8,50.6,0.1,0.1,40.6,3.5,1.2,88.4,0.3,0.3,0.3,23.7,19.2,21.0,22.0,19.0,19.0,19.0,19.0,19.0,18.0,18.0,18.0,15.0,52,48,47,54,54,54,54,51,51,51,51,48,52,53,46,46,46,46,49,49,49,49,53,54,No,No,No,No,No,No,No,No,No,No,No,No,No,No,No,No,No,No,No,No,No,No,No,No,No,No,No,No,No,No,No,No,No,No,No,No,53,53,50,52,0.222,0.000,0.000,0.000,0.000,0.000,0.000,0.000,1.200,2.500,16.068,13.034,0.032,21.125,2.342,0.207,0.114,45.0,40.0,55.0,55.0,1.000,300.0,4.6,0.0,0.0,0.0,0.0,638,0,1.3,0.1,5.3,0.0,8.6,1.4,35.8,21.1,0.1,0.1,15.9,1.0,0.4,27.5,0.1,0.1,0.1,7.8,33.7,10.3,0.0,18.3,0.0,0.0,15.8,0.0,0.0,0.0,74.3,26.9,0.0,99.9,63.3,98.8,99.5,55.6,99.8,99.8,99.8,32.8,0.0,65.6,1596.1,16.00,22,22,22,52,74,560,1,2,Yes,No,No,No,No,No,No,No,No,No,Yes,No,No,No,No,No,No,No,No,No,No,No,No,No,No,No,No,No,No,No,No,No,No,No,No,No,No,No,47.0,54,54,53,88.0,100.0,No,No,21506,55883,0.0,0.0,0.0,0.000,0.000,2327,848,12.429,41.633,100.0,0.000,22.9,27.4,61.7,14.8,14.8,14.8,14.8,27.5,60.2,15.0,15.0,15.0,15.0,36.44,67.40,16.20,16.08,67.46,67.46,0.72,3.15,36.44,0.00,21.02,0,
1.2.2026,21:37:27.679,6374,2021,75.9,5473,2410,69.4,0.0,0.793,0.809,0.773,0.803,0.803,0.803,0.791,0.796,0.786,0.786,0.781,0.751,0.766,1836.0,1995.6,1995.6,1796.0,1796.0,1796.0,1796.0,1796.0,1796.0,1796.0,1796.0,99.8,1396.9,466.1,30.7,2159.0,2295.3,9.1,5.9,960.7,20.9,13.2,71.6,8.2,9.1,9.7,686.8,22.2,0.6,53.8,55.3,30.2,12.7,33.9,13.2,12.9,15.1,12.8,12.8,12.8,55.3,22.2,100.0,37.4,1.1,162.0,173.0,0.6,0.6,97.9,2.1,1.4,6.9,0.8,0.9,0.9,37.4,18.4,20.0,20.0,18.0,18.0,18.0,18.0,18.0,18.0,18.0,18.0,14.0,51,47,47,54,54,54,54,49,49,49,49,49,53,53,46,46,46,46,51,51,51,51,55,54,No,No,No,No,No,No,No,No,No,No,No,No,No,No,No,No,No,No,No,No,No,No,No,No,No,No,No,No,No,No,No,No,No,No,No,No,55,55,49,53,0.222,0.000,0.000,0.000,0.000,0.000,0.000,0.000,1.200,1.563,9.274,6.527,0.010,14.263,2.142,0.138,0.133,45.0,40.0,55.0,55.0,1.000,300.0,4.3,0.0,0.0,0.0,0.0,638,0,1.5,0.1,4.0,0.0,13.1,1.1,55.7,57.1,0.2,0.2,37.3,0.8,0.4,3.5,0.3,0.3,0.3,6.0,18.7,17.5,0.0,23.8,0.0,0.0,0.0,0.0,0.0,0.0,77.3,24.9,18.5,99.7,37.4,99.1,99.4,94.9,99.5,99.6,99.5,3.1,0.0,6.2,1596.5,16.00,22,22,22,52,74,560,1,2,Yes,No,No,No,No,No,No,No,No,No,Yes,No,No,No,No,No,No,No,No,No,No,No,No,No,No,No,No,No,No,No,No,No,No,No,No,No,No,No,47.0,54,54,53,88.0,100.0,No,No,21506,55883,0.0,4.5,4.5,0.000,0.347,2327,848,12.430,41.633,100.0,0.000,22.9,27.9,61.6,14.8,14.8,14.8,14.8,27.9,60.5,15.0,15.0,15.0,15.0,35.83,67.40,16.24,16.13,67.46,67.46,0.74,3.08,35.83,0.00,20.86,0,
1.2.2026,21:37:27.781,6366,2029,75.8,5469,2415,69.3,0.0,1.130,1.142,1.097,1.107,1.127,1.128,1.143,1.123,1.183,1.123,1.128,1.031,0.766,3411.7,4289.5,4289.5,3192.2,3192.2,3192.2,3192.2,3192.2,3192.2,3192.2,3192.2,99.8,3691.0,279.4,25.4,1042.9,1667.0,2.0,1.6,429.1,25.6,5.0,139.2,6.4,3.4,4.8,399.8,9.5,0.0,33.7,44.8,0.0,0.0,21.1,11.6,0.0,2.5,0.0,0.0,0.0,44.8,9.5,100.0,19.6,0.9,75.4,97.8,0.1,0.1,45.3,2.7,0.1,13.2,0.1,0.1,0.1,19.6,34.2,43.0,43.0,32.0,32.0,32.0,32.0,32.0,32.0,32.0,32.0,37.0,54,49,66,54,54,54,54,51,51,51,51,46,51,34,46,46,46,46,49,49,49,49,62,66,No,No,No,No,No,No,No,No,No,No,No,No,No,No,No,No,No,No,No,No,No,No,No,No,No,No,No,No,No,No,No,No,No,No,No,No,55,55,49,52,0.217,0.000,0.000,0.000,0.000,0.000,0.000,0.000,1.200,16.875,13.547,10.481,0.013,18.619,2.418,0.184,0.122,45.0,40.0,55.0,55.0,18.000,300.0,3.5,0.0,0.0,0.0,0.0,638,0,2.2,0.3,3.7,0.0,10.1,1.1,37.5,53.3,0.1,0.1,22.7,0.9,0.2,5.3,0.2,0.1,0.2,6.5,28.3,15.0,0.0,18.3,0.0,0.0,3.8,0.0,0.0,0.0,75.6,5.6,3.9,99.9,58.2,99.0,99.8,89.8,99.7,99.8,99.8,26.8,26.7,26.9,1596.1,16.00,22,22,22,52,74,560,1,2,Yes,No,No,No,No,No,No,No,No,No,Yes,No,No,No,No,No,No,No,No,No,No,No,No,No,No,No,No,No,No,No,No,No,No,No,No,No,No,No,46.0,54,54,53,88.0,100.0,No,No,21506,55883,0.0,0.0,0.0,0.000,0.000,2327,848,12.430,41.633,100.0,0.000,22.9,28.9,61.6,14.8,14.8,14.8,14.8,28.9,60.5,15.0,15.0,15.0,15.0,34.58,67.40,16.24,16.13,67.46,67.46,0.76,2.75,34.58,0.00,22.64,0,
1.2.2026,21:37:27.890,6370,2026,75.8,5469,2415,69.3,0.0,0.820,0.808,0.823,0.818,0.833,0.823,0.818,0.818,0.822,0.822,0.822,0.743,0.766,1955.2,2194.6,2693.4,1895.4,1895.4,997.6,1895.4,1995.1,1995.1,1995.1,1995.1,99.8,1596.1,511.4,39.6,2317.8,1907.0,6.8,8.3,532.9,75.3,21.5,1190.5,12.7,14.9,9.8,613.6,13.1,0.0,52.9,53.1,0.0,0.0,15.4,1.7,0.0,33.5,0.0,0.0,0.0,53.1,13.1,100.0,44.9,1.1,177.8,178.7,0.4,0.7,48.7,7.3,2.4,117.0,1.8,1.6,1.4,44.9,19.6,22.0,27.0,19.0,19.0,10.0,19.0,20.0,20.0,20.0,20.0,16.0,54,49,48,55,55,55,55,51,51,51,51,46,51,52,45,45,45,45,49,49,49,49,62,66,No,No,No,No,No,No,No,No,No,No,No,No,No,No,No,No,No,No,No,No,No,No,No,No,No,No,No,No,No,No,No,No,No,No,No,No,55,55,49,53,0.222,0.000,0.000,0.000,0.000,0.000,0.000,0.000,1.200,11.250,18.212,15.134,0.027,22.697,2.370,0.227,0.122,45.0,40.0,55.0,55.0,12.000,300.0,5.3,0.0,0.0,0.0,0.0,638,0,2.2,0.3,3.7,0.0,10.1,1.1,37.5,53.3,0.1,0.1,22.7,0.9,0.2,5.3,0.2,0.1,0.2,6.5,28.3,15.0,0.0,18.3,0.0,0.0,3.8,0.0,0.0,0.0,75.6,5.6,3.9,99.9,58.2,99.0,99.8,89.8,99.7,99.8,99.8,26.8,26.7,26.9,1596.1,16.00,22,22,22,52,74,560,1,2,Yes,No,No,No,No,No,No,No,No,No,Yes,No,No,No,No,No,No,No,No,No,No,No,No,No,No,No,No,No,No,No,No,No,No,No,No,No,No,No,46.0,54,54,52,88.0,100.0,No,No,21506,55883,0.0,0.0,0.0,0.000,0.000,2327,848,12.430,41.633,100.0,0.000,22.9,28.9,61.6,14.8,14.8,14.8,14.8,28.9,60.5,15.0,15.0,15.0,15.0,34.58,67.40,16.24,16.13,67.46,67.46,0.76,2.75,34.58,0.00,22.64,0,
1.2.2026,21:37:28.003,6372,2024,75.8,5469,2415,69.3,0.0,1.120,1.129,1.089,1.104,1.104,1.159,1.104,1.149,1.104,1.157,1.102,1.028,0.766,3411.7,4289.5,4289.5,3192.2,3192.2,3192.2,3192.2,3192.2,3192.2,3192.2,3192.2,99.8,3691.0,373.1,15.5,1428.7,1991.7,1.4,1.6,1001.6,11.3,3.8,13.4,6.1,1.1,1.0,557.0,7.9,0.0,26.8,39.1,0.0,0.0,28.9,0.0,0.0,0.0,0.0,0.0,0.0,39.1,7.9,100.0,22.1,0.9,79.7,93.0,0.1,0.1,89.7,0.6,0.1,0.6,0.1,0.1,0.1,22.1,34.2,43.0,43.0,32.0,32.0,32.0,32.0,32.0,32.0,32.0,32.0,37.0,53,44,65,54,54,54,54,51,51,51,51,47,56,35,46,46,46,46,49,49,49,49,57,65,No,No,No,No,No,No,No,No,No,No,No,No,No,No,No,No,No,No,No,No,No,No,No,No,No,No,No,No,No,No,No,No,No,No,No,No,58,58,49,53,0.222,0.000,0.000,0.000,0.000,0.000,0.000,0.000,1.200,17.500,9.934,7.225,0.006,15.136,2.107,0.123,0.124,45.0,40.0,55.0,55.0,19.000,300.0,2.8,0.0,0.0,0.0,0.0,638,0,0.0,0.0,0.0,0.0,10.9,0.6,36.7,55.4,0.1,0.1,35.7,0.4,0.1,1.0,0.2,0.0,0.0,12.0,45.4,42.7,0.0,31.7,0.0,0.0,0.0,0.0,0.0,0.0,73.1,0.0,1.7,99.9,32.4,99.5,99.8,98.3,99.7,99.9,99.9,7.9,15.7,0.1,1596.1,16.00,22,22,22,52,74,560,1,2,Yes,No,No,No,No,No,No,No,No,No,Yes,No,No,No,No,No,No,No,No,No,No,No,No,No,No,No,No,No,No,No,No,No,No,No,No,No,No,No,47.0,54,54,53,88.0,100.0,No,No,21506,55883,0.0,0.0,0.0,0.000,0.000,2327,848,12.430,41.633,100.0,0.000,22.9,30.5,61.8,14.8,14.8,14.8,14.8,30.5,60.5,15.0,15.0,15.0,15.0,32.76,67.40,16.17,16.12,67.46,67.46,0.69,1.98,32.76,0.00,22.80,0,
1.2.2026,21:37:28.113,6373,2023,75.9,5469,2415,69.3,0.0,0.748,0.774,0.741,0.735,0.735,0.745,0.740,0.750,0.755,0.750,0.750,0.718,0.766,1516.3,1895.4,1695.9,1396.6,1396.6,1396.6,1396.6,1496.3,1496.3,1496.3,1496.3,99.8,1296.8,453.4,38.4,2021.5,2245.4,7.5,8.2,879.3,38.8,62.5,105.9,11.0,13.0,9.5,662.7,20.1,0.0,47.3,63.5,41.4,12.2,22.9,0.7,13.5,2.7,12.4,12.3,12.2,63.5,20.1,100.0,39.3,0.8,157.1,215.2,0.4,0.7,75.7,4.1,5.9,8.1,1.5,1.0,0.7,39.3,15.2,19.0,17.0,14.0,14.0,14.0,14.0,15.0,15.0,15.0,15.0,13.0,53,49,47,54,54,55,55,52,52,52,52,47,51,53,46,46,45,45,48,48,48,48,57,65,No,No,No,No,No,No,No,No,No,No,No,No,No,No,No,No,No,No,No,No,No,No,No,No,No,No,No,No,No,No,No,No,No,No,No,No,55,55,49,53,0.217,0.000,0.000,0.000,0.000,0.000,0.000,0.000,1.200,11.250,16.952,13.983,0.012,21.891,2.274,0.214,0.127,45.0,40.0,55.0,55.0,12.000,300.0,5.4,0.0,0.0,0.0,0.0,638,0,0.0,0.0,0.0,0.0,10.9,0.6,36.7,55.4,0.1,0.1,35.7,0.4,0.1,1.0,0.2,0.0,0.0,12.0,45.4,42.7,0.0,31.7,0.0,0.0,0.0,0.0,0.0,0.0,73.1,0.0,1.7,99.9,32.4,99.5,99.8,98.3,99.7,99.9,99.9,7.9,15.7,0.1,1596.1,16.00,22,22,22,52,74,560,1,2,Yes,No,No,No,No,No,No,No,No,No,Yes,No,No,No,No,No,No,No,No,No,No,No,No,No,No,No,No,No,No,No,No,No,No,No,No,No,No,No,47.0,54,54,52,88.0,100.0,No,No,21506,55883,0.0,0.0,0.0,0.000,0.000,2327,848,12.430,41.633,100.0,0.000,22.9,30.5,61.8,14.8,14.8,14.8,14.8,30.5,60.5,15.0,15.0,15.0,15.0,32.76,67.40,16.17,16.12,67.46,67.46,0.69,1.98,32.76,0.00,22.80,0,
1.2.2026,21:37:28.225,6374,2022,75.9,5469,2415,69.3,0.0,1.102,1.143,1.090,1.105,1.085,1.115,1.085,1.100,1.085,1.100,1.115,1.033,0.766,3411.7,4289.5,4289.5,3192.2,3192.2,3192.2,3192.2,3192.2,3192.2,3192.2,3192.2,99.8,3691.0,592.0,26.1,3533.0,1976.3,6.2,4.5,1212.2,22.4,6.9,301.8,4.7,4.4,5.5,848.4,13.3,0.0,76.6,43.0,0.0,0.0,31.9,0.0,0.0,8.6,0.0,0.0,0.0,76.6,13.3,100.0,41.9,1.2,240.5,134.7,0.1,0.1,95.9,0.5,0.1,29.1,0.1,0.1,0.1,41.8,34.2,43.0,43.0,32.0,32.0,32.0,32.0,32.0,32.0,32.0,32.0,37.0,52,69,56,62,62,62,62,52,52,52,52,48,31,44,38,38,38,38,48,48,48,48,55,55,No,No,No,No,No,No,No,No,No,No,No,No,No,No,No,No,No,No,No,No,No,No,No,No,No,No,No,No,No,No,No,No,No,No,No,No,67,67,49,53,0.222,0.000,0.000,0.000,0.000,0.000,0.000,0.000,1.200,16.875,15.094,12.060,0.013,19.781,2.419,0.138,0.113,45.0,40.0,55.0,55.0,19.000,300.0,3.5,0.0,0.0,0.0,0.0,638,0,0.7,0.0,1.3,0.0,12.3,1.2,50.2,53.8,0.3,0.3,31.7,1.4,2.0,5.7,0.4,0.5,0.3,5.9,13.0,17.6,0.0,28.2,0.0,0.0,0.0,0.0,0.0,0.0,74.6,0.0,22.0,99.6,37.6,98.2,97.8,92.5,99.4,99.4,99.5,20.6,35.5,5.6,1596.1,16.00,22,22,22,52,74,560,1,2,Yes,No,No,No,No,No,No,No,No,No,Yes,No,No,No,No,No,No,No,No,No,No,No,No,No,No,No,No,No,No,No,No,No,No,No,No,No,No,No,47.0,54,54,52,88.0,100.0,No,No,21506,55883,0.0,0.0,0.0,0.000,0.000,2327,848,12.430,41.633,100.0,0.000,22.9,30.0,61.9,10.9,10.1,10.0,10.0,30.0,60.5,11.0,10.1,10.0,10.0,33.35,91.56,16.15,16.12,100.02,100.02,0.68,1.87,33.35,0.00,28.83,0,
1.2.2026,21:37:28.340,6374,2021,75.9,5469,2415,69.3,0.0,0.776,0.719,0.768,0.763,0.778,0.778,0.778,0.796,0.801,0.791,0.791,0.663,0.766,1655.9,1097.3,1596.1,1596.1,1695.9,1695.9,1695.9,1795.6,1795.6,1795.6,1795.6,99.8,997.6,649.9,50.7,1560.9,2598.0,3.6,3.8,1754.7,376.4,96.4,1335.1,8.4,5.0,6.2,805.6,22.4,0.0,37.2,60.0,35.0,0.0,41.7,9.1,22.9,30.0,10.8,10.7,10.8,60.0,22.4,100.0,54.0,1.7,121.5,204.2,0.5,0.6,155.8,37.7,11.2,111.9,1.1,0.8,1.0,54.1,16.6,11.0,16.0,16.0,17.0,17.0,17.0,18.0,18.0,18.0,18.0,10.0,52,47,44,55,55,55,55,51,51,51,51,48,53,56,45,45,45,45,49,49,49,49,55,55,No,No,No,No,No,No,No,No,No,No,No,No,No,No,No,No,No,No,No,No,No,No,No,No,No,No,No,No,No,No,No,No,No,No,No,No,55,55,50,53,0.217,0.000,0.000,0.000,0.000,0.000,0.000,0.000,1.200,8.125,16.910,13.929,0.016,21.434,2.336,0.193,0.128,45.0,40.0,55.0,55.0,5.000,300.0,4.9,0.0,0.0,0.0,0.0,638,0,2.2,0.2,9.2,0.0,18.3,1.8,41.4,61.7,0.1,0.1,54.4,13.5,3.0,43.0,0.3,0.2,0.2,13.0,33.2,10.1,0.0,26.8,21.6,0.0,38.5,0.0,0.0,0.0,64.9,26.5,26.0,99.8,18.6,64.0,96.7,18.0,99.6,99.8,99.7,1.0,0.0,2.0,1596.1,16.00,22,22,22,52,74,560,1,2,Yes,No,No,No,No,No,No,No,No,No,Yes,No,No,No,No,No,No,No,No,No,No,No,No,No,No,No,No,No,No,No,No,No,No,No,No,No,No,No,47.0,54,54,53,88.0,100.0,No,No,21506,55883,0.0,0.0,0.0,0.000,0.000,2327,848,12.430,41.633,100.0,0.000,22.9,30.5,62.0,11.0,10.1,10.0,10.0,30.5,60.5,11.1,10.1,10.0,10.0,32.77,90.58,16.14,16.12,100.02,100.02,0.68,1.37,32.77,0.00,27.73,0,
1.2.2026,21:37:28.431,6374,2021,75.9,5469,2415,69.3,0.0,0.776,1.130,1.066,1.101,1.136,1.101,1.136,1.126,1.096,1.136,1.136,1.031,0.766,1655.9,4289.5,4289.5,3192.2,3192.2,3192.2,3192.2,3192.2,3192.2,3192.2,3192.2,99.8,3691.0,649.9,26.7,568.8,2005.2,1.7,1.3,734.4,488.3,22.0,829.4,6.6,5.7,5.8,481.1,22.4,0.0,16.7,44.2,0.0,0.0,22.1,15.3,0.0,32.7,12.1,12.1,12.1,44.2,13.9,100.0,54.0,1.0,43.6,145.9,0.1,0.1,61.1,36.5,0.9,86.1,0.6,0.5,0.5,31.3,16.6,11.0,16.0,16.0,17.0,17.0,17.0,18.0,18.0,18.0,18.0,10.0,52,47,44,55,55,55,55,51,51,51,51,48,53,56,45,45,45,45,49,49,49,49,55,55,No,No,No,No,No,No,No,No,No,No,No,No,No,No,No,No,No,No,No,No,No,No,No,No,No,No,No,No,No,No,No,No,No,No,No,No,62,62,49,53,0.222,0.000,0.000,0.000,0.000,0.000,0.000,0.000,1.200,17.500,11.707,8.760,0.011,16.667,2.309,0.168,0.117,45.0,40.0,55.0,55.0,19.000,300.0,4.9,0.0,0.0,0.0,0.0,638,0,2.2,0.2,9.2,0.0,18.3,1.8,41.4,61.7,0.1,0.1,54.4,13.5,3.0,43.0,0.3,0.2,0.2,13.0,33.2,10.1,0.0,26.8,21.6,0.0,38.5,0.0,0.0,0.0,64.9,26.5,26.0,99.8,18.6,64.0,96.7,18.0,99.6,99.8,99.7,1.0,0.0,2.0,1596.1,16.00,22,22,22,52,74,560,1,2,Yes,No,No,No,No,No,No,No,No,No,Yes,No,No,No,No,No,No,No,No,No,No,No,No,No,No,No,No,No,No,No,No,No,No,No,No,No,No,No,47.0,54,54,52,88.0,100.0,No,No,21506,55883,0.0,0.0,0.0,0.000,0.000,2327,848,12.430,41.633,100.0,0.000,22.9,30.5,62.0,11.0,10.1,10.0,10.0,30.5,60.5,11.1,10.1,10.0,10.0,32.77,90.58,16.14,16.12,100.02,100.02,0.68,1.37,32.77,0.00,27.73,0,
1.2.2026,21:37:28.541,6374,2021,75.9,5469,2415,69.3,0.0,0.791,0.649,0.781,0.820,0.810,0.810,0.810,0.810,0.810,0.805,0.805,0.628,0.768,1895.4,997.6,2194.6,1995.1,1995.1,1995.1,1995.1,1995.1,1995.1,1895.4,1895.4,99.8,997.6,487.2,24.3,1459.0,1582.8,7.5,4.2,1378.7,28.8,10.8,1315.4,20.6,5.5,8.3,562.0,14.1,0.0,33.6,40.1,11.4,11.4,37.5,0.0,0.0,34.8,0.0,0.0,0.0,40.1,14.1,100.0,43.4,0.9,109.8,135.3,0.5,0.4,135.8,4.2,2.5,126.9,2.5,0.6,1.0,43.5,19.0,10.0,22.0,20.0,20.0,20.0,20.0,20.0,20.0,19.0,19.0,10.0,52,49,47,54,54,54,53,51,51,51,51,48,51,53,46,46,46,47,49,49,49,49,53,54,No,No,No,No,No,No,No,No,No,No,No,No,No,No,No,No,No,No,No,No,No,No,No,No,No,No,No,No,No,No,No,No,No,No,No,No,53,53,50,52,0.215,0.000,0.000,0.000,0.000,0.000,0.000,0.000,1.200,2.500,14.097,11.207,0.016,18.701,2.263,0.173,0.128,45.0,40.0,55.0,55.0,2.000,300.0,4.2,0.0,0.0,0.0,0.0,638,0,1.7,0.0,9.7,0.0,14.3,1.2,42.8,40.4,0.2,0.2,43.4,0.9,0.3,41.2,0.6,0.2,0.3,11.5,31.0,36.1,0.0,22.5,0.0,0.0,24.9,0.0,0.0,0.0,70.2,27.3,10.5,99.8,33.6,98.9,99.6,33.6,99.3,99.8,99.7,9.2,5.5,12.8,1596.1,16.00,22,22,22,52,74,560,1,2,Yes,No,No,No,No,No,No,No,No,No,Yes,No,No,No,No,No,No,No,No,No,No,No,No,No,No,No,No,No,No,No,No,No,No,No,No,No,No,No,47.0,54,54,52,88.0,100.0,No,No,21506,55883,0.0,0.0,0.0,0.000,0.000,2327,848,12.430,41.633,100.0,0.000,22.9,30.6,62.0,11.0,10.1,10.0,10.0,30.5,61.1,11.0,10.1,10.0,10.0,32.69,90.79,16.14,16.12,100.02,100.02,0.70,2.14,32.69,0.00,26.45,0,
1.2.2026,21:37:28.649,6374,2022,75.9,5469,2415,69.3,0.0,1.131,1.147,1.147,1.106,1.146,1.106,1.116,1.151,1.116,1.161,1.111,1.028,0.766,3411.7,4289.5,4289.5,3192.2,3192.2,3192.2,3192.2,3192.2,3192.2,3192.2,3192.2,99.8,3691.0,416.3,36.1,2427.5,2240.7,1.3,2.9,169.0,47.8,12.8,25.7,12.1,13.4,6.2,617.3,12.5,0.0,63.1,41.5,21.0,0.0,2.0,11.7,11.3,0.0,0.0,0.0,0.0,63.1,12.5,100.0,26.0,1.1,172.8,120.9,0.1,0.1,9.6,2.7,0.9,2.0,0.8,1.0,0.4,26.0,34.2,43.0,43.0,32.0,32.0,32.0,32.0,32.0,32.0,32.0,32.0,37.0,55,52,69,55,55,55,55,53,53,53,53,45,48,31,45,45,45,45,47,47,47,47,61,69,No,No,No,No,No,No,No,No,No,No,No,No,No,No,No,No,No,No,No,No,No,No,No,No,No,No,No,No,No,No,No,No,No,No,No,No,62,62,49,53,0.222,0.000,0.000,0.000,0.000,0.000,0.000,0.000,1.200,16.875,12.028,9.169,0.022,16.783,2.219,0.173,0.117,45.0,40.0,55.0,55.0,19.000,300.0,3.6,0.0,0.0,0.0,0.0,638,0,1.0,0.1,4.9,0.0,10.7,1.2,60.9,54.3,0.0,0.1,6.6,1.6,0.5,1.5,0.4,0.4,0.2,1.6,10.1,0.0,0.0,5.9,0.0,0.0,0.0,0.0,0.0,0.0,79.7,17.0,0.0,99.8,86.2,98.2,99.4,97.6,99.5,99.5,99.7,25.5,7.5,43.5,1596.1,16.00,22,22,22,52,74,560,1,2,Yes,No,No,No,No,No,No,No,No,No,Yes,No,No,No,No,No,No,No,No,No,No,No,No,No,No,No,No,No,No,No,No,No,No,No,No,No,No,No,47.0,54,54,52,88.0,100.0,No,No,21506,55883,0.0,0.0,0.0,0.000,0.000,2327,848,12.430,41.633,100.0,0.000,22.9,28.4,62.0,10.4,10.0,10.0,10.0,28.4,61.1,10.5,10.0,10.0,10.0,35.15,95.82,16.12,16.10,100.02,100.02,0.71,2.47,35.15,0.00,28.54,0,
1.2.2026,21:37:28.765,6350,2046,75.6,5459,2424,69.2,0.0,1.131,0.753,0.765,0.775,0.766,0.766,0.766,0.766,0.761,0.761,0.756,0.701,0.766,3411.7,1396.6,1596.1,1596.1,1596.1,1596.1,1596.1,1596.1,1596.1,1596.1,1496.3,99.8,997.6,416.3,33.8,982.0,1043.6,2.0,1.6,617.5,27.5,9.4,129.6,3.8,3.6,1.5,339.7,12.5,0.0,63.1,41.5,21.0,0.0,2.0,11.7,11.3,0.0,0.0,0.0,0.0,63.1,12.5,100.0,26.0,1.1,172.8,120.9,0.1,0.1,9.6,2.7,0.9,2.0,0.8,1.0,0.4,26.0,34.2,43.0,43.0,32.0,32.0,32.0,32.0,32.0,32.0,32.0,32.0,37.0,55,52,69,55,55,55,55,53,53,53,53,45,48,31,45,45,45,45,47,47,47,47,61,69,No,No,No,No,No,No,No,No,No,No,No,No,No,No,No,No,No,No,No,No,No,No,No,No,No,No,No,No,No,No,No,No,No,No,No,No,54,54,50,53,0.222,0.000,0.000,0.000,0.000,0.000,0.000,0.000,1.200,16.875,12.028,9.169,0.022,16.783,2.219,0.173,0.117,45.0,40.0,55.0,55.0,19.000,300.0,3.6,0.0,0.0,0.0,0.0,638,0,1.0,0.1,4.9,0.0,10.7,1.2,60.9,54.3,0.0,0.1,6.6,1.6,0.5,1.5,0.4,0.4,0.2,1.6,10.1,0.0,0.0,5.9,0.0,0.0,0.0,0.0,0.0,0.0,79.7,17.0,0.0,99.8,86.2,98.2,99.4,97.6,99.5,99.5,99.7,25.5,7.5,43.5,1596.1,16.00,22,22,22,52,74,560,1,2,Yes,No,No,No,No,No,No,No,No,No,Yes,No,No,No,No,No,No,No,No,No,No,No,No,No,No,No,No,No,No,No,No,No,No,No,No,No,No,No,47.0,54,54,53,88.0,100.0,No,No,21506,55883,0.0,0.0,0.0,0.000,0.000,2327,848,12.430,41.633,100.0,0.000,22.9,28.4,62.0,10.4,10.0,10.0,10.0,28.4,61.1,10.5,10.0,10.0,10.0,35.15,95.82,16.12,16.10,100.02,100.02,0.71,2.47,35.15,0.00,28.54,0,
1.2.2026,21:37:28.881,6368,2027,75.8,5459,2425,69.2,0.0,1.152,1.151,1.133,1.133,1.133,1.143,1.143,1.143,1.158,1.188,1.188,1.028,0.766,3481.5,4588.8,4289.5,3291.9,3291.9,3291.9,3192.2,3291.9,3192.2,3192.2,3192.2,99.8,3691.0,622.5,27.0,1866.7,1959.1,2.0,1.4,1504.7,34.4,12.9,1978.9,23.6,39.8,19.5,676.0,18.4,0.0,48.1,50.2,0.0,0.0,37.8,30.2,0.0,54.4,0.0,0.0,0.0,54.4,18.4,100.0,47.3,0.9,136.2,142.8,0.1,0.1,113.2,4.1,1.2,160.7,2.4,4.1,2.0,47.3,34.9,46.0,43.0,33.0,33.0,33.0,32.0,33.0,32.0,32.0,32.0,37.0,53,54,48,56,56,56,56,52,52,52,52,47,46,52,44,44,44,44,48,48,48,48,56,56,No,No,No,No,No,No,No,No,No,No,No,No,No,No,No,No,No,No,No,No,No,No,No,No,No,No,No,No,No,No,No,No,No,No,No,No,55,55,49,53,0.222,0.000,0.000,0.000,0.000,0.000,0.000,0.000,1.200,11.563,10.276,7.999,0.006,14.440,1.742,0.144,0.128,45.0,40.0,55.0,55.0,12.000,300.0,3.3,0.0,0.0,0.0,0.0,638,0,0.0,0.0,0.0,0.0,19.6,0.8,49.4,51.1,0.1,0.1,55.6,1.1,0.4,73.6,0.8,1.2,0.6,15.0,44.9,39.2,0.0,39.7,0.0,0.0,26.4,0.0,0.0,0.0,61.0,1.4,8.1,99.9,4.9,98.6,99.5,0.2,99.2,98.7,99.3,1.0,1.2,0.9,1596.1,16.00,22,22,22,52,74,560,1,2,Yes,No,No,No,No,No,No,No,No,No,Yes,No,No,No,No,No,No,No,No,No,No,No,No,No,No,No,No,No,No,No,No,No,No,No,No,No,No,No,47.0,54,54,53,88.0,100.0,No,No,21506,55883,0.0,0.0,0.0,0.000,0.000,2327,848,12.430,41.633,100.0,0.000,22.9,28.4,62.0,10.4,10.0,10.0,10.0,28.4,61.1,10.5,10.0,10.0,10.0,35.19,95.82,16.12,16.10,100.02,100.02,0.69,2.51,35.19,0.00,33.58,0,
1.2.2026,21:37:28.987,6371,2025,75.8,5460,2424,69.2,0.0,1.098,1.097,1.068,1.138,1.085,1.085,1.125,1.125,1.085,1.085,1.085,1.026,0.766,3411.7,4289.5,4289.5,3192.2,3192.2,3192.2,3192.2,3192.2,3192.2,3192.2,3192.2,99.8,3691.0,188.6,25.8,1123.0,784.4,1.6,1.4,214.6,1.4,1.8,104.5,1.5,1.5,1.5,269.3,16.1,0.0,47.1,27.4,38.7,12.4,4.5,12.4,12.4,1.1,12.4,12.4,12.4,47.1,16.1,100.0,13.4,1.1,83.8,46.6,0.1,0.1,19.4,0.2,0.1,8.8,0.2,0.1,0.1,13.3,34.2,43.0,43.0,32.0,32.0,32.0,32.0,32.0,32.0,32.0,32.0,37.0,53,53,55,56,56,56,56,49,49,49,49,47,47,45,44,44,44,44,51,51,51,51,55,56,No,No,No,No,No,No,No,No,No,No,No,No,No,No,No,No,No,No,No,No,No,No,No,No,No,No,No,No,No,No,No,No,No,No,No,No,56,56,50,53,0.222,0.000,0.000,0.000,0.000,0.000,0.000,0.000,1.200,17.500,5.139,2.747,0.006,10.314,1.813,0.126,0.125,45.0,40.0,55.0,55.0,18.000,300.0,4.8,0.0,0.0,0.0,0.0,638,0,2.6,0.3,11.0,0.0,8.1,1.2,49.5,33.1,0.1,0.1,8.1,0.0,0.1,4.6,0.0,0.0,0.0,7.6,27.2,24.1,0.0,0.0,0.0,0.0,24.4,0.0,0.0,0.0,76.1,0.0,0.0,99.9,91.2,99.9,99.9,70.1,99.9,99.9,99.9,31.9,22.0,41.8,1596.1,16.00,22,22,22,52,74,560,1,2,Yes,No,No,No,No,No,No,No,No,No,Yes,No,No,No,No,No,No,No,No,No,No,No,No,No,No,No,No,No,No,No,No,No,No,No,No,No,No,No,47.0,54,54,54,88.0,100.0,No,No,21506,55883,0.0,4.5,4.5,0.000,0.562,2327,848,12.430,41.633,100.0,0.000,22.9,27.4,62.0,10.4,10.0,10.0,10.0,27.5,61.1,10.4,10.0,10.0,10.0,36.43,95.88,16.12,16.10,100.02,100.02,0.69,2.51,36.43,0.00,33.57,0,
1.2.2026,21:37:29.097,6372,2024,75.8,5465,2418,69.3,0.0,0.801,0.832,0.797,0.796,0.796,0.771,0.776,0.814,0.814,0.809,0.809,0.761,0.766,1845.5,2493.9,2493.9,1795.6,1795.6,897.8,1795.6,1795.6,1795.6,1795.6,1795.6,99.8,1895.4,493.4,38.6,1849.7,2712.4,446.0,5.9,635.6,31.1,22.0,138.4,18.3,12.3,10.8,717.7,13.1,0.0,41.9,62.6,19.4,0.0,18.9,11.5,0.0,2.7,0.0,0.0,0.0,62.6,13.1,100.0,39.7,0.8,141.7,213.5,33.5,0.6,66.1,3.1,2.3,11.4,1.8,1.2,1.1,39.7,18.5,25.0,25.0,18.0,18.0,9.0,18.0,18.0,18.0,18.0,18.0,19.0,53,48,50,55,55,55,55,52,52,52,52,47,52,50,45,45,45,45,48,48,48,48,55,56,No,No,No,No,No,No,No,No,No,No,No,No,No,No,No,No,No,No,No,No,No,No,No,No,No,No,No,No,No,No,No,No,No,No,No,No,54,54,49,53,0.222,0.000,0.000,0.000,0.000,0.000,0.000,0.000,1.200,6.875,17.234,14.288,0.018,22.448,2.247,0.216,0.121,45.0,40.0,55.0,55.0,7.000,300.0,3.9,0.0,0.0,0.0,0.0,638,0,2.6,0.3,11.0,0.0,8.1,1.2,49.5,33.1,0.1,0.1,8.1,0.0,0.1,4.6,0.0,0.0,0.0,7.6,27.2,24.1,0.0,0.0,0.0,0.0,24.4,0.0,0.0,0.0,76.1,0.0,0.0,99.9,91.2,99.9,99.9,70.1,99.9,99.9,99.9,31.9,22.0,41.8,1596.1,16.00,22,22,22,52,74,560,1,2,Yes,No,No,No,No,No,No,No,No,No,Yes,No,No,No,No,No,No,No,No,No,No,No,No,No,No,No,No,No,No,No,No,No,No,No,No,No,No,No,47.0,54,54,52,88.0,100.0,No,No,21506,55883,0.0,4.5,4.5,0.000,0.562,2327,848,12.430,41.633,100.0,0.000,22.9,27.4,62.0,10.4,10.0,10.0,10.0,27.5,61.1,10.4,10.0,10.0,10.0,36.43,95.88,16.12,16.10,100.02,100.02,0.69,2.51,36.43,0.00,33.57,0,
1.2.2026,21:37:29.209,6373,2023,75.9,5471,2413,69.3,0.0,1.111,1.118,1.092,1.102,1.137,1.102,1.102,1.106,1.106,1.106,1.141,1.026,0.766,3411.7,4289.5,4289.5,3192.2,3192.2,3192.2,3192.2,3192.2,3192.2,3192.2,3192.2,99.8,3691.0,410.0,32.5,1087.9,1713.2,1.6,1.1,1102.8,153.3,3.5,820.6,1.1,1.3,1.0,512.0,11.5,0.0,30.1,37.7,0.0,10.3,24.8,0.0,10.3,24.6,0.0,0.0,0.0,37.7,11.5,100.0,27.3,1.2,81.2,88.7,0.1,0.1,78.6,3.7,0.1,73.1,0.1,0.1,0.1,26.9,34.2,43.0,43.0,32.0,32.0,32.0,32.0,32.0,32.0,32.0,32.0,37.0,55,52,67,55,55,55,55,53,53,53,53,45,48,33,45,45,45,45,47,47,47,47,55,67,No,No,No,No,No,No,No,No,No,No,No,No,No,No,No,No,No,No,No,No,No,No,No,No,No,No,No,No,No,No,No,No,No,No,No,No,58,58,48,53,0.222,0.000,0.000,0.000,0.000,0.000,0.000,0.000,1.200,20.625,8.664,5.858,0.015,14.238,2.189,0.142,0.120,45.0,40.0,55.0,55.0,22.000,300.0,3.5,0.0,0.0,0.0,0.0,638,0,0.7,0.0,0.0,0.0,13.5,1.6,33.3,50.0,0.1,0.0,40.2,4.8,0.1,31.7,0.0,0.0,0.0,8.5,21.1,0.0,0.0,36.0,0.0,0.0,27.4,0.0,0.0,0.0,67.5,11.3,5.5,99.9,23.3,95.1,99.8,40.4,99.9,99.9,99.9,37.9,32.6,43.2,1596.1,16.00,22,22,22,52,74,560,1,2,Yes,No,No,No,No,No,No,No,No,No,Yes,No,No,No,No,No,No,No,No,No,No,No,No,No,No,No,No,No,No,No,No,No,No,No,No,No,No,No,47.0,54,54,54,88.0,100.0,No,No,21506,55883,0.0,2.9,2.9,0.000,0.035,2327,848,12.429,41.633,100.0,0.000,22.9,26.9,62.1,11.9,11.9,11.9,11.9,26.9,61.2,12.0,11.9,11.9,11.9,37.20,84.03,16.12,16.10,84.09,84.09,0.72,3.65,37.20,0.00,38.66,0,
1.2.2026,21:37:29.317,6373,2023,75.8,5471,2412,69.3,0.0,0.721,0.698,0.713,0.706,0.721,0.722,0.727,0.727,0.727,0.727,0.737,0.651,0.766,3411.7,1496.3,1496.3,1197.1,1296.8,1296.8,1296.8,1296.8,1296.8,1296.8,1396.6,99.8,997.6,410.0,35.5,1961.4,1537.5,513.4,6.0,526.0,77.4,21.1,1129.7,9.9,8.7,6.0,584.8,11.5,0.4,45.8,50.5,36.7,0.1,23.0,7.3,0.5,29.1,12.6,12.6,12.5,50.5,19.3,100.0,27.3,1.0,152.5,168.6,33.3,0.5,74.5,23.4,2.1,100.5,0.8,0.7,0.5,46.9,34.2,15.0,15.0,12.0,13.0,13.0,13.0,13.0,13.0,13.0,14.0,10.0,55,52,67,55,55,55,55,53,53,53,53,45,48,33,45,45,45,45,47,47,47,47,55,67,No,No,No,No,No,No,No,No,No,No,No,No,No,No,No,No,No,No,No,No,No,No,No,No,No,No,No,No,No,No,No,No,No,No,No,No,55,55,49,53,0.222,0.000,0.000,0.000,0.000,0.000,0.000,0.000,1.200,7.188,17.792,14.324,0.011,22.886,2.784,0.211,0.118,45.0,40.0,55.0,55.0,7.000,300.0,3.8,0.0,0.0,0.0,0.0,638,0,0.7,0.0,0.0,0.0,13.5,1.6,33.3,50.0,0.1,0.0,40.2,4.8,0.1,31.7,0.0,0.0,0.0,8.5,21.1,0.0,0.0,36.0,0.0,0.0,27.4,0.0,0.0,0.0,67.5,11.3,5.5,99.9,23.3,95.1,99.8,40.4,99.9,99.9,99.9,37.9,32.6,43.2,1596.1,16.00,22,22,22,52,74,560,1,2,Yes,No,No,No,No,No,No,No,No,No,Yes,No,No,No,No,No,No,No,No,No,No,No,No,No,No,No,No,No,No,No,No,No,No,No,No,No,No,No,47.0,54,54,54,88.0,100.0,No,No,21506,55883,0.0,2.9,2.9,0.000,0.035,2327,848,12.429,41.633,100.0,0.000,22.9,26.9,62.1,11.9,11.9,11.9,11.9,26.9,61.2,12.0,11.9,11.9,11.9,37.20,84.03,16.12,16.10,84.09,84.09,0.72,3.65,37.20,0.00,38.66,0,
1.2.2026,21:37:29.412,6374,2022,75.9,5472,2412,69.4,0.0,1.108,1.092,1.131,1.141,1.106,1.096,1.106,1.102,1.102,1.102,1.102,1.031,0.766,3441.6,4289.5,4588.8,3192.2,3192.2,3192.2,3192.2,3192.2,3192.2,3192.2,3192.2,99.8,3691.0,400.4,1078.7,764.3,1521.4,1.9,1.3,566.3,117.6,70.6,669.6,5.3,4.5,3.5,515.3,9.6,27.2,0.0,40.0,0.0,0.0,0.0,9.4,8.5,22.2,2.6,2.6,2.6,40.0,9.6,100.0,29.1,83.2,52.4,103.8,0.1,0.1,39.5,11.9,7.4,49.5,0.5,0.4,0.3,29.1,34.5,43.0,46.0,32.0,32.0,32.0,32.0,32.0,32.0,32.0,32.0,37.0,55,65,48,59,59,59,59,51,51,51,51,45,35,52,41,41,41,41,49,49,49,49,65,65,No,No,No,No,No,No,No,No,No,No,No,No,No,No,No,No,No,No,No,No,No,No,No,No,No,No,No,No,No,No,No,No,No,No,No,No,60,60,49,53,0.222,0.000,0.000,0.000,0.000,0.000,0.000,0.000,1.200,16.250,17.792,14.324,0.011,22.886,2.784,0.211,0.118,45.0,40.0,55.0,55.0,17.000,300.0,3.8,0.0,0.0,0.0,0.0,638,0,0.0,0.0,0.0,0.0,12.9,25.8,21.1,42.6,0.1,0.1,21.7,7.4,6.6,28.4,0.2,0.2,0.1,14.7,38.7,35.7,0.0,32.4,6.7,0.0,33.4,0.0,0.0,0.0,67.2,1.5,9.2,99.9,45.7,85.2,93.3,37.7,99.7,99.8,99.8,10.4,9.3,11.5,1596.1,16.00,22,22,22,52,74,560,1,2,Yes,No,No,No,No,No,No,No,No,No,Yes,No,No,No,No,No,No,No,No,No,No,No,No,No,No,No,No,No,No,No,No,No,No,No,No,No,No,No,47.0,54,54,53,88.0,100.0,No,No,21506,55883,0.0,0.0,0.0,0.000,0.000,2327,848,12.429,41.633,100.0,0.000,22.9,26.3,62.1,11.9,11.9,11.9,11.9,26.3,60.6,12.0,11.9,11.9,11.9,37.99,84.03,16.11,16.10,84.09,84.09,0.74,3.79,37.99,0.00,42.85,0,
1.2.2026,21:37:29.529,6373,2022,75.9,5478,2406,69.4,0.0,0.805,0.786,0.781,0.807,0.807,0.807,0.812,0.812,0.817,0.812,0.812,0.736,0.766,1935.3,2094.9,2094.9,1895.4,1895.4,1895.4,1895.4,1895.4,1895.4,1895.4,1895.4,99.8,1496.3,480.8,1833.8,10.4,2056.5,10.1,7.5,6.7,580.0,54.6,1150.7,28.4,17.6,13.6,570.0,18.2,44.2,20.5,45.0,29.3,9.1,20.4,14.5,0.0,35.4,0.0,0.0,0.0,45.0,18.2,100.0,41.1,138.5,0.7,156.0,0.7,0.7,0.6,61.5,5.7,122.4,3.0,1.8,1.4,41.1,19.4,21.0,21.0,19.0,19.0,19.0,19.0,19.0,19.0,19.0,19.0,15.0,52,48,48,54,54,54,55,52,52,52,52,48,52,52,46,46,46,45,48,48,48,48,54,55,No,No,No,No,No,No,No,No,No,No,No,No,No,No,No,No,No,No,No,No,No,No,No,No,No,No,No,No,No,No,No,No,No,No,No,No,55,55,49,53,0.222,0.000,0.000,0.000,0.000,0.000,0.000,0.000,1.200,1.875,11.639,8.780,0.009,16.840,2.254,0.154,0.122,45.0,40.0,55.0,55.0,1.000,300.0,4.0,0.0,0.0,0.0,0.0,638,0,1.3,0.0,6.7,0.0,14.0,49.3,0.3,50.5,0.3,0.3,0.2,20.9,2.0,41.9,0.9,0.6,0.4,12.0,26.3,23.5,0.0,0.0,33.5,0.0,36.9,0.0,0.0,0.0,70.4,20.4,25.9,99.7,99.7,43.5,97.5,19.7,98.9,99.3,99.4,1.4,2.8,0.0,1596.1,16.00,22,22,22,52,74,560,1,2,Yes,No,No,No,No,No,No,No,No,No,Yes,No,No,No,No,No,No,No,No,No,No,No,No,No,No,No,No,No,No,No,No,No,No,No,No,No,No,No,47.0,54,54,54,88.0,100.0,No,No,21506,55883,0.0,0.0,0.0,0.000,0.000,2327,848,12.429,41.633,100.0,0.000,22.9,25.4,61.8,11.9,11.9,11.9,11.9,25.4,60.6,12.0,11.9,11.9,11.9,39.35,84.03,16.18,16.18,84.09,84.09,0.74,3.60,39.35,0.00,45.47,0,
1.2.2026,21:37:29.637,6374,2021,75.9,5478,2406,69.4,0.0,1.108,1.098,1.093,1.112,1.112,1.112,1.112,1.112,1.112,1.112,1.112,1.031,0.766,3411.7,4289.5,4289.5,3192.2,3192.2,3192.2,3192.2,3192.2,3192.2,3192.2,3192.2,99.8,3691.0,248.1,655.9,1.9,1578.7,1.6,1.3,1.2,646.6,21.3,52.7,5.2,5.6,4.9,363.6,12.9,20.9,0.0,44.5,11.6,0.0,0.0,29.5,12.1,1.0,11.7,11.7,11.7,44.5,12.9,100.0,20.6,49.9,0.1,115.9,0.1,0.1,0.1,71.7,2.3,5.2,0.5,0.6,0.5,20.5,34.2,43.0,43.0,32.0,32.0,32.0,32.0,32.0,32.0,32.0,32.0,37.0,54,49,65,55,55,55,54,53,53,53,53,46,51,35,45,45,45,46,47,47,47,47,65,65,No,No,No,No,No,No,No,No,No,No,No,No,No,No,No,No,No,No,No,No,No,No,No,No,No,No,No,No,No,No,No,No,No,No,No,No,61,61,49,53,0.222,0.000,0.000,0.000,0.000,0.000,0.000,0.000,1.200,17.188,14.928,12.174,0.015,19.985,2.080,0.199,0.126,45.0,40.0,55.0,55.0,18.000,300.0,3.7,0.0,0.0,0.0,0.0,638,0,2.7,0.0,9.1,0.0,8.7,22.6,0.1,46.9,0.1,0.0,0.0,30.8,0.7,2.6,0.2,0.2,0.2,3.9,11.1,14.4,0.0,0.0,0.3,0.0,13.3,0.0,0.0,0.0,76.0,0.0,11.1,99.9,99.9,66.8,99.2,83.4,99.7,99.8,99.8,45.4,64.7,26.2,1596.1,16.00,22,22,22,52,74,560,1,2,Yes,No,No,No,No,No,No,No,No,No,Yes,No,No,No,No,No,No,No,No,No,No,No,No,No,No,No,No,No,No,No,No,No,No,No,No,No,No,No,47.0,54,54,53,88.0,100.0,No,No,21506,55883,0.0,0.0,0.0,0.000,0.000,2327,848,12.429,41.633,100.0,0.000,22.9,25.4,61.8,11.9,11.9,11.9,11.9,25.4,61.3,12.0,11.9,11.9,11.9,39.34,84.03,16.18,16.18,84.09,84.09,0.77,3.83,39.34,0.00,42.77,0,
1.2.2026,21:37:29.752,6374,2021,75.9,5478,2406,69.4,0.0,0.832,0.827,0.837,0.842,0.837,0.857,0.827,0.827,0.827,0.822,0.817,0.786,0.766,1715.8,2892.9,2892.9,1995.1,997.6,997.6,997.6,997.6,1795.6,1795.6,1795.6,99.8,2294.4,438.3,1807.5,2.0,2133.6,1.8,7.5,1.2,926.6,77.0,228.6,56.4,10.0,7.8,619.6,13.8,53.9,0.0,52.3,0.0,0.0,0.0,32.9,12.5,13.4,0.9,0.0,0.0,53.9,13.8,100.0,36.5,135.6,0.1,166.4,0.1,0.7,0.1,97.4,4.9,24.8,6.1,1.0,0.7,36.5,17.2,29.0,29.0,20.0,10.0,10.0,10.0,10.0,18.0,18.0,18.0,23.0,52,50,47,54,54,54,53,51,51,51,51,48,50,53,46,46,46,47,49,49,49,49,54,54,No,No,No,No,No,No,No,No,No,No,No,No,No,No,No,No,No,No,No,No,No,No,No,No,No,No,No,No,No,No,No,No,No,No,No,No,55,55,49,53,0.222,0.000,0.000,0.000,0.000,0.000,0.000,0.000,1.200,4.688,7.467,5.127,0.022,12.657,1.752,0.142,0.120,45.0,40.0,55.0,55.0,3.000,300.0,4.7,0.0,0.0,0.0,0.0,638,0,0.4,0.0,0.5,0.0,14.1,50.9,0.1,54.7,0.1,0.3,0.1,36.9,5.8,16.2,3.7,0.4,0.3,5.4,10.4,20.0,0.0,0.0,23.5,0.0,0.0,0.0,0.0,0.0,73.0,0.0,21.7,99.7,99.9,37.5,93.9,82.3,96.1,99.5,99.6,19.2,35.8,2.7,1596.1,16.00,22,22,22,52,74,560,1,2,Yes,No,No,No,No,No,No,No,No,No,Yes,No,No,No,No,No,No,No,No,No,No,No,No,No,No,No,No,No,No,No,No,No,No,No,No,No,No,No,47.0,54,54,53,88.0,100.0,No,No,21506,55883,0.0,0.0,0.0,0.000,0.000,2327,848,12.429,41.633,100.0,0.000,22.9,24.8,61.8,11.9,11.9,11.9,11.9,24.8,61.4,12.0,11.9,11.9,11.9,40.26,83.93,16.19,16.19,84.09,84.09,0.83,3.94,40.26,0.00,47.22,0,
1.2.2026,21:37:29.855,6372,2023,75.8,5461,2422,69.2,0.0,1.127,1.124,1.114,1.159,1.159,1.114,1.114,1.159,1.109,1.109,1.109,1.031,0.766,3411.7,4289.5,4289.5,3192.2,3192.2,3192.2,3192.2,3192.2,3192.2,3192.2,3192.2,99.8,3691.0,467.6,1330.6,12.1,2857.6,7.5,7.4,8.4,508.3,242.4,537.2,64.3,23.6,11.2,621.8,26.1,33.1,47.2,72.4,42.8,14.2,14.2,26.0,2.1,27.7,4.0,14.6,14.3,72.4,26.1,100.0,39.2,100.4,0.8,212.5,0.5,0.7,0.9,56.1,29.2,58.7,7.1,2.5,1.2,39.2,34.2,43.0,43.0,32.0,32.0,32.0,32.0,32.0,32.0,32.0,32.0,37.0,55,52,67,55,55,55,53,53,53,53,53,45,48,33,45,45,45,47,47,47,47,47,64,67,No,No,No,No,No,No,No,No,No,No,No,No,No,No,No,No,No,No,No,No,No,No,No,No,No,No,No,No,No,No,No,No,No,No,No,No,65,65,49,53,0.222,0.000,0.000,0.000,0.000,0.000,0.000,0.000,1.200,16.875,14.056,11.108,0.015,19.384,2.244,0.206,0.123,45.0,40.0,55.0,55.0,17.000,300.0,3.5,0.0,0.0,0.0,0.0,638,0,0.0,0.0,0.0,0.0,15.5,42.8,0.4,74.3,0.2,0.2,0.3,24.8,12.0,27.0,2.3,0.8,0.4,4.6,20.4,18.9,0.0,0.0,0.1,7.1,0.0,0.0,0.0,0.0,72.1,0.0,3.2,99.7,99.6,72.7,79.8,70.3,97.4,99.1,99.6,18.3,33.6,2.9,1596.1,16.00,22,22,22,52,74,560,1,2,Yes,No,No,No,No,No,No,No,No,No,Yes,No,No,No,No,No,No,No,No,No,No,No,No,No,No,No,No,No,No,No,No,No,No,No,No,No,No,No,46.0,54,54,53,88.0,100.0,No,No,21506,55883,0.0,0.0,0.0,0.000,0.000,2327,848,12.429,41.633,100.0,0.000,22.9,24.4,61.8,11.9,11.9,11.9,11.9,24.4,61.4,12.0,11.9,11.9,11.9,40.97,83.93,16.17,16.17,84.09,84.09,0.86,3.50,40.97,0.00,48.66,0,
1.2.2026,21:37:29.966,6373,2023,75.9,5461,2422,69.2,0.0,0.772,0.746,0.727,0.776,0.786,0.786,0.781,0.776,0.781,0.781,0.781,0.651,0.766,1675.9,1496.3,1695.9,1695.9,1695.9,1695.9,1695.9,1695.9,1695.9,1695.9,1695.9,99.8,897.8,439.1,2054.6,8.4,1397.7,26.3,6.1,4.8,294.0,472.9,951.7,30.4,11.9,10.6,533.1,15.2,56.1,0.0,45.4,0.0,0.0,0.0,19.7,23.3,37.3,0.0,0.0,0.0,56.1,15.2,100.0,38.8,157.2,0.5,121.0,1.2,0.5,0.4,30.1,49.2,100.4,3.1,1.2,1.0,38.8,16.8,15.0,17.0,17.0,17.0,17.0,17.0,17.0,17.0,17.0,17.0,9.0,55,48,49,54,54,54,53,51,51,51,51,45,52,51,46,46,46,47,49,49,49,49,64,67,No,No,No,No,No,No,No,No,No,No,No,No,No,No,No,No,No,No,No,No,No,No,No,No,No,No,No,No,No,No,No,No,No,No,No,No,54,54,50,52,0.222,0.000,0.000,0.000,0.000,0.000,0.000,0.000,1.200,13.438,13.576,11.014,0.024,18.027,1.936,0.181,0.125,45.0,40.0,55.0,55.0,15.000,300.0,3.9,0.0,0.0,0.0,0.0,638,0,0.0,0.0,0.0,0.0,15.5,42.8,0.4,74.3,0.2,0.2,0.3,24.8,12.0,27.0,2.3,0.8,0.4,4.6,20.4,18.9,0.0,0.0,0.1,7.1,0.0,0.0,0.0,0.0,72.1,0.0,3.2,99.7,99.6,72.7,79.8,70.3,97.4,99.1,99.6,18.3,33.6,2.9,1596.1,16.00,22,22,22,52,74,560,1,2,Yes,No,No,No,No,No,No,No,No,No,Yes,No,No,No,No,No,No,No,No,No,No,No,No,No,No,No,No,No,No,No,No,No,No,No,No,No,No,No,46.0,54,54,53,88.0,100.0,No,No,21506,55883,0.0,0.0,0.0,0.000,0.000,2327,848,12.429,41.633,100.0,0.000,22.9,24.4,61.8,11.9,11.9,11.9,11.9,24.4,61.4,12.0,11.9,11.9,11.9,40.97,83.93,16.17,16.17,84.09,84.09,0.86,3.50,40.97,0.00,48.66,0,
1.2.2026,21:37:30.074,6375,2021,75.9,5474,2410,69.4,0.0,1.089,1.146,1.124,0.989,1.089,1.119,1.089,1.089,1.079,1.089,1.079,1.028,0.766,3471.5,4588.8,4588.8,3192.2,3192.2,3192.2,3192.2,3192.2,3192.2,3192.2,3192.2,99.8,3691.0,526.8,1868.7,2.2,2550.5,1.6,6.4,5.6,841.9,14.5,1009.4,7.6,7.7,5.7,661.4,15.4,39.0,0.0,57.0,0.0,9.6,9.6,16.6,0.0,23.8,9.7,9.6,9.6,57.0,15.4,100.0,38.0,122.9,0.1,176.6,0.1,0.5,0.5,64.1,1.3,88.4,0.7,0.7,0.5,38.0,34.8,46.0,46.0,32.0,32.0,32.0,32.0,32.0,32.0,32.0,32.0,37.0,55,58,48,57,57,57,57,53,53,53,53,45,42,52,43,43,43,43,47,47,47,47,58,58,No,No,No,No,No,No,No,No,No,No,No,No,No,No,No,No,No,No,No,No,No,No,No,No,No,No,No,No,No,No,No,No,No,No,No,No,66,66,49,53,0.222,0.000,0.000,0.000,0.000,0.000,0.000,0.000,1.200,15.938,13.576,11.014,0.024,18.027,1.936,0.181,0.125,45.0,40.0,55.0,55.0,17.000,300.0,4.6,0.0,0.0,0.0,0.0,638,0,0.0,0.0,0.0,0.0,14.9,49.8,0.1,65.2,0.1,0.2,0.2,28.1,0.6,33.6,0.3,0.3,0.2,13.6,42.4,24.0,0.0,0.0,38.3,0.0,31.2,0.0,0.0,0.0,66.9,0.0,5.4,99.7,99.7,32.7,99.1,33.9,99.6,99.7,99.7,5.9,6.8,5.0,1596.1,16.00,22,22,22,52,74,560,1,2,Yes,No,No,No,No,No,No,No,No,No,Yes,No,No,No,No,No,No,No,No,No,No,No,No,No,No,No,No,No,No,No,No,No,No,No,No,No,No,No,47.0,54,54,52,88.0,100.0,No,No,21506,55883,0.0,0.0,0.0,0.000,0.000,2327,848,12.429,41.633,100.0,0.000,22.9,23.8,61.8,12.0,12.0,12.0,12.0,23.8,61.4,12.0,12.0,12.0,12.0,42.02,83.38,16.17,16.17,83.39,83.39,0.86,4.06,42.02,0.00,47.81,0,
1.2.2026,21:37:30.194,6375,2021,75.9,5474,2410,69.4,0.0,0.778,0.827,0.785,0.775,0.775,0.770,0.775,0.770,0.770,0.770,0.765,0.766,0.766,1655.9,1895.4,1795.6,1695.9,1695.9,1695.9,997.6,1695.9,1695.9,1695.9,1695.9,99.8,1296.8,363.0,1112.1,6.4,1681.9,1.6,7.0,6.8,562.3,39.7,913.8,9.0,7.4,8.3,427.2,14.4,30.5,25.2,41.3,0.0,0.0,0.0,26.3,17.0,32.2,0.0,0.0,0.0,41.3,14.4,100.0,31.6,83.3,0.4,128.6,0.1,0.7,0.6,60.6,4.2,98.4,0.9,0.8,0.8,31.6,16.6,19.0,18.0,17.0,17.0,17.0,10.0,17.0,17.0,17.0,17.0,13.0,52,48,47,54,54,54,54,51,51,51,51,48,52,53,46,46,46,46,49,49,49,49,55,54,No,No,No,No,No,No,No,No,No,No,No,No,No,No,No,No,No,No,No,No,No,No,No,No,No,No,No,No,No,No,No,No,No,No,No,No,53,53,50,53,0.222,0.000,0.000,0.000,0.000,0.000,0.000,0.000,1.200,1.563,15.431,12.626,0.018,20.439,2.179,0.172,0.112,45.0,40.0,55.0,55.0,1.000,300.0,4.8,0.0,0.0,0.0,0.0,638,0,0.9,0.0,1.8,0.0,10.8,29.1,0.3,40.4,0.1,0.2,0.2,24.6,1.8,31.5,0.4,0.3,0.3,9.4,20.4,41.2,0.0,0.0,28.5,0.0,3.8,0.0,0.0,0.0,72.1,0.0,18.3,99.6,99.6,44.5,98.0,62.3,99.5,99.6,99.6,23.7,47.4,0.0,1596.1,16.00,22,22,22,52,74,560,1,2,Yes,No,No,No,No,No,No,No,No,No,Yes,No,No,No,No,No,No,No,No,No,No,No,No,No,No,No,No,No,No,No,No,No,No,No,No,No,No,No,47.0,54,54,53,88.0,100.0,No,No,21506,55883,0.0,0.0,0.0,0.000,0.000,2327,848,12.429,41.633,100.0,0.000,22.9,22.8,61.8,10.4,10.1,10.0,10.0,22.8,61.4,10.3,10.0,10.0,10.0,43.92,96.35,16.17,16.17,99.79,99.79,0.91,4.13,43.92,0.00,50.67,0,
1.2.2026,21:37:30.301,6376,2020,75.9,5474,2410,69.4,0.0,1.101,1.108,1.106,1.091,1.106,1.121,0.991,1.106,1.136,1.101,1.141,1.031,0.766,3411.7,4289.5,4289.5,3192.2,3192.2,3192.2,3192.2,3192.2,3192.2,3192.2,3192.2,99.8,3691.0,344.1,1285.7,25.7,1755.9,1.7,7.1,6.1,734.1,19.2,220.1,55.9,10.0,7.9,479.4,19.5,35.2,29.9,51.1,29.6,12.1,0.0,29.8,0.0,9.0,13.4,12.1,12.0,51.1,19.5,100.0,27.9,97.2,1.9,131.7,0.1,0.6,0.6,72.1,1.9,21.1,6.0,1.0,0.6,27.9,34.2,43.0,43.0,32.0,32.0,32.0,32.0,32.0,32.0,32.0,32.0,37.0,54,51,62,55,55,55,55,53,53,53,53,46,49,38,45,45,45,45,47,47,47,47,64,62,No,No,No,No,No,No,No,No,No,No,No,No,No,No,No,No,No,No,No,No,No,No,No,No,No,No,No,No,No,No,No,No,No,No,No,No,56,56,49,53,0.222,0.000,0.000,0.000,0.000,0.000,0.000,0.000,1.200,15.625,12.571,9.787,0.017,17.621,2.099,0.170,0.138,45.0,40.0,55.0,55.0,15.000,300.0,2.2,0.0,0.0,0.0,0.0,638,0,0.3,0.0,0.0,0.0,11.8,37.5,0.7,53.1,0.1,0.2,0.2,34.7,0.7,11.3,1.8,0.4,0.3,11.9,30.1,31.5,0.0,0.0,35.2,0.0,21.9,0.0,0.0,0.0,69.6,0.0,6.4,99.7,99.7,28.3,99.1,65.5,98.0,99.5,99.6,19.8,31.1,8.6,1596.1,16.00,22,22,22,52,74,560,1,2,Yes,No,No,No,No,No,No,No,No,No,Yes,No,No,No,No,No,No,No,No,No,No,No,No,No,No,No,No,No,No,No,No,No,No,No,No,No,No,No,47.0,54,54,53,88.0,100.0,No,No,21506,55883,0.0,0.0,0.0,0.000,0.000,2327,848,12.429,41.633,100.0,0.000,22.9,23.1,61.7,10.3,10.1,10.0,10.0,23.1,61.4,10.3,10.0,10.0,10.0,43.37,96.67,16.20,16.17,99.79,99.79,0.93,3.84,43.37,0.00,53.22,0,
1.2.2026,21:37:30.408,6377,2019,75.9,5474,2410,69.4,0.0,0.886,0.982,0.905,0.888,0.873,0.873,0.873,0.877,0.862,0.862,0.862,0.913,0.766,2583.7,3790.7,3591.2,2394.1,2294.4,2294.4,2294.4,2294.4,2294.4,2294.4,2294.4,99.8,3291.9,182.6,831.1,1.6,1007.4,1.5,1.2,1.3,308.7,3.0,32.0,1.2,1.1,1.1,269.5,7.3,23.7,0.0,28.8,24.6,0.0,5.8,4.6,0.0,0.0,0.0,0.0,0.0,28.8,7.3,100.0,13.8,60.1,0.1,72.5,0.1,0.1,0.2,28.8,0.3,3.4,0.2,0.1,0.2,13.9,25.9,38.0,36.0,24.0,23.0,23.0,23.0,23.0,23.0,23.0,23.0,33.0,52,50,53,54,54,54,54,50,50,50,50,48,50,47,46,46,46,46,50,50,50,50,53,54,No,No,No,No,No,No,No,No,No,No,No,No,No,No,No,No,No,No,No,No,No,No,No,No,No,No,No,No,No,No,No,No,No,No,No,No,53,53,49,53,0.217,0.000,0.000,0.000,0.000,0.000,0.000,0.000,1.200,2.813,10.553,7.810,0.009,15.854,2.133,0.168,0.108,45.0,40.0,55.0,55.0,1.000,300.0,3.8,0.0,0.0,0.0,0.0,638,0,4.9,1.0,11.2,0.0,6.9,30.7,0.1,35.9,0.0,0.1,0.0,13.5,0.1,1.9,0.0,0.0,0.0,4.8,24.4,0.1,0.0,0.0,23.4,0.0,0.0,0.0,0.0,0.0,82.3,0.0,64.0,99.9,99.9,61.9,99.8,97.3,99.9,99.9,99.9,21.8,43.6,0.0,1596.1,16.00,22,22,22,52,74,560,1,2,Yes,No,No,No,No,No,No,No,No,No,Yes,No,No,No,No,No,No,No,No,No,No,No,No,No,No,No,No,No,No,No,No,No,No,No,No,No,No,No,47.0,54,54,52,88.0,100.0,No,No,21506,55883,0.0,3.0,3.0,0.000,0.419,2327,848,12.429,41.633,100.0,0.000,22.9,20.7,61.6,10.0,10.0,10.0,10.0,20.7,61.4,10.0,10.0,10.0,10.0,48.32,100.05,16.24,16.17,100.11,100.11,1.00,4.51,48.32,0.00,59.84,0,
1.2.2026,21:37:30.520,6377,2019,75.9,5474,2410,69.4,0.0,1.097,1.135,1.115,1.145,1.160,1.125,1.140,1.160,1.010,0.992,0.992,1.028,0.766,3411.7,4289.5,4289.5,3192.2,3192.2,3192.2,3192.2,3192.2,3192.2,3192.2,3192.2,99.8,3691.0,529.5,2035.2,9.6,3266.3,7.3,18.5,11.2,732.7,40.2,181.7,17.2,15.6,18.2,765.1,18.5,49.2,32.7,76.6,3.8,4.2,4.0,25.3,4.8,9.3,4.1,4.1,4.2,76.6,18.5,100.0,42.6,154.2,0.6,253.3,0.4,1.8,1.1,73.5,4.0,18.1,1.5,1.4,1.7,42.6,34.2,43.0,43.0,32.0,32.0,32.0,32.0,32.0,32.0,32.0,32.0,37.0,54,49,55,55,55,55,55,53,53,53,53,46,51,45,45,45,45,45,47,47,47,47,55,55,No,No,No,No,No,No,No,No,No,No,No,No,No,No,No,No,No,No,No,No,No,No,No,No,No,No,No,No,No,No,No,No,No,No,No,No,66,66,49,53,0.222,0.000,0.000,0.000,0.000,0.000,0.000,0.000,1.200,16.875,6.525,4.032,0.010,11.610,1.941,0.120,0.124,45.0,40.0,55.0,55.0,19.000,300.0,5.0,0.0,0.0,0.0,0.0,638,0,0.0,0.0,0.0,0.0,13.4,48.4,0.3,75.8,0.2,0.6,0.4,25.3,1.3,6.8,0.6,0.6,0.6,9.0,28.3,16.7,0.0,0.0,44.8,0.0,0.0,0.0,0.0,0.0,72.2,0.0,7.5,99.2,99.5,28.3,98.5,92.0,99.1,99.2,99.2,10.4,20.8,0.0,1596.1,16.00,22,22,22,52,74,560,1,2,Yes,No,No,No,No,No,No,No,No,No,Yes,No,No,No,No,No,No,No,No,No,No,No,No,No,No,No,No,No,No,No,No,No,No,No,No,No,No,No,47.0,54,54,53,88.0,100.0,No,No,21506,55883,0.0,0.0,0.0,0.000,0.000,2327,848,12.429,41.633,100.0,0.000,22.9,21.7,61.7,10.0,10.0,10.0,10.0,21.7,60.8,10.0,10.0,10.0,10.0,46.01,100.05,16.22,16.17,100.11,100.11,0.99,3.98,46.01,0.00,58.60,0,
1.2.2026,21:37:30.615,6377,2019,75.9,5474,2410,69.4,0.0,1.111,1.088,1.078,1.116,1.101,1.176,1.141,1.101,1.101,1.101,1.101,1.026,0.766,2902.9,4289.5,1396.6,997.6,3192.2,3192.2,3192.2,3192.2,3192.2,3192.2,3192.2,99.8,3691.0,201.8,832.3,1.6,1393.8,1.4,1.3,1.4,163.7,4.3,9.8,4.3,3.9,4.3,300.0,5.6,24.2,0.0,39.3,0.0,0.0,0.0,4.0,0.0,0.0,0.0,0.0,0.0,39.3,5.6,100.0,12.9,60.1,0.1,75.0,0.1,0.1,0.1,17.1,0.2,1.0,0.2,0.2,0.2,12.9,29.1,43.0,14.0,10.0,32.0,32.0,32.0,32.0,32.0,32.0,32.0,37.0,54,53,65,53,53,53,53,51,53,53,53,46,47,35,47,47,47,47,49,47,47,47,54,65,No,No,No,No,No,No,No,No,No,No,No,No,No,No,No,No,No,No,No,No,No,No,No,No,No,No,No,No,No,No,No,No,No,No,No,No,53,53,49,52,0.217,0.000,0.000,0.000,0.000,0.000,0.000,0.000,1.200,7.813,18.000,14.826,0.024,22.989,2.445,0.225,0.122,45.0,40.0,55.0,55.0,5.000,300.0,2.3,0.0,0.0,0.0,0.0,638,0,3.8,0.2,16.7,0.0,7.3,29.0,0.1,49.1,0.1,0.1,0.0,7.5,0.1,0.9,0.1,0.1,0.1,7.3,26.2,27.5,0.0,0.0,19.4,0.0,0.0,0.0,0.0,0.0,79.4,0.0,23.4,99.9,99.9,72.7,99.8,98.4,99.8,99.8,99.8,21.7,43.3,0.0,1596.1,16.00,22,22,22,52,74,560,1,2,Yes,No,No,No,No,No,No,No,No,No,Yes,No,No,No,No,No,No,No,No,No,No,No,No,No,No,No,No,No,No,No,No,No,No,No,No,No,No,No,47.0,54,54,52,88.0,100.0,No,No,21506,55883,0.0,0.0,0.0,0.000,0.000,2327,848,12.429,41.633,100.0,0.000,22.9,21.4,61.7,10.0,10.0,10.0,10.0,21.4,60.8,10.0,10.0,10.0,10.0,46.83,100.12,16.22,16.17,100.12,100.12,0.97,3.96,46.83,0.00,56.21,0,
1.2.2026,21:37:30.729,6376,2020,75.9,5474,2409,69.4,0.0,0.755,0.810,0.780,0.785,0.775,0.670,0.735,0.745,0.750,0.750,0.750,0.746,0.766,1486.4,2194.6,2194.6,997.6,1496.3,997.6,1496.3,997.6,1496.3,1496.3,1496.3,99.8,1596.1,469.4,1440.6,1.6,2891.6,1.6,8.3,3.7,885.6,57.4,312.7,12.3,8.8,8.3,661.3,15.0,33.2,0.0,70.5,29.4,0.0,0.0,24.7,13.2,8.7,0.0,0.0,0.0,70.5,15.0,100.0,39.2,108.7,0.1,240.8,0.1,0.7,0.4,83.7,5.0,27.7,1.3,1.1,1.0,39.2,14.9,22.0,22.0,10.0,15.0,10.0,15.0,10.0,15.0,15.0,15.0,16.0,52,44,48,54,54,54,54,52,52,52,52,48,56,52,46,46,46,46,48,48,48,48,53,54,No,No,No,No,No,No,No,No,No,No,No,No,No,No,No,No,No,No,No,No,No,No,No,No,No,No,No,No,No,No,No,No,No,No,No,No,57,57,49,53,0.222,0.000,0.000,0.000,0.000,0.000,0.000,0.000,1.200,4.063,5.655,3.300,0.020,10.158,1.828,0.108,0.125,45.0,40.0,55.0,55.0,3.000,300.0,4.3,0.0,0.0,0.0,0.0,638,0,0.0,0.0,0.0,0.0,12.5,35.5,0.1,66.5,0.1,0.3,0.1,30.5,2.9,13.0,0.5,0.3,0.3,10.7,18.4,29.7,0.0,0.0,32.7,0.0,26.4,0.0,0.0,0.0,69.2,0.0,3.8,99.6,99.8,34.8,96.7,58.8,99.3,99.5,99.5,21.6,43.3,0.0,1596.1,16.00,22,22,22,52,74,560,1,2,Yes,No,No,No,No,No,No,No,No,No,Yes,No,No,No,No,No,No,No,No,No,No,No,No,No,No,No,No,No,No,No,No,No,No,No,No,No,No,No,47.0,54,54,52,88.0,100.0,No,No,21506,55883,0.0,0.0,0.0,0.000,0.000,2327,848,12.429,41.633,100.0,0.000,22.9,21.7,61.1,10.0,10.0,10.0,10.0,21.7,60.8,10.0,10.0,10.0,10.0,46.05,100.12,16.37,16.35,100.12,100.12,0.92,4.23,46.05,0.00,58.61,0,
1.2.2026,21:37:30.839,6367,2029,75.8,5468,2415,69.3,0.0,1.116,1.123,1.092,1.132,1.137,1.132,1.092,1.137,1.092,1.117,1.107,1.031,0.766,3441.6,4588.8,4289.5,3192.2,3192.2,3192.2,3192.2,3192.2,3192.2,3192.2,3192.2,99.8,3691.0,329.8,1474.4,1.7,1645.4,1.3,3.0,1.1,497.8,13.7,309.3,4.0,4.1,2.0,454.8,14.5,47.7,14.1,52.5,0.0,4.7,0.0,26.9,0.0,12.4,5.2,5.2,5.1,52.5,14.5,100.0,26.9,110.4,0.1,125.4,0.1,0.3,0.1,50.0,1.7,33.9,0.4,0.4,0.2,26.9,34.5,46.0,43.0,32.0,32.0,32.0,32.0,32.0,32.0,32.0,32.0,37.0,55,61,50,58,58,58,58,51,51,51,51,45,39,50,42,42,42,42,49,49,49,49,61,61,No,No,No,No,No,No,No,No,No,No,No,No,No,No,No,No,No,No,No,No,No,No,No,No,No,No,No,No,No,No,No,No,No,No,No,No,56,56,49,52,0.222,0.000,0.000,0.000,0.000,0.000,0.000,0.000,1.200,17.500,16.772,13.671,0.020,21.652,2.416,0.206,0.122,45.0,40.0,55.0,55.0,18.000,300.0,2.9,0.0,0.0,0.0,0.0,638,0,1.6,0.0,5.1,2.4,12.0,47.4,0.1,51.5,0.1,0.1,0.0,25.8,0.8,18.3,0.2,0.2,0.1,5.7,21.1,21.0,0.0,0.0,14.6,0.0,0.0,0.0,0.0,0.0,75.8,0.0,20.5,99.8,99.9,58.6,99.0,80.4,99.8,99.8,99.8,18.4,30.0,6.9,1596.1,16.00,22,22,22,52,74,560,1,2,Yes,No,No,No,No,No,No,No,No,No,Yes,No,No,No,No,No,No,No,No,No,No,No,No,No,No,No,No,No,No,No,No,No,No,No,No,No,No,No,47.0,54,54,52,88.0,100.0,No,No,21506,55883,0.0,0.0,0.0,0.000,0.000,2327,848,12.430,41.633,100.0,0.000,22.9,21.7,61.1,10.0,10.0,10.0,10.0,21.7,60.8,10.0,10.0,10.0,10.0,46.05,100.12,16.37,16.35,100.12,100.12,0.92,4.23,46.05,0.00,58.61,0,
1.2.2026,21:37:30.957,6368,2027,75.8,5468,2415,69.3,0.0,0.761,0.753,0.763,0.758,0.771,0.766,0.761,0.761,0.756,0.761,0.761,0.713,0.766,1606.1,1596.1,1695.9,1596.1,1596.1,1596.1,1596.1,1596.1,1596.1,1596.1,1596.1,99.8,997.6,479.6,1807.7,16.5,2571.4,9.5,14.7,11.6,720.5,91.4,473.0,12.7,13.1,13.3,655.4,19.8,46.4,29.5,62.9,5.9,0.0,6.0,33.1,22.0,32.1,0.0,0.0,0.0,62.9,19.8,100.0,39.9,136.7,1.1,199.2,0.7,1.5,1.1,77.0,9.8,48.3,1.2,1.2,1.3,39.9,16.1,16.0,17.0,16.0,16.0,16.0,16.0,16.0,16.0,16.0,16.0,10.0,52,48,48,55,55,55,55,51,51,51,51,48,52,52,45,45,45,45,49,49,49,49,55,55,No,No,No,No,No,No,No,No,No,No,No,No,No,No,No,No,No,No,No,No,No,No,No,No,No,No,No,No,No,No,No,No,No,No,No,No,56,56,49,53,0.222,0.000,0.000,0.000,0.000,0.000,0.000,0.000,1.200,1.563,9.205,6.349,0.009,14.240,2.269,0.149,0.117,45.0,40.0,55.0,55.0,1.000,300.0,4.7,0.0,0.0,0.0,0.0,638,0,0.0,0.0,0.0,0.0,13.4,44.6,0.5,61.1,0.3,0.5,0.4,30.3,3.6,18.3,0.5,0.5,0.5,12.6,22.6,37.7,0.0,0.0,42.3,0.0,23.2,0.0,0.0,0.0,69.1,15.7,1.2,99.3,99.5,25.8,96.0,55.7,99.2,99.3,99.3,7.9,15.9,0.0,1596.1,16.00,22,22,22,52,74,560,1,2,Yes,No,No,No,No,No,No,No,No,No,Yes,No,No,No,No,No,No,No,No,No,No,No,No,No,No,No,No,No,No,No,No,No,No,No,No,No,No,No,47.0,54,54,52,88.0,100.0,No,No,21506,55883,0.0,0.0,0.0,0.000,0.000,2327,848,12.430,41.633,100.0,0.000,22.9,21.7,62.9,9.9,9.9,9.9,9.9,21.7,60.6,10.0,10.0,10.0,10.0,46.01,100.84,15.89,15.79,101.02,101.02,0.92,4.58,46.01,0.00,58.71,0,
1.2.2026,21:37:31.059,6372,2024,75.8,5468,2415,69.3,0.0,1.115,1.139,1.112,1.148,1.148,1.118,1.158,1.013,1.173,1.128,1.013,1.031,0.766,3411.7,4289.5,4289.5,3192.2,3192.2,3192.2,3192.2,3192.2,3192.2,3192.2,3192.2,99.8,3691.0,251.7,674.6,2.0,1671.5,1.2,1.3,1.1,364.1,5.2,284.5,5.1,4.5,5.6,340.1,11.1,24.1,12.4,45.1,22.1,0.0,0.0,14.1,0.0,15.2,0.0,0.0,0.0,45.1,11.1,100.0,18.5,52.2,0.1,105.6,0.1,0.1,0.1,35.1,0.1,28.6,0.1,0.1,0.1,18.5,34.2,43.0,43.0,32.0,32.0,32.0,32.0,32.0,32.0,32.0,32.0,37.0,53,47,66,53,53,53,53,51,51,51,51,47,53,34,47,47,47,47,49,49,49,49,62,66,No,No,No,No,No,No,No,No,No,No,No,No,No,No,No,No,No,No,No,No,No,No,No,No,No,No,No,No,No,No,No,No,No,No,No,No,53,53,50,52,0.222,0.000,0.000,0.000,0.000,0.000,0.000,0.000,1.200,9.375,15.783,12.997,0.010,20.845,2.099,0.214,0.118,45.0,40.0,55.0,55.0,7.000,300.0,1.9,0.0,0.0,0.0,0.0,638,0,2.9,0.2,4.5,8.1,9.2,25.3,0.1,51.0,0.0,0.1,0.1,16.9,0.2,16.6,0.2,0.2,0.2,6.3,12.1,9.0,0.0,0.0,24.6,0.0,16.8,0.0,0.0,0.0,74.7,0.0,24.8,99.9,99.9,57.7,99.7,65.9,99.7,99.8,99.7,37.3,60.0,14.6,1596.1,16.00,22,22,22,52,74,560,1,2,Yes,No,No,No,No,No,No,No,No,No,Yes,No,No,No,No,No,No,No,No,No,No,No,No,No,No,No,No,No,No,No,No,No,No,No,No,No,No,No,47.0,54,54,52,88.0,100.0,No,No,21506,55883,0.0,0.0,0.0,0.000,0.000,2327,848,12.430,41.633,100.0,0.000,22.9,21.4,62.9,9.9,9.9,9.9,9.9,21.4,60.6,10.0,10.0,10.0,10.0,46.83,100.84,15.89,15.79,101.02,101.02,0.91,4.85,46.83,0.00,55.62,0,
1.2.2026,21:37:31.176,6372,2024,75.8,5468,2415,69.3,0.0,0.697,0.671,0.690,0.702,0.697,0.699,0.699,0.704,0.704,0.704,0.704,0.631,0.766,1167.1,1396.6,1496.3,1097.3,1097.3,1097.3,1097.3,1097.3,1097.3,1097.3,1097.3,99.8,798.0,427.0,1681.3,16.4,2442.9,4.3,10.8,6.5,799.1,51.6,68.6,11.3,11.8,18.9,626.6,17.5,38.5,20.7,60.7,0.0,10.6,10.5,23.6,11.8,0.4,10.8,10.8,11.0,60.7,17.5,100.0,35.8,125.6,1.2,204.0,0.2,1.0,0.6,79.5,5.4,6.5,1.4,1.4,2.3,35.8,11.7,14.0,15.0,11.0,11.0,11.0,11.0,11.0,11.0,11.0,11.0,8.0,51,48,47,53,53,53,53,51,51,51,51,49,52,53,47,47,47,47,49,49,49,49,54,53,No,No,No,No,No,No,No,No,No,No,No,No,No,No,No,No,No,No,No,No,No,No,No,No,No,No,No,No,No,No,No,No,No,No,No,No,65,65,49,53,0.222,0.000,0.000,0.000,0.000,0.000,0.000,0.000,1.200,11.563,6.643,4.229,0.011,11.515,1.851,0.130,0.122,45.0,40.0,55.0,55.0,12.000,300.0,6.5,0.0,0.0,0.0,0.0,638,0,0.0,0.0,0.0,0.0,11.3,41.4,0.4,58.1,0.1,0.4,0.2,28.5,1.7,3.4,0.4,0.4,0.6,8.8,22.6,30.5,0.0,0.0,34.6,0.0,0.0,0.0,0.0,0.0,73.6,0.0,11.3,99.4,99.6,34.7,98.2,95.1,99.4,99.4,99.2,16.4,32.8,0.0,1596.1,16.00,22,22,22,52,74,560,1,2,Yes,No,No,No,No,No,No,No,No,No,Yes,No,No,No,No,No,No,No,No,No,No,No,No,No,No,No,No,No,No,No,No,No,No,No,No,No,No,No,46.0,54,54,52,88.0,100.0,No,No,21506,55883,0.0,0.0,0.0,0.000,0.000,2327,848,12.430,41.633,100.0,0.000,22.9,22.4,62.9,9.9,9.9,9.9,9.9,22.4,60.6,10.0,10.0,10.0,10.0,44.68,100.83,15.89,15.79,101.02,101.02,0.92,4.77,44.68,0.00,54.67,0,
1.2.2026,21:37:31.281,6373,2023,75.8,5468,2415,69.3,0.0,1.111,1.075,1.100,1.115,1.115,1.100,1.121,1.121,1.121,1.121,1.121,1.028,0.766,3411.7,4289.5,4289.5,3192.2,3192.2,3192.2,3192.2,3192.2,3192.2,3192.2,3192.2,99.8,3691.0,262.1,1163.8,8.3,1348.7,1.5,5.0,3.6,553.1,21.7,29.8,3.2,3.3,3.3,388.2,16.2,39.1,12.6,40.6,0.0,12.6,12.5,25.8,12.7,1.2,12.2,12.2,12.2,40.6,16.2,100.0,20.4,87.0,0.6,90.3,0.1,0.4,0.3,60.3,2.4,2.9,0.3,0.3,0.3,20.4,34.2,43.0,43.0,32.0,32.0,32.0,32.0,32.0,32.0,32.0,32.0,37.0,53,51,62,53,53,53,53,51,51,51,51,47,49,38,47,47,47,47,49,49,49,49,58,62,No,No,No,No,No,No,No,No,No,No,No,No,No,No,No,No,No,No,No,No,No,No,No,No,No,No,No,No,No,No,No,No,No,No,No,No,53,53,49,53,0.222,0.000,0.000,0.000,0.000,0.000,0.000,0.000,1.200,12.500,15.661,12.548,0.015,20.677,2.449,0.205,0.122,45.0,40.0,55.0,55.0,10.000,300.0,2.1,0.0,0.0,0.0,0.0,638,0,1.1,0.0,3.0,0.0,9.9,42.8,0.3,45.7,0.1,0.2,0.1,26.3,0.7,2.1,0.2,0.2,0.2,5.7,19.1,32.4,0.0,0.0,5.5,0.0,0.0,0.0,0.0,0.0,78.4,0.0,21.8,99.8,99.8,66.7,99.1,97.0,99.8,99.8,99.8,18.2,36.4,0.0,1596.1,16.00,22,22,22,52,74,560,1,2,Yes,No,No,No,No,No,No,No,No,No,Yes,No,No,No,No,No,No,No,No,No,No,No,No,No,No,No,No,No,No,No,No,No,No,No,No,No,No,No,47.0,54,54,52,88.0,100.0,No,No,21506,55883,0.0,0.0,0.0,0.000,0.000,2327,848,12.430,41.633,100.0,0.000,22.9,22.8,62.9,9.9,9.9,9.9,9.9,22.8,60.6,10.0,10.0,10.0,10.0,43.93,100.83,15.89,15.79,101.02,101.02,0.91,4.64,43.93,0.00,50.16,0,
1.2.2026,21:37:31.391,6372,2023,75.8,5468,2415,69.3,0.0,0.686,0.668,0.678,0.679,0.679,0.688,0.688,0.687,0.687,0.703,0.708,0.623,0.766,967.6,798.0,897.8,897.8,897.8,997.6,997.6,997.6,997.6,1097.3,1097.3,99.8,399.0,382.8,1165.0,1.9,2384.7,1.2,10.1,1.2,627.4,39.0,304.5,12.4,22.2,24.3,528.8,11.2,27.1,0.0,56.7,20.9,0.0,0.0,18.8,0.0,10.4,0.0,0.0,0.0,56.7,11.2,100.0,32.1,86.5,0.1,193.2,0.1,1.1,0.1,65.1,3.5,30.1,1.2,2.3,2.5,32.1,9.7,8.0,9.0,9.0,9.0,10.0,10.0,10.0,10.0,11.0,11.0,4.0,51,46,47,53,53,53,53,51,51,51,50,49,54,53,47,47,47,47,49,49,49,50,53,53,No,No,No,No,No,No,No,No,No,No,No,No,No,No,No,No,No,No,No,No,No,No,No,No,No,No,No,No,No,No,No,No,No,No,No,No,54,54,49,53,0.222,0.000,0.000,0.000,0.000,0.000,0.000,0.000,1.200,4.375,7.597,4.821,0.007,12.769,2.152,0.139,0.123,45.0,40.0,55.0,55.0,4.000,300.0,6.2,0.0,0.0,0.0,0.0,638,0,0.0,0.0,0.0,0.0,10.7,29.8,0.1,56.2,0.1,0.4,0.1,23.5,1.8,14.9,0.5,0.8,0.8,9.6,27.5,43.8,0.0,0.0,25.0,0.0,0.0,0.0,0.0,0.0,72.8,0.0,0.0,99.5,99.9,49.9,98.0,83.7,99.3,99.0,99.0,20.1,40.3,0.0,1596.1,16.00,22,22,22,52,74,560,1,2,Yes,No,No,No,No,No,No,No,No,No,Yes,No,No,No,No,No,No,No,No,No,No,No,No,No,No,No,No,No,No,No,No,No,No,No,No,No,No,No,47.0,54,54,53,88.0,100.0,No,No,21506,55883,0.0,0.0,0.0,0.000,0.000,2327,848,12.430,41.633,100.0,0.000,22.9,22.8,63.1,9.9,9.9,9.9,9.9,22.8,60.1,10.0,10.0,10.0,10.0,43.92,100.83,15.85,15.78,101.02,101.02,0.88,5.03,43.92,0.00,53.18,0,
1.2.2026,21:37:31.503,6372,2023,75.8,5468,2415,69.3,0.0,0.686,0.668,0.678,0.679,0.679,0.688,0.688,0.687,0.687,0.703,0.708,0.623,0.766,967.6,798.0,897.8,897.8,897.8,997.6,997.6,997.6,997.6,1097.3,1097.3,99.8,399.0,382.8,1165.0,1.9,2384.7,1.2,10.1,1.2,627.4,39.0,304.5,12.4,22.2,24.3,528.8,11.2,27.1,0.0,56.7,20.9,0.0,0.0,18.8,0.0,10.4,0.0,0.0,0.0,56.7,11.2,100.0,32.1,86.5,0.1,193.2,0.1,1.1,0.1,65.1,3.5,30.1,1.2,2.3,2.5,32.1,9.7,8.0,9.0,9.0,9.0,10.0,10.0,10.0,10.0,11.0,11.0,4.0,51,46,47,53,53,53,53,51,51,51,50,49,54,53,47,47,47,47,49,49,49,50,53,53,No,No,No,No,No,No,No,No,No,No,No,No,No,No,No,No,No,No,No,No,No,No,No,No,No,No,No,No,No,No,No,No,No,No,No,No,58,58,48,53,0.222,0.000,0.000,0.000,0.000,0.000,0.000,0.000,1.200,15.000,13.716,10.906,0.009,19.065,2.159,0.184,0.123,45.0,40.0,55.0,55.0,16.000,300.0,3.5,0.0,0.0,0.0,0.0,638,0,0.0,0.0,0.0,0.0,10.7,29.8,0.1,56.2,0.1,0.4,0.1,23.5,1.8,14.9,0.5,0.8,0.8,9.6,27.5,43.8,0.0,0.0,25.0,0.0,0.0,0.0,0.0,0.0,72.8,0.0,0.0,99.5,99.9,49.9,98.0,83.7,99.3,99.0,99.0,20.1,40.3,0.0,1596.1,16.00,22,22,22,52,74,560,1,2,Yes,No,No,No,No,No,No,No,No,No,Yes,No,No,No,No,No,No,No,No,No,No,No,No,No,No,No,No,No,No,No,No,No,No,No,No,No,No,No,47.0,54,54,52,88.0,100.0,No,No,21506,55883,0.0,0.0,0.0,0.000,0.000,2327,848,12.430,41.633,100.0,0.000,22.9,22.8,63.1,9.9,9.9,9.9,9.9,22.8,60.1,10.0,10.0,10.0,10.0,43.92,100.83,15.85,15.78,101.02,101.02,0.88,5.03,43.92,0.00,53.18,0,
1.2.2026,21:37:31.611,6373,2023,75.9,5477,2406,69.4,0.0,0.689,0.668,0.677,0.692,0.687,0.687,0.682,0.698,0.698,0.703,0.703,0.623,0.766,1007.5,798.0,897.8,997.6,997.6,997.6,997.6,1097.3,1097.3,1097.3,1097.3,99.8,399.0,294.2,978.3,20.5,900.1,4.4,7.2,8.6,550.2,362.3,608.5,64.5,17.9,7.6,354.0,8.4,19.8,0.0,38.1,0.0,0.0,0.0,9.8,19.5,14.0,0.0,0.0,0.0,38.1,8.4,100.0,29.1,72.2,1.5,137.8,0.2,0.8,0.9,48.1,29.4,50.0,5.6,1.6,0.8,29.1,10.1,8.0,9.0,10.0,10.0,10.0,10.0,11.0,11.0,11.0,11.0,4.0,51,48,47,54,54,54,54,50,50,50,50,49,52,53,46,46,46,46,50,50,50,50,53,54,No,No,No,No,No,No,No,No,No,No,No,No,No,No,No,No,No,No,No,No,No,No,No,No,No,No,No,No,No,No,No,No,No,No,No,No,55,55,49,53,0.217,0.000,0.000,0.000,0.000,0.000,0.000,0.000,1.200,6.250,12.355,9.342,0.019,17.718,2.361,0.178,0.108,45.0,40.0,55.0,55.0,5.000,300.0,4.3,0.0,0.0,0.0,0.0,638,0,0.0,0.0,0.0,0.0,10.7,27.9,0.6,25.1,0.2,0.3,0.3,22.1,19.1,28.3,2.7,1.5,0.3,12.2,19.4,69.7,0.0,0.0,16.9,0.0,16.1,0.0,0.0,0.0,74.4,52.3,5.1,99.6,99.6,59.4,79.3,53.5,97.1,98.3,99.6,0.0,0.0,0.0,1596.1,16.00,22,22,22,52,74,560,1,2,Yes,No,No,No,No,No,No,No,No,No,Yes,No,No,No,No,No,No,No,No,No,No,No,No,No,No,No,No,No,No,No,No,No,No,No,No,No,No,No,47.0,54,54,52,88.0,100.0,No,No,21506,55883,0.0,0.0,0.0,0.000,0.000,2327,848,12.430,41.633,100.0,0.000,22.9,23.8,63.1,10.3,9.9,9.9,9.9,23.8,60.3,10.4,10.0,10.0,10.0,42.03,97.28,15.86,15.78,101.02,101.02,0.85,5.02,42.03,0.00,49.54,0,
1.2.2026,21:37:31.725,6373,2023,75.9,5477,2406,69.4,0.0,1.129,1.103,1.092,1.107,1.147,1.147,1.107,1.147,1.147,1.147,1.148,1.031,0.766,3411.7,4289.5,4289.5,3192.2,3192.2,3192.2,3192.2,3192.2,3192.2,3192.2,3192.2,99.8,3691.0,393.1,1644.8,5.0,2132.6,1.4,8.2,3.7,376.7,454.6,60.1,10.0,9.6,10.2,578.4,11.1,41.8,14.6,52.9,0.0,0.0,0.0,17.4,0.0,6.7,0.0,0.0,0.0,52.9,11.1,100.0,31.0,127.0,0.3,156.5,0.1,0.6,0.3,33.0,45.5,6.0,0.8,0.8,0.8,31.0,34.2,43.0,43.0,32.0,32.0,32.0,32.0,32.0,32.0,32.0,32.0,37.0,56,65,56,58,58,58,58,52,52,52,52,44,35,44,42,42,42,42,48,48,48,48,65,65,No,No,No,No,No,No,No,No,No,No,No,No,No,No,No,No,No,No,No,No,No,No,No,No,No,No,No,No,No,No,No,No,No,No,No,No,65,65,49,53,0.222,0.000,0.000,0.000,0.000,0.000,0.000,0.000,1.200,17.188,11.453,8.689,0.006,16.704,2.142,0.162,0.122,45.0,40.0,55.0,55.0,19.000,300.0,2.8,0.0,0.0,0.0,0.0,638,0,0.0,0.0,0.0,0.0,11.5,40.2,0.2,53.5,0.1,0.3,0.1,17.5,22.1,3.3,0.4,0.3,0.3,6.8,22.5,0.4,0.0,0.0,30.6,14.1,0.0,0.0,0.0,0.0,74.3,0.0,35.8,99.6,99.8,50.6,63.5,95.1,99.5,99.5,99.5,22.6,36.1,9.1,1596.1,16.00,22,22,22,52,74,560,1,2,Yes,No,No,No,No,No,No,No,No,No,Yes,No,No,No,No,No,No,No,No,No,No,No,No,No,No,No,No,No,No,No,No,No,No,No,No,No,No,No,47.0,54,54,53,88.0,100.0,No,No,21506,55883,0.0,3.4,3.4,0.000,0.354,2327,848,12.430,41.633,100.0,0.000,22.9,23.4,63.1,10.3,9.9,9.9,9.9,23.4,60.4,10.4,10.0,10.0,10.0,42.76,97.28,15.86,15.78,101.02,101.02,0.88,5.03,42.76,0.00,51.00,0,
1.2.2026,21:37:31.842,6348,2048,75.6,5465,2419,69.3,0.0,0.991,0.841,0.954,1.011,0.996,0.996,0.956,0.986,0.981,1.095,1.095,0.763,0.766,3002.7,2593.7,3790.7,2793.2,2793.2,2793.2,2992.7,2992.7,3092.4,3092.4,3092.4,99.8,1895.4,312.0,1499.3,8.5,1190.4,2.6,12.5,7.8,817.4,29.9,79.4,28.8,50.4,17.4,446.1,18.5,41.8,0.0,28.6,20.8,21.2,0.0,21.6,21.8,0.0,21.8,22.8,21.2,41.8,18.5,100.0,27.8,119.4,0.6,101.7,0.1,1.5,0.7,87.9,3.3,8.1,3.1,5.4,1.9,26.6,30.1,26.0,38.0,28.0,28.0,28.0,30.0,30.0,31.0,31.0,31.0,19.0,52,48,48,55,55,55,55,51,51,51,51,48,52,52,45,45,45,45,49,49,49,49,55,55,No,No,No,No,No,No,No,No,No,No,No,No,No,No,No,No,No,No,No,No,No,No,No,No,No,No,No,No,No,No,No,No,No,No,No,No,55,55,49,53,0.222,0.000,0.000,0.000,0.000,0.000,0.000,0.000,1.200,2.813,13.339,10.187,0.017,18.834,2.467,0.190,0.123,45.0,40.0,55.0,55.0,2.000,300.0,5.9,0.0,0.0,0.0,0.0,638,0,12.0,0.1,5.4,0.0,10.7,50.8,0.3,35.6,0.1,0.6,0.3,29.5,1.5,4.8,1.5,2.7,0.8,4.6,9.6,14.8,0.0,0.0,21.4,0.0,0.0,0.0,0.0,0.0,80.7,24.4,48.5,99.2,99.6,47.9,98.3,93.9,98.4,97.2,99.1,7.3,13.7,0.8,1596.1,16.00,22,22,22,52,74,560,1,2,Yes,No,No,No,No,No,No,No,No,No,Yes,No,No,No,No,No,No,No,No,No,No,No,No,No,No,No,No,No,No,No,No,No,No,No,No,No,No,No,47.0,54,54,53,88.0,100.0,No,No,21506,55883,0.0,2.9,2.9,0.000,0.096,2327,848,12.430,41.633,100.0,0.000,22.9,24.2,61.8,11.9,11.9,11.9,11.9,24.2,60.4,12.0,12.0,12.0,12.0,41.30,83.98,16.18,16.15,84.01,84.01,0.87,4.40,41.30,0.00,45.90,0,
1.2.2026,21:37:31.948,6370,2026,75.8,5466,2417,69.3,0.0,1.122,1.112,1.098,1.113,1.138,1.098,1.113,1.153,1.153,1.146,1.100,1.028,0.766,3411.7,4289.5,4289.5,3192.2,3192.2,3192.2,3192.2,3192.2,3192.2,3192.2,3192.2,99.8,3691.0,370.4,1091.4,10.4,2052.8,1.9,5.6,3.0,251.3,391.5,605.1,12.5,12.6,7.0,476.0,16.5,27.9,23.2,57.3,0.0,0.0,31.2,9.6,15.1,26.8,2.2,2.2,2.0,57.3,16.5,100.0,30.7,76.8,0.7,154.9,0.1,0.5,0.2,24.3,42.2,65.4,1.2,1.3,0.7,31.8,34.2,43.0,43.0,32.0,32.0,32.0,32.0,32.0,32.0,32.0,32.0,37.0,56,60,57,57,57,57,57,53,53,53,53,44,40,43,43,43,43,43,47,47,47,47,60,60,No,No,No,No,No,No,No,No,No,No,No,No,No,No,No,No,No,No,No,No,No,No,No,No,No,No,No,No,No,No,No,No,No,No,No,No,57,57,49,53,0.217,0.000,0.000,0.000,0.000,0.000,0.000,0.000,1.200,18.438,10.396,7.748,0.007,15.434,2.033,0.156,0.128,45.0,40.0,55.0,55.0,15.000,300.0,3.1,0.0,0.0,0.0,0.0,638,0,11.9,0.7,12.2,0.0,11.4,25.7,0.3,57.5,0.1,0.2,0.1,9.6,14.7,27.1,0.4,0.4,0.2,2.6,9.9,5.2,0.0,0.0,8.9,0.0,1.7,0.0,0.0,0.0,77.3,42.5,1.0,99.7,99.8,78.8,83.2,69.0,99.4,99.5,99.7,26.7,19.6,33.8,1596.1,16.00,22,22,22,52,74,560,1,2,Yes,No,No,No,No,No,No,No,No,No,Yes,No,No,No,No,No,No,No,No,No,No,No,No,No,No,No,No,No,No,No,No,No,No,No,No,No,No,No,47.0,53,53,53,88.0,100.0,No,No,21506,55883,0.0,0.0,0.0,0.000,0.073,2327,848,12.430,41.633,100.0,0.000,22.9,26.0,62.2,11.9,11.9,11.9,11.9,26.0,60.5,12.0,12.0,12.0,12.0,38.42,83.98,16.08,16.06,84.01,84.01,0.84,4.06,38.42,0.00,43.04,0,
1.2.2026,21:37:32.055,6369,2026,75.8,5466,2417,69.3,0.0,0.703,0.693,0.693,0.694,0.694,0.693,0.708,0.713,0.713,0.712,0.712,0.648,0.766,1137.2,997.6,1097.3,1097.3,1097.3,1097.3,1197.1,1197.1,1197.1,1197.1,1197.1,99.8,399.0,169.5,757.7,2.9,572.0,1.8,1.5,1.3,667.1,1.6,23.6,1.6,1.7,1.4,250.7,8.0,23.9,0.0,18.9,24.2,0.0,0.0,28.6,0.0,0.5,0.0,0.0,0.0,28.6,8.0,100.0,14.1,51.6,0.2,44.7,0.1,0.2,0.2,68.8,0.1,2.8,0.2,0.2,0.2,14.1,11.4,10.0,11.0,11.0,11.0,11.0,12.0,12.0,12.0,12.0,12.0,4.0,50,45,46,53,53,53,53,50,50,50,50,50,55,54,47,47,47,47,50,50,50,50,53,53,No,No,No,No,No,No,No,No,No,No,No,No,No,No,No,No,No,No,No,No,No,No,No,No,No,No,No,No,No,No,No,No,No,No,No,No,53,53,49,53,0.222,0.000,0.000,0.000,0.000,0.000,0.000,0.000,1.200,15.938,6.267,3.629,0.017,11.380,2.064,0.116,0.136,45.0,40.0,55.0,55.0,19.000,300.0,4.7,0.0,0.0,0.0,0.0,638,0,4.3,0.1,6.6,0.0,7.0,27.3,0.2,20.7,0.2,0.1,0.1,32.7,0.1,2.0,0.1,0.1,0.1,7.6,24.8,26.1,0.0,0.0,24.7,0.0,0.0,0.0,0.0,0.0,75.1,0.0,14.4,99.9,99.9,40.9,99.8,96.9,99.9,99.8,99.9,41.2,44.8,37.6,1596.1,16.00,22,22,22,52,74,560,1,2,Yes,No,No,No,No,No,No,No,No,No,Yes,No,No,No,No,No,No,No,No,No,No,No,No,No,No,No,No,No,No,No,No,No,No,No,No,No,No,No,47.0,53,53,53,88.0,100.0,No,No,21506,55883,0.0,0.0,0.0,0.000,0.000,2327,848,12.430,41.633,100.0,0.000,22.9,25.4,62.2,11.9,11.9,11.9,11.9,25.4,61.0,12.0,12.0,11.9,11.9,39.35,83.97,16.08,16.06,84.01,84.01,0.83,3.90,39.35,0.00,45.60,0,
1.2.2026,21:37:32.170,6372,2024,75.8,5466,2417,69.3,0.0,0.769,0.747,0.755,0.780,0.780,0.774,0.724,0.779,0.774,0.789,0.789,0.711,0.766,1735.8,1795.6,1795.6,1695.9,1695.9,1695.9,1695.9,1695.9,1695.9,1795.6,1795.6,99.8,1197.1,447.5,2097.5,1.4,1783.1,2.1,3.1,1.1,1393.8,16.4,54.2,7.3,7.6,2.9,662.3,14.4,60.1,0.0,45.9,0.0,5.2,5.2,34.9,5.6,0.0,5.4,5.4,5.2,60.1,14.4,100.0,34.2,153.9,0.1,124.1,0.1,0.3,0.1,122.9,1.7,5.3,0.7,0.7,0.2,34.2,17.4,18.0,18.0,17.0,17.0,17.0,17.0,17.0,17.0,18.0,18.0,12.0,51,45,47,55,55,55,55,50,50,50,50,49,55,53,45,45,45,45,50,50,50,50,55,55,No,No,No,No,No,No,No,No,No,No,No,No,No,No,No,No,No,No,No,No,No,No,No,No,No,No,No,No,No,No,No,No,No,No,No,No,54,54,50,53,0.222,0.000,0.000,0.000,0.000,0.000,0.000,0.000,1.200,4.063,12.531,9.894,0.015,17.566,2.004,0.175,0.117,45.0,40.0,55.0,55.0,3.000,300.0,5.5,0.0,0.0,0.0,0.0,638,0,2.3,0.4,7.5,0.0,13.6,61.6,0.1,47.9,0.2,0.2,0.1,49.1,0.6,3.0,0.3,0.3,0.1,7.7,24.7,26.9,0.0,0.0,25.6,0.0,0.0,0.0,0.0,0.0,73.0,12.0,0.0,99.8,99.9,24.8,99.3,95.7,99.5,99.6,99.8,12.7,1.0,24.5,1596.1,16.00,22,22,22,52,74,560,1,2,Yes,No,No,No,No,No,No,No,No,No,Yes,No,No,No,No,No,No,No,No,No,No,No,No,No,No,No,No,No,No,No,No,No,No,No,No,No,No,No,47.0,53,53,52,88.0,100.0,No,No,21506,55883,0.0,0.0,0.0,0.000,0.000,2327,848,12.430,41.633,100.0,0.000,22.9,25.8,62.2,11.9,11.9,11.9,11.9,25.9,61.0,12.0,12.0,11.9,11.9,38.70,83.97,16.08,16.06,84.01,84.01,0.81,3.45,38.70,0.00,44.24,0,
1.2.2026,21:37:32.281,6372,2024,75.8,5466,2417,69.3,0.0,1.123,1.129,1.112,1.096,1.136,1.096,1.111,1.161,1.111,1.171,1.111,1.031,0.766,3411.7,4289.5,4289.5,3192.2,3192.2,3192.2,3192.2,3192.2,3192.2,3192.2,3192.2,99.8,3691.0,407.7,1701.0,8.1,2842.6,1.8,8.0,4.5,162.5,78.4,65.8,7.5,5.9,6.5,600.9,26.6,45.7,50.4,69.2,30.5,13.3,13.2,17.8,24.5,15.1,13.3,13.3,13.3,69.2,26.6,100.0,29.5,122.0,0.5,197.6,0.1,0.8,0.4,16.8,7.8,6.2,0.6,0.5,0.7,29.5,34.2,43.0,43.0,32.0,32.0,32.0,32.0,32.0,32.0,32.0,32.0,37.0,55,52,66,55,55,55,55,53,53,53,53,45,48,34,45,45,45,45,47,47,47,47,61,66,No,No,No,No,No,No,No,No,No,No,No,No,No,No,No,No,No,No,No,No,No,No,No,No,No,No,No,No,No,No,No,No,No,No,No,No,62,62,49,53,0.217,0.000,0.000,0.000,0.000,0.000,0.000,0.000,1.200,17.500,12.408,9.559,0.010,17.524,2.219,0.161,0.118,45.0,40.0,55.0,55.0,18.000,300.0,3.2,0.0,0.0,0.0,0.0,638,0,0.0,0.0,0.0,0.0,11.8,52.6,0.2,76.4,0.1,0.3,0.2,5.9,2.6,2.9,0.3,0.2,0.2,6.6,34.0,21.2,0.0,0.0,11.0,0.1,0.0,0.0,0.0,0.0,77.5,0.0,1.8,99.7,99.8,82.2,96.9,96.0,99.5,99.6,99.7,6.2,12.0,0.4,1596.1,16.00,22,22,22,52,74,560,1,2,Yes,No,No,No,No,No,No,No,No,No,Yes,No,No,No,No,No,No,No,No,No,No,No,No,No,No,No,No,No,No,No,No,No,No,No,No,No,No,No,47.0,53,53,52,88.0,100.0,No,No,21506,55883,0.0,0.0,0.0,0.000,0.000,2327,848,12.430,41.633,100.0,0.000,22.9,25.9,62.2,11.9,11.9,11.9,11.9,25.9,61.0,12.0,12.0,11.9,11.9,38.65,83.87,16.08,16.06,84.01,84.01,0.80,3.22,38.65,0.00,41.58,0,
1.2.2026,21:37:32.390,6372,2024,75.8,5467,2417,69.3,0.0,0.792,0.769,0.790,0.791,0.801,0.801,0.801,0.796,0.796,0.791,0.791,0.711,0.766,1665.9,1496.3,2294.4,1596.1,1695.9,1695.9,1695.9,1496.3,1496.3,1596.1,1596.1,99.8,997.6,168.8,457.8,1.5,387.9,1.5,1.2,1.3,381.3,397.0,389.9,3.8,1.6,1.2,203.7,9.7,12.2,0.0,16.6,30.9,0.0,0.0,17.4,17.2,21.8,0.0,0.0,0.0,30.9,9.7,100.0,15.2,21.3,0.1,37.7,0.1,0.1,0.1,37.2,43.0,41.6,0.4,0.2,0.1,15.2,16.7,15.0,23.0,16.0,17.0,17.0,17.0,15.0,15.0,16.0,16.0,10.0,50,48,48,53,53,53,53,49,49,49,50,50,52,52,47,47,47,47,51,51,51,50,53,53,No,No,No,No,No,No,No,No,No,No,No,No,No,No,No,No,No,No,No,No,No,No,No,No,No,No,No,No,No,No,No,No,No,No,No,No,53,53,49,52,0.222,0.000,0.000,0.000,0.000,0.000,0.000,0.000,1.200,17.500,6.460,3.897,0.001,11.702,1.996,0.114,0.122,45.0,40.0,55.0,55.0,21.000,300.0,2.6,0.0,0.0,0.0,0.0,638,0,0.8,0.0,3.4,0.0,7.3,13.3,0.1,15.4,0.1,0.1,0.1,19.6,16.8,22.0,0.2,0.1,0.1,8.5,43.7,13.4,0.0,0.0,18.1,1.6,8.7,0.0,0.0,0.0,73.2,0.0,24.2,99.9,99.9,60.4,80.3,67.6,99.8,99.9,99.9,42.5,40.1,44.9,1596.1,16.00,22,22,22,52,74,560,1,2,Yes,No,No,No,No,No,No,No,No,No,Yes,No,No,No,No,No,No,No,No,No,No,No,No,No,No,No,No,No,No,No,No,No,No,No,No,No,No,No,46.0,53,53,53,88.0,100.0,No,No,21506,55883,0.0,0.0,0.0,0.000,0.000,2327,848,12.430,41.633,100.0,0.000,22.9,25.4,62.0,10.4,10.0,9.9,9.9,25.4,61.0,10.4,10.0,10.0,10.0,39.36,96.55,16.13,16.07,100.51,100.51,0.80,3.25,39.36,0.00,45.57,0,
1.2.2026,21:37:32.499,6373,2023,75.8,5479,2405,69.4,0.0,1.093,1.121,1.067,1.091,1.091,1.076,1.071,1.067,1.081,1.126,1.136,1.028,0.766,3192.2,4289.5,4289.5,3192.2,3192.2,3192.2,997.6,3192.2,3192.2,3192.2,3192.2,99.8,3691.0,749.5,3110.9,2.8,2221.5,2.5,4.0,4.4,1786.6,76.9,1757.6,14.8,8.6,3.6,901.2,21.0,73.5,0.0,54.3,0.0,0.0,0.0,45.6,1.8,42.3,22.3,12.5,0.0,73.5,21.0,100.0,59.4,239.1,0.1,168.1,0.1,0.4,0.4,147.3,7.8,146.6,1.3,0.8,0.3,59.3,32.0,43.0,43.0,32.0,32.0,32.0,10.0,32.0,32.0,32.0,32.0,37.0,55,57,55,59,59,58,58,52,52,52,52,45,43,45,41,41,42,42,48,48,48,48,59,59,No,No,No,No,No,No,No,No,No,No,No,No,No,No,No,No,No,No,No,No,No,No,No,No,No,No,No,No,No,No,No,No,No,No,No,No,60,60,49,53,0.217,0.000,0.000,0.000,0.000,0.000,0.000,0.000,1.200,9.375,19.570,16.372,0.019,24.570,2.469,0.245,0.124,45.0,40.0,55.0,55.0,7.000,300.0,5.9,0.0,0.0,0.0,0.0,638,0,0.0,0.0,0.0,0.0,20.9,75.0,0.1,55.0,0.1,0.1,0.1,59.8,2.4,56.6,0.5,0.3,0.1,13.2,17.5,37.7,0.0,0.0,36.9,0.0,40.2,0.0,0.0,0.0,60.4,0.5,1.3,99.8,99.8,3.2,97.3,3.3,99.3,99.6,99.8,5.9,6.6,5.1,1596.1,16.00,22,22,22,52,74,560,1,2,Yes,No,No,No,No,No,No,No,No,No,Yes,No,No,No,No,No,No,No,No,No,No,No,No,No,No,No,No,No,No,No,No,No,No,No,No,No,No,No,47.0,53,53,52,88.0,100.0,No,No,21506,55883,0.0,0.0,0.0,0.000,0.000,2327,848,12.430,41.633,100.0,0.000,22.9,26.9,62.0,10.4,10.0,9.9,9.9,26.9,61.0,10.4,10.0,10.0,10.0,37.19,96.23,16.13,16.07,100.51,100.51,0.76,2.74,37.19,0.00,41.22,0,
1.2.2026,21:37:32.614,6373,2023,75.8,5479,2405,69.4,0.0,1.031,0.848,0.970,1.015,1.004,1.064,1.054,1.074,1.079,1.100,1.100,0.791,0.766,2972.7,2094.9,3890.5,2793.2,2793.2,2992.7,2992.7,2992.7,2992.7,3092.4,3092.4,99.8,1496.3,441.5,805.4,1.4,1151.0,1.8,1.2,1.1,1757.9,1.3,1572.6,1.4,1.7,1.5,465.2,15.6,18.6,21.5,30.7,21.5,11.7,11.7,36.4,0.0,35.3,0.0,0.0,0.0,36.4,15.6,100.0,33.3,56.6,0.1,79.5,0.1,0.1,0.1,131.6,0.3,131.0,0.1,0.1,0.1,33.3,29.8,21.0,39.0,28.0,28.0,30.0,30.0,30.0,30.0,31.0,31.0,15.0,52,48,52,53,53,54,54,51,51,51,51,48,52,48,47,47,46,46,49,49,49,49,53,54,No,No,No,No,No,No,No,No,No,No,No,No,No,No,No,No,No,No,No,No,No,No,No,No,No,No,No,No,No,No,No,No,No,No,No,No,55,55,49,53,0.217,0.000,0.000,0.000,0.000,0.000,0.000,0.000,1.200,9.375,10.728,7.995,0.013,15.379,2.182,0.108,0.122,45.0,40.0,55.0,55.0,13.000,300.0,2.3,0.0,0.0,0.0,0.0,638,0,0.8,0.1,3.0,0.0,13.5,21.4,0.1,36.2,0.1,0.0,0.0,55.9,0.0,48.5,0.0,0.1,0.0,14.2,57.0,25.8,0.0,0.0,28.1,0.0,31.2,0.0,0.0,0.0,65.7,21.6,0.0,99.9,99.9,15.8,99.9,19.9,99.9,99.9,99.9,18.5,0.0,37.0,1596.1,16.00,22,22,22,52,74,560,1,2,Yes,No,No,No,No,No,No,No,No,No,Yes,No,No,No,No,No,No,No,No,No,No,No,No,No,No,No,No,No,No,No,No,No,No,No,No,No,No,No,47.0,53,53,53,88.0,100.0,No,No,21506,55883,0.0,0.0,0.0,0.000,0.000,2327,848,12.430,41.633,100.0,0.000,22.9,25.9,62.0,10.4,10.0,9.9,9.9,25.9,61.0,10.4,10.0,10.0,10.0,38.64,96.40,16.13,16.07,100.51,100.51,0.77,2.83,38.64,0.00,41.53,0,
1.2.2026,21:37:32.721,6373,2022,75.9,5479,2405,69.4,0.0,0.818,0.796,0.815,0.805,0.805,0.825,0.830,0.828,0.828,0.823,0.823,0.756,0.766,2174.7,2394.1,2793.2,1995.1,1995.1,2094.9,2094.9,2094.9,2094.9,2094.9,2094.9,99.8,1795.6,600.4,2412.9,7.5,2640.8,7.0,7.5,4.3,1066.6,48.8,972.8,15.5,12.4,8.6,774.4,16.8,53.6,20.1,61.3,10.1,0.0,0.0,28.6,0.0,27.6,0.0,0.0,0.0,61.3,16.8,100.0,48.7,176.5,0.5,199.6,0.4,0.7,0.4,99.3,4.9,99.0,1.5,1.2,0.8,48.8,21.8,24.0,28.0,20.0,20.0,21.0,21.0,21.0,21.0,21.0,21.0,18.0,53,51,52,55,55,55,55,52,52,52,52,47,49,48,45,45,45,45,48,48,48,48,55,55,No,No,No,No,No,No,No,No,No,No,No,No,No,No,No,No,No,No,No,No,No,No,No,No,No,No,No,No,No,No,No,No,No,No,No,No,55,55,49,53,0.222,0.000,0.000,0.000,0.000,0.000,0.000,0.000,1.200,7.500,17.900,14.834,0.025,22.981,2.331,0.225,0.128,45.0,40.0,55.0,55.0,7.000,300.0,4.9,0.0,0.0,0.0,0.0,638,0,0.2,0.0,1.9,0.0,16.0,58.3,0.3,62.8,0.3,0.3,0.2,34.4,1.5,32.6,0.5,0.4,0.3,14.6,33.9,19.2,0.0,0.0,54.9,0.0,37.9,0.0,0.0,0.0,66.0,7.8,17.9,99.6,99.8,9.9,98.2,28.0,99.3,99.4,99.6,0.0,0.0,0.0,1596.1,16.00,22,22,22,52,74,560,1,2,Yes,No,No,No,No,No,No,No,No,No,Yes,No,No,No,No,No,No,No,No,No,No,No,No,No,No,No,No,No,No,No,No,No,No,No,No,No,No,No,47.0,53,53,52,88.0,100.0,No,No,21506,55883,0.0,0.0,0.0,0.000,0.000,2327,848,12.430,41.633,100.0,0.000,22.9,24.8,62.0,10.0,10.0,9.9,9.9,24.8,61.0,10.0,10.0,10.0,10.0,40.29,100.25,16.13,16.06,100.51,100.51,0.78,2.92,40.29,0.00,43.89,0,
1.2.2026,21:37:32.831,6374,2021,75.9,5479,2405,69.4,0.0,1.130,1.084,1.135,1.150,1.135,1.135,1.120,1.160,1.145,1.120,1.121,1.031,0.766,3222.1,4289.5,4588.8,997.6,3192.2,3192.2,3192.2,3192.2,3192.2,3192.2,3192.2,99.8,3691.0,403.3,1401.9,1.5,2125.4,1.7,1.0,1.2,623.4,6.1,670.2,2.7,3.0,1.9,520.3,8.1,27.5,0.0,40.9,0.0,0.0,0.0,12.2,0.0,16.3,0.0,0.0,0.0,40.9,8.1,100.0,25.8,86.2,0.1,121.0,0.1,0.1,0.1,46.8,0.1,54.4,0.1,0.1,0.1,25.7,32.3,43.0,46.0,10.0,32.0,32.0,32.0,32.0,32.0,32.0,32.0,37.0,55,55,67,54,54,54,54,53,53,53,53,45,45,33,46,46,46,46,47,47,47,47,64,67,No,No,No,No,No,No,No,No,No,No,No,No,No,No,No,No,No,No,No,No,No,No,No,No,No,No,No,No,No,No,No,No,No,No,No,No,64,64,49,53,0.222,0.000,0.000,0.000,0.000,0.000,0.000,0.000,1.200,17.188,11.134,8.511,0.010,16.367,2.027,0.124,0.116,45.0,40.0,55.0,55.0,18.000,300.0,3.0,0.0,0.0,0.0,0.0,638,0,0.0,0.0,0.0,0.0,11.5,36.7,0.1,54.1,0.1,0.1,0.0,21.5,0.2,24.4,0.1,0.1,0.1,15.1,41.1,43.2,0.0,0.0,36.5,0.0,30.3,0.0,0.0,0.0,69.0,3.1,1.8,99.9,99.9,41.5,99.7,44.7,99.9,99.9,99.9,9.7,18.7,0.7,1596.1,16.00,22,22,22,52,74,560,1,2,Yes,No,No,No,No,No,No,No,No,No,Yes,No,No,No,No,No,No,No,No,No,No,No,No,No,No,No,No,No,No,No,No,No,No,No,No,No,No,No,47.0,53,53,52,88.0,100.0,No,No,21506,55883,0.0,0.0,0.0,0.000,0.000,2327,848,12.430,41.633,100.0,0.000,22.9,23.2,61.1,10.0,10.0,9.9,9.9,23.2,61.1,10.0,10.0,10.0,10.0,43.16,100.27,16.36,16.35,100.51,100.51,0.82,3.17,43.16,0.00,50.08,0,
1.2.2026,21:37:32.943,6351,2045,75.6,5469,2415,69.3,0.0,0.738,0.705,0.739,0.744,0.739,0.739,0.739,0.740,0.745,0.745,0.745,0.686,0.766,1386.6,1496.3,1596.1,1396.6,1396.6,1396.6,1396.6,997.6,1396.6,1396.6,1396.6,99.8,897.8,438.3,1291.5,8.5,2854.8,1.7,12.4,7.6,932.0,42.0,79.7,9.9,9.3,10.4,643.8,25.0,40.5,33.5,74.0,43.6,8.7,8.5,34.3,19.6,11.1,8.7,8.7,8.6,74.0,25.0,100.0,36.7,97.5,0.5,238.4,0.1,1.0,0.6,88.1,4.4,7.2,1.0,1.0,1.0,36.8,13.9,15.0,16.0,14.0,14.0,14.0,14.0,10.0,14.0,14.0,14.0,9.0,52,49,48,55,55,55,55,51,51,51,51,48,51,52,45,45,45,45,49,49,49,49,54,55,No,No,No,No,No,No,No,No,No,No,No,No,No,No,No,No,No,No,No,No,No,No,No,No,No,No,No,No,No,No,No,No,No,No,No,No,55,55,49,53,0.222,0.000,0.000,0.000,0.000,0.000,0.000,0.000,1.200,12.813,16.049,13.050,0.006,21.188,2.518,0.205,0.126,45.0,40.0,55.0,55.0,18.000,300.0,3.2,0.0,0.0,0.0,0.0,638,0,0.0,0.0,0.0,0.0,12.1,36.3,0.3,67.6,0.1,0.4,0.3,33.6,1.5,3.8,0.4,0.4,0.4,6.6,20.0,30.0,0.0,0.0,16.4,0.0,0.0,0.0,0.0,0.0,73.9,0.0,1.3,99.5,99.6,48.0,98.3,94.5,99.3,99.4,99.4,20.9,41.1,0.7,1596.1,16.00,22,22,22,52,74,560,1,2,Yes,No,No,No,No,No,No,No,No,No,Yes,No,No,No,No,No,No,No,No,No,No,No,No,No,No,No,No,No,No,No,No,No,No,No,No,No,No,No,47.0,53,53,52,88.0,100.0,No,No,21506,55883,2.5,0.0,2.5,1.277,0.000,2327,848,12.430,41.633,100.0,0.000,22.9,22.8,61.0,10.0,10.0,9.9,9.9,22.8,61.1,10.0,10.0,10.0,10.0,43.94,100.41,16.39,16.36,100.51,100.51,0.82,2.92,43.94,0.00,50.81,0,
1.2.2026,21:37:33.039,6370,2026,75.8,5469,2415,69.3,0.0,1.110,1.101,1.118,1.113,1.113,1.098,1.118,1.118,1.118,1.103,1.103,1.031,0.766,2972.7,4289.5,4289.5,3192.2,3192.2,3192.2,3192.2,3192.2,3192.2,997.6,997.6,99.8,3691.0,622.1,2048.2,4.8,3020.6,1.5,9.8,4.3,1455.7,183.3,392.9,316.6,23.9,3.5,841.0,22.3,36.8,29.6,59.0,0.0,11.0,10.9,92.3,1.9,6.7,14.6,5.2,0.0,92.3,22.3,100.0,52.5,172.9,0.3,208.9,0.1,1.0,0.4,153.2,18.2,40.0,32.0,2.5,0.3,52.4,29.8,43.0,43.0,32.0,32.0,32.0,32.0,32.0,32.0,10.0,10.0,37.0,55,53,51,58,58,58,58,53,53,53,53,45,47,49,42,42,42,42,47,47,47,47,65,58,No,No,No,No,No,No,No,No,No,No,No,No,No,No,No,No,No,No,No,No,No,No,No,No,No,No,No,No,No,No,No,No,No,No,No,No,65,65,49,53,0.217,0.000,0.000,0.000,0.000,0.000,0.000,0.000,1.200,16.875,16.015,12.311,0.009,22.032,2.868,0.189,0.116,45.0,40.0,55.0,55.0,18.000,300.0,4.0,0.0,0.0,0.0,0.0,638,0,0.0,0.0,0.0,0.0,22.2,65.2,0.1,74.2,0.1,0.3,0.1,84.2,6.2,21.6,13.4,0.9,0.2,9.2,26.1,25.9,0.0,0.0,14.8,14.2,3.2,8.2,0.0,0.0,63.1,0.0,0.0,99.6,99.8,0.9,79.3,74.3,78.2,99.0,99.8,4.0,8.0,0.0,1596.1,16.00,22,22,22,52,74,560,1,2,Yes,No,No,No,No,No,No,No,No,No,Yes,No,No,No,No,No,No,No,No,No,No,No,No,No,No,No,No,No,No,No,No,No,No,No,No,No,No,No,47.0,53,53,57,88.0,100.0,No,No,21506,55883,6.3,1.6,7.9,2.251,1.212,2327,848,12.430,41.633,100.0,0.000,22.9,22.8,61.7,10.0,10.0,9.9,9.9,22.8,60.6,10.0,10.0,10.0,10.0,43.91,100.41,16.20,16.16,100.51,100.51,0.82,2.88,43.91,0.00,54.51,0,
1.2.2026,21:37:33.151,6371,2025,75.8,5468,2415,69.3,0.0,0.812,0.823,0.857,0.847,0.847,0.832,0.832,0.767,0.767,0.767,0.774,0.768,0.766,2124.8,2593.7,3092.4,2194.6,2194.6,2194.6,2194.6,1695.9,1695.9,1695.9,1695.9,99.8,1995.1,765.7,2711.0,5.3,1994.3,3.5,6.0,6.3,982.7,927.8,1186.1,1185.5,78.4,101.0,829.6,27.5,61.8,0.0,54.1,28.9,0.0,0.0,26.8,33.9,60.7,47.6,16.0,0.0,61.8,27.5,100.0,66.1,153.1,0.2,155.3,0.2,0.6,0.6,107.2,99.3,127.0,130.6,8.5,11.2,66.3,21.3,26.0,31.0,22.0,22.0,22.0,22.0,17.0,17.0,17.0,17.0,20.0,53,49,50,55,55,55,55,53,53,53,53,47,51,50,45,45,45,45,47,47,47,47,56,55,No,No,No,No,No,No,No,No,No,No,No,No,No,No,No,No,No,No,No,No,No,No,No,No,No,No,No,No,No,No,No,No,No,No,No,No,55,55,50,53,0.222,0.000,0.000,0.000,0.000,0.000,0.000,0.000,1.200,4.688,20.737,16.398,0.014,27.045,3.576,0.271,0.115,45.0,40.0,55.0,55.0,2.000,300.0,3.8,0.0,0.0,0.0,0.0,638,0,0.0,0.0,0.0,0.0,23.5,47.1,0.2,46.5,0.1,0.2,0.2,40.0,36.0,63.6,42.4,2.7,3.3,22.4,35.5,53.4,0.0,0.0,46.5,36.8,17.5,34.6,0.0,0.0,48.7,17.3,0.0,99.7,99.7,12.5,24.8,17.5,22.0,97.0,96.6,0.0,0.0,0.0,1596.1,16.00,22,22,22,52,74,560,1,2,Yes,No,No,No,No,No,No,No,No,No,Yes,No,No,No,No,No,No,No,No,No,No,No,No,No,No,No,No,No,No,No,No,No,No,No,No,No,No,No,47.0,53,53,57,88.0,100.0,No,No,21506,55883,7.4,0.0,7.4,2.100,0.000,2328,848,12.430,41.633,100.0,0.000,22.9,22.7,61.8,10.0,10.0,9.9,9.9,22.6,60.6,10.0,10.0,10.0,10.0,44.14,100.42,16.19,16.16,100.51,100.51,0.81,2.88,44.14,0.00,54.99,0,
1.2.2026,21:37:33.262,6372,2024,75.8,5469,2415,69.3,0.0,1.066,0.831,1.075,1.095,1.095,1.085,1.100,1.090,1.100,1.096,1.096,0.773,0.766,2593.7,2693.4,4289.5,997.6,997.6,997.6,3192.2,3192.2,3192.2,3192.2,3192.2,99.8,2094.9,353.4,798.1,2.3,1361.0,6.1,47.3,3.9,831.6,719.6,456.4,4.7,6.1,3.7,471.2,21.4,22.0,29.3,29.1,29.4,0.0,0.0,56.9,40.7,37.9,0.0,0.0,12.2,56.9,21.4,100.0,29.2,59.2,0.2,66.1,0.5,0.1,0.1,85.2,88.4,49.8,0.1,0.1,0.1,29.2,26.0,27.0,43.0,10.0,10.0,10.0,32.0,32.0,32.0,32.0,32.0,21.0,54,49,62,55,55,55,55,53,53,53,53,46,51,38,45,45,45,45,47,47,47,47,55,62,No,No,No,No,No,No,No,No,No,No,No,No,No,No,No,No,No,No,No,No,No,No,No,No,No,No,No,No,No,No,No,No,No,No,No,No,64,64,49,53,0.222,0.000,0.000,0.000,0.000,0.000,0.000,0.000,1.200,18.438,7.906,4.494,0.019,14.175,2.763,0.176,0.122,45.0,40.0,55.0,55.0,19.000,300.0,3.0,0.0,0.0,0.0,0.0,638,0,0.9,0.0,0.0,0.0,17.1,23.2,0.1,41.4,0.2,2.7,0.2,62.5,37.2,36.7,0.2,0.2,0.1,0.7,0.1,4.8,0.0,0.0,2.2,0.0,0.3,0.0,0.0,0.0,74.6,53.4,39.8,97.3,99.7,33.8,61.5,61.2,99.7,99.6,99.8,17.6,21.8,13.3,1596.1,16.00,22,22,22,52,74,560,1,2,Yes,No,No,No,No,No,No,No,No,No,Yes,No,No,No,No,No,No,No,No,No,No,No,No,No,No,No,No,No,No,No,No,No,No,No,No,No,No,No,47.0,53,53,59,88.0,100.0,No,No,21506,55883,10.8,0.0,10.8,1.696,0.000,2328,848,12.430,41.633,100.0,0.000,22.9,21.3,62.3,9.9,9.9,9.9,9.9,21.4,60.6,10.0,10.0,10.0,10.0,46.84,100.60,16.06,16.04,100.62,100.62,0.83,4.08,46.84,0.00,56.37,0,
1.2.2026,21:37:33.373,6372,2024,75.8,5468,2416,69.3,0.0,0.830,0.786,0.889,0.844,0.844,0.844,0.843,0.743,0.838,0.838,0.828,0.831,0.763,1895.4,1995.1,3291.9,997.6,2194.6,2194.6,1496.3,997.6,1496.3,2194.6,2094.9,99.8,2693.4,613.1,2620.5,6.3,1418.9,6.2,6.2,3.8,1203.8,812.3,1193.1,58.1,19.6,8.8,759.8,22.5,59.2,0.0,43.4,0.0,1.8,0.0,57.9,38.8,55.5,12.9,0.0,0.0,59.2,22.5,100.0,56.3,199.5,0.4,142.4,0.3,6.4,0.6,128.3,77.0,112.0,5.4,2.2,1.0,56.3,19.0,20.0,33.0,10.0,22.0,22.0,15.0,10.0,15.0,22.0,21.0,27.0,53,51,47,56,56,56,56,52,52,52,52,47,49,53,44,44,44,44,48,48,48,48,56,56,No,No,No,No,No,No,No,No,No,No,No,No,No,No,No,No,No,No,No,No,No,No,No,No,No,No,No,No,No,No,No,No,No,No,No,No,57,57,49,53,0.222,0.000,0.000,0.000,0.000,0.000,0.000,0.000,1.200,2.188,18.599,14.650,0.013,24.972,3.197,0.267,0.123,45.0,40.0,55.0,55.0,1.000,300.0,3.4,0.0,0.0,0.0,0.0,638,0,0.0,0.0,0.0,0.0,22.4,60.9,0.2,34.3,0.3,0.2,0.1,55.6,47.3,66.1,2.4,0.6,0.3,13.7,16.6,54.8,0.0,0.0,44.4,9.5,11.6,0.0,0.0,0.0,58.4,16.1,10.8,99.7,99.8,0.0,41.8,20.0,97.3,99.2,99.6,2.8,5.6,0.0,1596.1,16.00,22,22,22,52,74,560,1,2,Yes,No,No,No,No,No,No,No,No,No,Yes,No,No,No,No,No,No,No,No,No,No,No,No,No,No,No,No,No,No,No,No,No,No,No,No,No,No,No,47.0,53,53,59,88.0,100.0,No,No,21506,55883,8.8,0.0,8.8,2.304,0.000,2328,848,12.430,41.633,100.0,0.000,22.9,23.4,62.3,10.0,9.9,9.9,9.9,23.3,60.6,10.0,10.0,10.0,10.0,42.82,100.50,16.06,16.04,100.62,100.62,0.83,4.08,42.82,0.00,56.40,0,
1.2.2026,21:37:33.484,6372,2024,75.8,5468,2416,69.3,0.0,1.047,1.083,1.088,1.073,1.098,1.018,1.033,1.018,0.998,1.033,1.023,1.001,0.766,2633.6,4289.5,4189.8,2992.7,2793.2,2793.2,2793.2,997.6,1695.9,997.6,2793.2,99.8,3591.2,346.4,987.1,1.3,1254.8,1.3,3.7,1.1,755.8,269.9,867.4,6.0,3.7,4.6,409.4,22.9,29.7,24.2,35.2,24.2,5.4,5.3,58.5,17.5,64.2,0.0,5.5,5.5,64.2,22.9,100.0,31.6,75.1,0.1,94.8,0.1,0.4,0.1,83.1,29.9,94.9,0.7,0.4,0.4,31.6,26.4,43.0,42.0,30.0,28.0,28.0,28.0,10.0,17.0,10.0,28.0,36.0,55,60,52,57,57,57,57,52,52,52,52,45,40,48,43,43,43,43,48,48,48,48,60,60,No,No,No,No,No,No,No,No,No,No,No,No,No,No,No,No,No,No,No,No,No,No,No,No,No,No,No,No,No,No,No,No,No,No,No,No,61,61,49,53,0.222,0.000,0.000,0.000,0.000,0.000,0.000,0.000,1.200,19.375,10.436,6.969,0.011,16.667,2.793,0.193,0.121,45.0,40.0,55.0,55.0,18.000,300.0,3.6,0.0,0.0,0.0,0.0,638,0,0.0,0.0,0.0,0.0,16.1,26.7,0.1,33.0,0.0,0.1,0.0,56.5,13.0,63.3,0.2,0.1,0.2,5.6,7.0,1.6,0.0,0.0,43.5,0.0,3.4,0.0,0.0,0.0,62.9,0.0,11.6,99.8,99.9,0.0,86.7,32.0,99.7,99.8,99.8,58.1,64.3,51.9,1596.1,16.00,22,22,22,52,74,560,1,2,Yes,No,No,No,No,No,No,No,No,No,Yes,No,No,No,No,No,No,No,No,No,No,No,No,No,No,No,No,No,No,No,No,No,No,No,No,No,No,No,47.0,53,53,59,88.0,100.0,No,No,21506,55883,6.0,0.0,6.0,1.874,0.000,2328,848,12.430,41.633,100.0,0.000,22.9,19.7,62.3,9.9,9.9,9.9,9.9,19.7,60.4,10.0,10.0,10.0,10.0,50.87,100.51,16.06,16.04,100.62,100.62,0.92,4.39,50.87,0.00,64.96,0,
1.2.2026,21:37:33.599,6375,2021,75.9,5436,2448,68.9,0.3,0.827,0.758,0.693,0.763,0.763,0.758,0.753,0.758,0.843,1.078,1.108,0.711,0.763,1536.2,1496.3,1496.3,1496.3,1496.3,1496.3,1496.3,997.6,997.6,997.6,3391.7,99.8,897.8,760.2,2574.8,5.4,1621.3,16.0,13.0,62.2,1146.2,819.2,1276.1,1047.4,448.1,92.9,782.3,35.1,62.5,0.0,43.0,0.0,0.0,0.0,65.6,45.5,77.9,67.4,39.9,19.4,77.9,35.1,100.0,71.1,196.9,0.3,123.4,1.2,1.3,6.7,126.2,88.2,139.7,113.4,47.7,8.0,71.1,15.4,15.0,15.0,15.0,15.0,15.0,15.0,10.0,10.0,10.0,34.0,9.0,53,50,47,55,54,54,54,53,53,53,53,47,50,53,45,46,46,46,47,47,47,47,55,55,No,No,No,No,No,No,No,No,No,No,No,No,No,No,No,No,No,No,No,No,No,No,No,No,No,No,No,No,No,No,No,No,No,No,No,No,58,58,49,53,0.222,0.000,0.000,0.000,0.000,0.000,0.000,0.000,1.200,2.813,19.317,15.357,0.022,25.987,3.158,0.309,0.124,45.0,40.0,55.0,55.0,1.000,300.0,4.2,0.0,0.0,0.0,0.0,638,0,0.0,0.0,0.0,0.0,32.6,61.8,0.2,41.3,0.5,0.5,2.7,64.3,44.5,78.2,63.1,29.5,5.2,15.7,21.4,39.7,0.0,0.0,35.7,21.6,21.8,10.2,6.9,0.0,43.9,15.5,12.4,99.2,97.2,0.0,32.6,0.0,25.2,62.6,94.6,3.5,0.9,6.0,1596.1,16.00,22,22,22,52,74,560,1,2,Yes,No,No,No,No,No,No,No,No,No,Yes,No,No,No,No,No,No,No,No,No,No,No,No,No,No,No,No,No,No,No,No,No,No,No,No,No,No,No,48.0,53,53,59,88.0,100.0,No,No,21506,55883,7.9,0.6,8.5,1.623,13.964,2328,850,12.430,41.633,100.0,0.000,22.9,20.4,62.3,9.9,9.9,9.9,9.9,20.4,60.4,10.0,10.0,10.0,10.0,49.01,100.52,16.06,16.04,100.62,100.62,0.89,4.20,49.01,0.00,64.84,0,
1.2.2026,21:37:33.707,6376,2020,75.9,5432,2452,68.9,0.3,1.120,1.133,1.091,1.116,1.116,1.141,1.161,1.115,1.105,1.105,1.115,1.028,0.766,3291.9,4588.8,4289.5,3192.2,3192.2,3192.2,1695.9,3192.2,3192.2,3192.2,3192.2,99.8,3691.0,424.1,918.2,4.3,1482.3,1.5,108.5,3.3,662.3,170.0,930.5,274.5,446.9,86.9,418.8,21.3,29.1,26.7,39.4,26.7,13.1,8.4,44.2,3.6,56.9,0.0,7.6,0.0,56.9,21.3,100.0,39.7,69.8,0.3,112.8,0.1,11.9,0.3,70.9,17.7,102.0,30.3,49.3,11.5,39.7,33.0,46.0,43.0,32.0,32.0,32.0,17.0,32.0,32.0,32.0,32.0,37.0,54,56,48,55,55,55,55,53,53,53,53,46,44,52,45,45,45,45,47,47,47,47,60,56,No,No,No,No,No,No,No,No,No,No,No,No,No,No,No,No,No,No,No,No,No,No,No,No,No,No,No,No,No,No,No,No,No,No,No,No,64,64,50,53,0.222,0.000,0.000,0.000,0.000,0.000,0.000,0.000,1.200,15.625,10.815,7.354,0.010,17.291,2.797,0.220,0.123,45.0,40.0,55.0,55.0,15.000,300.0,3.7,0.0,0.0,0.0,0.0,638,0,0.0,0.0,0.0,0.0,19.9,33.1,0.2,43.3,0.1,5.3,0.1,48.8,8.7,59.0,12.1,24.6,3.5,5.4,20.6,2.3,0.0,0.0,0.0,5.2,11.9,4.1,9.4,0.0,60.3,0.0,2.6,94.6,99.8,49.1,84.7,28.1,83.0,64.7,96.4,47.1,44.7,49.6,1596.1,16.00,22,22,22,52,74,560,1,2,Yes,No,No,No,No,No,No,No,No,No,Yes,No,No,No,No,No,No,No,No,No,No,No,No,No,No,No,No,No,No,No,No,No,No,No,No,No,No,No,47.0,53,53,60,88.0,100.0,No,No,21506,55883,8.2,0.0,8.2,1.784,0.000,2329,850,12.430,41.633,100.0,0.000,22.9,21.5,62.3,9.9,9.9,9.9,9.9,21.5,60.4,10.0,10.0,10.0,10.0,46.50,100.51,16.06,16.04,100.62,100.62,0.84,3.85,46.50,0.00,59.83,0,
1.2.2026,21:37:33.818,6376,2020,75.9,5432,2451,68.9,0.3,0.800,0.817,0.816,0.801,0.801,0.791,0.796,0.801,0.796,0.791,0.791,0.728,0.766,1626.0,1995.1,1995.1,997.6,1895.4,997.6,1895.4,997.6,1895.4,1795.6,1795.6,99.8,1396.6,299.9,892.5,1.9,1060.4,1.8,1.5,1.4,696.3,59.7,801.1,67.2,8.0,7.5,339.4,14.2,32.7,0.0,33.0,0.0,0.0,0.0,46.0,0.0,55.0,2.3,0.4,0.4,55.0,14.2,100.0,27.3,66.4,0.1,80.5,0.1,0.1,0.1,75.3,6.4,89.4,7.3,0.7,0.7,27.3,16.3,20.0,20.0,10.0,19.0,10.0,19.0,10.0,19.0,18.0,18.0,14.0,51,48,47,53,53,53,53,50,50,50,50,49,52,53,47,47,47,47,50,50,50,50,53,53,No,No,No,No,No,No,No,No,No,No,No,No,No,No,No,No,No,No,No,No,No,No,No,No,No,No,No,No,No,No,No,No,No,No,No,No,55,55,49,53,0.222,0.000,0.000,0.000,0.000,0.000,0.000,0.000,1.200,19.375,8.724,5.236,0.016,15.163,2.806,0.178,0.123,45.0,40.0,55.0,55.0,21.000,300.0,3.0,0.0,0.0,0.0,0.0,638,0,0.9,0.0,0.0,0.0,14.6,33.7,0.1,33.9,0.1,0.1,0.1,47.1,2.1,55.4,2.2,0.3,0.3,4.6,20.6,14.6,0.0,0.0,10.5,0.0,0.0,0.0,0.0,0.0,69.8,0.0,20.3,99.9,99.9,40.4,97.7,43.1,97.7,99.6,99.7,37.1,44.2,30.1,1596.1,16.00,22,22,22,52,74,560,1,2,Yes,No,No,No,No,No,No,No,No,No,Yes,No,No,No,No,No,No,No,No,No,No,No,No,No,No,No,No,No,No,No,No,No,No,No,No,No,No,No,47.0,53,53,60,88.0,100.0,No,No,21506,55883,7.8,0.0,7.8,1.097,0.000,2329,850,12.430,41.633,100.0,0.000,22.9,21.5,62.3,9.9,9.9,9.9,9.9,21.5,60.4,10.0,10.0,10.0,10.0,46.49,100.51,16.06,16.04,100.62,100.62,0.84,4.15,46.49,0.00,59.84,0,
1.2.2026,21:37:33.929,6355,2041,75.6,5430,2454,68.8,0.3,1.104,1.083,1.107,1.157,1.112,1.097,1.082,1.087,1.107,1.107,1.107,1.031,0.766,2972.7,4289.5,4289.5,3192.2,3192.2,3192.2,997.6,3192.2,3192.2,3192.2,997.6,99.8,3691.0,603.1,2769.1,8.6,2545.6,1.5,9.5,5.0,1155.1,247.2,350.7,54.2,72.8,17.8,842.7,28.9,68.1,25.7,56.6,25.6,7.3,7.1,74.1,40.0,11.8,11.1,11.7,7.7,74.1,28.9,100.0,51.4,219.0,0.6,192.6,0.1,0.9,0.5,127.5,24.4,35.7,5.8,7.9,1.8,51.4,29.8,43.0,43.0,32.0,32.0,32.0,10.0,32.0,32.0,32.0,10.0,37.0,57,63,55,59,59,59,59,53,53,53,53,43,37,45,41,41,41,41,47,47,47,47,63,63,No,No,No,No,No,No,No,No,No,No,No,No,No,No,No,No,No,No,No,No,No,No,No,No,No,No,No,No,No,No,No,No,No,No,No,No,59,59,49,53,0.222,0.000,0.000,0.000,0.000,0.000,0.000,0.000,1.200,8.750,19.246,15.443,0.019,25.130,3.033,0.268,0.123,45.0,40.0,55.0,55.0,6.000,300.0,4.2,0.0,0.0,0.0,0.0,638,0,0.0,0.0,0.0,0.0,20.8,71.0,0.2,60.7,0.1,0.3,0.2,75.8,12.4,18.7,4.5,5.1,0.8,3.9,11.3,7.3,0.0,0.0,14.5,0.2,5.3,0.0,0.0,0.0,66.6,0.8,8.1,99.6,99.8,8.8,86.1,74.2,95.2,94.6,99.0,18.2,14.9,21.5,1596.1,16.00,22,22,22,52,74,560,1,2,Yes,No,No,No,No,No,No,No,No,No,Yes,No,No,No,No,No,No,No,No,No,No,No,No,No,No,No,No,No,No,No,No,No,No,No,No,No,No,No,47.0,53,53,60,88.0,100.0,No,No,21506,55883,7.1,0.0,7.1,1.897,0.000,2329,850,12.430,41.633,100.0,0.000,22.9,22.7,62.3,10.3,10.0,9.9,9.9,22.6,60.4,10.3,10.0,10.0,10.0,44.15,97.47,16.06,16.04,100.62,100.62,0.84,4.22,44.15,0.00,55.22,0,
1.2.2026,21:37:34.022,6358,2038,75.7,5430,2454,68.8,0.3,0.840,0.744,0.854,0.844,0.844,0.841,0.846,0.861,0.853,0.853,0.863,0.691,0.766,1805.6,1695.9,2992.7,997.6,2094.9,997.6,2094.9,997.6,1795.6,2194.6,2194.6,99.8,1097.3,290.2,1073.1,1.4,710.9,1.7,1.6,1.2,795.5,404.3,484.4,6.7,1.2,1.2,373.7,14.3,34.7,0.0,31.4,0.0,4.0,4.0,56.3,10.9,30.0,0.0,0.0,0.0,56.3,14.3,100.0,24.9,66.9,0.2,56.3,0.1,0.1,0.2,85.4,41.3,47.7,0.6,0.2,0.1,24.9,18.1,17.0,30.0,10.0,21.0,10.0,21.0,10.0,18.0,22.0,22.0,11.0,50,44,44,53,53,53,53,50,50,50,50,50,56,56,47,47,47,47,50,50,50,50,53,53,No,No,No,No,No,No,No,No,No,No,No,No,No,No,No,No,No,No,No,No,No,No,No,No,No,No,No,No,No,No,No,No,No,No,No,No,65,65,49,53,0.217,0.000,0.000,0.000,0.000,0.000,0.000,0.000,1.200,15.625,8.176,4.602,0.023,14.757,2.920,0.166,0.124,45.0,40.0,55.0,55.0,20.000,300.0,3.8,0.0,0.0,0.0,0.0,638,0,1.1,0.2,0.0,0.0,14.2,33.0,0.1,28.9,0.1,0.1,0.1,56.9,21.8,28.8,0.3,0.0,0.0,10.8,14.8,24.6,0.0,0.0,25.8,19.1,23.8,0.0,0.0,0.0,64.3,16.5,4.9,99.9,99.9,16.9,58.6,46.7,99.6,99.9,99.9,36.9,33.9,39.8,1596.1,16.00,22,22,22,52,74,560,1,2,Yes,No,No,No,No,No,No,No,No,No,Yes,No,No,No,No,No,No,No,No,No,No,No,No,No,No,No,No,No,No,No,No,No,No,No,No,No,No,No,47.0,53,53,59,88.0,100.0,No,No,21506,55883,6.8,0.0,6.8,1.252,0.000,2329,850,12.430,41.633,100.0,0.000,22.9,23.3,62.3,10.3,10.0,9.9,9.9,23.3,60.4,10.3,10.0,10.0,10.0,42.85,97.31,16.06,16.04,100.62,100.62,0.81,4.33,42.85,0.00,52.62,0,
1.2.2026,21:37:34.137,6371,2025,75.8,5429,2454,68.8,0.3,1.131,1.159,1.124,1.179,1.124,1.124,1.109,1.117,1.117,1.127,1.127,1.089,0.766,3441.6,4588.8,4289.5,3192.2,3192.2,3192.2,3192.2,3192.2,3192.2,3192.2,3192.2,99.8,3990.2,679.1,2681.1,6.5,2988.5,4.7,40.5,4.3,1396.2,349.1,343.0,69.0,250.8,15.1,933.9,28.4,66.6,0.0,72.9,32.1,0.0,6.6,80.0,29.1,23.5,8.4,14.7,6.9,80.0,28.4,100.0,58.4,205.9,0.4,229.5,0.3,4.3,0.4,153.9,35.2,35.0,7.4,27.4,1.5,58.4,34.5,46.0,43.0,32.0,32.0,32.0,32.0,32.0,32.0,32.0,32.0,40.0,55,61,48,58,58,58,58,53,53,53,53,45,39,52,42,42,42,42,47,47,47,47,61,61,No,No,No,No,No,No,No,No,No,No,No,No,No,No,No,No,No,No,No,No,No,No,No,No,No,No,No,No,No,No,No,No,No,No,No,No,58,58,49,53,0.222,0.000,0.000,0.000,0.000,0.000,0.000,0.000,1.200,5.000,19.900,15.986,0.016,25.970,3.172,0.270,0.112,45.0,40.0,55.0,55.0,7.000,300.0,4.0,0.0,0.0,0.0,0.0,638,0,0.0,0.0,0.0,0.0,22.1,65.3,0.2,71.9,0.1,2.0,0.1,78.9,16.1,19.5,2.2,8.9,0.5,6.0,21.6,2.9,0.0,0.0,17.0,4.8,13.3,0.0,0.0,0.0,64.9,8.9,7.8,97.8,99.8,3.5,77.5,65.3,97.6,90.9,99.4,9.6,3.8,15.5,1596.1,16.00,22,22,22,52,74,560,1,2,Yes,No,No,No,No,No,No,No,No,No,Yes,No,No,No,No,No,No,No,No,No,No,No,No,No,No,No,No,No,No,No,No,No,No,No,No,No,No,No,47.0,53,53,60,88.0,100.0,No,No,21506,55883,11.5,0.0,11.5,2.629,0.000,2329,850,12.429,41.633,100.0,0.000,22.9,22.1,61.7,10.3,10.0,9.9,9.9,22.1,60.4,10.3,10.0,10.0,10.0,45.29,97.31,16.20,16.17,100.62,100.62,0.87,4.15,45.29,0.00,55.01,0,
1.2.2026,21:37:34.243,6372,2024,75.8,5429,2454,68.8,0.3,1.069,0.828,1.094,1.094,1.094,1.089,1.144,1.089,1.089,1.079,1.089,0.776,0.766,3341.8,1995.1,4289.5,3391.7,3391.7,3391.7,3391.7,3391.7,3391.7,3391.7,3391.7,99.8,1396.6,310.9,481.1,1.9,1282.4,1.9,1.1,1.1,1191.5,398.9,359.8,8.5,1.1,1.2,420.0,10.8,3.4,17.0,19.2,0.0,5.2,0.0,77.0,0.0,8.4,0.0,0.0,0.0,77.0,10.8,100.0,26.4,33.9,0.1,67.9,0.1,0.2,0.1,126.9,50.4,35.8,1.0,0.1,0.1,26.4,33.5,20.0,43.0,34.0,34.0,34.0,34.0,34.0,34.0,34.0,34.0,14.0,53,48,58,55,55,55,55,52,52,52,52,47,52,42,45,45,45,45,48,48,48,48,54,58,No,No,No,No,No,No,No,No,No,No,No,No,No,No,No,No,No,No,No,No,No,No,No,No,No,No,No,No,No,No,No,No,No,No,No,No,58,58,49,53,0.222,0.000,0.000,0.000,0.000,0.000,0.000,0.000,1.200,18.125,8.492,5.016,0.010,14.858,2.833,0.167,0.124,45.0,40.0,55.0,55.0,19.000,300.0,4.7,0.0,0.0,0.0,0.0,638,0,0.0,0.0,0.0,0.0,14.7,14.2,0.1,39.8,0.1,0.0,0.0,81.6,21.1,19.2,0.3,0.0,0.0,12.0,31.6,37.2,0.0,0.0,18.5,9.0,23.4,0.0,0.0,0.0,64.9,0.0,23.0,99.9,99.9,0.0,69.7,56.7,99.7,99.9,100.0,26.0,52.1,0.0,1596.1,16.00,22,22,22,52,74,560,1,2,Yes,No,No,No,No,No,No,No,No,No,Yes,No,No,No,No,No,No,No,No,No,No,No,No,No,No,No,No,No,No,No,No,No,No,No,No,No,No,No,47.0,53,53,60,88.0,100.0,No,No,21506,55883,5.3,0.0,5.3,1.851,0.000,2329,850,12.429,41.633,100.0,0.000,22.9,23.8,61.3,11.9,11.9,11.9,11.9,23.8,60.4,12.0,12.0,12.0,12.0,42.05,84.01,16.31,16.30,84.06,84.06,0.87,3.31,42.05,0.00,50.91,0,
1.2.2026,21:37:34.357,6372,2024,75.8,5430,2454,68.8,0.3,1.129,1.127,1.134,1.149,1.114,1.134,1.109,1.114,1.134,1.134,1.134,1.028,0.766,3192.2,4289.5,4289.5,3192.2,997.6,3192.2,3192.2,3192.2,3192.2,3192.2,3192.2,99.8,3691.0,661.6,3009.9,2.2,2403.7,3.4,7.3,96.8,1173.7,89.8,1073.9,19.3,34.9,23.8,848.4,24.7,68.1,11.4,62.2,0.0,0.0,1.3,66.9,13.9,48.8,11.8,12.5,0.0,68.1,24.7,100.0,56.6,231.7,0.1,193.4,0.1,0.5,8.7,128.1,9.4,100.4,1.5,3.0,2.0,56.6,32.0,43.0,43.0,32.0,10.0,32.0,32.0,32.0,32.0,32.0,32.0,37.0,55,54,60,57,57,57,57,53,53,53,53,45,46,40,43,43,43,43,47,47,47,47,60,60,No,No,No,No,No,No,No,No,No,No,No,No,No,No,No,No,No,No,No,No,No,No,No,No,No,No,No,No,No,No,No,No,No,No,No,No,56,56,50,53,0.222,0.000,0.000,0.000,0.000,0.000,0.000,0.000,1.200,4.063,20.179,16.326,0.017,26.250,3.098,0.276,0.122,45.0,40.0,55.0,55.0,3.000,300.0,3.8,0.0,0.0,0.0,0.0,638,0,0.0,0.0,0.0,0.0,21.6,69.3,0.1,56.2,0.1,0.3,3.2,65.1,3.3,58.1,0.7,1.7,0.7,9.5,13.3,32.9,0.0,0.0,34.9,0.0,13.6,0.0,0.0,0.0,62.9,3.0,10.9,99.6,96.7,0.0,96.5,25.5,99.1,98.1,99.1,6.6,13.1,0.0,1596.1,16.00,22,22,22,52,74,560,1,2,Yes,No,No,No,No,No,No,No,No,No,Yes,No,No,No,No,No,No,No,No,No,No,No,No,No,No,No,No,No,No,No,No,No,No,No,No,No,No,No,48.0,53,53,60,88.0,100.0,No,No,21506,55883,7.9,0.0,7.9,1.798,0.000,2330,850,12.429,41.633,100.0,0.000,22.9,24.2,61.3,11.9,11.9,11.9,11.9,24.2,60.5,12.0,12.0,12.0,12.0,41.28,84.01,16.31,16.30,84.06,84.06,0.85,2.85,41.28,0.00,47.28,0,
1.2.2026,21:37:34.463,6372,2023,75.8,5430,2454,68.8,0.3,1.027,0.800,0.891,0.927,0.927,1.117,1.132,1.144,1.104,1.119,1.104,0.751,0.766,2932.8,1795.6,1795.6,2693.4,2693.4,3391.7,3391.7,3391.7,3391.7,3391.7,3391.7,99.8,1197.1,255.4,521.2,1.5,1087.1,1.8,1.2,1.2,972.4,1.4,472.9,1.3,1.2,1.8,323.5,15.3,23.7,0.0,42.2,0.0,0.0,0.0,81.0,0.0,36.5,0.0,0.0,0.0,81.0,15.3,100.0,22.5,38.6,0.1,76.4,0.1,0.1,0.1,105.5,1.1,47.5,0.1,0.1,0.1,22.5,29.4,18.0,18.0,27.0,27.0,34.0,34.0,34.0,34.0,34.0,34.0,12.0,51,45,53,53,53,53,53,51,51,51,51,49,55,47,47,47,47,47,49,49,49,49,55,53,No,No,No,No,No,No,No,No,No,No,No,No,No,No,No,No,No,No,No,No,No,No,No,No,No,No,No,No,No,No,No,No,No,No,No,No,61,61,49,53,0.222,0.000,0.000,0.000,0.000,0.000,0.000,0.000,1.200,19.375,7.528,4.216,0.004,13.830,2.682,0.167,0.124,45.0,40.0,55.0,55.0,21.000,300.0,5.0,0.0,0.0,0.0,0.0,638,0,0.0,0.0,0.0,0.0,13.7,15.1,0.1,38.1,0.2,0.1,0.0,80.1,0.0,30.7,0.0,0.0,0.1,9.5,26.2,35.2,0.0,0.0,19.9,0.0,13.5,0.0,0.0,0.0,68.6,5.3,26.6,99.9,99.9,0.0,99.9,55.0,99.9,99.9,99.9,25.9,51.7,0.0,1596.1,16.00,22,22,22,52,74,560,1,2,Yes,No,No,No,No,No,No,No,No,No,Yes,No,No,No,No,No,No,No,No,No,No,No,No,No,No,No,No,No,No,No,No,No,No,No,No,No,No,No,48.0,53,53,59,88.0,100.0,No,No,21506,55883,6.8,12.3,19.2,1.036,4.965,2330,850,12.429,41.633,100.0,0.000,22.9,24.2,61.3,11.9,11.9,11.9,11.9,24.2,60.5,12.0,12.0,12.0,12.0,41.33,84.01,16.31,16.30,84.06,84.06,0.85,2.98,41.33,0.00,46.59,0,
1.2.2026,21:37:34.580,6373,2023,75.9,5431,2453,68.8,0.3,0.950,1.082,0.999,0.924,0.924,0.914,0.909,0.759,0.994,1.001,0.991,0.971,0.766,2633.6,4189.8,3990.2,2793.2,2793.2,2793.2,997.6,1596.1,997.6,3092.4,3092.4,99.8,3491.5,665.1,2761.4,9.5,2839.6,1.7,9.8,8.6,1104.9,102.5,1014.4,87.0,31.2,10.3,854.8,26.8,64.1,21.9,65.1,21.8,0.0,0.0,55.1,15.8,60.6,16.6,1.0,0.0,65.1,26.8,100.0,56.5,212.0,0.6,215.5,0.1,0.9,0.8,121.2,10.7,103.0,9.3,3.2,1.1,56.5,26.4,42.0,40.0,28.0,28.0,28.0,10.0,16.0,10.0,31.0,31.0,35.0,55,52,51,58,58,58,58,53,53,53,53,45,48,49,42,42,42,42,47,47,47,47,57,58,No,No,No,No,No,No,No,No,No,No,No,No,No,No,No,No,No,No,No,No,No,No,No,No,No,No,No,No,No,No,No,No,No,No,No,No,58,58,50,53,0.222,0.000,0.000,0.000,0.000,0.000,0.000,0.000,1.200,11.250,19.981,16.210,0.016,26.064,3.012,0.279,0.124,45.0,40.0,55.0,55.0,6.000,300.0,3.4,0.0,0.0,0.0,0.0,638,0,0.0,0.0,0.0,0.0,22.1,65.2,0.2,66.6,0.1,0.3,0.3,55.2,4.6,64.8,5.4,1.8,0.3,8.5,12.0,17.2,0.0,0.0,44.8,0.0,11.0,0.0,0.0,0.0,62.2,0.0,13.9,99.6,99.6,0.0,95.0,22.3,94.4,98.1,99.6,10.9,20.2,1.6,1596.1,16.00,22,22,22,52,74,560,1,2,Yes,No,No,No,No,No,No,No,No,No,Yes,No,No,No,No,No,No,No,No,No,No,No,No,No,No,No,No,No,No,No,No,No,No,No,No,No,No,No,47.0,53,53,60,88.0,100.0,No,No,21506,55883,8.5,0.0,8.5,2.462,0.000,2330,850,12.429,41.633,100.0,0.000,22.9,25.9,61.3,11.9,11.9,11.9,11.9,25.9,60.4,12.0,12.0,12.0,12.0,38.66,83.79,16.31,16.30,83.81,83.81,0.83,2.98,38.66,0.00,42.16,0,
1.2.2026,21:37:34.685,6375,2021,75.9,5433,2451,68.9,0.3,1.123,1.139,1.089,1.129,1.114,1.133,1.123,1.118,1.153,1.118,1.118,1.031,0.766,3282.0,4588.8,4289.5,997.6,3192.2,3192.2,3391.7,3192.2,3192.2,3391.7,3391.7,99.8,3691.0,428.7,1446.3,2.2,1962.4,1.4,1.0,1.1,1260.7,93.3,367.1,4.5,3.4,1.0,596.0,18.4,31.6,0.0,35.4,32.2,6.9,6.8,82.7,0.0,11.5,0.0,6.8,6.8,82.7,18.4,100.0,31.2,110.6,0.1,102.8,0.1,0.2,0.1,128.1,0.1,32.0,0.1,0.1,0.1,31.2,32.9,46.0,43.0,10.0,32.0,32.0,34.0,32.0,32.0,34.0,34.0,37.0,56,63,66,56,56,56,56,53,53,53,53,44,37,34,44,44,44,44,47,47,47,47,63,66,No,No,No,No,No,No,No,No,No,No,No,No,No,No,No,No,No,No,No,No,No,No,No,No,No,No,No,No,No,No,No,No,No,No,No,No,62,62,49,53,0.217,0.000,0.000,0.000,0.000,0.000,0.000,0.000,1.200,17.813,10.039,6.502,0.008,16.088,2.905,0.165,0.114,45.0,40.0,55.0,55.0,19.000,300.0,4.3,0.0,0.0,0.0,0.0,638,0,0.0,0.0,0.0,0.0,16.6,36.7,0.1,52.2,0.1,0.1,0.0,84.9,2.9,21.6,0.1,0.1,0.0,2.7,7.4,0.1,0.0,0.0,15.1,0.0,4.4,0.0,0.0,0.0,69.5,0.0,25.9,99.9,99.9,0.0,97.0,72.7,99.8,99.9,100.0,36.8,53.4,20.2,1596.1,16.00,22,22,22,52,74,560,1,2,Yes,No,No,No,No,No,No,No,No,No,Yes,No,No,No,No,No,No,No,No,No,No,No,No,No,No,No,No,No,No,No,No,No,No,No,No,No,No,No,48.0,53,53,59,88.0,100.0,No,No,21506,55883,8.3,0.0,8.3,1.516,0.000,2330,850,12.429,41.633,100.0,0.000,22.9,25.8,61.2,11.9,11.9,11.9,11.9,25.9,61.5,11.9,11.9,11.9,11.9,38.76,83.79,16.33,16.33,83.81,83.81,0.80,2.62,38.76,0.00,44.21,0,
1.2.2026,21:37:34.800,6376,2020,75.9,5433,2451,68.9,0.3,1.114,1.107,1.098,1.163,1.103,1.103,1.088,1.108,1.123,1.123,1.123,1.033,0.763,3411.7,4289.5,4289.5,3192.2,3192.2,3192.2,3192.2,3192.2,3192.2,3192.2,3192.2,99.8,3691.0,794.3,2615.6,28.0,3034.6,4.6,7.3,3.4,1209.8,1289.6,1154.6,134.8,34.6,14.3,1024.1,35.0,60.4,47.5,79.5,3.3,3.5,3.4,62.6,46.7,57.3,20.9,17.8,17.3,79.5,35.0,100.0,70.3,197.7,1.3,268.6,0.1,0.5,0.2,142.9,111.4,106.5,10.6,2.8,0.9,70.3,34.2,43.0,43.0,32.0,32.0,32.0,32.0,32.0,32.0,32.0,32.0,37.0,57,54,64,59,59,59,59,55,55,55,55,43,46,36,41,41,41,41,45,45,45,45,67,64,No,No,No,No,No,No,No,No,No,No,No,No,No,No,No,No,No,No,No,No,No,No,No,No,No,No,No,No,No,No,No,No,No,No,No,No,55,55,49,53,0.222,0.000,0.000,0.000,0.000,0.000,0.000,0.000,1.200,5.000,22.922,18.800,0.026,28.688,3.351,0.290,0.121,45.0,40.0,55.0,55.0,6.000,300.0,3.8,0.0,0.0,0.0,0.0,638,0,0.0,0.0,0.0,0.0,25.6,60.7,0.7,69.9,0.1,0.2,0.2,53.0,47.1,67.0,6.5,1.2,0.5,12.8,20.3,22.1,0.0,0.0,45.7,27.6,12.0,0.0,0.0,0.0,54.8,9.1,6.2,99.7,99.7,1.1,23.3,18.4,93.0,98.5,99.3,5.2,9.4,1.0,1596.1,16.00,22,22,22,52,74,560,1,2,Yes,No,No,No,No,No,No,No,No,No,Yes,No,No,No,No,No,No,No,No,No,No,No,No,No,No,No,No,No,No,No,No,No,No,No,No,No,No,No,47.0,53,53,60,88.0,100.0,No,No,21506,55883,7.3,0.0,7.3,1.943,0.000,2330,850,12.429,41.633,100.0,0.000,22.9,27.8,68.1,11.9,11.9,11.9,11.9,27.8,61.5,11.9,11.9,11.9,11.9,35.98,83.78,14.69,14.22,83.81,83.81,0.78,2.08,35.98,0.00,41.62,0,
1.2.2026,21:37:34.912,6376,2020,75.9,5433,2451,68.9,0.3,1.106,0.782,1.134,1.144,1.109,1.144,1.164,1.137,1.147,1.147,1.147,0.736,0.766,2633.6,2094.9,4588.8,1695.9,3192.2,3192.2,997.6,997.6,3192.2,3192.2,3192.2,99.8,1496.3,286.4,588.7,1.7,972.1,1.6,1.2,1.4,944.7,202.6,710.4,9.2,1.7,1.2,339.3,14.0,17.2,0.0,23.0,0.0,0.0,0.0,57.1,14.9,55.4,0.0,0.0,0.0,57.1,14.0,100.0,25.3,42.1,0.1,55.0,0.1,0.1,0.1,102.2,25.0,77.2,1.0,0.1,0.1,25.3,26.4,21.0,46.0,17.0,32.0,32.0,10.0,10.0,32.0,32.0,32.0,15.0,52,48,55,53,54,54,54,51,51,51,51,48,52,45,47,46,46,46,49,49,49,49,53,55,No,No,No,No,No,No,No,No,No,No,No,No,No,No,No,No,No,No,No,No,No,No,No,No,No,No,No,No,No,No,No,No,No,No,No,No,61,61,49,53,0.222,0.000,0.000,0.000,0.000,0.000,0.000,0.000,1.200,20.625,7.950,4.528,0.009,14.119,2.766,0.169,0.125,45.0,40.0,55.0,55.0,23.000,300.0,4.2,0.0,0.0,0.0,0.0,638,0,0.2,0.0,0.0,0.0,15.5,19.7,0.2,33.3,0.1,0.1,0.1,60.0,14.5,58.1,0.3,0.1,0.0,10.6,36.7,26.5,0.0,0.0,28.8,6.4,7.2,0.0,0.0,0.0,66.0,17.1,20.8,99.9,99.9,10.4,78.9,33.5,99.7,99.9,99.9,21.8,25.5,18.1,1596.1,16.00,22,22,22,52,74,560,1,2,Yes,No,No,No,No,No,No,No,No,No,Yes,No,No,No,No,No,No,No,No,No,No,No,No,No,No,No,No,No,No,No,No,No,No,No,No,No,No,No,47.0,53,53,60,88.0,100.0,No,No,21506,55883,8.6,0.0,8.6,1.495,0.000,2330,850,12.429,41.633,100.0,0.000,22.9,28.3,68.3,11.9,11.9,11.9,11.9,28.3,61.5,11.9,11.9,11.9,11.9,35.33,83.78,14.64,14.22,83.81,83.81,0.76,1.82,35.33,0.00,37.73,0,
1.2.2026,21:37:35.021,6356,2040,75.6,5430,2454,68.8,0.3,1.090,1.173,1.126,1.156,1.131,1.191,1.020,1.025,1.010,1.035,1.035,1.028,0.766,2314.3,4289.5,4289.5,997.6,997.6,3192.2,997.6,997.6,997.6,3192.2,3192.2,99.8,3691.0,731.2,2278.5,7.1,2642.6,2.7,14.3,5.7,975.7,698.2,1291.1,782.0,50.6,26.1,828.1,32.0,52.8,11.8,64.6,41.1,0.0,0.0,52.2,24.2,59.6,42.7,22.7,12.3,64.6,32.0,100.0,64.0,174.0,0.4,205.3,0.1,1.3,0.5,102.4,66.0,137.0,74.1,4.8,2.4,64.0,23.2,43.0,43.0,10.0,10.0,32.0,10.0,10.0,10.0,32.0,32.0,37.0,56,58,55,58,58,58,58,53,55,55,55,44,42,45,42,42,42,42,47,45,45,45,58,58,No,No,No,No,No,No,No,No,No,No,No,No,No,No,No,No,No,No,No,No,No,No,No,No,No,No,No,No,No,No,No,No,No,No,No,No,55,55,50,53,0.222,0.000,0.000,0.000,0.000,0.000,0.000,0.000,1.200,8.438,20.661,16.583,0.027,26.826,3.286,0.288,0.125,45.0,40.0,55.0,55.0,5.000,300.0,4.1,0.0,0.0,0.0,0.0,638,0,0.0,0.0,0.0,0.0,24.6,54.3,0.2,61.8,0.1,0.5,0.2,53.8,29.8,59.3,32.2,1.9,0.9,18.3,31.7,10.7,0.0,0.0,46.2,31.3,40.8,22.5,0.0,0.0,48.7,8.7,2.3,99.4,99.7,0.0,37.0,0.0,43.1,97.9,99.0,13.9,4.6,23.1,1596.1,16.00,22,22,22,52,74,560,1,2,Yes,No,No,No,No,No,No,No,No,No,Yes,No,No,No,No,No,No,No,No,No,No,No,No,No,No,No,No,No,No,No,No,No,No,No,No,No,No,No,47.0,53,53,61,88.0,100.0,No,No,21506,55883,8.5,0.0,8.5,2.053,0.000,2331,850,12.429,41.633,100.0,0.000,22.9,28.9,68.2,12.0,11.9,11.9,11.9,28.9,61.5,11.9,11.9,11.9,11.9,34.60,83.62,14.66,14.22,83.70,83.70,0.75,1.72,34.60,0.00,38.85,0,
1.2.2026,21:37:35.132,6373,2023,75.9,5430,2454,68.8,0.3,1.071,0.922,1.102,1.132,1.152,1.127,1.032,1.032,1.067,1.067,1.082,0.858,0.766,3022.6,3491.5,4289.5,1596.1,2992.7,2992.7,2992.7,2892.9,2992.7,2992.7,2992.7,99.8,2892.9,278.3,558.7,3.0,951.9,2.1,1.3,1.5,659.2,85.5,837.4,235.6,1.6,1.1,282.9,13.7,20.6,0.0,30.4,0.0,0.0,0.0,39.0,5.2,66.6,2.2,0.0,0.0,66.6,13.7,100.0,25.8,48.2,0.1,65.9,0.2,0.1,0.1,66.6,10.1,90.9,27.3,0.1,0.1,25.8,30.3,35.0,43.0,16.0,30.0,30.0,30.0,29.0,30.0,30.0,30.0,29.0,52,48,53,55,55,55,55,51,51,51,51,48,52,47,45,45,45,45,49,49,49,49,54,55,No,No,No,No,No,No,No,No,No,No,No,No,No,No,No,No,No,No,No,No,No,No,No,No,No,No,No,No,No,No,No,No,No,No,No,No,65,65,50,53,0.217,0.000,0.000,0.000,0.000,0.000,0.000,0.000,1.200,18.125,6.887,3.325,0.000,13.506,2.969,0.163,0.111,45.0,40.0,55.0,55.0,19.000,300.0,3.1,0.0,0.0,0.0,0.0,638,0,0.0,0.0,0.0,0.0,16.4,26.8,0.2,34.6,0.1,0.1,0.1,43.7,5.7,69.3,16.0,0.1,0.0,12.0,37.0,18.7,0.0,0.0,33.3,0.0,30.8,0.2,0.0,0.0,61.6,0.0,16.8,99.9,99.9,22.1,93.7,0.0,83.5,99.9,99.9,31.4,34.5,28.2,1596.1,16.00,22,22,22,52,74,560,1,2,Yes,No,No,No,No,No,No,No,No,No,Yes,No,No,No,No,No,No,No,No,No,No,No,No,No,No,No,No,No,No,No,No,No,No,No,No,No,No,No,47.0,53,53,61,88.0,100.0,No,No,21506,55883,7.8,0.0,7.8,1.418,0.000,2331,850,12.429,41.633,100.0,0.000,22.9,27.2,68.4,11.9,11.9,11.9,11.9,27.2,61.6,11.9,11.9,11.9,11.9,36.80,83.71,14.62,14.22,83.71,83.71,0.71,2.25,36.80,0.00,40.68,0,
1.2.2026,21:37:35.231,6373,2022,75.9,5428,2456,68.8,0.3,1.137,1.135,1.196,1.156,1.191,1.206,1.091,1.106,1.096,1.096,1.096,1.028,0.766,2164.7,4289.5,399.0,3192.2,3192.2,3192.2,3391.7,997.6,997.6,997.6,997.6,99.8,3691.0,755.6,2902.9,9.5,3297.7,6.3,8.0,6.1,1336.6,296.6,1093.9,71.1,27.7,11.3,983.0,30.5,66.6,35.9,74.6,41.2,0.0,0.0,68.4,11.9,53.3,13.6,0.0,0.0,74.6,30.5,100.0,65.1,218.5,0.7,256.1,0.3,0.8,0.6,144.3,31.3,118.1,6.2,2.9,1.1,65.1,21.7,43.0,4.0,32.0,32.0,32.0,34.0,10.0,10.0,10.0,10.0,37.0,56,58,52,59,59,59,59,53,53,53,53,44,42,48,41,41,41,41,47,47,47,47,59,59,No,No,No,No,No,No,No,No,No,No,No,No,No,No,No,No,No,No,No,No,No,No,No,No,No,No,No,No,No,No,No,No,No,No,No,No,55,55,49,53,0.217,0.000,0.000,0.000,0.000,0.000,0.000,0.000,1.200,2.188,21.691,17.531,0.035,29.597,3.402,0.299,0.058,45.0,40.0,55.0,55.0,1.000,300.0,3.3,0.0,0.0,0.0,0.0,638,0,0.0,0.0,0.0,0.0,23.9,67.1,0.2,76.3,0.1,0.3,0.2,71.0,13.8,53.0,3.2,0.9,0.4,11.0,22.7,23.4,0.0,0.0,17.0,0.0,47.0,0.0,0.0,0.0,59.2,1.0,0.1,99.6,99.8,11.2,85.1,0.0,96.6,98.9,99.5,3.7,7.3,0.1,1596.1,16.00,22,22,22,52,74,560,1,2,Yes,No,No,No,No,No,No,No,No,No,Yes,No,No,No,No,No,No,No,No,No,No,No,No,No,No,No,No,No,No,No,No,No,No,No,No,No,No,No,47.0,53,53,61,88.0,100.0,No,No,21506,55883,8.0,0.0,8.0,2.648,0.000,2331,850,12.429,41.633,100.0,0.000,22.9,27.8,68.3,11.9,11.9,11.9,11.9,27.8,61.5,11.9,11.9,11.9,11.9,35.99,83.77,14.64,14.22,83.80,83.80,0.71,2.56,35.99,0.00,39.09,0,
1.2.2026,21:37:35.338,6373,2023,75.9,5429,2455,68.8,0.3,0.821,0.812,0.822,0.822,0.817,0.813,0.818,0.822,0.827,0.827,0.827,0.786,0.766,1925.3,2693.4,2593.7,1795.6,997.6,1795.6,1795.6,1895.4,1895.4,1895.4,1895.4,99.8,2294.4,308.7,829.4,1.7,678.2,1.5,1.1,1.1,915.7,598.7,632.8,41.8,1.0,1.1,378.4,15.8,34.3,0.0,26.6,0.0,0.0,0.0,53.3,17.2,58.5,0.0,0.0,0.0,58.5,15.8,100.0,28.9,62.9,0.1,45.6,0.1,0.1,0.1,97.8,65.2,69.3,5.8,0.1,0.1,28.9,19.3,27.0,26.0,18.0,10.0,18.0,18.0,19.0,19.0,19.0,19.0,23.0,52,50,47,55,55,55,55,50,50,51,51,48,50,53,45,45,45,45,50,50,49,49,55,55,No,No,No,No,No,No,No,No,No,No,No,No,No,No,No,No,No,No,No,No,No,No,No,No,No,No,No,No,No,No,No,No,No,No,No,No,61,61,49,53,0.217,0.000,0.000,0.000,0.000,0.000,0.000,0.000,1.200,18.125,7.855,4.201,0.003,16.033,3.084,0.179,0.057,45.0,40.0,55.0,55.0,19.000,300.0,4.4,0.0,0.0,0.0,0.0,638,0,0.0,0.0,0.0,0.0,17.4,34.6,0.1,28.9,0.1,0.1,0.1,55.9,27.3,58.1,3.6,0.0,0.0,14.4,24.9,26.2,0.0,0.0,44.2,7.3,41.9,0.0,0.0,0.0,60.1,17.0,23.1,99.9,99.9,0.0,64.7,0.0,96.3,99.9,99.9,21.1,22.1,20.1,1596.1,16.00,22,22,22,52,74,560,1,2,Yes,No,No,No,No,No,No,No,No,No,Yes,No,No,No,No,No,No,No,No,No,No,No,No,No,No,No,No,No,No,No,No,No,No,No,No,No,No,No,47.0,53,53,61,88.0,100.0,No,No,21506,55883,7.8,0.0,7.8,1.150,0.000,2331,850,12.429,41.633,100.0,0.000,22.9,24.8,68.4,11.9,11.9,11.9,11.9,24.8,61.5,11.9,11.9,11.9,11.9,40.28,83.78,14.62,14.22,83.80,83.80,0.76,3.59,40.28,0.00,44.88,0,
1.2.2026,21:37:35.447,6373,2022,75.9,5430,2454,68.8,0.3,1.127,1.136,1.121,1.120,1.120,1.110,1.155,1.105,1.135,1.135,1.130,1.086,0.766,3411.7,4289.5,4289.5,3192.2,3192.2,3192.2,3192.2,3192.2,3192.2,3192.2,3192.2,99.8,3990.2,795.5,2109.1,7.6,4073.7,5.7,65.5,7.4,1245.3,672.9,1192.3,68.9,77.2,20.9,1023.4,34.8,47.2,9.9,94.0,29.9,24.1,0.0,60.2,36.4,48.8,22.8,22.9,21.5,94.0,34.8,100.0,68.4,157.1,0.5,311.7,0.4,6.9,0.7,133.4,69.8,123.0,7.0,8.0,2.0,68.3,34.2,43.0,43.0,32.0,32.0,32.0,32.0,32.0,32.0,32.0,32.0,40.0,56,53,65,56,56,56,56,54,54,54,54,44,47,35,44,44,44,44,46,46,46,46,65,65,No,No,No,No,No,No,No,No,No,No,No,No,No,No,No,No,No,No,No,No,No,No,No,No,No,No,No,No,No,No,No,No,No,No,No,No,55,55,50,53,0.222,0.000,0.000,0.000,0.000,0.000,0.000,0.000,1.200,4.688,21.066,16.963,0.017,29.067,3.388,0.295,0.056,45.0,40.0,55.0,55.0,4.000,300.0,4.4,0.0,0.0,0.0,0.0,638,0,0.0,0.0,0.0,0.0,25.4,52.0,0.3,94.6,0.1,4.1,0.2,62.3,31.6,54.3,2.4,2.5,0.7,13.4,36.4,0.2,0.0,0.0,37.7,13.9,45.7,0.0,0.0,0.0,54.5,0.0,2.6,95.7,99.7,0.0,52.7,0.0,97.3,97.4,99.2,5.7,9.8,1.7,1596.1,16.00,22,22,22,52,74,560,1,2,Yes,No,No,No,No,No,No,No,No,No,Yes,No,No,No,No,No,No,No,No,No,No,No,No,No,No,No,No,No,No,No,No,No,No,No,No,No,No,No,47.0,53,53,62,88.0,100.0,No,No,21506,55883,11.3,0.0,11.3,3.155,0.000,2332,850,12.429,41.633,100.0,0.000,22.9,25.3,68.4,11.9,11.9,11.9,11.9,25.3,61.5,11.9,11.9,11.9,11.9,39.58,83.78,14.62,14.22,83.80,83.80,0.75,3.72,39.58,0.00,44.21,0,
1.2.2026,21:37:35.557,6374,2022,75.9,5428,2456,68.8,0.3,1.089,1.110,1.106,1.161,1.161,1.146,1.107,1.032,1.042,1.012,1.012,1.083,0.766,3242.1,4289.5,4289.5,3291.9,3291.9,3291.9,3291.9,997.6,3291.9,3192.2,3192.2,99.8,3990.2,314.1,957.0,2.7,777.9,1.8,1.9,1.4,738.1,301.9,981.4,1.8,1.4,1.6,347.8,15.8,29.1,0.0,24.0,0.0,0.0,11.9,45.5,13.0,66.6,0.0,0.0,0.0,66.6,15.8,100.0,28.9,69.3,0.1,57.4,0.1,0.2,0.1,76.9,33.1,108.5,0.2,0.2,0.1,28.9,32.5,43.0,43.0,33.0,33.0,33.0,33.0,10.0,33.0,32.0,32.0,40.0,52,48,47,55,55,55,55,52,52,51,51,48,52,53,45,45,45,45,48,48,49,49,55,55,No,No,No,No,No,No,No,No,No,No,No,No,No,No,No,No,No,No,No,No,No,No,No,No,No,No,No,No,No,No,No,No,No,No,No,No,66,66,49,53,0.222,0.000,0.000,0.000,0.000,0.000,0.000,0.000,1.200,18.750,9.168,5.539,0.013,17.434,3.036,0.167,0.058,45.0,40.0,55.0,55.0,19.000,300.0,4.3,0.0,0.0,0.0,0.0,638,0,0.0,0.0,0.0,0.0,16.3,33.4,0.1,28.1,0.1,0.1,0.0,49.6,15.7,68.7,0.1,0.0,0.0,17.1,39.3,59.8,0.0,0.0,50.5,0.2,21.2,0.0,0.0,0.0,60.5,0.0,12.1,99.9,99.9,0.0,83.8,9.6,99.9,99.9,99.9,12.9,25.9,0.0,1596.1,16.00,22,22,22,52,74,560,1,2,Yes,No,No,No,No,No,No,No,No,No,Yes,No,No,No,No,No,No,No,No,No,No,No,No,No,No,No,No,No,No,No,No,No,No,No,No,No,No,No,47.0,54,54,62,88.0,100.0,No,No,21506,55883,5.0,12.9,18.0,1.564,34.697,2332,853,12.429,41.633,100.0,0.000,22.9,26.0,68.5,11.9,11.9,11.9,11.9,26.0,61.5,11.9,11.9,11.9,11.9,38.41,83.78,14.60,14.21,83.80,83.80,0.73,3.24,38.41,0.00,46.13,0,
1.2.2026,21:37:35.671,6374,2021,75.9,5432,2452,68.8,0.3,1.116,1.111,1.123,1.113,1.123,1.109,1.119,1.109,1.119,1.119,1.119,1.033,0.766,3411.7,4289.5,4289.5,3192.2,3192.2,3192.2,3192.2,3192.2,3192.2,3192.2,3192.2,99.8,3691.0,713.9,1843.4,8.4,3999.6,2.4,10.1,5.2,1182.1,95.4,1331.1,68.9,12.1,8.2,893.3,35.9,50.5,41.2,93.6,41.1,11.9,0.0,69.3,14.9,69.5,14.6,12.0,11.9,93.6,35.9,100.0,62.6,139.3,0.6,308.8,0.1,1.0,0.4,132.4,10.3,148.7,7.7,1.2,0.8,62.6,34.2,43.0,43.0,32.0,32.0,32.0,32.0,32.0,32.0,32.0,32.0,37.0,56,53,66,55,55,55,55,54,54,54,54,44,47,34,45,45,45,45,46,46,46,46,67,66,No,No,No,No,No,No,No,No,No,No,No,No,No,No,No,No,No,No,No,No,No,No,No,No,No,No,No,No,No,No,No,No,No,No,No,No,54,54,50,53,0.222,0.000,0.000,0.000,0.000,0.000,0.000,0.000,1.200,6.563,21.066,17.015,0.029,28.733,3.335,0.295,0.057,45.0,40.0,55.0,55.0,5.000,300.0,3.8,0.0,0.0,0.0,0.0,638,0,0.0,0.0,0.0,0.0,23.1,45.3,0.2,93.3,0.1,0.3,0.2,64.4,3.8,66.1,3.4,0.4,0.3,9.5,18.9,6.6,0.0,0.0,35.6,0.0,33.9,0.0,0.0,0.0,59.1,0.0,0.1,99.6,99.8,0.0,95.9,0.0,96.5,99.5,99.6,16.4,32.8,0.0,1596.1,16.00,22,22,22,52,74,560,1,2,Yes,No,No,No,No,No,No,No,No,No,Yes,No,No,No,No,No,No,No,No,No,No,No,No,No,No,No,No,No,No,No,No,No,No,No,No,No,No,No,47.0,54,54,61,88.0,100.0,No,No,21506,55883,9.1,0.9,10.0,1.752,0.073,2332,853,12.429,41.633,100.0,0.000,22.9,25.9,68.3,11.9,11.9,11.9,11.9,25.9,61.5,12.0,12.0,12.0,12.0,38.65,83.78,14.64,14.22,83.80,83.80,0.73,3.53,38.65,0.00,45.09,0,
1.2.2026,21:37:35.781,6374,2022,75.9,5432,2452,68.8,0.3,1.103,0.974,1.135,1.123,1.123,1.099,1.114,1.109,1.119,1.114,1.114,0.913,0.766,2952.8,3790.7,4588.8,997.6,3192.2,997.6,3192.2,3192.2,3192.2,3192.2,3192.2,99.8,3291.9,407.9,1417.8,1.9,1816.9,3.1,1.2,1.5,812.6,3.6,757.9,75.5,1.1,1.2,507.3,17.0,36.2,0.0,43.9,0.0,0.0,0.0,59.3,0.0,53.6,10.9,0.0,0.0,59.3,17.0,100.0,34.3,104.7,0.1,129.3,0.2,0.2,0.2,90.8,0.6,84.5,0.6,0.1,0.1,34.3,29.6,38.0,46.0,10.0,32.0,10.0,32.0,32.0,32.0,32.0,32.0,33.0,54,49,64,55,55,55,55,53,53,53,53,46,51,36,45,45,45,45,47,47,47,47,55,64,No,No,No,No,No,No,No,No,No,No,No,No,No,No,No,No,No,No,No,No,No,No,No,No,No,No,No,No,No,No,No,No,No,No,No,No,67,67,49,53,0.222,0.000,0.000,0.000,0.000,0.000,0.000,0.000,1.200,15.625,10.986,7.261,0.002,18.785,3.135,0.175,0.059,45.0,40.0,55.0,55.0,19.000,300.0,3.8,0.0,0.0,0.0,0.0,638,0,0.0,0.0,0.0,0.0,17.4,39.9,0.1,49.3,0.1,0.1,0.1,59.4,0.2,53.6,6.4,0.0,0.0,17.0,39.8,43.3,0.0,0.0,40.6,0.0,46.4,0.0,0.0,0.0,60.0,0.0,7.4,99.9,99.9,0.0,99.8,0.0,93.5,99.9,99.9,9.3,18.6,0.0,1596.1,16.00,22,22,22,52,74,560,1,2,Yes,No,No,No,No,No,No,No,No,No,Yes,No,No,No,No,No,No,No,No,No,No,No,No,No,No,No,No,No,No,No,No,No,No,No,No,No,No,No,47.0,54,54,62,88.0,100.0,No,No,21506,55883,8.0,0.0,8.0,1.869,0.000,2332,853,12.428,41.633,100.0,0.000,22.9,25.8,62.1,11.9,11.9,11.9,11.9,25.9,60.4,12.0,12.0,12.0,12.0,38.69,83.78,16.10,16.10,83.80,83.80,0.72,3.69,38.69,0.00,42.23,0,
1.2.2026,21:37:35.893,6375,2021,75.9,5432,2452,68.8,0.3,1.133,1.125,1.110,1.130,1.120,1.120,1.120,1.105,1.161,1.171,1.171,1.028,0.763,2912.9,4289.5,4289.5,3192.2,1596.1,3192.2,1596.1,997.6,3192.2,3391.7,3391.7,99.8,3691.0,718.8,2528.3,2.1,3271.5,1.9,3.8,1.6,1180.6,220.2,1228.9,157.7,18.5,10.8,901.2,27.5,57.7,11.3,76.3,11.3,11.4,0.0,62.8,9.8,55.1,11.2,11.7,11.5,76.3,27.5,100.0,62.7,192.6,0.1,258.8,0.1,0.3,0.1,123.1,22.0,128.4,24.2,1.7,0.9,62.7,29.2,43.0,43.0,32.0,16.0,32.0,16.0,10.0,32.0,34.0,34.0,37.0,56,56,55,58,58,58,58,53,53,53,53,44,44,45,42,42,42,42,47,47,47,47,58,58,No,No,No,No,No,No,No,No,No,No,No,No,No,No,No,No,No,No,No,No,No,No,No,No,No,No,No,No,No,No,No,No,No,No,No,No,54,54,49,53,0.222,0.000,0.000,0.000,0.000,0.000,0.000,0.000,1.200,3.438,21.337,17.291,0.021,29.325,3.320,0.300,0.057,45.0,40.0,55.0,55.0,2.000,300.0,4.0,0.0,0.0,0.0,0.0,638,0,0.0,0.0,0.0,0.0,23.5,59.6,0.1,75.2,0.0,0.2,0.1,68.0,12.2,58.6,6.5,0.6,0.3,11.5,17.1,24.8,0.0,0.0,32.1,0.0,41.4,0.0,0.0,0.0,58.0,1.5,0.0,99.7,99.9,0.0,87.3,0.0,93.3,99.2,99.5,9.7,19.3,0.0,1596.1,16.00,22,22,22,52,74,560,1,2,Yes,No,No,No,No,No,No,No,No,No,Yes,No,No,No,No,No,No,No,No,No,No,No,No,No,No,No,No,No,No,No,No,No,No,No,No,No,No,No,48.0,54,54,62,88.0,100.0,No,No,21506,55883,7.8,0.5,8.3,1.359,1.745,2332,854,12.428,41.633,100.0,0.000,22.9,27.8,64.4,11.9,11.9,11.9,11.9,27.8,60.4,12.0,12.0,12.0,12.0,35.99,83.78,15.53,15.37,83.80,83.80,0.69,3.31,35.99,0.00,41.65,0,
1.2.2026,21:37:36.003,6372,2024,75.8,5425,2458,68.8,0.3,1.116,1.103,1.136,1.136,1.161,1.099,1.109,1.099,1.134,1.089,1.094,1.028,0.766,3002.7,4289.5,4588.8,997.6,997.6,3192.2,3192.2,3192.2,3192.2,3192.2,3192.2,99.8,3691.0,339.2,700.2,2.5,1923.8,7.2,24.3,3.9,923.7,4.4,468.9,3.6,4.1,4.2,448.8,19.7,21.5,29.5,42.5,21.6,0.0,11.8,75.5,0.0,33.9,0.0,0.0,0.0,75.5,19.7,100.0,25.0,52.3,0.1,90.4,0.1,0.1,0.1,101.8,0.1,55.2,0.1,0.1,0.1,25.0,30.1,43.0,46.0,10.0,10.0,32.0,32.0,32.0,32.0,32.0,32.0,37.0,55,48,69,55,55,55,55,53,53,53,53,45,52,31,45,45,45,45,47,47,47,47,58,69,No,No,No,No,No,No,No,No,No,No,No,No,No,No,No,No,No,No,No,No,No,No,No,No,No,No,No,No,No,No,No,No,No,No,No,No,62,62,50,53,0.217,0.000,0.000,0.000,0.000,0.000,0.000,0.000,1.200,12.500,7.885,4.339,0.009,15.942,2.981,0.170,0.057,45.0,40.0,55.0,55.0,13.000,300.0,3.7,0.0,0.0,0.0,0.0,638,0,0.0,0.0,0.0,0.0,15.8,23.4,0.1,56.3,0.2,1.3,0.1,74.3,0.2,33.4,0.1,0.1,0.1,6.9,12.8,23.9,0.0,0.0,25.7,0.0,6.5,0.0,0.0,0.0,68.7,10.2,19.7,98.7,99.8,0.0,99.8,59.4,99.8,99.8,99.8,25.7,51.4,0.0,1596.1,16.00,22,22,22,52,74,560,1,2,Yes,No,No,No,No,No,No,No,No,No,Yes,No,No,No,No,No,No,No,No,No,No,No,No,No,No,No,No,No,No,No,No,No,No,No,No,No,No,No,47.0,54,54,61,88.0,100.0,No,No,21506,55883,6.5,0.0,6.5,1.673,0.000,2332,854,12.428,41.633,100.0,0.000,22.9,26.3,64.6,11.9,11.9,11.9,11.9,26.3,60.4,12.0,12.0,12.0,12.0,38.03,83.84,15.49,15.37,83.85,83.85,0.71,3.29,38.03,0.00,43.02,0,
1.2.2026,21:37:36.116,6372,2024,75.8,5426,2458,68.8,0.3,0.835,0.878,0.848,0.838,0.838,0.838,0.838,0.812,0.827,0.822,0.812,0.806,0.766,2055.0,3092.4,3092.4,2094.9,2094.9,2094.9,2094.9,997.6,1995.1,997.6,1995.1,99.8,2493.9,583.8,2038.1,7.2,2465.9,1.8,22.0,1.6,1360.2,53.8,902.5,45.1,91.0,16.8,743.8,22.1,46.1,0.0,68.9,29.4,0.0,0.0,69.7,12.7,38.1,0.0,0.0,0.0,69.7,22.1,100.0,52.8,155.7,0.5,236.2,0.6,5.0,0.5,136.6,4.4,81.1,3.7,7.4,1.6,52.8,20.6,31.0,31.0,21.0,21.0,21.0,21.0,10.0,20.0,10.0,20.0,25.0,53,51,51,55,55,55,55,53,53,53,53,47,49,49,45,45,45,45,47,47,47,47,55,55,No,No,No,No,No,No,No,No,No,No,No,No,No,No,No,No,No,No,No,No,No,No,No,No,No,No,No,No,No,No,No,No,No,No,No,No,55,55,50,53,0.222,0.000,0.000,0.000,0.000,0.000,0.000,0.000,1.200,4.375,19.635,15.763,0.012,27.378,3.197,0.266,0.056,45.0,40.0,55.0,55.0,3.000,300.0,3.6,0.0,0.0,0.0,0.0,638,0,0.0,0.0,0.0,0.0,19.4,47.5,0.3,57.4,0.0,0.7,0.1,71.2,1.7,45.0,1.5,6.4,0.5,11.1,27.8,42.5,0.0,0.0,28.8,0.0,12.0,0.0,0.0,0.0,63.5,5.5,0.0,99.2,99.9,0.0,98.0,41.4,98.3,93.4,99.2,8.7,17.5,0.0,1596.1,16.00,22,22,22,52,74,560,1,2,Yes,No,No,No,No,No,No,No,No,No,Yes,No,No,No,No,No,No,No,No,No,No,No,No,No,No,No,No,No,No,No,No,No,No,No,No,No,No,No,47.0,54,54,61,88.0,100.0,No,No,21506,55883,6.3,0.0,6.3,1.607,0.000,2333,854,12.428,41.633,100.0,0.000,22.9,28.3,64.6,11.9,11.9,11.9,11.9,28.3,60.4,12.0,12.0,12.0,12.0,35.34,83.83,15.49,15.37,83.85,83.85,0.69,2.64,35.34,0.00,40.38,0,
1.2.2026,21:37:36.226,6373,2023,75.9,5431,2452,68.8,0.3,1.115,1.107,1.105,1.145,1.115,1.130,1.140,1.095,1.095,1.110,1.110,1.031,0.766,3411.7,4289.5,4289.5,3192.2,3192.2,3192.2,3192.2,3192.2,3192.2,3192.2,3192.2,99.8,3691.0,307.9,477.5,1.9,1958.7,1.3,3.2,1.1,727.0,11.8,489.9,3.8,4.5,13.7,397.8,20.7,18.8,40.5,50.9,0.0,10.8,0.0,57.1,0.0,38.5,10.7,10.7,10.7,57.1,20.7,100.0,25.1,35.3,0.1,134.2,0.1,0.1,0.1,75.9,0.7,54.8,0.1,0.1,0.1,25.0,34.2,43.0,43.0,32.0,32.0,32.0,32.0,32.0,32.0,32.0,32.0,37.0,54,48,66,54,54,54,54,53,53,53,53,46,52,34,46,46,46,46,47,47,47,47,67,66,No,No,No,No,No,No,No,No,No,No,No,No,No,No,No,No,No,No,No,No,No,No,No,No,No,No,No,No,No,No,No,No,No,No,No,No,66,66,49,54,0.217,0.000,0.000,0.000,0.000,0.000,0.000,0.000,1.200,19.375,9.009,5.619,0.008,16.941,2.800,0.181,0.056,45.0,40.0,55.0,55.0,19.000,300.0,4.6,0.0,0.0,0.0,0.0,638,0,0.0,0.0,0.0,0.0,15.1,21.5,0.1,56.5,0.0,0.1,0.0,60.5,0.7,40.1,0.2,0.1,1.0,4.5,1.5,17.5,0.0,0.0,26.4,0.0,0.0,0.0,0.0,0.0,70.8,13.7,25.9,99.9,99.9,12.7,99.3,58.4,99.8,99.8,98.9,30.7,61.3,0.0,1596.1,16.00,22,22,22,52,74,560,1,2,Yes,No,No,No,No,No,No,No,No,No,Yes,No,No,No,No,No,No,No,No,No,No,No,No,No,No,No,No,No,No,No,No,No,No,No,No,No,No,No,47.0,54,54,62,88.0,100.0,No,No,21506,55883,10.8,0.0,10.8,1.739,0.000,2333,854,12.428,41.633,100.0,0.000,22.9,28.3,64.6,11.9,11.9,11.9,11.9,28.3,60.4,12.0,12.0,12.0,12.0,35.34,83.83,15.49,15.37,83.85,83.85,0.63,2.52,35.34,0.00,37.70,0,
1.2.2026,21:37:36.333,6374,2022,75.9,5431,2452,68.8,0.3,1.006,1.089,1.098,1.123,1.168,1.096,0.880,0.900,0.905,0.905,0.895,1.026,0.766,2214.6,4289.5,4289.5,3192.2,997.6,2992.7,997.6,997.6,997.6,1695.9,1695.9,99.8,3691.0,694.5,2616.6,2.3,3092.8,1.8,58.6,13.0,1384.9,177.2,918.0,48.1,11.3,9.7,918.4,25.2,59.8,0.0,73.4,0.0,0.0,0.0,72.7,15.4,43.7,13.2,11.9,12.7,73.4,25.2,100.0,60.2,200.2,0.1,248.7,0.1,6.0,1.3,148.9,13.8,94.7,5.0,1.4,2.3,60.3,22.2,43.0,43.0,32.0,10.0,30.0,10.0,10.0,10.0,17.0,17.0,37.0,54,52,51,56,56,56,56,53,53,53,53,46,48,49,44,44,44,44,47,47,47,47,57,56,No,No,No,No,No,No,No,No,No,No,No,No,No,No,No,No,No,No,No,No,No,No,No,No,No,No,No,No,No,No,No,No,No,No,No,No,56,56,49,53,0.222,0.000,0.000,0.000,0.000,0.000,0.000,0.000,1.200,3.438,19.830,15.873,0.008,27.539,3.286,0.253,0.059,45.0,40.0,55.0,55.0,2.000,300.0,3.2,0.0,0.0,0.0,0.0,638,0,0.0,0.0,0.0,0.0,22.4,61.3,0.1,71.4,0.0,1.9,0.9,74.1,8.1,48.0,2.1,0.5,0.4,6.6,17.5,24.5,0.0,0.0,17.3,0.0,6.7,0.0,0.0,0.0,64.0,0.0,4.1,98.0,99.0,7.1,91.3,43.9,97.6,99.2,99.4,9.1,18.3,0.0,1596.1,16.00,22,22,22,52,74,560,1,2,Yes,No,No,No,No,No,No,No,No,No,Yes,No,No,No,No,No,No,No,No,No,No,No,No,No,No,No,No,No,No,No,No,No,No,No,No,No,No,No,47.0,54,54,62,88.0,100.0,No,No,21506,55883,10.4,0.0,10.4,2.306,0.000,2333,854,12.428,41.633,100.0,0.000,22.9,27.9,64.5,11.9,11.9,11.9,11.9,27.9,60.3,12.0,12.0,12.0,12.0,35.80,83.79,15.50,15.37,83.85,83.85,0.64,2.36,35.80,0.00,36.72,0,
1.2.2026,21:37:36.451,6374,2022,75.9,5431,2452,68.8,0.3,1.123,1.102,1.094,1.144,1.144,1.104,1.104,1.103,1.158,1.113,1.168,1.031,0.766,3032.6,4289.5,4289.5,3192.2,3192.2,3192.2,3192.2,997.6,1596.1,3192.2,3192.2,99.8,3691.0,431.6,1495.6,2.7,990.0,16.1,4.1,1.8,908.8,894.8,820.8,33.1,6.0,5.1,539.2,21.1,36.6,11.4,21.5,0.0,21.3,0.0,58.0,61.2,43.0,0.0,0.0,0.0,61.2,21.1,100.0,39.9,115.0,0.1,59.2,0.8,0.4,0.1,105.2,103.5,89.9,3.6,0.6,0.5,39.9,30.4,43.0,43.0,32.0,32.0,32.0,32.0,10.0,16.0,32.0,32.0,37.0,57,65,61,58,58,58,58,53,53,53,53,43,35,39,42,42,42,42,47,47,47,47,65,65,No,No,No,No,No,No,No,No,No,No,No,No,No,No,No,No,No,No,No,No,No,No,No,No,No,No,No,No,No,No,No,No,No,No,No,No,55,55,49,53,0.222,0.000,0.000,0.000,0.000,0.000,0.000,0.000,1.200,2.500,10.993,7.386,0.007,18.863,2.998,0.204,0.057,45.0,40.0,55.0,55.0,2.000,300.0,4.8,0.0,0.0,0.0,0.0,638,0,0.0,0.0,0.0,0.0,18.9,38.1,0.2,27.6,0.5,0.2,0.1,56.2,58.4,44.5,1.1,0.2,0.2,12.0,27.5,62.3,0.0,0.0,29.7,0.0,0.0,0.0,0.0,0.0,61.4,0.2,10.0,99.7,99.8,13.2,39.4,53.4,98.8,99.7,99.8,16.6,33.2,0.0,1596.1,16.00,22,22,22,52,74,560,1,2,Yes,No,No,No,No,No,No,No,No,No,Yes,No,No,No,No,No,No,No,No,No,No,No,No,No,No,No,No,No,No,No,No,No,No,No,No,No,No,No,48.0,54,54,62,88.0,100.0,No,No,21506,55883,9.1,0.0,9.1,1.828,0.000,2333,854,12.428,41.633,100.0,0.000,22.9,28.3,66.4,11.9,11.9,11.9,11.9,28.3,60.5,12.0,12.0,12.0,12.0,35.32,83.79,15.07,14.99,83.85,83.85,0.64,2.23,35.32,0.00,37.70,0,
1.2.2026,21:37:36.557,6374,2022,75.9,5431,2453,68.8,0.3,0.787,0.853,0.818,0.678,0.672,0.782,0.792,0.807,0.822,0.827,0.817,0.781,0.766,1805.6,2793.2,2693.4,997.6,997.6,1795.6,1795.6,997.6,1995.1,1995.1,1995.1,99.8,2194.6,365.8,981.8,2.0,668.0,2.2,1.3,1.2,1014.3,942.5,739.0,31.9,3.9,1.3,451.7,16.7,26.3,0.0,20.9,0.0,0.0,11.0,51.9,42.5,47.5,0.0,0.0,0.0,51.9,16.7,100.0,35.7,74.1,0.1,66.7,0.1,0.1,0.1,103.7,98.0,81.1,3.3,0.4,0.1,35.7,18.1,28.0,27.0,10.0,10.0,18.0,18.0,10.0,20.0,20.0,20.0,22.0,52,47,47,56,56,56,56,51,51,51,51,48,53,53,44,44,44,44,49,49,49,49,55,56,No,No,No,No,No,No,No,No,No,No,No,No,No,No,No,No,No,No,No,No,No,No,No,No,No,No,No,No,No,No,No,No,No,No,No,No,56,56,49,53,0.222,0.000,0.000,0.000,0.000,0.000,0.000,0.000,1.200,13.125,11.047,7.305,0.009,18.895,3.131,0.202,0.059,45.0,40.0,55.0,55.0,9.000,300.0,4.2,0.0,0.0,0.0,0.0,638,0,0.9,0.0,0.0,0.0,16.8,28.6,0.1,18.6,0.2,0.1,0.1,57.3,46.9,48.2,1.1,0.1,0.1,7.5,51.9,13.4,0.0,0.0,0.0,2.6,7.5,0.0,0.0,0.0,69.5,19.3,47.9,99.9,99.9,39.1,48.7,41.9,98.8,99.8,99.9,9.4,0.0,18.8,1596.1,16.00,22,22,22,52,74,560,1,2,Yes,No,No,No,No,No,No,No,No,No,Yes,No,No,No,No,No,No,No,No,No,No,No,No,No,No,No,No,No,No,No,No,No,No,No,No,No,No,No,48.0,54,54,61,88.0,100.0,No,No,21506,55883,8.9,0.0,8.9,2.462,0.000,2333,854,12.428,41.633,100.0,0.000,22.9,28.9,66.3,11.9,11.9,11.9,11.9,28.9,60.5,12.0,12.0,12.0,12.0,34.61,83.82,15.07,14.99,83.85,83.85,0.63,2.30,34.61,0.00,36.30,0,
1.2.2026,21:37:36.671,6377,2019,75.9,5435,2448,68.9,0.3,0.786,0.815,0.789,0.799,0.799,0.794,0.679,0.794,0.798,0.798,0.798,0.766,0.766,1905.3,2394.1,2394.1,1895.4,1895.4,1895.4,997.6,1895.4,1895.4,1895.4,1895.4,99.8,1795.6,458.6,1987.9,89.9,1540.4,1.5,6.7,26.2,940.2,283.9,562.8,47.4,8.0,8.5,609.6,19.2,50.1,22.9,43.1,0.0,0.0,0.0,62.3,10.8,38.6,2.4,0.0,0.0,62.3,19.2,100.0,40.1,152.4,6.9,116.7,0.1,0.6,2.8,103.8,31.4,59.8,5.1,0.8,0.8,40.1,19.1,24.0,24.0,19.0,19.0,19.0,10.0,19.0,19.0,19.0,19.0,18.0,51,48,43,54,54,54,54,51,51,51,51,49,52,57,46,46,46,46,49,49,49,49,55,54,No,No,No,No,No,No,No,No,No,No,No,No,No,No,No,No,No,No,No,No,No,No,No,No,No,No,No,No,No,No,No,No,No,No,No,No,53,53,49,53,0.222,0.000,0.000,0.000,0.000,0.000,0.000,0.000,1.200,9.063,12.805,9.155,0.013,20.672,3.027,0.233,0.052,45.0,40.0,55.0,55.0,9.000,300.0,2.7,0.0,0.0,0.0,0.0,638,0,0.0,0.0,0.0,0.0,18.3,51.8,2.2,44.9,0.1,0.3,0.8,62.7,11.8,41.1,3.8,0.3,0.3,5.9,10.1,18.5,0.0,0.0,28.1,0.2,1.7,0.0,0.0,0.0,67.1,24.4,0.0,99.7,99.1,8.9,87.5,55.8,96.1,99.6,99.6,23.9,13.1,34.7,1596.1,16.00,22,22,22,52,74,560,1,2,Yes,No,No,No,No,No,No,No,No,No,Yes,No,No,No,No,No,No,No,No,No,No,No,No,No,No,No,No,No,No,No,No,No,No,No,No,No,No,No,47.0,54,54,62,88.0,100.0,No,No,21506,55883,8.8,0.0,8.8,1.638,0.000,2334,854,12.428,41.633,100.0,0.000,22.9,26.9,66.3,11.9,11.9,11.9,11.9,26.9,60.5,12.0,12.0,12.0,12.0,37.17,83.82,15.07,14.99,83.85,83.85,0.69,2.74,37.17,0.00,39.53,0,
1.2.2026,21:37:36.779,6377,2019,75.9,5435,2448,68.9,0.3,1.107,1.106,1.076,1.091,1.103,1.093,1.103,1.133,1.108,1.108,1.153,1.028,0.766,3192.2,4289.5,4289.5,3192.2,3192.2,3192.2,3192.2,997.6,3192.2,3192.2,3192.2,99.8,3691.0,341.6,819.4,4.6,1644.0,1.4,3.5,4.1,741.9,41.8,824.0,4.9,4.3,5.0,407.6,24.7,26.7,17.2,47.6,42.6,6.8,6.8,61.0,7.9,58.9,6.9,6.9,6.9,61.0,24.7,100.0,30.2,61.3,0.3,124.5,0.1,0.3,0.4,81.2,2.7,90.9,0.5,0.4,0.4,30.2,32.0,43.0,43.0,32.0,32.0,32.0,32.0,10.0,32.0,32.0,32.0,37.0,55,60,56,56,56,56,56,52,52,52,52,45,40,44,44,44,44,44,48,48,48,48,60,60,No,No,No,No,No,No,No,No,No,No,No,No,No,No,No,No,No,No,No,No,No,No,No,No,No,No,No,No,No,No,No,No,No,No,No,No,66,66,49,53,0.222,0.000,0.000,0.000,0.000,0.000,0.000,0.000,1.200,16.875,10.887,7.364,0.021,18.752,2.908,0.193,0.057,45.0,40.0,55.0,55.0,16.000,300.0,5.6,0.0,0.0,0.0,0.0,638,0,0.0,0.0,0.0,0.0,15.5,22.8,0.1,45.0,0.0,0.1,0.1,58.9,2.1,56.6,0.2,0.2,0.2,3.7,8.8,0.0,0.0,0.0,28.0,0.0,0.0,0.0,0.0,0.0,65.7,6.5,0.0,99.8,99.8,12.4,97.7,41.7,99.7,99.8,99.8,56.3,58.8,53.8,1596.1,16.00,22,22,22,52,74,560,1,2,Yes,No,No,No,No,No,No,No,No,No,Yes,No,No,No,No,No,No,No,No,No,No,No,No,No,No,No,No,No,No,No,No,No,No,No,No,No,No,No,47.0,54,54,62,88.0,100.0,No,No,21506,55883,6.8,0.0,6.8,1.412,0.000,2334,854,12.428,41.633,100.0,0.000,22.9,27.2,65.8,11.9,11.9,11.9,11.9,27.2,60.5,12.0,12.0,12.0,12.0,36.82,83.82,15.19,15.00,83.85,83.85,0.69,2.61,36.82,0.00,40.58,0,
1.2.2026,21:37:36.890,6377,2018,75.9,5435,2449,68.9,0.3,1.062,0.766,1.145,1.090,1.090,1.075,1.090,1.085,1.090,1.090,1.090,0.718,0.766,3361.8,1895.4,4588.8,3391.7,3391.7,3391.7,3391.7,3391.7,3391.7,3391.7,3391.7,99.8,1296.8,524.2,1432.7,2.7,2494.5,2.4,6.6,1.5,910.5,68.4,1254.4,90.8,9.5,16.7,614.9,19.1,36.7,0.0,58.9,0.0,0.0,0.0,54.8,6.8,71.4,0.0,0.0,0.0,71.4,19.1,100.0,46.5,107.2,0.1,193.5,0.1,0.6,0.1,99.2,9.2,135.6,9.8,0.9,1.8,46.5,33.7,19.0,46.0,34.0,34.0,34.0,34.0,34.0,34.0,34.0,34.0,13.0,52,48,44,53,53,53,53,53,53,53,53,48,52,56,47,47,47,47,47,47,47,47,54,53,No,No,No,No,No,No,No,No,No,No,No,No,No,No,No,No,No,No,No,No,No,No,No,No,No,No,No,No,No,No,No,No,No,No,No,No,56,56,49,53,0.222,0.000,0.000,0.000,0.000,0.000,0.000,0.000,1.200,2.813,16.952,13.012,0.032,24.927,3.247,0.246,0.056,45.0,40.0,55.0,55.0,1.000,300.0,2.5,0.0,0.0,0.0,0.0,638,0,0.0,0.0,0.0,0.0,19.0,36.0,0.2,57.6,0.1,0.3,0.0,54.2,2.7,72.6,2.9,0.3,0.5,12.6,36.7,32.3,0.0,0.0,45.8,0.0,11.4,0.0,0.0,0.0,61.7,0.0,10.0,99.6,99.9,0.0,97.0,14.4,96.9,99.6,99.4,12.3,24.6,0.0,1596.1,16.00,22,22,22,52,74,560,1,2,Yes,No,No,No,No,No,No,No,No,No,Yes,No,No,No,No,No,No,No,No,No,No,No,No,No,No,No,No,No,No,No,No,No,No,No,No,No,No,No,47.0,54,54,62,88.0,100.0,No,No,21506,55883,6.5,0.2,6.7,2.038,1.428,2334,854,12.428,41.633,100.0,0.000,22.9,27.8,65.8,11.9,11.9,11.9,11.9,27.8,60.5,12.0,12.0,12.0,12.0,35.98,83.69,15.20,15.00,83.71,83.71,0.69,2.24,35.98,0.00,38.96,0,
1.2.2026,21:37:37.000,6356,2039,75.7,5432,2452,68.8,0.3,1.104,1.132,1.095,1.105,1.140,1.082,1.097,1.097,1.097,1.097,1.097,1.031,0.766,3571.3,4289.5,4289.5,3391.7,3391.7,3391.7,3391.7,3391.7,3391.7,3391.7,3391.7,99.8,3691.0,400.0,2099.3,1.8,995.2,1.4,36.9,2.9,1315.9,48.8,277.5,7.3,6.2,6.6,562.8,24.2,53.3,40.3,18.6,40.3,4.0,3.0,86.8,0.0,2.8,14.0,13.9,13.9,86.8,24.2,100.0,36.5,177.7,0.1,74.2,0.1,4.0,0.3,143.0,5.3,31.2,0.7,0.6,0.7,36.5,35.8,43.0,43.0,34.0,34.0,34.0,34.0,34.0,34.0,34.0,34.0,37.0,56,63,44,62,62,60,60,52,52,52,52,44,37,56,38,38,40,40,48,48,48,48,63,63,No,No,No,No,No,No,No,No,No,No,No,No,No,No,No,No,No,No,No,No,No,No,No,No,No,No,No,No,No,No,No,No,No,No,No,No,54,54,49,53,0.222,0.000,0.000,0.000,0.000,0.000,0.000,0.000,1.200,3.438,12.406,8.942,0.015,20.078,2.868,0.196,0.056,45.0,40.0,55.0,55.0,1.000,300.0,5.1,0.0,0.0,0.0,0.0,638,0,0.0,0.0,0.0,0.0,16.0,58.9,0.1,27.9,0.0,1.1,0.1,89.2,1.9,11.9,0.3,0.2,0.2,3.0,4.8,12.4,0.0,0.0,10.8,0.0,1.6,0.0,0.0,0.0,71.2,1.2,29.3,98.8,99.9,0.0,98.0,85.7,99.6,99.7,99.7,31.0,33.1,28.9,1596.1,16.00,22,22,22,52,74,560,1,2,Yes,No,No,No,No,No,No,No,No,No,Yes,No,No,No,No,No,No,No,No,No,No,No,No,No,No,No,No,No,No,No,No,No,No,No,No,No,No,No,47.0,54,54,61,88.0,100.0,No,No,21506,55883,7.4,0.0,7.4,1.605,0.000,2334,854,12.428,41.633,100.0,0.000,22.9,24.8,65.5,11.9,11.9,11.9,11.9,24.8,60.5,12.0,12.0,12.0,12.0,40.26,83.69,15.26,15.01,83.71,83.71,0.74,3.17,40.26,0.00,44.65,0,
1.2.2026,21:37:37.110,6356,2040,75.6,5431,2452,68.8,0.3,0.823,0.823,0.837,0.837,0.827,0.827,0.822,0.817,0.812,0.812,0.812,0.791,0.766,1905.3,1895.4,2793.2,1995.1,997.6,1895.4,1895.4,1895.4,1895.4,1895.4,1895.4,99.8,2394.1,301.0,1172.9,2.1,787.3,1.6,1.4,1.7,797.3,18.9,825.0,1.2,1.3,1.3,347.9,16.3,31.6,0.0,33.5,0.0,0.0,0.0,55.3,8.8,66.8,0.0,0.0,0.0,66.8,16.3,100.0,25.1,60.5,0.2,59.3,0.1,0.1,0.1,89.9,1.8,89.2,0.1,0.1,0.1,25.2,19.1,19.0,28.0,20.0,10.0,19.0,19.0,19.0,19.0,19.0,19.0,24.0,51,47,47,54,54,54,54,51,51,51,51,49,53,53,46,46,46,46,49,49,49,49,54,54,No,No,No,No,No,No,No,No,No,No,No,No,No,No,No,No,No,No,No,No,No,No,No,No,No,No,No,No,No,No,No,No,No,No,No,No,60,60,49,53,0.222,0.000,0.000,0.000,0.000,0.000,0.000,0.000,1.200,15.000,9.231,5.582,0.021,17.335,3.040,0.187,0.055,45.0,40.0,55.0,55.0,14.000,300.0,5.4,0.0,0.0,0.0,0.0,638,0,0.0,0.0,0.0,0.0,14.6,27.5,0.1,28.6,0.1,0.1,0.1,52.1,1.0,65.6,0.1,0.1,0.1,4.8,14.6,2.3,0.0,0.0,31.0,0.0,0.3,0.0,0.0,0.0,69.1,45.0,0.0,99.9,99.9,15.8,98.8,32.2,99.9,99.9,99.9,38.8,11.6,66.0,1596.1,16.00,22,22,22,52,74,560,1,2,Yes,No,No,No,No,No,No,No,No,No,Yes,No,No,No,No,No,No,No,No,No,No,No,No,No,No,No,No,No,No,No,No,No,No,No,No,No,No,No,47.0,54,54,62,88.0,100.0,No,No,21506,55883,7.7,0.0,7.7,1.776,0.000,2334,854,12.428,41.633,100.0,0.000,22.9,24.2,65.5,11.9,11.9,11.9,11.9,24.2,60.5,12.0,12.0,12.0,12.0,41.32,83.90,15.27,15.01,83.95,83.95,0.76,2.90,41.32,0.00,46.57,0,
1.2.2026,21:37:37.225,6372,2024,75.8,5430,2454,68.8,0.3,0.809,0.813,0.799,0.804,0.804,0.799,0.814,0.808,0.813,0.818,0.816,0.761,0.766,1955.2,1895.4,2394.1,1895.4,1895.4,1895.4,1995.1,1895.4,1895.4,1895.4,1895.4,99.8,1296.8,476.3,1853.4,5.7,1694.2,1.5,6.5,5.3,980.3,61.6,1025.2,28.3,45.4,8.0,576.1,17.5,44.7,0.0,39.3,0.0,0.0,0.0,64.2,0.0,62.0,0.0,0.0,0.0,64.2,17.5,100.0,42.3,141.0,0.4,129.3,0.1,0.6,0.5,108.6,6.7,111.5,3.0,5.0,0.8,42.3,19.6,19.0,24.0,19.0,19.0,19.0,20.0,19.0,19.0,19.0,19.0,13.0,52,48,47,55,55,55,55,51,51,51,51,48,52,53,45,45,45,45,49,49,49,49,55,55,No,No,No,No,No,No,No,No,No,No,No,No,No,No,No,No,No,No,No,No,No,No,No,No,No,No,No,No,No,No,No,No,No,No,No,No,53,53,50,53,0.217,0.000,0.000,0.000,0.000,0.000,0.000,0.000,1.200,11.563,14.958,11.191,0.023,22.948,3.102,0.241,0.056,45.0,40.0,55.0,55.0,12.000,300.0,3.2,0.0,0.0,0.0,0.0,638,0,0.0,0.0,0.0,0.0,18.5,46.0,0.2,40.5,0.1,0.3,0.2,64.4,2.1,64.6,0.9,2.9,0.3,9.6,23.7,2.8,0.0,0.0,34.5,0.0,34.7,0.0,0.0,0.0,61.2,0.0,18.2,99.6,99.8,0.9,97.6,0.7,98.9,97.0,99.6,32.2,27.8,36.7,1596.1,16.00,22,22,22,52,74,560,1,2,Yes,No,No,No,No,No,No,No,No,No,Yes,No,No,No,No,No,No,No,No,No,No,No,No,No,No,No,No,No,No,No,No,No,No,No,No,No,No,No,47.0,54,54,61,88.0,100.0,No,No,21506,55883,7.1,8.3,15.5,2.681,11.063,2335,855,12.428,41.633,100.0,0.000,22.9,25.9,65.8,11.9,11.9,11.9,11.9,25.9,60.5,12.0,12.0,12.0,12.0,38.66,83.90,15.20,15.00,83.95,83.95,0.76,2.45,38.66,0.00,42.25,0,
1.2.2026,21:37:37.339,6375,2021,75.9,5431,2453,68.8,0.3,1.115,1.124,1.096,1.106,1.141,1.116,1.116,1.101,1.126,1.101,1.126,1.031,0.766,3331.9,4289.5,4289.5,3391.7,3391.7,3391.7,997.6,3391.7,3391.7,3391.7,3391.7,99.8,3691.0,425.8,978.9,3.7,2082.4,1.6,4.0,1.6,1153.2,329.7,503.6,21.2,9.3,20.9,569.4,29.5,29.7,0.0,50.5,39.8,9.9,9.8,87.1,38.0,28.6,20.3,20.0,20.6,87.1,29.5,100.0,37.6,75.4,0.1,146.0,0.1,0.4,0.1,127.1,37.1,59.5,2.3,0.9,2.2,37.6,33.4,43.0,43.0,34.0,34.0,34.0,10.0,34.0,34.0,34.0,34.0,37.0,55,51,66,55,55,55,55,54,54,54,54,45,49,34,45,45,45,45,46,46,46,46,61,66,No,No,No,No,No,No,No,No,No,No,No,No,No,No,No,No,No,No,No,No,No,No,No,No,No,No,No,No,No,No,No,No,No,No,No,No,54,54,50,53,0.222,0.000,0.000,0.000,0.000,0.000,0.000,0.000,1.200,2.813,11.789,8.241,0.013,19.564,2.916,0.215,0.056,45.0,40.0,55.0,55.0,2.000,300.0,3.2,0.0,0.0,0.0,0.0,638,0,0.0,0.0,0.0,0.0,19.2,32.9,0.2,56.1,0.1,0.1,0.1,88.8,22.1,28.2,0.7,0.3,1.1,2.1,6.7,2.3,0.0,0.0,11.2,0.0,0.3,0.0,0.0,0.0,66.9,0.0,24.6,99.8,99.9,0.0,77.3,70.1,99.2,99.6,98.8,36.8,57.4,16.2,1596.1,16.00,22,22,22,52,74,560,1,2,Yes,No,No,No,No,No,No,No,No,No,Yes,No,No,No,No,No,No,No,No,No,No,No,No,No,No,No,No,No,No,No,No,No,No,No,No,No,No,No,47.0,54,54,62,88.0,100.0,No,No,21506,55883,6.3,0.0,6.3,1.353,0.000,2335,855,12.428,41.633,100.0,0.000,22.9,24.8,62.6,11.9,11.9,11.9,11.9,24.8,60.4,12.0,12.0,12.0,12.0,40.30,83.91,15.97,15.89,83.95,83.95,0.78,2.49,40.30,0.00,44.64,0,
1.2.2026,21:37:37.432,6375,2020,75.9,5431,2452,68.8,0.3,1.127,1.096,1.176,1.101,1.101,1.101,1.101,1.179,1.139,1.139,1.139,1.083,0.766,3381.7,2094.9,4588.8,3391.7,3391.7,3391.7,3391.7,3391.7,3391.7,3391.7,3391.7,99.8,3990.2,346.3,865.9,2.0,937.3,2.1,1.6,1.6,1316.8,587.1,393.9,45.0,1.4,1.5,464.3,15.7,21.0,10.8,29.1,0.0,0.0,0.0,73.3,28.2,26.0,0.0,0.0,0.0,73.3,15.7,100.0,33.7,62.9,0.2,91.3,0.1,0.1,0.2,144.8,60.3,39.9,3.6,0.2,0.2,33.7,33.9,21.0,46.0,34.0,34.0,34.0,34.0,34.0,34.0,34.0,34.0,40.0,52,48,47,55,55,55,55,51,51,51,51,48,52,53,45,45,45,45,49,49,49,49,55,55,No,No,No,No,No,No,No,No,No,No,No,No,No,No,No,No,No,No,No,No,No,No,No,No,No,No,No,No,No,No,No,No,No,No,No,No,62,62,49,53,0.217,0.000,0.000,0.000,0.000,0.000,0.000,0.000,1.200,17.813,10.095,6.454,0.003,18.074,3.063,0.171,0.058,45.0,40.0,55.0,55.0,19.000,300.0,4.9,0.0,0.0,0.0,0.0,638,0,0.0,0.0,0.0,0.0,15.6,24.2,0.1,26.0,0.1,0.0,0.0,72.4,32.3,30.1,2.0,0.0,0.0,8.5,26.4,18.4,0.0,0.0,27.6,8.9,3.9,0.0,0.0,0.0,64.3,0.0,24.0,99.9,99.9,0.0,57.2,64.2,98.0,99.9,99.9,37.9,45.6,30.1,1596.1,16.00,22,22,22,52,74,560,1,2,Yes,No,No,No,No,No,No,No,No,No,Yes,No,No,No,No,No,No,No,No,No,No,No,No,No,No,No,No,No,No,No,No,No,No,No,No,No,No,No,47.0,54,54,61,88.0,100.0,No,No,21506,55883,7.9,0.0,7.9,2.870,0.000,2335,855,12.429,41.633,100.0,0.000,22.9,26.0,62.6,11.9,11.9,11.9,11.9,26.0,60.5,12.0,12.0,12.0,12.0,38.41,83.91,15.97,15.89,83.95,83.95,0.77,1.90,38.41,0.00,43.63,0,
1.2.2026,21:37:37.541,6375,2020,75.9,5433,2451,68.9,0.3,1.098,1.141,1.136,1.136,1.136,1.121,1.121,0.668,1.183,1.173,1.168,1.031,0.766,2813.1,4289.5,4289.5,3192.2,3192.2,3192.2,3192.2,997.6,3192.2,1596.1,997.6,99.8,3691.0,702.2,1974.4,1.8,3655.6,1.7,24.0,12.8,1100.2,483.4,957.7,95.2,34.6,85.5,906.7,25.5,46.7,41.1,82.6,0.0,0.0,0.0,54.8,24.0,51.8,2.8,0.1,2.0,82.6,25.5,100.0,60.7,150.1,0.1,278.9,0.1,2.5,1.4,116.9,51.3,102.9,11.2,3.6,9.3,60.7,28.2,43.0,43.0,32.0,32.0,32.0,32.0,10.0,32.0,16.0,10.0,37.0,55,52,61,55,55,55,55,54,54,54,54,45,48,39,45,45,45,45,46,46,46,46,61,61,No,No,No,No,No,No,No,No,No,No,No,No,No,No,No,No,No,No,No,No,No,No,No,No,No,No,No,No,No,No,No,No,No,No,No,No,55,55,49,53,0.222,0.000,0.000,0.000,0.000,0.000,0.000,0.000,1.200,17.813,10.095,6.454,0.003,18.074,3.063,0.171,0.058,45.0,40.0,55.0,55.0,19.000,300.0,4.9,0.0,0.0,0.0,0.0,638,0,0.0,0.0,0.0,0.0,23.2,48.4,0.1,84.3,0.0,0.7,0.5,57.3,25.7,54.4,3.1,1.1,3.0,8.4,22.0,5.4,0.0,0.0,42.7,9.0,5.0,0.0,0.0,0.0,60.7,11.6,3.0,99.1,99.5,0.0,63.5,38.3,96.5,98.7,96.8,11.6,16.9,6.3,1596.1,16.00,22,22,22,52,74,560,1,2,Yes,No,No,No,No,No,No,No,No,No,Yes,No,No,No,No,No,No,No,No,No,No,No,No,No,No,No,No,No,No,No,No,No,No,No,No,No,No,No,47.0,54,54,62,88.0,100.0,No,No,21506,55883,10.0,0.0,10.0,2.166,0.000,2335,855,12.429,41.633,100.0,0.000,22.9,26.7,62.6,11.9,11.9,11.9,11.9,26.7,60.5,12.0,12.0,12.0,12.0,37.51,83.91,15.97,15.89,83.95,83.95,0.76,1.65,37.51,0.00,41.80,0,
1.2.2026,21:37:37.653,6375,2020,75.9,5433,2451,68.9,0.3,0.991,0.779,0.947,0.959,0.959,0.999,1.039,1.039,1.039,1.069,1.084,0.736,0.766,2823.1,1695.9,3790.7,2693.4,2693.4,2793.2,2793.2,2892.9,2892.9,2992.7,2992.7,99.8,1197.1,255.4,484.0,1.7,809.6,1.6,1.1,1.3,604.7,268.4,877.2,7.6,5.9,1.4,271.5,13.7,13.4,0.0,23.1,0.0,0.0,11.0,42.6,15.1,59.7,0.0,0.0,0.0,59.7,13.7,100.0,23.8,34.1,0.1,50.2,0.1,0.1,0.1,68.0,31.9,99.1,0.9,0.7,0.2,23.8,28.3,17.0,38.0,27.0,27.0,28.0,28.0,29.0,29.0,30.0,30.0,12.0,51,46,51,53,53,53,53,51,51,51,51,49,54,49,47,47,47,47,49,49,49,49,53,53,No,No,No,No,No,No,No,No,No,No,No,No,No,No,No,No,No,No,No,No,No,No,No,No,No,No,No,No,No,No,No,No,No,No,No,No,62,62,49,53,0.217,0.000,0.000,0.000,0.000,0.000,0.000,0.000,1.200,13.438,7.755,4.180,0.011,15.754,3.012,0.163,0.056,45.0,40.0,55.0,55.0,15.000,300.0,4.4,0.0,0.0,0.0,0.0,638,0,0.0,0.0,0.0,0.0,13.8,16.7,0.2,31.0,0.1,0.0,0.0,42.4,15.6,58.7,0.4,0.3,0.1,13.2,32.3,31.3,0.0,0.0,57.6,2.0,8.6,0.0,0.0,0.0,62.4,0.0,11.8,99.9,99.9,0.0,81.9,30.8,99.6,99.7,99.9,37.1,49.6,24.6,1596.1,16.00,22,22,22,52,74,560,1,2,Yes,No,No,No,No,No,No,No,No,No,Yes,No,No,No,No,No,No,No,No,No,No,No,No,No,No,No,No,No,No,No,No,No,No,No,No,No,No,No,46.0,54,54,62,88.0,100.0,No,No,21506,55883,10.0,0.0,10.0,2.344,0.000,2336,855,12.429,41.633,100.0,0.000,22.9,24.8,62.6,11.9,11.9,11.9,11.9,24.8,60.5,12.0,12.0,12.0,12.0,40.27,83.91,15.97,15.89,83.95,83.95,0.79,2.10,40.27,0.00,47.30,0,
1.2.2026,21:37:37.763,6376,2019,75.9,5435,2448,68.9,0.3,1.085,1.158,1.023,1.178,1.178,1.178,1.018,1.018,1.033,1.033,1.033,1.028,0.763,2803.1,4289.5,399.0,3192.2,3192.2,3192.2,3192.2,3192.2,3192.2,3192.2,997.6,99.8,3691.0,686.8,1488.8,1.4,3664.2,2.0,6.5,1.2,1308.5,882.6,767.0,71.5,33.7,14.5,919.4,29.3,41.8,40.6,85.9,11.0,0.0,0.0,62.8,43.1,43.1,23.3,0.0,0.0,85.9,29.3,100.0,58.4,112.2,0.1,277.9,0.1,0.5,0.1,134.5,87.7,75.8,7.0,3.3,1.4,58.4,28.1,43.0,4.0,32.0,32.0,32.0,32.0,32.0,32.0,32.0,10.0,37.0,54,51,55,55,55,55,56,53,53,53,53,46,49,45,45,45,45,44,47,47,47,47,55,56,No,No,No,No,No,No,No,No,No,No,No,No,No,No,No,No,No,No,No,No,No,No,No,No,No,No,No,No,No,No,No,No,No,No,No,No,55,55,49,53,0.222,0.000,0.000,0.000,0.000,0.000,0.000,0.000,1.200,11.563,19.996,15.960,0.029,27.915,3.327,0.285,0.055,45.0,40.0,55.0,55.0,7.000,300.0,4.7,0.0,0.0,0.0,0.0,638,0,0.0,0.0,0.0,0.0,22.4,35.8,0.1,83.2,0.0,0.2,0.0,63.2,40.5,40.4,3.5,1.4,0.5,10.7,33.9,9.9,0.0,0.0,36.8,5.7,20.9,0.0,0.0,0.0,58.8,0.0,6.8,99.7,99.9,0.0,51.4,35.9,96.2,98.4,99.3,14.0,28.0,0.0,1596.1,16.00,22,22,22,52,74,560,1,2,Yes,No,No,No,No,No,No,No,No,No,Yes,No,No,No,No,No,No,No,No,No,No,No,No,No,No,No,No,No,No,No,No,No,No,No,No,No,No,No,47.0,54,54,63,88.0,100.0,No,No,21506,55883,24.0,0.0,24.0,2.637,0.000,2336,855,12.429,41.633,100.0,0.000,22.9,24.2,62.6,11.9,11.9,11.9,11.9,24.2,60.5,12.0,12.0,12.0,12.0,41.32,83.92,15.97,15.89,83.95,83.95,0.80,2.27,41.32,0.00,46.45,0,
1.2.2026,21:37:37.877,6376,2019,75.9,5437,2446,68.9,0.3,0.769,0.770,0.775,0.773,0.768,0.773,0.768,0.773,0.763,0.778,0.753,0.736,0.766,1526.3,1995.1,1695.9,1596.1,1596.1,1596.1,1596.1,1596.1,997.6,1596.1,997.6,99.8,1496.3,261.9,833.8,1.7,732.6,1.3,1.2,0.9,860.3,193.1,509.4,4.1,2.1,1.8,328.1,13.8,26.0,0.0,18.4,0.0,5.0,5.0,60.1,4.0,37.4,0.0,5.1,5.1,60.1,13.8,100.0,23.2,60.8,0.1,46.1,0.1,0.1,0.1,94.5,22.3,53.3,0.5,0.2,0.2,23.2,15.3,20.0,17.0,16.0,16.0,16.0,16.0,16.0,10.0,16.0,10.0,15.0,51,49,48,53,53,53,54,51,51,51,51,49,51,52,47,47,47,46,49,49,49,49,54,54,No,No,No,No,No,No,No,No,No,No,No,No,No,No,No,No,No,No,No,No,No,No,No,No,No,No,No,No,No,No,No,No,No,No,No,No,56,56,49,53,0.222,0.000,0.000,0.000,0.000,0.000,0.000,0.000,1.200,10.313,7.374,3.795,0.007,15.675,2.982,0.172,0.057,45.0,40.0,55.0,55.0,8.000,300.0,4.0,0.0,0.0,0.0,0.0,638,0,0.0,0.0,0.0,0.0,15.7,34.1,0.1,31.8,0.1,0.1,0.0,65.0,11.3,45.4,0.4,0.1,0.1,10.9,23.5,48.2,0.0,0.0,35.0,0.1,2.2,0.0,0.0,0.0,64.5,0.0,6.8,99.9,99.9,0.0,88.3,50.9,99.6,99.8,99.8,26.8,41.1,12.6,1596.1,16.00,22,22,22,52,74,560,1,2,Yes,No,No,No,No,No,No,No,No,No,Yes,No,No,No,No,No,No,No,No,No,No,No,No,No,No,No,No,No,No,No,No,No,No,No,No,No,No,No,47.0,54,54,62,88.0,100.0,No,No,21506,55883,7.2,0.0,7.2,1.600,0.000,2336,855,12.429,41.633,100.0,0.000,22.9,26.1,62.6,11.9,11.9,11.9,11.9,26.0,60.5,12.0,12.0,12.0,12.0,38.38,83.92,15.97,15.89,83.95,83.95,0.76,1.55,38.38,0.00,43.57,0,
1.2.2026,21:37:37.984,6378,2018,75.9,5437,2446,68.9,0.3,1.143,1.138,1.141,1.156,1.141,1.125,1.141,1.141,1.141,1.156,1.156,1.031,0.766,3192.2,4289.5,4289.5,3192.2,3192.2,3192.2,3192.2,997.6,3192.2,3192.2,3192.2,99.8,3691.0,791.6,2916.2,15.9,2830.2,1.4,74.0,8.2,1286.7,833.1,1326.3,148.3,43.6,14.9,995.7,36.0,71.5,41.1,69.6,40.9,13.3,0.0,53.7,34.8,66.3,16.8,12.7,11.8,71.5,36.0,100.0,69.0,225.8,1.1,212.9,0.1,7.5,0.7,136.7,83.2,139.9,14.9,4.1,1.3,69.0,32.0,43.0,43.0,32.0,32.0,32.0,32.0,10.0,32.0,32.0,32.0,37.0,56,66,51,59,59,59,59,52,52,52,52,44,34,49,41,41,41,41,48,48,48,48,66,66,No,No,No,No,No,No,No,No,No,No,No,No,No,No,No,No,No,No,No,No,No,No,No,No,No,No,No,No,No,No,No,No,No,No,No,No,55,55,50,53,0.222,0.000,0.000,0.000,0.000,0.000,0.000,0.000,1.200,6.563,19.385,15.360,0.027,27.162,3.330,0.275,0.060,45.0,40.0,55.0,55.0,4.000,300.0,3.5,0.0,0.0,0.0,0.0,638,0,0.0,0.0,0.0,0.0,26.2,72.4,0.4,68.4,0.0,2.4,0.3,54.0,39.3,68.0,6.6,1.7,0.5,8.7,23.7,0.4,0.0,0.0,46.0,10.4,6.2,0.0,0.0,0.0,58.1,3.8,16.9,97.5,99.6,0.0,49.1,23.4,92.9,98.0,99.4,6.6,0.0,13.2,1596.1,16.00,22,22,22,52,74,560,1,2,Yes,No,No,No,No,No,No,No,No,No,Yes,No,No,No,No,No,No,No,No,No,No,No,No,No,No,No,No,No,No,No,No,No,No,No,No,No,No,No,47.0,54,54,63,88.0,100.0,No,No,21506,55883,7.4,0.0,7.4,1.274,0.000,2336,855,12.429,41.633,100.0,0.000,22.9,23.4,62.6,9.9,9.9,9.9,9.9,23.4,60.5,10.0,10.0,10.0,10.0,42.76,100.76,15.97,15.89,101.36,101.36,0.80,3.27,42.76,0.00,41.51,0,
1.2.2026,21:37:38.097,6352,2044,75.6,5429,2455,68.8,0.3,0.746,0.798,0.752,0.680,0.680,0.680,0.775,0.778,0.783,0.783,0.753,0.688,0.766,1356.7,1695.9,1795.6,997.6,997.6,997.6,997.6,1695.9,1695.9,1695.9,997.6,99.8,1097.3,360.5,696.5,1.9,970.8,14.6,11.1,6.0,794.5,1053.1,649.3,98.6,18.5,11.0,443.6,19.0,25.5,0.0,33.5,0.0,0.0,0.0,47.3,51.4,57.5,13.1,0.0,0.0,57.5,19.0,100.0,34.7,51.1,0.1,73.3,0.8,1.1,0.6,87.8,116.2,71.5,10.6,1.9,1.1,34.7,13.6,17.0,18.0,10.0,10.0,10.0,10.0,17.0,17.0,17.0,10.0,11.0,52,48,47,55,55,55,55,51,51,51,51,48,52,53,45,45,45,45,49,49,49,49,55,55,No,No,No,No,No,No,No,No,No,No,No,No,No,No,No,No,No,No,No,No,No,No,No,No,No,No,No,No,No,No,No,No,No,No,No,No,62,62,49,53,0.222,0.000,0.000,0.000,0.000,0.000,0.000,0.000,1.200,16.563,9.608,6.067,0.016,17.489,2.939,0.189,0.055,45.0,40.0,55.0,55.0,13.000,300.0,4.2,0.0,0.0,0.0,0.0,638,0,0.0,0.0,0.0,0.0,17.7,21.7,0.1,29.9,0.6,0.6,0.2,44.5,49.4,55.4,7.5,1.4,0.8,7.4,26.0,19.4,0.0,0.0,21.1,5.1,2.6,0.0,0.0,0.0,68.0,37.1,37.6,99.3,99.7,32.6,43.9,40.0,92.0,98.3,99.1,13.3,14.2,12.3,1596.1,16.00,22,22,22,52,74,560,1,2,Yes,No,No,No,No,No,No,No,No,No,Yes,No,No,No,No,No,No,No,No,No,No,No,No,No,No,No,No,No,No,No,No,No,No,No,No,No,No,No,47.0,54,54,62,88.0,100.0,No,No,21506,55883,10.6,0.0,10.6,1.431,0.000,2336,855,12.429,41.633,100.0,0.000,22.9,22.1,61.4,9.9,9.9,9.9,9.9,22.1,60.5,10.0,10.0,10.0,10.0,45.21,100.81,16.30,16.28,101.36,101.36,0.86,3.79,45.21,0.00,46.12,0,
1.2.2026,21:37:38.203,6374,2021,75.9,5429,2455,68.8,0.3,1.102,1.110,1.098,1.104,1.104,1.105,1.115,1.097,1.087,1.097,1.107,1.028,0.766,3192.2,4289.5,4289.5,3192.2,3192.2,3192.2,3192.2,3192.2,997.6,3192.2,3192.2,99.8,3691.0,636.5,1687.6,15.8,3428.7,13.3,58.6,10.9,727.6,561.3,988.1,64.5,43.4,38.6,813.0,26.1,37.8,8.3,82.2,26.6,0.0,8.3,44.3,25.0,61.8,0.0,9.6,9.1,82.2,26.1,100.0,54.4,128.6,1.1,263.7,0.9,6.3,1.1,74.4,58.0,105.7,4.9,4.5,4.1,54.4,32.0,43.0,43.0,32.0,32.0,32.0,32.0,32.0,10.0,32.0,32.0,37.0,56,60,56,57,57,59,59,54,54,54,54,44,40,44,43,43,41,41,46,46,46,46,60,60,No,No,No,No,No,No,No,No,No,No,No,No,No,No,No,No,No,No,No,No,No,No,No,No,No,No,No,No,No,No,No,No,No,No,No,No,56,56,49,53,0.222,0.000,0.000,0.000,0.000,0.000,0.000,0.000,1.200,8.750,19.215,15.365,0.019,26.552,3.139,0.280,0.071,45.0,40.0,55.0,55.0,7.000,300.0,3.7,0.0,0.0,0.0,0.0,638,0,0.0,0.0,0.0,0.0,23.3,41.9,0.4,83.9,0.3,1.9,0.4,49.2,29.5,65.8,2.7,1.9,1.3,7.6,25.2,5.0,0.0,0.0,15.2,4.4,25.9,0.0,0.0,0.0,60.6,0.0,9.8,98.0,99.6,33.3,64.4,7.9,96.9,97.9,98.6,15.7,30.2,1.1,1596.1,16.00,22,22,22,52,74,560,1,2,Yes,No,No,No,No,No,No,No,No,No,Yes,No,No,No,No,No,No,No,No,No,No,No,No,No,No,No,No,No,No,No,No,No,No,No,No,No,No,No,47.0,54,54,64,88.0,100.0,No,No,21506,55883,8.1,0.0,8.1,2.707,0.000,2337,855,12.429,41.633,100.0,0.000,22.9,21.7,61.0,9.9,9.9,9.9,9.9,21.7,60.4,10.0,10.0,10.0,10.0,46.04,100.81,16.39,16.37,101.36,101.36,0.84,4.41,46.04,0.00,47.73,0,
1.2.2026,21:37:38.334,6380,2015,75.9,5444,2440,69.0,0.3,1.093,0.785,1.080,1.020,1.130,1.150,1.150,1.165,1.140,1.169,1.139,0.671,0.766,2064.9,1596.1,4289.5,3092.4,1396.6,3092.4,3192.2,997.6,997.6,997.6,997.6,99.8,997.6,469.5,778.1,1.5,1077.7,1.6,25.5,12.1,854.1,720.1,881.0,483.1,328.3,471.4,433.8,30.2,24.6,0.0,29.1,0.0,17.4,0.0,72.1,60.5,67.6,33.5,19.7,37.9,72.1,30.2,100.0,47.3,56.1,0.1,65.3,0.1,3.1,1.5,107.0,93.9,110.3,47.3,35.6,48.0,47.3,20.7,16.0,43.0,31.0,14.0,31.0,32.0,10.0,10.0,10.0,10.0,10.0,53,48,53,55,55,55,55,52,52,52,52,47,52,47,45,45,45,45,48,48,48,48,55,55,No,No,No,No,No,No,No,No,No,No,No,No,No,No,No,No,No,No,No,No,No,No,No,No,No,No,No,No,No,No,No,No,No,No,No,No,58,58,49,53,0.222,0.000,0.000,0.000,0.000,0.000,0.000,0.000,1.200,14.688,11.229,7.345,0.007,19.503,3.168,0.221,0.122,45.0,40.0,55.0,55.0,14.000,300.0,4.3,0.0,0.0,0.0,0.0,638,0,0.0,0.0,0.0,0.0,27.7,23.8,0.1,38.9,0.1,1.8,0.8,64.6,51.0,61.1,39.2,19.2,32.2,17.5,52.5,50.1,0.0,0.0,23.3,0.0,38.9,6.0,0.0,4.6,46.3,0.0,10.9,98.1,99.1,11.2,47.9,0.0,53.7,79.7,62.1,11.1,22.3,0.0,1596.1,16.00,22,22,22,52,74,560,1,2,Yes,No,No,No,No,No,No,No,No,No,Yes,No,No,No,No,No,No,No,No,No,No,No,No,No,No,No,No,No,No,No,No,No,No,No,No,No,No,No,47.0,54,54,64,88.0,100.0,No,No,21506,55883,24.2,0.2,24.4,8.074,0.589,2337,855,12.429,41.633,100.0,0.000,22.9,21.7,60.9,9.9,9.9,9.9,9.9,21.7,60.4,10.0,10.0,10.0,10.0,46.03,100.81,16.42,16.38,101.36,101.36,0.89,4.59,46.03,0.00,50.80,0,
1.2.2026,21:37:38.429,6388,2007,76.0,5440,2443,69.0,0.3,1.093,1.129,1.129,1.153,1.133,1.193,1.106,1.136,1.156,1.131,1.136,1.031,0.766,2064.9,4289.5,4289.5,3192.2,997.6,997.6,997.6,3192.2,3192.2,3192.2,3192.2,99.8,3691.0,469.5,522.6,615.6,2305.0,429.9,517.6,491.0,770.4,784.5,1103.4,1083.5,1029.1,1095.2,804.6,30.2,22.3,59.7,59.6,57.8,21.0,31.7,50.6,43.5,65.8,73.0,63.2,69.8,73.0,51.5,100.0,47.3,37.9,46.9,143.0,34.1,32.4,21.6,76.1,62.8,119.5,125.5,120.6,128.3,79.0,20.7,16.0,43.0,31.0,14.0,31.0,32.0,10.0,10.0,10.0,10.0,10.0,53,48,53,55,55,55,55,52,52,52,52,47,52,47,45,45,45,45,48,48,48,48,55,55,No,No,No,No,No,No,No,No,No,No,No,No,No,No,No,No,No,No,No,No,No,No,No,No,No,No,No,No,No,No,No,No,No,No,No,No,69,69,49,53,0.222,0.000,0.000,0.000,0.000,0.000,0.000,0.000,1.200,16.875,14.032,9.892,0.004,22.792,3.357,0.326,0.123,45.0,40.0,55.0,55.0,35.000,300.0,5.7,0.0,0.0,0.0,0.0,638,0,0.0,0.0,0.0,0.0,27.7,23.8,0.1,38.9,0.1,1.8,0.8,64.6,51.0,61.1,39.2,19.2,32.2,17.5,52.5,50.1,0.0,0.0,23.3,0.0,38.9,6.0,0.0,4.6,46.3,0.0,10.9,98.1,99.1,11.2,47.9,0.0,53.7,79.7,62.1,11.1,22.3,0.0,1596.1,16.00,22,22,22,52,74,560,1,2,Yes,No,No,No,No,No,No,No,No,No,Yes,No,No,No,No,No,No,No,No,No,No,No,No,No,No,No,No,No,No,No,No,No,No,No,No,No,No,No,47.0,54,54,64,88.0,100.0,No,No,21506,55883,24.2,0.2,24.4,8.074,0.589,2337,855,12.429,41.633,100.0,0.000,22.9,21.7,60.9,9.9,9.9,9.9,9.9,21.7,60.4,10.0,10.0,10.0,10.0,46.03,100.81,16.42,16.38,101.36,101.36,0.89,4.59,46.03,0.00,50.80,0,
1.2.2026,21:37:38.539,6396,1999,76.1,5448,2436,69.0,0.3,0.879,0.867,0.887,0.877,0.876,0.896,0.906,0.871,0.872,0.860,0.875,0.803,0.766,2314.3,3092.4,3092.4,997.6,2194.6,2294.4,2294.4,2294.4,2294.4,2294.4,2294.4,99.8,2493.9,1018.6,778.6,217.7,1308.4,16.8,883.9,403.9,1332.4,1180.8,1628.0,1369.6,1561.8,1541.7,765.3,46.1,25.7,0.0,54.3,0.0,44.0,24.0,74.4,63.3,76.0,62.3,64.2,65.0,76.0,46.1,100.0,94.9,56.9,15.8,146.1,0.9,95.2,62.4,129.7,114.8,146.1,114.5,124.0,131.7,94.8,23.2,31.0,31.0,10.0,22.0,23.0,23.0,23.0,23.0,23.0,23.0,25.0,54,49,47,55,55,55,55,55,55,55,55,46,51,53,45,45,45,45,45,45,45,45,56,55,No,No,No,No,No,No,No,No,No,No,No,No,No,No,No,No,No,No,No,No,No,No,No,No,No,No,No,No,No,No,No,No,No,No,No,No,56,56,49,53,0.222,0.000,0.000,0.000,0.000,0.000,0.000,0.000,1.200,9.063,16.652,12.384,0.014,25.072,3.443,0.327,0.135,45.0,40.0,55.0,55.0,6.000,300.0,4.3,0.0,0.0,0.0,0.0,638,0,0.0,0.0,0.0,0.0,55.8,32.2,5.7,48.3,0.6,50.0,18.4,89.7,76.1,91.4,79.7,90.8,87.1,24.6,60.1,50.2,33.6,25.1,8.3,19.4,8.7,20.6,8.1,12.2,8.0,0.0,1.4,15.7,55.9,1.4,4.3,0.0,0.0,1.0,0.7,1.5,3.0,0.0,1596.1,16.00,22,22,22,52,74,560,1,2,Yes,No,No,No,No,No,No,No,No,No,Yes,No,No,No,No,No,No,No,No,No,No,No,No,No,No,No,No,No,No,No,No,No,No,No,No,No,No,No,47.0,54,54,64,88.0,100.0,No,No,21506,55883,100.0,0.0,100.0,233.923,0.000,2346,856,12.429,41.633,100.0,0.000,22.9,24.0,61.8,9.9,9.9,9.9,9.9,24.0,60.4,10.0,10.0,10.0,10.0,41.66,100.73,16.18,16.17,101.36,101.36,0.84,4.50,41.66,0.00,43.16,0,
1.2.2026,21:37:38.646,6413,1983,76.3,5439,2445,68.9,0.3,0.887,0.737,0.852,0.852,0.842,0.977,0.992,0.982,0.992,0.825,0.820,0.778,0.763,1925.3,1695.9,2793.2,997.6,997.6,997.6,2593.7,2593.7,2593.7,1995.1,1995.1,99.8,2194.6,1187.2,1370.5,882.4,1648.4,50.7,1216.2,963.6,1380.5,1274.9,1257.8,1430.0,1435.7,1336.0,1098.4,63.3,46.7,41.6,59.6,0.0,72.5,63.3,85.7,75.4,69.2,85.1,85.6,75.3,85.7,63.3,100.0,117.7,103.0,68.3,125.7,3.9,130.0,104.8,147.8,138.2,135.5,155.2,155.9,144.6,117.8,19.3,17.0,28.0,10.0,10.0,10.0,26.0,26.0,26.0,20.0,20.0,22.0,55,53,49,58,58,58,58,54,54,54,54,45,47,51,42,42,42,42,46,46,46,46,58,58,No,No,No,No,No,No,No,No,No,No,No,No,No,No,No,No,No,No,No,No,No,No,No,No,No,No,No,No,No,No,No,No,No,No,No,No,58,58,50,54,0.222,0.000,0.000,0.000,0.000,0.000,0.000,0.000,1.200,12.188,16.652,12.384,0.014,25.072,3.443,0.327,0.135,45.0,40.0,55.0,55.0,9.000,300.0,4.3,0.0,0.0,0.0,0.0,638,0,0.0,0.0,0.0,0.0,62.6,45.2,29.6,58.5,1.3,72.8,62.5,87.5,75.6,69.8,86.0,86.9,75.4,21.6,29.6,39.4,22.1,5.8,12.5,24.4,30.2,14.1,13.1,24.6,3.8,0.0,2.0,4.9,30.7,0.0,0.0,0.0,0.0,0.0,0.0,0.3,0.7,0.0,1596.1,16.00,22,22,22,52,74,560,1,2,Yes,No,No,No,No,No,No,No,No,No,Yes,No,No,No,No,No,No,No,No,No,No,No,No,No,No,No,No,No,No,No,No,No,No,No,No,No,No,No,48.0,54,54,65,88.0,100.0,No,No,21506,55883,45.4,1.8,47.2,41.193,7.807,2350,857,12.429,41.633,100.0,0.000,22.9,23.8,61.8,9.9,9.9,9.9,9.9,23.8,60.4,10.0,10.0,10.0,10.0,42.08,100.76,16.18,16.17,101.36,101.36,0.84,4.51,42.08,0.00,41.43,0,
1.2.2026,21:37:38.757,6431,1964,76.5,5444,2439,69.0,0.3,0.789,0.717,0.781,0.781,0.781,0.776,0.776,0.781,0.786,0.858,0.858,0.668,0.766,1456.4,1596.1,1995.1,1396.6,1396.6,997.6,997.6,1097.3,1097.3,1995.1,1995.1,99.8,997.6,1133.9,1544.2,66.3,2335.8,52.4,1018.7,1167.6,1179.5,1138.3,1300.3,1238.2,1378.9,1186.7,1062.9,65.2,51.7,0.0,81.1,12.4,70.7,80.7,81.8,78.8,84.6,78.3,89.4,73.0,89.4,65.2,100.0,113.6,115.8,4.7,180.9,3.8,111.3,128.4,130.0,124.1,144.0,137.1,154.0,129.4,113.7,14.6,16.0,20.0,14.0,14.0,10.0,10.0,11.0,11.0,20.0,20.0,10.0,55,51,50,58,58,56,56,55,55,55,55,45,49,50,42,42,44,44,45,45,45,45,58,58,No,No,No,No,No,No,No,No,No,No,No,No,No,No,No,No,No,No,No,No,No,No,No,No,No,No,No,No,No,No,No,No,No,No,No,No,56,56,50,54,0.217,0.000,0.000,0.000,0.000,0.000,0.000,0.000,1.200,21.875,17.233,12.613,0.022,26.388,3.754,0.386,0.110,45.0,40.0,55.0,55.0,21.000,300.0,4.9,0.0,0.0,0.0,0.0,638,0,0.0,0.0,0.0,0.0,65.7,54.4,2.2,81.5,1.7,72.3,82.0,83.0,81.0,85.5,79.5,89.4,75.7,19.1,24.5,18.0,27.8,15.0,17.1,19.0,14.6,20.5,10.6,24.3,0.4,1.2,0.0,0.0,2.4,0.0,0.0,0.0,0.0,0.0,0.0,8.5,17.0,0.0,1596.1,16.00,22,22,22,52,74,560,1,2,Yes,No,No,No,No,No,No,No,No,No,Yes,No,No,No,No,No,No,No,No,No,No,No,No,No,No,No,No,No,No,No,No,No,No,No,No,No,No,No,46.0,54,54,65,88.0,100.0,No,No,21506,55883,27.4,0.6,28.0,19.076,1.340,2352,857,12.429,41.633,100.0,0.000,22.9,24.8,62.0,9.9,9.9,9.9,9.9,24.8,60.4,10.0,10.0,10.0,10.0,40.29,100.73,16.13,16.12,101.36,101.36,0.84,4.97,40.29,0.00,40.41,0,
1.2.2026,21:37:38.881,6421,1975,76.4,5446,2438,69.0,0.3,0.873,0.816,0.894,0.909,1.144,0.691,0.806,0.811,0.816,0.816,1.031,0.773,0.766,1935.3,2693.4,1695.9,2394.1,2394.1,997.6,1895.4,997.6,1895.4,1895.4,2493.9,99.8,2094.9,646.6,649.0,1.5,658.0,1.6,228.4,114.4,646.6,818.0,1211.9,1240.1,1070.9,1118.9,389.7,42.7,23.8,0.0,25.4,0.0,18.4,5.6,54.9,65.7,83.1,86.1,75.4,74.2,86.1,42.7,100.0,68.0,47.8,0.1,43.8,0.1,26.3,13.2,73.2,95.5,136.5,137.5,117.7,124.8,68.0,19.4,27.0,17.0,24.0,24.0,10.0,19.0,10.0,19.0,19.0,25.0,21.0,53,51,49,55,55,55,55,53,53,53,53,47,49,51,45,45,45,45,47,47,47,47,55,55,No,No,No,No,No,No,No,No,No,No,No,No,No,No,No,No,No,No,No,No,No,No,No,No,No,No,No,No,No,No,No,No,No,No,No,No,55,55,50,54,0.222,0.000,0.000,0.000,0.000,0.000,0.000,0.000,1.200,5.000,15.970,11.472,0.019,24.956,3.627,0.398,0.122,45.0,40.0,55.0,55.0,2.000,300.0,3.2,0.0,0.0,0.0,0.0,638,0,0.0,0.0,0.0,0.0,44.2,27.0,0.2,32.5,0.1,19.0,6.9,54.3,63.0,84.0,88.7,78.5,76.7,28.1,54.5,59.9,11.4,13.2,34.5,37.0,16.1,11.3,21.5,21.5,16.9,0.0,7.6,69.4,79.8,10.6,0.0,0.0,0.0,0.0,1.8,8.3,16.7,0.0,1596.1,16.00,22,22,22,52,74,560,1,2,Yes,No,No,No,No,No,No,No,No,No,Yes,No,No,No,No,No,No,No,No,No,No,No,No,No,No,No,No,No,No,No,No,No,No,No,No,No,No,No,47.0,54,54,64,88.0,100.0,No,No,21506,55883,25.5,2.3,27.7,15.427,2.448,2353,857,12.429,41.633,100.0,0.000,22.9,27.5,62.5,10.6,10.2,10.1,10.1,27.5,60.4,10.5,10.1,10.0,10.0,36.37,94.62,15.99,15.95,98.62,98.62,0.78,3.76,36.37,0.00,36.60,0,
1.2.2026,21:37:38.964,6421,1975,76.4,5446,2438,69.0,0.3,0.873,0.816,0.894,0.909,1.144,0.691,0.806,0.811,0.816,0.816,1.031,0.773,0.766,1935.3,2693.4,1695.9,2394.1,2394.1,997.6,1895.4,997.6,1895.4,1895.4,2493.9,99.8,2094.9,646.6,649.0,1.5,658.0,1.6,228.4,114.4,646.6,818.0,1211.9,1240.1,1070.9,1118.9,389.7,42.7,23.8,0.0,25.4,0.0,18.4,5.6,54.9,65.7,83.1,86.1,75.4,74.2,86.1,42.7,100.0,68.0,47.8,0.1,43.8,0.1,26.3,13.2,73.2,95.5,136.5,137.5,117.7,124.8,68.0,19.4,27.0,17.0,24.0,24.0,10.0,19.0,10.0,19.0,19.0,25.0,21.0,53,51,49,55,55,55,55,53,53,53,53,47,49,51,45,45,45,45,47,47,47,47,55,55,No,No,No,No,No,No,No,No,No,No,No,No,No,No,No,No,No,No,No,No,No,No,No,No,No,No,No,No,No,No,No,No,No,No,No,No,56,56,49,54,0.217,0.000,0.000,0.000,0.000,0.000,0.000,0.000,1.200,11.250,10.902,6.731,0.011,19.776,3.421,0.263,0.124,45.0,40.0,55.0,55.0,9.000,300.0,2.7,0.0,0.0,0.0,0.0,638,0,0.0,0.0,0.0,0.0,44.2,27.0,0.2,32.5,0.1,19.0,6.9,54.3,63.0,84.0,88.7,78.5,76.7,28.1,54.5,59.9,11.4,13.2,34.5,37.0,16.1,11.3,21.5,21.5,16.9,0.0,7.6,69.4,79.8,10.6,0.0,0.0,0.0,0.0,1.8,8.3,16.7,0.0,1596.1,16.00,22,22,22,52,74,560,1,2,Yes,No,No,No,No,No,No,No,No,No,Yes,No,No,No,No,No,No,No,No,No,No,No,No,No,No,No,No,No,No,No,No,No,No,No,No,No,No,No,47.0,54,54,64,88.0,100.0,No,No,21506,55883,25.5,2.3,27.7,15.427,2.448,2353,857,12.429,41.633,100.0,0.000,22.9,27.5,62.5,10.6,10.2,10.1,10.1,27.5,60.4,10.5,10.1,10.0,10.0,36.37,94.62,15.99,15.95,98.62,98.62,0.78,3.76,36.37,0.00,36.60,0,
1.2.2026,21:37:39.079,6413,1982,76.3,5443,2440,69.0,0.3,1.160,1.150,1.145,1.150,1.124,1.159,1.159,1.184,1.159,1.184,1.184,1.031,0.766,3192.2,4289.5,4289.5,3192.2,3192.2,3192.2,3192.2,3192.2,997.6,3192.2,3192.2,99.8,3691.0,1048.5,881.8,438.2,3754.1,40.4,641.1,846.8,909.9,927.2,1080.3,1284.6,1104.2,673.0,1054.9,40.7,23.2,0.0,93.3,0.0,26.5,26.8,44.8,44.0,59.9,69.6,60.0,39.8,93.3,40.7,100.0,100.2,66.5,32.3,280.3,2.1,76.4,76.8,93.1,96.2,117.5,143.5,129.8,88.3,100.3,32.0,43.0,43.0,32.0,32.0,32.0,32.0,32.0,10.0,32.0,32.0,37.0,58,53,64,57,57,57,57,59,59,59,59,42,47,36,43,43,43,43,41,41,41,41,64,64,No,No,No,No,No,No,No,No,No,No,No,No,No,No,No,No,No,No,No,No,No,No,No,No,No,No,No,No,No,No,No,No,No,No,No,No,66,66,50,54,0.222,0.000,0.000,0.000,0.000,0.000,0.000,0.000,1.200,22.500,12.668,8.232,0.016,21.788,3.611,0.356,0.132,45.0,40.0,55.0,55.0,26.000,300.0,7.9,0.0,0.0,0.0,0.0,638,0,0.0,0.0,0.0,0.0,40.9,24.8,12.5,90.6,1.0,29.4,46.3,47.0,43.0,57.5,60.7,47.7,30.6,40.0,53.6,8.1,21.1,23.9,53.0,57.0,42.5,39.3,52.3,49.5,11.1,12.7,1.3,48.1,28.9,0.0,0.0,0.0,0.0,0.0,19.8,0.0,0.0,0.0,1596.1,16.00,22,22,22,52,74,560,1,2,Yes,No,No,No,No,No,No,No,No,No,Yes,No,No,No,No,No,No,No,No,No,No,No,No,No,No,No,No,No,No,No,No,No,No,No,No,No,No,No,46.0,54,54,66,88.0,100.0,No,No,21506,55883,84.7,0.8,85.6,47.471,1.547,2358,858,12.429,41.633,100.0,0.000,22.9,29.5,62.5,12.0,12.0,12.0,12.0,29.5,60.4,12.0,12.0,12.0,12.0,33.93,83.14,15.99,15.95,83.18,83.18,0.71,3.72,33.93,0.00,31.76,0,
1.2.2026,21:37:39.183,6402,1994,76.2,5419,2465,68.7,0.3,1.096,0.759,1.142,1.158,1.163,1.118,1.118,1.108,1.118,1.138,1.143,0.756,0.766,2364.2,1795.6,4588.8,997.6,997.6,997.6,3192.2,3192.2,3192.2,3192.2,1496.3,99.8,1795.6,307.9,330.7,1.5,666.4,1.4,1.8,1.0,580.7,545.0,583.4,438.3,543.4,1.1,266.1,15.4,11.6,0.0,19.4,0.0,0.0,0.0,41.6,37.8,34.8,26.5,12.6,0.0,41.6,15.4,100.0,29.6,24.2,0.1,32.5,0.1,0.2,0.1,59.7,57.1,62.5,52.9,65.4,0.1,29.6,23.7,18.0,46.0,10.0,10.0,10.0,32.0,32.0,32.0,32.0,15.0,18.0,53,47,57,55,55,55,55,51,51,51,51,47,53,43,45,45,45,45,49,49,49,49,55,57,No,No,No,No,No,No,No,No,No,No,No,No,No,No,No,No,No,No,No,No,No,No,No,No,No,No,No,No,No,No,No,No,No,No,No,No,53,53,49,54,0.222,0.000,0.000,0.000,0.000,0.000,0.000,0.000,1.200,3.750,20.857,16.410,0.016,29.890,3.566,0.373,0.126,45.0,40.0,55.0,55.0,2.000,300.0,3.6,0.0,0.0,0.0,0.0,638,0,0.0,0.0,0.0,0.0,18.5,14.0,0.1,28.4,0.1,0.1,0.1,47.7,42.8,39.0,25.5,24.4,0.1,19.0,8.8,58.2,0.0,0.0,22.3,18.2,28.9,38.9,14.3,0.0,50.9,2.1,13.3,99.9,99.9,28.6,38.2,31.1,35.5,60.7,99.9,36.8,73.6,0.0,1596.1,16.00,22,22,22,52,74,560,1,2,Yes,No,No,No,No,No,No,No,No,No,Yes,No,No,No,No,No,No,No,No,No,No,No,No,No,No,No,No,No,No,No,No,No,No,No,No,No,No,No,47.0,54,54,65,88.0,100.0,No,No,21506,55883,87.7,0.0,87.7,42.027,0.000,2363,858,12.429,41.633,100.0,0.000,22.9,31.5,62.5,12.7,12.1,12.0,12.0,31.5,60.4,12.8,12.1,12.0,12.0,31.73,78.56,16.00,15.95,83.04,83.04,0.69,3.08,31.73,0.00,28.11,0,
1.2.2026,21:37:39.295,6397,1998,76.1,5427,2457,68.8,0.3,1.096,1.094,1.085,1.085,1.105,1.124,1.124,1.114,1.114,1.104,1.109,1.031,0.766,2364.2,4289.5,4289.5,997.6,3192.2,3192.2,3192.2,3192.2,1396.6,1396.6,997.6,99.8,3691.0,307.9,1762.6,24.4,3442.0,20.1,42.0,32.4,1058.2,778.3,1060.6,609.4,419.5,150.9,895.0,15.4,41.2,0.0,79.9,10.6,0.2,0.3,63.2,41.9,59.3,28.6,29.3,13.1,79.9,30.6,100.0,29.6,133.9,1.7,262.7,1.3,4.2,3.2,115.6,90.5,113.4,57.8,42.0,10.1,69.7,23.7,18.0,46.0,10.0,10.0,10.0,32.0,32.0,32.0,32.0,15.0,18.0,53,47,57,55,55,55,55,51,51,51,51,47,53,43,45,45,45,45,49,49,49,49,55,57,No,No,No,No,No,No,No,No,No,No,No,No,No,No,No,No,No,No,No,No,No,No,No,No,No,No,No,No,No,No,No,No,No,No,No,No,67,67,50,54,0.222,0.000,0.000,0.000,0.000,0.000,0.000,0.000,1.200,17.188,6.997,3.470,0.015,15.676,2.884,0.161,0.123,45.0,40.0,55.0,55.0,21.000,300.0,5.8,0.0,0.0,0.0,0.0,638,0,0.0,0.0,0.0,0.0,18.5,14.0,0.1,28.4,0.1,0.1,0.1,47.7,42.8,39.0,25.5,24.4,0.1,19.0,8.8,58.2,0.0,0.0,22.3,18.2,28.9,38.9,14.3,0.0,50.9,2.1,13.3,99.9,99.9,28.6,38.2,31.1,35.5,60.7,99.9,36.8,73.6,0.0,1596.1,16.00,22,22,22,52,74,560,1,2,Yes,No,No,No,No,No,No,No,No,No,Yes,No,No,No,No,No,No,No,No,No,No,No,No,No,No,No,No,No,No,No,No,No,No,No,No,No,No,No,47.0,54,54,66,88.0,100.0,No,No,21506,55883,87.7,0.0,87.7,42.027,0.000,2363,858,12.429,41.633,100.0,0.000,22.9,31.5,62.5,12.7,12.1,12.0,12.0,31.5,60.4,12.8,12.1,12.0,12.0,31.73,78.56,16.00,15.95,83.04,83.04,0.69,3.08,31.73,0.00,28.11,0,
1.2.2026,21:37:39.402,6397,1999,76.1,5426,2458,68.8,0.3,0.816,0.947,0.932,0.847,0.672,0.832,0.672,0.822,0.827,0.802,0.807,0.886,0.766,1975.2,3691.0,3591.2,2294.4,997.6,997.6,997.6,2094.9,2094.9,1995.1,997.6,99.8,3092.4,456.5,483.0,20.1,822.0,4.0,16.0,49.9,647.6,805.5,650.0,661.8,572.5,745.3,356.0,29.7,26.2,0.0,41.7,0.0,13.6,1.5,45.0,46.7,49.9,53.5,38.9,39.9,53.5,29.7,100.0,46.5,35.2,1.5,92.2,0.4,1.7,5.0,66.8,77.1,73.6,74.8,58.5,71.5,46.6,19.8,37.0,36.0,23.0,10.0,10.0,10.0,21.0,21.0,20.0,10.0,31.0,53,48,48,55,55,55,55,53,53,53,53,47,52,52,45,45,45,45,47,47,47,47,54,55,No,No,No,No,No,No,No,No,No,No,No,No,No,No,No,No,No,No,No,No,No,No,No,No,No,No,No,No,No,No,No,No,No,No,No,No,55,55,49,54,0.217,0.000,0.000,0.000,0.000,0.000,0.000,0.000,1.200,4.688,21.306,17.106,0.019,29.716,3.421,0.304,0.121,45.0,40.0,55.0,55.0,3.000,300.0,3.9,0.0,0.0,0.0,0.0,638,0,0.0,0.0,0.0,0.0,22.7,16.5,1.1,23.4,0.2,1.0,3.7,33.6,45.5,39.4,44.0,32.2,32.2,21.0,26.4,56.8,0.0,0.0,40.0,12.8,49.5,0.0,4.7,19.8,45.5,0.0,19.7,98.8,96.2,25.7,40.8,10.8,54.4,61.9,47.0,27.3,54.5,0.0,1596.1,16.00,22,22,22,52,74,560,1,2,Yes,No,No,No,No,No,No,No,No,No,Yes,No,No,No,No,No,No,No,No,No,No,No,No,No,No,No,No,No,No,No,No,No,No,No,No,No,No,No,46.0,54,54,66,88.0,100.0,No,No,21506,55883,85.2,0.0,85.2,26.114,0.000,2369,858,12.429,41.633,100.0,0.000,22.9,30.5,62.8,11.1,10.2,10.1,10.1,30.5,60.4,11.0,10.1,10.0,10.0,32.75,90.21,15.91,15.90,99.09,99.09,0.72,3.21,32.75,0.00,27.74,0,
1.2.2026,21:37:39.514,6397,1999,76.1,5426,2458,68.8,0.3,0.816,0.947,0.932,0.847,0.672,0.832,0.672,0.822,0.827,0.802,0.807,0.886,0.766,1975.2,3691.0,3591.2,2294.4,997.6,997.6,997.6,2094.9,2094.9,1995.1,997.6,99.8,3092.4,456.5,483.0,20.1,822.0,4.0,16.0,49.9,647.6,805.5,650.0,661.8,572.5,745.3,356.0,29.7,26.2,0.0,41.7,0.0,13.6,1.5,45.0,46.7,49.9,53.5,38.9,39.9,53.5,29.7,100.0,46.5,35.2,1.5,92.2,0.4,1.7,5.0,66.8,77.1,73.6,74.8,58.5,71.5,46.6,19.8,37.0,36.0,23.0,10.0,10.0,10.0,21.0,21.0,20.0,10.0,31.0,53,48,48,55,55,55,55,53,53,53,53,47,52,52,45,45,45,45,47,47,47,47,54,55,No,No,No,No,No,No,No,No,No,No,No,No,No,No,No,No,No,No,No,No,No,No,No,No,No,No,No,No,No,No,No,No,No,No,No,No,63,63,50,54,0.215,0.000,0.000,0.000,0.000,0.000,0.000,0.000,1.200,19.063,11.492,7.613,0.027,19.982,3.199,0.204,0.125,45.0,40.0,55.0,55.0,20.000,300.0,4.2,0.0,0.0,0.0,0.0,638,0,0.0,0.0,0.0,0.0,22.7,16.5,1.1,23.4,0.2,1.0,3.7,33.6,45.5,39.4,44.0,32.2,32.2,21.0,26.4,56.8,0.0,0.0,40.0,12.8,49.5,0.0,4.7,19.8,45.5,0.0,19.7,98.8,96.2,25.7,40.8,10.8,54.4,61.9,47.0,27.3,54.5,0.0,1596.1,16.00,22,22,22,52,74,560,1,2,Yes,No,No,No,No,No,No,No,No,No,Yes,No,No,No,No,No,No,No,No,No,No,No,No,No,No,No,No,No,No,No,No,No,No,No,No,No,No,No,46.0,54,54,66,88.0,100.0,No,No,21506,55883,85.2,0.0,85.2,26.114,0.000,2369,858,12.429,41.633,100.0,0.000,22.9,30.5,62.8,11.1,10.2,10.1,10.1,30.5,60.4,11.0,10.1,10.0,10.0,32.75,90.21,15.91,15.90,99.09,99.09,0.72,3.21,32.75,0.00,27.74,0,
1.2.2026,21:37:39.626,6398,1998,76.2,5429,2455,68.8,0.3,1.140,0.960,1.154,1.174,1.174,1.144,1.144,1.099,1.184,1.184,1.184,0.871,0.763,3022.6,3591.2,4289.5,997.6,3391.7,3391.7,3391.7,997.6,3391.7,3391.7,3391.7,99.8,2992.7,803.0,2794.6,10.1,2595.0,3.2,75.8,9.2,1161.8,956.1,1332.9,403.0,168.0,125.8,950.7,29.1,65.4,0.0,71.4,12.1,1.7,12.3,60.3,47.5,72.8,0.0,0.0,5.8,72.8,29.1,100.0,70.7,214.1,0.6,237.3,0.5,6.2,0.9,117.3,89.5,127.5,31.8,12.9,9.7,70.7,30.3,36.0,43.0,10.0,34.0,34.0,34.0,10.0,34.0,34.0,34.0,30.0,56,52,51,58,58,58,58,55,55,55,55,44,48,49,42,42,42,42,45,45,45,45,58,58,No,No,No,No,No,No,No,No,No,No,No,No,No,No,No,No,No,No,No,No,No,No,No,No,No,No,No,No,No,No,No,No,No,No,No,No,59,59,50,54,0.222,0.000,0.000,0.000,0.000,0.000,0.000,0.000,1.200,7.500,17.734,13.552,0.019,26.260,3.411,0.264,0.124,45.0,40.0,55.0,55.0,7.000,300.0,4.3,0.0,0.0,0.0,0.0,638,0,0.0,0.0,0.0,0.0,30.1,66.5,0.3,59.1,0.1,3.1,0.4,60.5,61.9,78.5,12.6,9.3,9.2,12.8,20.3,40.9,0.0,0.0,39.0,6.3,21.5,0.0,0.0,0.0,50.7,13.0,0.0,96.7,99.5,0.4,29.9,0.0,86.8,90.3,90.7,0.0,0.1,0.0,1596.1,16.00,22,22,22,52,74,560,1,2,Yes,No,No,No,No,No,No,No,No,No,Yes,No,No,No,No,No,No,No,No,No,No,No,No,No,No,No,No,No,No,No,No,No,No,No,No,No,No,No,47.0,54,54,67,88.0,100.0,No,No,21506,55883,47.6,0.0,47.6,7.944,0.000,2372,860,12.429,41.633,100.0,0.000,22.9,27.4,62.8,10.5,10.1,10.1,10.1,27.4,60.4,10.4,10.0,10.0,10.0,36.51,95.23,15.91,15.90,99.09,99.09,0.77,3.40,36.51,0.00,34.71,0,
1.2.2026,21:37:39.736,6402,1994,76.2,5434,2450,68.9,0.3,1.123,1.117,1.085,1.115,1.172,1.131,1.120,1.110,1.120,1.120,1.135,1.028,0.766,2643.5,4289.5,4289.5,3192.2,997.6,997.6,1496.3,997.6,3391.7,3391.7,3391.7,99.8,3691.0,530.8,544.6,4.8,1881.5,17.6,5.2,5.1,924.7,852.1,1257.5,859.8,11.1,5.4,529.4,29.6,14.2,35.7,32.3,21.6,0.0,0.0,58.5,60.2,73.3,59.6,0.0,0.0,73.3,29.6,100.0,50.2,40.5,0.2,102.0,0.8,0.2,0.2,99.4,91.9,151.9,114.1,0.8,0.2,50.2,26.5,43.0,43.0,32.0,10.0,10.0,15.0,10.0,34.0,34.0,34.0,37.0,56,45,69,57,57,56,57,55,55,55,55,44,55,31,43,43,44,43,45,45,45,45,61,69,No,No,No,No,No,No,No,No,No,No,No,No,No,No,No,No,No,No,No,No,No,No,No,No,No,No,No,No,No,No,No,No,No,No,No,No,58,58,50,54,0.222,0.000,0.000,0.000,0.000,0.000,0.000,0.000,1.200,18.125,21.368,17.234,0.011,29.684,3.384,0.266,0.115,45.0,40.0,55.0,55.0,20.000,300.0,4.2,0.0,0.0,0.0,0.0,638,0,0.0,0.0,0.0,0.0,26.0,16.1,0.3,45.4,0.6,0.3,0.3,63.6,62.5,72.4,49.9,0.6,0.3,4.5,14.3,5.3,0.0,0.0,3.2,6.9,14.3,0.6,0.0,0.0,57.9,29.7,30.5,99.4,99.4,31.3,29.4,12.5,48.6,99.1,99.5,28.1,38.1,18.1,1596.1,16.00,22,22,22,52,74,560,1,2,Yes,No,No,No,No,No,No,No,No,No,Yes,No,No,No,No,No,No,No,No,No,No,No,No,No,No,No,No,No,No,No,No,No,No,No,No,No,No,No,47.0,54,54,64,88.0,100.0,No,No,21506,55883,47.6,0.0,47.6,7.944,0.000,2372,860,12.429,41.633,100.0,0.000,22.9,27.4,62.8,10.5,10.1,10.1,10.1,27.4,60.4,10.4,10.0,10.0,10.0,36.51,95.23,15.91,15.90,99.09,99.09,0.77,3.40,36.51,0.00,34.71,0,
1.2.2026,21:37:39.850,6406,1990,76.2,5435,2449,68.9,0.3,0.787,0.821,0.821,0.823,0.823,0.803,0.778,0.683,0.773,0.775,0.775,0.761,0.766,1646.0,2493.9,2493.9,997.6,1695.9,1695.9,997.6,997.6,1695.9,1695.9,1695.9,99.8,1895.4,638.7,1077.4,1.7,3075.1,1.9,6.7,4.0,837.7,1258.7,693.4,614.2,52.6,40.4,782.9,25.7,24.4,0.0,76.0,0.0,11.7,11.6,52.1,60.4,42.2,29.9,0.0,0.0,76.0,25.7,100.0,58.9,80.4,0.1,261.6,0.1,0.7,0.5,95.3,129.8,77.0,52.8,4.6,3.4,58.9,16.5,25.0,25.0,10.0,17.0,17.0,10.0,10.0,17.0,17.0,17.0,19.0,54,49,51,56,56,56,55,54,54,54,54,46,51,49,44,44,44,45,46,46,46,46,56,56,No,No,No,No,No,No,No,No,No,No,No,No,No,No,No,No,No,No,No,No,No,No,No,No,No,No,No,No,No,No,No,No,No,No,No,No,58,58,50,54,0.222,0.000,0.000,0.000,0.000,0.000,0.000,0.000,1.200,5.625,12.022,8.309,0.020,20.353,3.010,0.215,0.122,45.0,40.0,55.0,55.0,7.000,300.0,5.3,0.0,0.0,0.0,0.0,638,0,0.0,0.0,0.0,0.0,22.6,26.6,0.1,70.2,0.1,0.2,0.2,45.8,60.0,38.0,27.5,1.8,1.3,24.7,51.7,26.1,0.0,0.0,54.2,40.1,62.0,13.2,0.0,0.0,45.6,0.0,3.6,99.6,99.7,0.0,0.0,0.0,56.9,97.9,98.4,9.9,19.9,0.0,1596.1,16.00,22,22,22,52,74,560,1,2,Yes,No,No,No,No,No,No,No,No,No,Yes,No,No,No,No,No,No,No,No,No,No,No,No,No,No,No,No,No,No,No,No,No,No,No,No,No,No,No,46.0,54,54,65,88.0,100.0,No,No,21506,55883,74.3,33.1,100.0,13.361,0.597,2373,860,12.429,41.633,100.0,0.000,22.9,25.9,62.8,10.0,10.0,10.0,10.0,25.9,60.4,10.0,10.0,10.0,10.0,38.67,100.02,15.92,15.90,100.31,100.31,0.83,3.61,38.67,0.00,41.45,0,
1.2.2026,21:37:39.954,6410,1985,76.3,5434,2450,68.9,0.3,1.110,1.097,1.086,1.141,1.137,1.127,1.102,1.087,1.107,1.107,1.107,1.031,0.766,3092.4,4289.5,4289.5,997.6,997.6,3391.7,3391.7,3391.7,3391.7,3391.7,3391.7,99.8,3691.0,400.8,656.0,1.5,1704.0,1.5,2.4,0.9,1190.4,330.6,663.0,192.0,63.9,3.4,485.9,22.6,19.4,41.4,43.4,12.1,0.0,0.0,89.1,20.4,45.2,0.0,0.0,0.0,89.1,22.6,100.0,34.8,49.1,0.1,99.7,0.1,0.1,0.1,134.6,40.1,70.0,23.8,0.1,0.1,34.8,31.0,43.0,43.0,10.0,10.0,34.0,34.0,34.0,34.0,34.0,34.0,37.0,56,51,69,56,56,55,55,55,55,55,55,44,49,31,44,44,45,45,45,45,45,45,66,69,No,No,No,No,No,No,No,No,No,No,No,No,No,No,No,No,No,No,No,No,No,No,No,No,No,No,No,No,No,No,No,No,No,No,No,No,56,56,50,54,0.222,0.000,0.000,0.000,0.000,0.000,0.000,0.000,1.200,20.000,20.201,16.247,0.018,28.148,3.197,0.265,0.123,45.0,40.0,55.0,55.0,20.000,300.0,2.1,0.0,0.0,0.0,0.0,638,0,0.0,0.0,0.0,0.0,20.4,20.9,0.1,51.4,0.1,0.1,0.1,88.9,18.8,49.6,9.5,5.0,0.1,4.5,7.6,21.9,0.0,0.0,11.1,4.1,0.0,0.0,0.0,0.0,63.0,0.0,18.7,99.8,99.9,0.0,77.0,49.3,90.2,94.9,99.8,38.3,68.9,7.6,1596.1,16.00,22,22,22,52,74,560,1,2,Yes,No,No,No,No,No,No,No,No,No,Yes,No,No,No,No,No,No,No,No,No,No,No,No,No,No,No,No,No,No,No,No,No,No,No,No,No,No,No,47.0,54,54,65,88.0,100.0,No,No,21506,55883,14.9,1.9,16.8,1.245,2.698,2373,860,12.429,41.633,100.0,0.000,22.9,25.7,62.8,10.0,10.0,10.0,10.0,25.7,60.4,10.0,10.0,10.0,10.0,38.86,100.03,15.92,15.90,100.31,100.31,0.86,3.67,38.86,0.00,41.77,0,
1.2.2026,21:37:40.064,6413,1983,76.3,5436,2448,68.9,0.3,0.872,0.740,0.909,0.924,0.919,0.909,0.838,0.853,0.858,0.883,0.883,0.688,0.766,2025.0,1695.9,3391.7,997.6,2294.4,1695.9,997.6,2194.6,2194.6,2394.1,2394.1,99.8,1097.3,661.8,2074.4,6.0,2284.0,1.8,9.6,5.3,1394.4,710.6,1272.3,57.2,110.1,15.5,810.8,27.1,47.5,0.0,59.8,0.0,0.0,12.4,77.3,37.4,77.4,1.2,12.1,0.1,77.4,27.1,100.0,61.3,158.6,0.3,201.0,0.1,0.9,0.4,148.3,67.9,133.1,5.4,18.3,1.6,61.3,20.3,17.0,34.0,10.0,23.0,17.0,10.0,22.0,22.0,24.0,24.0,11.0,54,51,49,56,56,56,56,53,53,53,53,46,49,51,44,44,44,44,47,47,47,47,56,56,No,No,No,No,No,No,No,No,No,No,No,No,No,No,No,No,No,No,No,No,No,No,No,No,No,No,No,No,No,No,No,No,No,No,No,No,58,58,50,54,0.222,0.000,0.000,0.000,0.000,0.000,0.000,0.000,1.200,9.063,9.246,5.702,0.005,17.689,2.878,0.194,0.124,45.0,40.0,55.0,55.0,8.000,300.0,5.0,0.0,0.0,0.0,0.0,638,0,0.0,0.0,0.0,0.0,26.1,48.3,0.2,53.6,0.1,0.3,0.2,77.0,44.3,78.3,1.9,8.0,0.5,9.3,35.0,34.5,0.0,0.0,23.0,0.0,0.9,0.0,0.0,0.0,57.4,0.0,11.8,99.5,99.7,0.0,54.6,19.2,97.8,91.9,99.3,7.9,15.9,0.0,1596.1,16.00,22,22,22,52,74,560,1,2,Yes,No,No,No,No,No,No,No,No,No,Yes,No,No,No,No,No,No,No,No,No,No,No,No,No,No,No,No,No,No,No,No,No,No,No,No,No,No,No,48.0,54,54,65,88.0,100.0,No,No,21506,55883,11.9,0.1,11.9,2.144,0.086,2373,860,12.429,41.633,100.0,0.000,22.9,23.2,62.8,10.0,10.0,10.0,10.0,23.2,60.4,10.0,10.0,10.0,10.0,43.18,100.06,15.92,15.90,100.31,100.31,0.89,4.08,43.18,0.00,53.18,0,
1.2.2026,21:37:40.177,6389,2006,76.0,5429,2455,68.8,0.3,1.115,1.133,1.091,1.108,1.108,1.093,1.153,1.113,1.128,1.113,1.113,1.031,0.766,3331.9,4289.5,4289.5,3391.7,3391.7,3391.7,3391.7,997.6,3391.7,3391.7,3391.7,99.8,3691.0,432.3,561.7,5.4,1620.5,1.2,16.7,5.0,954.5,652.2,1170.5,130.4,53.8,15.1,477.2,32.3,13.3,28.1,41.9,36.6,15.8,5.0,82.7,51.6,68.5,11.6,16.9,15.8,82.7,32.3,100.0,43.0,61.9,0.3,123.8,0.1,1.7,0.5,105.0,72.5,128.8,14.2,5.8,1.6,43.0,33.4,43.0,43.0,34.0,34.0,34.0,34.0,10.0,34.0,34.0,34.0,37.0,55,51,55,57,57,57,57,55,55,55,55,45,49,45,43,43,43,43,45,45,45,45,66,57,No,No,No,No,No,No,No,No,No,No,No,No,No,No,No,No,No,No,No,No,No,No,No,No,No,No,No,No,No,No,No,No,No,No,No,No,62,62,50,54,0.222,0.000,0.000,0.000,0.000,0.000,0.000,0.000,1.200,19.375,19.438,15.520,0.027,27.609,3.173,0.271,0.123,45.0,40.0,55.0,55.0,20.000,300.0,3.3,0.0,0.0,0.0,0.0,638,0,0.0,0.0,0.0,0.0,23.9,21.4,0.2,43.2,0.0,0.5,0.2,84.5,55.1,72.1,7.3,1.8,0.5,8.0,18.4,10.9,0.0,0.0,15.5,7.4,27.9,0.0,0.0,0.0,56.1,0.0,35.1,99.4,99.7,0.0,37.0,0.0,92.4,98.1,99.5,34.2,57.9,10.4,1596.1,16.00,22,22,22,52,74,560,1,2,Yes,No,No,No,No,No,No,No,No,No,Yes,No,No,No,No,No,No,No,No,No,No,No,No,No,No,No,No,No,No,No,No,No,No,No,No,No,No,No,48.0,54,54,66,88.0,100.0,No,No,21506,55883,10.2,0.0,10.2,1.978,0.000,2373,860,12.429,41.633,100.0,0.000,22.9,22.8,62.5,10.0,10.0,10.0,10.0,22.8,60.3,10.0,10.0,10.0,10.0,43.93,100.06,16.01,16.00,100.31,100.31,0.88,4.20,43.93,0.00,54.72,0,
1.2.2026,21:37:40.294,6392,2004,76.1,5429,2455,68.8,0.3,0.933,0.976,0.956,0.879,0.864,0.674,0.849,0.859,1.097,1.082,1.097,0.898,0.766,2454.0,3790.7,3591.2,2493.9,2394.1,2294.4,2294.4,2294.4,997.6,997.6,3391.7,99.8,3192.2,718.7,1533.7,6.9,2329.5,2.3,46.8,86.4,733.2,649.8,1301.9,1065.0,713.4,155.2,673.6,28.9,36.1,0.0,52.6,0.0,0.0,0.0,48.5,47.8,74.6,46.1,41.6,0.0,74.6,28.9,100.0,66.5,98.1,0.4,180.3,0.1,4.8,9.4,81.8,71.2,143.4,116.5,75.1,16.9,66.5,24.6,38.0,36.0,25.0,24.0,23.0,23.0,23.0,10.0,10.0,34.0,32.0,54,48,50,55,55,55,55,54,54,54,55,46,52,50,45,45,45,45,46,46,46,45,55,55,No,No,No,No,No,No,No,No,No,No,No,No,No,No,No,No,No,No,No,No,No,No,No,No,No,No,No,No,No,No,No,No,No,No,No,No,55,55,50,54,0.217,0.000,0.000,0.000,0.000,0.000,0.000,0.000,1.200,3.125,11.705,7.933,0.009,20.233,3.055,0.221,0.124,45.0,40.0,55.0,55.0,2.000,300.0,3.1,0.0,0.0,0.0,0.0,638,0,0.0,0.0,0.0,0.0,29.0,32.4,0.2,54.4,0.1,1.6,5.7,44.6,44.5,73.6,43.4,39.9,6.9,15.5,34.5,40.4,0.0,0.0,45.8,4.9,26.4,0.0,3.2,0.0,46.8,10.5,5.1,98.0,94.1,9.4,48.8,0.0,54.1,55.1,92.6,10.8,21.5,0.0,1596.1,16.00,22,22,22,52,74,560,1,2,Yes,No,No,No,No,No,No,No,No,No,Yes,No,No,No,No,No,No,No,No,No,No,No,No,No,No,No,No,No,No,No,No,No,No,No,No,No,No,No,48.0,54,54,65,88.0,100.0,No,No,21506,55883,16.4,1.1,17.5,2.150,0.118,2374,860,12.429,41.633,100.0,0.000,22.9,22.4,62.5,10.0,10.0,10.0,10.0,22.4,60.3,10.0,10.0,10.0,10.0,44.68,100.06,16.01,16.00,100.31,100.31,0.85,4.43,44.68,0.00,53.17,0,
1.2.2026,21:37:40.382,6405,1991,76.2,5428,2456,68.8,0.3,1.115,1.113,1.085,1.130,1.140,1.130,1.120,1.110,1.090,1.145,1.090,1.031,0.766,3411.7,4289.5,4289.5,3192.2,3192.2,3192.2,3192.2,3192.2,3192.2,3192.2,3192.2,99.8,3691.0,395.4,949.1,1.8,1730.2,1.4,9.7,1.3,888.8,137.5,745.0,170.2,106.5,3.2,465.0,22.5,33.4,23.9,39.8,44.7,0.0,0.0,67.0,4.8,56.5,0.0,0.0,0.0,67.0,22.5,100.0,32.7,71.7,0.1,90.1,0.1,0.2,0.2,96.1,13.0,82.1,22.4,16.5,0.1,32.7,34.2,43.0,43.0,32.0,32.0,32.0,32.0,32.0,32.0,32.0,32.0,37.0,55,47,67,55,55,55,55,55,55,55,55,45,53,33,45,45,45,45,45,45,45,45,62,67,No,No,No,No,No,No,No,No,No,No,No,No,No,No,No,No,No,No,No,No,No,No,No,No,No,No,No,No,No,No,No,No,No,No,No,No,59,59,50,54,0.217,0.000,0.000,0.000,0.000,0.000,0.000,0.000,1.200,18.750,17.715,13.855,0.009,26.232,3.128,0.267,0.123,45.0,40.0,55.0,55.0,20.000,300.0,1.0,0.0,0.0,0.0,0.0,638,0,0.0,0.0,0.0,0.0,19.5,35.6,0.1,51.6,0.0,0.3,0.0,67.0,7.8,56.6,9.6,5.2,0.1,3.2,7.8,0.1,0.0,0.0,0.0,0.0,24.4,0.0,0.0,0.0,65.5,0.0,30.7,99.6,99.9,31.1,91.5,18.1,89.8,94.3,99.9,35.2,54.2,16.3,1596.1,16.00,22,22,22,52,74,560,1,2,Yes,No,No,No,No,No,No,No,No,No,Yes,No,No,No,No,No,No,No,No,No,No,No,No,No,No,No,No,No,No,No,No,No,No,No,No,No,No,No,47.0,54,54,64,88.0,100.0,No,No,21506,55883,26.5,28.9,55.4,2.228,1.687,2374,861,12.429,41.633,100.0,0.000,22.9,23.8,62.5,10.3,10.0,10.0,10.0,23.8,60.3,10.3,10.0,10.0,10.0,42.05,97.02,16.00,16.00,100.31,100.31,0.81,4.18,42.05,0.00,51.04,0,
1.2.2026,21:37:40.493,6406,1990,76.2,5435,2449,68.9,0.3,0.925,0.816,0.985,1.000,0.980,0.676,0.951,0.941,0.966,0.966,0.966,0.743,0.766,1875.4,2194.6,3790.7,997.6,997.6,997.6,997.6,997.6,2593.7,2593.7,2593.7,99.8,1596.1,609.9,1587.5,5.9,2832.1,4.9,4.5,77.3,1055.2,714.7,854.4,127.7,46.2,7.7,785.3,22.5,36.0,0.0,71.2,0.0,0.0,2.0,55.2,30.4,48.7,15.6,0.0,11.0,71.2,22.5,100.0,54.3,119.8,0.3,240.1,0.3,1.2,7.1,110.0,67.3,89.9,10.8,4.4,0.8,54.4,18.8,22.0,38.0,10.0,10.0,10.0,10.0,10.0,26.0,26.0,26.0,16.0,53,49,51,55,55,55,55,53,53,53,53,47,51,49,45,45,45,45,47,47,47,47,55,55,No,No,No,No,No,No,No,No,No,No,No,No,No,No,No,No,No,No,No,No,No,No,No,No,No,No,No,No,No,No,No,No,No,No,No,No,57,57,49,54,0.217,0.000,0.000,0.000,0.000,0.000,0.000,0.000,1.200,6.563,9.432,5.640,0.015,17.994,3.121,0.199,0.121,45.0,40.0,55.0,55.0,5.000,300.0,6.6,0.0,0.0,0.0,0.0,638,0,0.0,0.0,0.0,0.0,22.2,38.4,0.2,66.3,0.1,0.2,4.6,58.7,37.0,51.0,7.9,2.0,0.2,12.3,34.7,26.2,0.0,0.0,32.1,9.1,20.5,0.0,0.0,0.0,57.7,0.0,7.4,99.7,95.3,7.2,51.9,25.9,91.8,97.8,99.6,12.3,24.6,0.0,1596.1,16.00,22,22,22,52,74,560,1,2,Yes,No,No,No,No,No,No,No,No,No,Yes,No,No,No,No,No,No,No,No,No,No,No,No,No,No,No,No,No,No,No,No,No,No,No,No,No,No,No,47.0,54,54,66,88.0,100.0,No,No,21506,55883,51.8,57.6,100.0,2.055,2.654,2374,861,12.429,41.633,100.0,0.000,22.9,21.7,62.5,8.7,8.5,8.5,8.5,21.7,60.3,8.8,8.6,8.6,8.6,46.05,114.52,16.00,16.00,118.08,118.08,0.88,5.89,46.05,0.00,54.25,0,
1.2.2026,21:37:40.604,6403,1993,76.2,5439,2444,68.9,0.3,1.126,1.103,1.089,1.089,1.155,1.109,1.175,1.120,1.160,1.150,1.109,1.031,0.766,2992.7,4289.5,4289.5,997.6,3192.2,997.6,3391.7,3192.2,3192.2,3192.2,3192.2,99.8,3691.0,547.7,1733.5,2.4,1307.4,2.7,4.8,4.4,1348.5,767.6,969.8,406.5,12.1,12.9,646.4,31.4,53.4,0.0,33.7,0.0,5.6,5.6,82.6,52.5,75.6,35.3,16.6,16.4,82.6,31.4,100.0,50.4,133.3,0.1,79.0,0.1,0.4,0.3,148.1,89.5,105.2,45.7,1.2,1.4,50.3,30.0,43.0,43.0,10.0,32.0,10.0,34.0,32.0,32.0,32.0,32.0,37.0,57,61,62,58,58,58,58,53,53,53,53,43,39,38,42,42,42,42,47,47,47,47,61,62,No,No,No,No,No,No,No,No,No,No,No,No,No,No,No,No,No,No,No,No,No,No,No,No,No,No,No,No,No,No,No,No,No,No,No,No,58,58,49,54,0.222,0.000,0.000,0.000,0.000,0.000,0.000,0.000,1.200,18.750,19.113,14.955,0.018,27.089,3.382,0.272,0.123,45.0,40.0,55.0,55.0,20.000,300.0,3.3,0.0,0.0,0.0,0.0,638,0,0.0,0.0,0.0,0.0,27.3,51.6,0.1,36.5,0.2,0.2,0.2,84.2,47.2,75.0,30.7,0.8,0.6,9.1,47.6,11.9,0.0,0.0,13.4,0.0,18.1,0.0,0.0,0.0,55.3,0.0,27.3,99.6,99.6,1.6,51.4,6.5,68.8,99.0,99.3,11.6,0.5,22.8,1596.1,16.00,22,22,22,52,74,560,1,2,Yes,No,No,No,No,No,No,No,No,No,Yes,No,No,No,No,No,No,No,No,No,No,No,No,No,No,No,No,No,No,No,No,No,No,No,No,No,No,No,47.0,54,54,67,88.0,100.0,No,No,21506,55883,14.4,7.0,21.4,4.876,15.779,2375,863,12.429,41.633,100.0,0.000,22.9,22.4,62.5,8.7,8.5,8.5,8.5,22.4,60.4,8.8,8.6,8.6,8.6,44.69,114.35,16.00,16.00,118.08,118.08,0.86,5.42,44.69,0.00,51.79,0,
1.2.2026,21:37:40.713,6402,1993,76.2,5438,2445,68.9,0.3,0.931,0.810,0.824,0.834,0.829,0.824,0.819,0.819,1.184,1.184,1.184,0.748,0.766,2254.5,2294.4,2693.4,1895.4,997.6,1596.1,1895.4,997.6,3391.7,3391.7,3391.7,99.8,1695.9,692.0,1713.4,8.3,2318.5,2.1,9.5,24.4,1084.6,927.9,1227.8,921.3,46.3,19.5,761.1,24.8,35.0,27.9,54.3,0.0,0.0,0.0,53.8,39.5,53.8,33.6,0.0,0.0,54.3,24.8,100.0,64.3,129.8,0.5,193.1,0.1,0.8,2.4,120.8,90.9,133.7,93.7,4.4,1.8,64.4,22.6,23.0,27.0,19.0,10.0,16.0,19.0,10.0,34.0,34.0,34.0,17.0,54,51,50,55,55,55,55,55,55,55,55,46,49,50,45,45,45,45,45,45,45,45,55,55,No,No,No,No,No,No,No,No,No,No,No,No,No,No,No,No,No,No,No,No,No,No,No,No,No,No,No,No,No,No,No,No,No,No,No,No,58,58,50,54,0.217,0.000,0.000,0.000,0.000,0.000,0.000,0.000,1.200,7.813,12.341,8.118,0.018,20.855,3.499,0.236,0.123,45.0,40.0,55.0,55.0,7.000,300.0,4.6,0.0,0.0,0.0,0.0,638,0,0.0,0.0,0.0,0.0,25.2,41.1,0.3,54.6,0.1,0.3,1.3,54.5,50.4,56.0,41.2,1.8,0.6,20.4,39.1,32.3,0.0,0.0,45.6,15.1,44.0,28.3,0.0,0.0,46.7,0.0,11.3,99.5,98.6,0.0,31.6,0.0,28.5,98.0,99.2,9.5,17.9,1.1,1596.1,16.00,22,22,22,52,74,560,1,2,Yes,No,No,No,No,No,No,No,No,No,Yes,No,No,No,No,No,No,No,No,No,No,No,No,No,No,No,No,No,No,No,No,No,No,No,No,No,No,No,47.0,54,54,65,88.0,100.0,No,No,21506,55883,40.6,39.7,80.2,5.384,3.167,2375,863,12.429,41.633,100.0,0.000,22.9,23.2,62.4,9.0,8.5,8.5,8.5,23.2,60.3,9.1,8.6,8.6,8.6,43.16,110.89,16.04,16.03,118.08,118.08,0.78,4.89,43.16,0.00,48.66,0,
1.2.2026,21:37:40.824,6402,1993,76.2,5438,2446,68.9,0.3,1.128,1.142,1.098,1.163,1.118,1.103,1.151,1.136,1.151,1.106,1.106,1.033,0.763,3072.5,4588.8,4289.5,3192.2,3192.2,3192.2,1695.9,997.6,3192.2,3192.2,3192.2,99.8,3691.0,422.8,1422.7,6.9,957.8,1.4,4.6,4.6,1176.4,706.8,721.5,63.9,3.9,3.5,535.2,28.9,37.1,22.4,32.1,0.0,13.8,13.8,82.9,45.5,62.8,8.7,13.8,13.8,82.9,28.9,100.0,39.7,108.8,0.5,72.1,0.1,0.4,0.4,129.6,77.5,79.0,7.0,0.4,0.3,39.7,30.8,46.0,43.0,32.0,32.0,32.0,17.0,10.0,32.0,32.0,32.0,37.0,56,67,50,60,60,60,60,52,52,52,52,44,33,50,40,40,40,40,48,48,48,48,67,67,No,No,No,No,No,No,No,No,No,No,No,No,No,No,No,No,No,No,No,No,No,No,No,No,No,No,No,No,No,No,No,No,No,No,No,No,62,62,50,54,0.215,0.000,0.000,0.000,0.000,0.000,0.000,0.000,1.200,18.125,19.907,15.949,0.011,28.026,3.213,0.279,0.125,45.0,40.0,55.0,55.0,20.000,300.0,3.3,0.0,0.0,0.0,0.0,638,0,0.0,0.0,0.0,0.0,22.1,36.4,0.2,31.1,0.1,0.2,0.2,83.4,44.4,62.4,6.0,0.2,0.1,10.9,11.0,44.3,0.0,0.0,16.6,0.0,37.6,0.0,0.0,0.0,54.7,0.0,0.0,99.8,99.8,0.0,54.0,0.0,93.9,99.8,99.8,36.9,50.4,23.5,1596.1,16.00,22,22,22,52,74,560,1,2,Yes,No,No,No,No,No,No,No,No,No,Yes,No,No,No,No,No,No,No,No,No,No,No,No,No,No,No,No,No,No,No,No,No,No,No,No,No,No,No,47.0,54,54,67,88.0,100.0,No,No,21506,55883,5.1,17.8,22.9,2.980,2.933,2376,863,12.429,41.633,100.0,0.000,22.9,22.7,62.4,9.0,8.5,8.5,8.5,22.8,60.3,9.1,8.6,8.6,8.6,43.96,110.89,16.04,16.03,118.08,118.08,0.77,5.14,43.96,0.00,50.21,0,
1.2.2026,21:37:40.933,6404,1992,76.2,5437,2446,68.9,0.3,0.820,0.838,0.830,0.819,0.809,0.824,0.824,0.814,0.814,0.814,0.814,0.773,0.763,1725.8,2693.4,2593.7,997.6,997.6,997.6,997.6,1995.1,1995.1,1995.1,1995.1,99.8,2094.9,597.1,1983.7,6.9,1875.9,2.3,11.0,4.6,1325.4,782.2,985.1,60.8,94.4,33.2,749.0,23.3,51.0,0.0,49.1,0.0,0.0,0.0,58.3,31.9,66.9,10.6,12.2,0.0,66.9,23.3,100.0,54.7,150.7,0.4,144.5,0.1,1.2,0.4,145.1,84.5,108.7,6.5,10.3,3.5,54.7,17.3,27.0,26.0,10.0,10.0,10.0,10.0,20.0,20.0,20.0,20.0,21.0,53,49,47,56,56,56,56,52,52,52,52,47,51,53,44,44,44,44,48,48,48,48,55,56,No,No,No,No,No,No,No,No,No,No,No,No,No,No,No,No,No,No,No,No,No,No,No,No,No,No,No,No,No,No,No,No,No,No,No,No,56,56,50,54,0.222,0.000,0.000,0.000,0.000,0.000,0.000,0.000,1.200,1.875,12.479,8.434,0.013,20.795,3.341,0.209,0.124,45.0,40.0,55.0,55.0,2.000,300.0,3.9,0.0,0.0,0.0,0.0,638,0,0.0,0.0,0.0,0.0,20.6,47.5,0.2,44.7,0.2,0.4,0.2,55.6,26.9,64.6,2.3,4.1,1.1,15.0,23.4,24.9,0.0,0.0,44.4,22.4,35.4,0.0,0.0,0.0,55.4,13.7,0.0,99.5,99.8,0.0,49.2,0.0,97.4,95.7,98.8,21.8,14.7,29.0,1596.1,16.00,22,22,22,52,74,560,1,2,Yes,No,No,No,No,No,No,No,No,No,Yes,No,No,No,No,No,No,No,No,No,No,No,No,No,No,No,No,No,No,No,No,No,No,No,No,No,No,No,47.0,54,54,66,88.0,100.0,No,No,21506,55883,17.4,0.0,17.4,3.235,0.000,2376,863,12.429,41.633,100.0,0.000,22.9,22.7,62.4,9.0,8.5,8.5,8.5,22.8,60.4,9.1,8.6,8.6,8.6,43.97,110.98,16.04,16.03,118.08,118.08,0.76,5.40,43.97,0.00,47.16,0,
1.2.2026,21:37:41.046,6404,1992,76.2,5437,2446,68.9,0.3,1.106,1.119,1.095,1.140,1.095,1.095,1.095,1.090,1.100,1.105,1.125,1.081,0.766,3192.2,4289.5,4289.5,3192.2,3192.2,3192.2,3192.2,997.6,3192.2,3192.2,3192.2,99.8,3691.0,393.6,472.1,2.3,1977.5,1.7,3.4,2.9,865.2,272.2,865.6,247.6,9.6,3.5,449.7,20.4,13.6,0.0,50.5,0.0,11.5,11.5,63.4,13.4,61.1,7.7,0.0,11.5,63.4,20.4,100.0,36.3,34.4,0.1,151.5,0.1,0.3,0.3,95.2,29.8,95.1,27.3,0.9,0.4,36.2,32.0,43.0,43.0,32.0,32.0,32.0,32.0,10.0,32.0,32.0,32.0,37.0,55,45,69,55,55,55,55,53,53,53,53,45,55,31,45,45,45,45,47,47,47,47,69,69,No,No,No,No,No,No,No,No,No,No,No,No,No,No,No,No,No,No,No,No,No,No,No,No,No,No,No,No,No,No,No,No,No,No,No,No,66,66,50,54,0.222,0.000,0.000,0.000,0.000,0.000,0.000,0.000,1.200,15.938,17.234,13.260,0.008,25.245,3.272,0.255,0.122,45.0,40.0,55.0,55.0,17.000,300.0,3.1,0.0,0.0,0.0,0.0,638,0,0.0,0.0,0.0,0.0,18.3,16.0,0.1,52.3,0.1,0.1,0.1,64.2,14.5,62.6,9.0,0.4,0.1,9.1,13.6,4.0,0.0,0.0,35.8,0.0,37.4,0.0,0.0,0.0,57.5,0.0,0.5,99.8,99.8,0.0,84.9,0.0,90.8,99.5,99.8,54.3,67.4,41.2,1596.1,16.00,22,22,22,52,74,560,1,2,Yes,No,No,No,No,No,No,No,No,No,Yes,No,No,No,No,No,No,No,No,No,No,No,No,No,No,No,No,No,No,No,No,No,No,No,No,No,No,No,48.0,54,54,65,88.0,100.0,No,No,21506,55883,16.1,0.8,17.0,1.849,0.038,2376,863,12.429,41.633,100.0,0.000,22.9,23.2,62.3,9.0,8.5,8.5,8.5,23.2,60.4,9.1,8.6,8.6,8.6,43.18,110.98,16.05,16.04,118.08,118.08,0.77,5.10,43.18,0.00,46.50,0,
1.2.2026,21:37:41.160,6404,1992,76.2,5437,2447,68.9,0.3,1.096,0.800,1.085,1.130,1.135,1.145,1.133,1.143,1.143,1.143,1.098,0.751,0.766,2773.2,2294.4,4289.5,997.6,3192.2,3192.2,997.6,3192.2,3192.2,3192.2,3192.2,99.8,1695.9,560.2,2299.9,42.3,1533.5,2.1,7.2,8.2,840.7,568.3,665.8,700.6,38.2,15.5,662.8,26.3,57.4,36.5,35.3,35.4,0.0,0.0,40.5,26.5,39.6,44.7,0.0,0.0,57.4,26.3,100.0,50.5,174.7,3.2,99.6,0.1,0.7,0.9,101.1,61.8,78.2,80.0,4.5,1.7,49.8,27.8,23.0,43.0,10.0,32.0,32.0,10.0,32.0,32.0,32.0,32.0,17.0,52,47,53,55,55,55,55,51,51,51,51,48,53,47,45,45,45,45,49,49,49,49,55,55,No,No,No,No,No,No,No,No,No,No,No,No,No,No,No,No,No,No,No,No,No,No,No,No,No,No,No,No,No,No,No,No,No,No,No,No,56,56,49,54,0.222,0.000,0.000,0.000,0.000,0.000,0.000,0.000,1.200,5.000,11.318,7.645,0.012,19.599,2.991,0.204,0.123,45.0,40.0,55.0,55.0,4.000,300.0,4.0,0.0,0.0,0.0,0.0,638,0,0.0,0.0,0.0,0.0,21.7,59.3,1.2,44.0,0.1,0.3,0.3,39.6,31.3,37.6,45.3,1.2,0.5,14.7,9.5,29.1,0.0,0.0,47.3,0.0,60.9,0.3,0.0,0.0,58.1,23.3,26.8,99.7,99.6,12.7,66.8,1.4,53.2,98.6,99.4,3.2,6.4,0.0,1596.1,16.00,22,22,22,52,74,560,1,2,Yes,No,No,No,No,No,No,No,No,No,Yes,No,No,No,No,No,No,No,No,No,No,No,No,No,No,No,No,No,No,No,No,No,No,No,No,No,No,No,46.0,54,54,65,88.0,100.0,No,No,21506,55883,13.0,0.0,13.0,1.744,0.000,2376,863,12.429,41.633,100.0,0.000,22.9,22.8,62.3,8.8,8.5,8.5,8.5,22.8,60.4,8.8,8.6,8.6,8.6,43.94,114.09,16.05,16.04,118.08,118.08,0.82,5.24,43.94,0.00,50.14,0,
1.2.2026,21:37:41.266,6401,1995,76.2,5419,2465,68.7,0.3,1.111,1.084,1.090,1.109,1.109,1.109,1.109,1.109,1.125,1.135,1.125,1.031,0.766,3411.7,4289.5,4289.5,3192.2,3192.2,3192.2,3192.2,3192.2,3192.2,3192.2,3192.2,99.8,3691.0,541.4,2024.9,6.9,1990.6,30.0,8.4,6.6,1019.5,252.2,841.9,158.2,13.8,144.1,667.4,33.2,56.8,29.6,56.7,30.2,22.3,22.3,56.0,19.2,47.4,9.3,22.4,26.6,56.8,33.2,100.0,47.3,155.8,0.4,152.4,1.6,0.8,0.6,103.1,30.6,85.3,20.7,1.4,15.4,48.2,34.2,43.0,43.0,32.0,32.0,32.0,32.0,32.0,32.0,32.0,32.0,37.0,57,62,62,58,58,58,58,53,53,53,53,43,38,38,42,42,42,42,47,47,47,47,62,62,No,No,No,No,No,No,No,No,No,No,No,No,No,No,No,No,No,No,No,No,No,No,No,No,No,No,No,No,No,No,No,No,No,No,No,No,61,61,49,54,0.222,0.000,0.000,0.000,0.000,0.000,0.000,0.000,1.200,18.125,15.537,11.752,0.021,23.744,3.027,0.245,0.121,45.0,40.0,55.0,55.0,19.000,300.0,3.4,0.0,0.0,0.0,0.0,638,0,0.0,0.0,0.0,0.0,21.4,57.6,0.2,55.8,0.7,0.3,0.2,61.5,14.7,53.7,5.9,0.4,6.1,2.6,16.4,0.6,0.0,0.0,6.8,0.0,2.5,0.0,0.0,0.0,67.3,0.7,30.7,99.6,99.7,29.9,84.7,41.1,93.4,99.4,93.8,17.9,23.7,12.1,1596.1,16.00,22,22,22,52,74,560,1,2,Yes,No,No,No,No,No,No,No,No,No,Yes,No,No,No,No,No,No,No,No,No,No,No,No,No,No,No,No,No,No,No,No,No,No,No,No,No,No,No,47.0,54,54,65,88.0,100.0,No,No,21506,55883,15.6,88.2,100.0,1.243,22.209,2376,866,12.429,41.633,100.0,0.000,22.9,23.4,62.0,8.8,8.5,8.5,8.5,23.4,60.4,8.9,8.6,8.6,8.6,42.76,113.90,16.13,16.13,118.08,118.08,0.81,4.92,42.76,0.00,47.93,0,
1.2.2026,21:37:41.375,6400,1996,76.2,5424,2460,68.7,0.3,0.767,0.752,0.756,0.806,0.680,0.683,0.788,0.788,0.788,0.813,0.813,0.718,0.766,1685.9,1895.4,1895.4,1895.4,997.6,997.6,1795.6,1795.6,1795.6,1895.4,1895.4,99.8,1296.8,485.1,1283.6,9.9,1915.7,96.0,7.8,7.4,929.3,674.9,813.4,38.1,23.0,21.9,615.6,15.3,34.2,0.0,52.0,0.0,0.0,0.0,47.7,23.4,26.3,0.0,0.0,0.0,52.0,15.3,100.0,44.3,96.9,0.7,161.7,6.9,0.7,0.7,98.1,70.9,87.1,3.8,2.2,2.2,44.4,16.9,19.0,19.0,19.0,10.0,10.0,18.0,18.0,18.0,19.0,19.0,13.0,52,49,48,55,55,55,55,52,52,52,51,48,51,52,45,45,45,45,48,48,48,49,55,55,No,No,No,No,No,No,No,No,No,No,No,No,No,No,No,No,No,No,No,No,No,No,No,No,No,No,No,No,No,No,No,No,No,No,No,No,55,55,49,54,0.222,0.000,0.000,0.000,0.000,0.000,0.000,0.000,1.200,3.750,13.176,9.355,0.008,21.438,3.130,0.220,0.122,45.0,40.0,55.0,55.0,2.000,300.0,3.8,0.0,0.0,0.0,0.0,638,0,0.0,0.0,0.0,0.0,18.4,36.9,0.3,50.4,2.3,0.3,0.3,51.2,37.9,38.7,1.5,0.8,0.7,7.9,24.9,41.0,0.0,0.0,2.2,5.3,5.8,0.0,0.0,0.0,66.7,10.1,8.4,99.6,99.6,44.7,54.9,53.3,98.3,99.1,99.2,13.3,26.5,0.0,1596.1,16.00,22,22,22,52,74,560,1,2,Yes,No,No,No,No,No,No,No,No,No,Yes,No,No,No,No,No,No,No,No,No,No,No,No,No,No,No,No,No,No,No,No,No,No,No,No,No,No,No,48.0,54,54,65,88.0,100.0,No,No,21506,55883,15.7,0.0,15.7,1.998,0.000,2377,866,12.429,41.633,100.0,0.000,22.9,25.9,62.0,10.5,10.1,10.1,10.1,25.9,60.4,10.4,10.0,10.0,10.0,38.63,95.55,16.13,16.13,99.12,99.12,0.77,3.61,38.63,0.00,44.12,0,
1.2.2026,21:37:41.488,6402,1993,76.2,5438,2446,68.9,0.3,1.102,1.094,1.126,1.091,1.091,1.105,1.095,1.105,1.105,1.105,1.105,1.033,0.766,3441.6,4289.5,4588.8,3192.2,3192.2,3192.2,3192.2,3192.2,3192.2,3192.2,3192.2,99.8,3691.0,478.8,2306.3,4.4,2240.9,4.4,6.4,7.7,841.9,29.9,189.8,10.2,96.7,7.7,680.2,18.2,61.1,0.0,61.2,19.7,0.0,0.0,57.0,0.4,18.7,0.0,0.0,0.0,61.2,18.2,100.0,38.6,176.8,0.2,159.1,0.3,0.7,0.8,96.4,3.0,14.2,0.9,10.1,0.5,38.6,34.5,43.0,46.0,32.0,32.0,32.0,32.0,32.0,32.0,32.0,32.0,37.0,58,67,64,59,59,59,59,53,53,53,53,42,33,36,41,41,41,41,47,47,47,47,67,67,No,No,No,No,No,No,No,No,No,No,No,No,No,No,No,No,No,No,No,No,No,No,No,No,No,No,No,No,No,No,No,No,No,No,No,No,66,66,50,54,0.222,0.000,0.000,0.000,0.000,0.000,0.000,0.000,1.200,15.938,14.708,10.986,0.014,22.980,3.009,0.234,0.123,45.0,40.0,55.0,55.0,18.000,300.0,4.4,0.0,0.0,0.0,0.0,638,0,1.3,0.0,0.0,0.0,17.1,62.5,0.1,65.0,0.1,0.2,0.2,54.4,1.0,14.9,0.4,6.3,0.3,7.9,1.4,26.2,0.0,0.0,4.9,0.0,0.0,0.0,0.0,0.0,66.7,0.0,8.8,99.7,99.7,39.8,98.9,83.8,99.5,93.6,99.7,13.3,33.5,0.0,1596.1,16.00,22,22,22,52,74,560,1,2,Yes,No,No,No,No,No,No,No,No,No,Yes,No,No,No,No,No,No,No,No,No,No,No,No,No,No,No,No,No,No,No,No,No,No,No,No,No,No,No,48.0,54,54,66,88.0,100.0,No,No,21506,55883,15.7,0.0,15.7,1.998,0.000,2377,866,12.429,41.633,100.0,0.000,22.9,25.9,62.0,10.5,10.1,10.1,10.1,25.9,60.4,10.4,10.0,10.0,10.0,38.63,95.55,16.13,16.13,99.12,99.12,0.77,3.61,38.63,0.00,44.12,0,
1.2.2026,21:37:41.601,6402,1993,76.2,5437,2446,68.9,0.3,0.794,0.778,0.797,0.792,0.792,0.797,0.796,0.801,0.796,0.796,0.796,0.726,0.766,1606.1,1596.1,2294.4,1596.1,997.6,1596.1,1596.1,1596.1,1596.1,1596.1,1596.1,99.8,997.6,355.6,991.7,1.8,943.0,2.0,1.5,1.5,982.6,374.0,877.3,86.4,3.7,1.4,412.3,21.2,23.2,0.0,29.8,0.0,12.4,12.4,46.5,29.5,61.1,14.5,13.1,12.5,61.1,21.2,100.0,35.0,73.9,0.1,100.1,0.2,0.1,0.1,101.9,36.6,95.5,8.9,1.8,0.5,35.0,16.1,16.0,23.0,16.0,10.0,16.0,16.0,16.0,16.0,16.0,16.0,10.0,52,49,47,54,54,54,54,51,51,52,52,48,51,53,46,46,46,46,49,49,48,48,55,54,No,No,No,No,No,No,No,No,No,No,No,No,No,No,No,No,No,No,No,No,No,No,No,No,No,No,No,No,No,No,No,No,No,No,No,No,55,55,50,54,0.222,0.000,0.000,0.000,0.000,0.000,0.000,0.000,1.200,2.188,15.606,11.813,0.029,23.719,3.069,0.225,0.123,45.0,40.0,55.0,55.0,2.000,300.0,3.7,0.0,0.0,0.0,0.0,638,0,0.9,0.5,0.0,0.0,15.8,26.5,0.1,24.2,0.1,0.1,0.1,51.5,22.8,61.0,2.7,0.2,0.1,11.5,13.7,58.7,0.0,0.0,42.2,0.0,0.0,0.0,0.0,0.0,67.1,39.0,17.1,99.9,99.9,5.6,76.3,36.6,97.2,99.8,99.9,9.8,19.5,0.0,1596.1,16.00,22,22,22,52,74,560,1,2,Yes,No,No,No,No,No,No,No,No,No,Yes,No,No,No,No,No,No,No,No,No,No,No,No,No,No,No,No,No,No,No,No,No,No,No,No,No,No,No,46.0,54,54,65,88.0,100.0,No,No,21506,55883,9.5,0.1,9.6,1.000,0.744,2377,866,12.429,41.633,100.0,0.000,22.9,24.8,61.9,10.4,10.1,10.1,10.1,24.8,60.3,10.4,10.0,10.0,10.0,40.28,95.70,16.15,16.13,99.12,99.12,0.80,3.53,40.28,0.00,47.25,0,
1.2.2026,21:37:41.708,6404,1992,76.2,5437,2446,68.9,0.3,0.814,0.822,0.819,0.814,0.814,0.809,0.809,0.819,0.809,0.809,0.809,0.763,0.763,1675.9,2194.6,2094.9,1895.4,1895.4,997.6,1895.4,997.6,997.6,1895.4,1895.4,99.8,1596.1,501.5,1767.0,5.9,1426.5,1.7,7.0,5.9,1104.9,810.8,621.4,253.0,7.5,6.0,641.2,21.0,42.9,11.5,35.3,0.0,0.0,0.0,59.1,47.7,36.9,18.5,0.0,0.0,59.1,21.0,100.0,45.6,135.7,0.4,107.7,0.1,0.7,0.6,120.5,86.7,65.4,27.7,0.7,0.6,45.6,16.8,22.0,21.0,19.0,19.0,10.0,19.0,10.0,10.0,19.0,19.0,16.0,53,51,51,55,55,55,55,52,52,52,52,47,49,49,45,45,45,45,48,48,48,48,56,55,No,No,No,No,No,No,No,No,No,No,No,No,No,No,No,No,No,No,No,No,No,No,No,No,No,No,No,No,No,No,No,No,No,No,No,No,59,59,49,54,0.222,0.000,0.000,0.000,0.000,0.000,0.000,0.000,1.200,8.750,11.129,7.697,0.008,19.330,2.789,0.203,0.121,45.0,40.0,55.0,55.0,10.000,300.0,3.9,0.0,0.0,0.0,0.0,638,0,0.0,0.0,0.0,0.0,20.2,44.5,0.2,37.4,0.2,0.3,0.2,60.9,50.1,39.7,8.2,0.3,0.2,10.7,22.1,23.0,0.0,0.0,29.7,11.6,20.6,0.0,0.0,0.0,60.8,8.5,26.8,99.6,99.7,8.9,36.3,37.0,91.5,99.5,99.7,17.0,23.8,10.3,1596.1,16.00,22,22,22,52,74,560,1,2,Yes,No,No,No,No,No,No,No,No,No,Yes,No,No,No,No,No,No,No,No,No,No,No,No,No,No,No,No,No,No,No,No,No,No,No,No,No,No,No,48.0,54,54,66,88.0,100.0,No,No,21506,55883,7.0,0.0,7.0,1.221,0.000,2377,866,12.429,41.633,100.0,0.000,22.9,24.4,61.9,10.4,10.1,10.1,10.1,24.4,60.3,10.4,10.0,10.0,10.0,40.98,95.70,16.15,16.13,99.12,99.12,0.81,3.59,40.98,0.00,48.65,0,
1.2.2026,21:37:41.806,6404,1992,76.2,5437,2446,68.9,0.3,0.814,0.822,0.819,0.814,0.814,0.809,0.809,0.819,0.809,0.809,0.809,0.763,0.763,1675.9,2194.6,2094.9,1895.4,1895.4,997.6,1895.4,997.6,997.6,1895.4,1895.4,99.8,1596.1,501.5,1767.0,5.9,1426.5,1.7,7.0,5.9,1104.9,810.8,621.4,253.0,7.5,6.0,641.2,21.0,42.9,11.5,35.3,0.0,0.0,0.0,59.1,47.7,36.9,18.5,0.0,0.0,59.1,21.0,100.0,45.6,135.7,0.4,107.7,0.1,0.7,0.6,120.5,86.7,65.4,27.7,0.7,0.6,45.6,16.8,22.0,21.0,19.0,19.0,10.0,19.0,10.0,10.0,19.0,19.0,16.0,53,51,51,55,55,55,55,52,52,52,52,47,49,49,45,45,45,45,48,48,48,48,56,55,No,No,No,No,No,No,No,No,No,No,No,No,No,No,No,No,No,No,No,No,No,No,No,No,No,No,No,No,No,No,No,No,No,No,No,No,54,54,50,53,0.222,0.000,0.000,0.000,0.000,0.000,0.000,0.000,1.200,5.000,14.534,10.669,0.022,22.569,3.113,0.233,0.125,45.0,40.0,55.0,55.0,2.000,300.0,4.3,0.0,0.0,0.0,0.0,638,0,0.0,0.0,0.0,0.0,20.2,44.5,0.2,37.4,0.2,0.3,0.2,60.9,50.1,39.7,8.2,0.3,0.2,10.7,22.1,23.0,0.0,0.0,29.7,11.6,20.6,0.0,0.0,0.0,60.8,8.5,26.8,99.6,99.7,8.9,36.3,37.0,91.5,99.5,99.7,17.0,23.8,10.3,1596.1,16.00,22,22,22,52,74,560,1,2,Yes,No,No,No,No,No,No,No,No,No,Yes,No,No,No,No,No,No,No,No,No,No,No,No,No,No,No,No,No,No,No,No,No,No,No,No,No,No,No,48.0,54,54,64,88.0,100.0,No,No,21506,55883,7.0,0.0,7.0,1.221,0.000,2377,866,12.429,41.633,100.0,0.000,22.9,24.4,61.9,10.4,10.1,10.1,10.1,24.4,60.3,10.4,10.0,10.0,10.0,40.98,95.70,16.15,16.13,99.12,99.12,0.81,3.59,40.98,0.00,48.65,0,
1.2.2026,21:37:41.916,6406,1990,76.2,5438,2446,68.9,0.3,0.765,0.793,0.777,0.777,0.672,0.777,0.772,0.767,0.767,0.767,0.775,0.738,0.766,1556.2,1695.9,1695.9,1695.9,997.6,997.6,1695.9,1695.9,1695.9,1695.9,1695.9,99.8,1097.3,319.0,1199.2,7.4,594.8,1.8,1.7,1.5,832.9,490.3,452.8,232.1,7.5,5.4,391.2,15.9,27.7,0.0,33.8,0.0,0.0,0.0,63.1,26.9,21.0,17.8,0.0,0.0,63.1,15.9,100.0,34.7,90.9,0.5,113.5,0.1,0.4,0.4,108.8,40.8,39.1,20.1,0.8,0.6,34.7,15.6,17.0,17.0,17.0,10.0,10.0,17.0,17.0,17.0,17.0,17.0,11.0,52,48,47,54,54,54,54,51,51,51,51,48,52,53,46,46,46,46,49,49,49,49,54,54,No,No,No,No,No,No,No,No,No,No,No,No,No,No,No,No,No,No,No,No,No,No,No,No,No,No,No,No,No,No,No,No,No,No,No,No,53,53,49,54,0.222,0.000,0.000,0.000,0.000,0.000,0.000,0.000,1.200,2.500,7.464,4.123,0.013,15.497,2.680,0.178,0.124,45.0,40.0,55.0,55.0,1.000,300.0,4.0,0.0,0.0,0.0,0.0,638,0,0.0,0.0,0.0,0.0,14.7,29.6,0.3,16.3,0.1,0.1,0.1,53.6,37.5,28.9,9.2,0.3,0.2,8.1,12.0,22.8,0.0,0.0,46.4,0.1,0.0,0.0,0.0,0.0,65.0,0.0,29.8,99.9,99.9,0.0,61.4,69.2,90.6,99.5,99.7,43.2,56.2,30.1,1596.1,16.00,22,22,22,52,74,560,1,2,Yes,No,No,No,No,No,No,No,No,No,Yes,No,No,No,No,No,No,No,No,No,No,No,No,No,No,No,No,No,No,No,No,No,No,No,No,No,No,No,47.0,54,54,65,88.0,100.0,No,No,21506,55883,7.4,0.0,7.4,1.865,0.000,2377,866,12.429,41.633,100.0,0.000,22.9,24.2,61.6,10.4,10.1,10.1,10.1,24.2,60.2,10.4,10.0,10.0,10.0,41.30,95.70,16.23,16.23,99.12,99.12,0.86,3.53,41.30,0.00,49.24,0,
1.2.2026,21:37:42.028,6405,1990,76.2,5437,2446,68.9,0.3,0.765,1.097,1.090,1.151,1.090,1.119,1.144,1.104,1.104,1.104,1.149,1.033,0.766,1556.2,4289.5,4289.5,997.6,3192.2,3192.2,3192.2,3192.2,3192.2,3192.2,3192.2,99.8,3691.0,319.0,1020.3,2.2,3151.2,2.0,5.7,4.7,994.3,1255.5,665.1,33.8,75.6,36.9,804.5,15.9,23.3,0.0,66.9,0.0,0.0,0.0,36.6,62.1,50.0,0.0,4.6,1.6,66.9,20.4,100.0,34.7,75.5,0.1,229.9,0.1,0.6,0.5,108.3,143.7,75.0,3.6,8.9,4.2,54.2,15.6,17.0,17.0,17.0,10.0,10.0,17.0,17.0,17.0,17.0,17.0,11.0,52,48,47,54,54,54,54,51,51,51,51,48,52,53,46,46,46,46,49,49,49,49,54,54,No,No,No,No,No,No,No,No,No,No,No,No,No,No,No,No,No,No,No,No,No,No,No,No,No,No,No,No,No,No,No,No,No,No,No,No,64,64,50,54,0.222,0.000,0.000,0.000,0.000,0.000,0.000,0.000,1.200,17.188,12.054,8.456,0.010,19.860,2.923,0.201,0.123,45.0,40.0,55.0,55.0,19.000,300.0,5.2,0.0,0.0,0.0,0.0,638,0,0.0,0.0,0.0,0.0,14.7,29.6,0.3,16.3,0.1,0.1,0.1,53.6,37.5,28.9,9.2,0.3,0.2,8.1,12.0,22.8,0.0,0.0,46.4,0.1,0.0,0.0,0.0,0.0,65.0,0.0,29.8,99.9,99.9,0.0,61.4,69.2,90.6,99.5,99.7,43.2,56.2,30.1,1596.1,16.00,22,22,22,52,74,560,1,2,Yes,No,No,No,No,No,No,No,No,No,Yes,No,No,No,No,No,No,No,No,No,No,No,No,No,No,No,No,No,No,No,No,No,No,No,No,No,No,No,47.0,54,54,65,88.0,100.0,No,No,21506,55883,7.4,0.0,7.4,1.865,0.000,2377,866,12.429,41.633,100.0,0.000,22.9,24.2,61.6,10.4,10.1,10.1,10.1,24.2,60.2,10.4,10.0,10.0,10.0,41.30,95.70,16.23,16.23,99.12,99.12,0.86,3.53,41.30,0.00,49.24,0,
1.2.2026,21:37:42.146,6406,1990,76.2,5437,2446,68.9,0.3,0.789,0.803,0.794,0.784,0.784,0.784,0.785,0.790,0.790,0.790,0.790,0.748,0.766,1795.6,1795.6,1795.6,1795.6,1795.6,1795.6,1795.6,1795.6,1795.6,1795.6,1795.6,99.8,1197.1,367.9,908.5,2.0,853.4,1.5,38.2,4.3,807.6,343.7,810.5,619.6,15.3,10.1,369.9,29.4,31.2,35.1,37.6,35.1,0.0,10.8,49.8,29.5,51.5,50.4,11.2,11.0,51.5,29.4,100.0,37.3,68.8,0.1,97.7,0.1,3.7,0.4,89.2,41.8,82.1,61.0,1.7,1.1,37.4,18.0,18.0,18.0,18.0,18.0,18.0,18.0,18.0,18.0,18.0,18.0,12.0,51,48,47,53,53,53,53,51,51,51,51,49,52,53,47,47,47,47,49,49,49,49,55,53,No,No,No,No,No,No,No,No,No,No,No,No,No,No,No,No,No,No,No,No,No,No,No,No,No,No,No,No,No,No,No,No,No,No,No,No,54,54,49,54,0.222,0.000,0.000,0.000,0.000,0.000,0.000,0.000,1.200,3.125,17.948,14.083,0.015,25.869,3.132,0.255,0.126,45.0,40.0,55.0,55.0,2.000,300.0,3.3,0.0,0.0,0.0,0.0,638,0,0.0,0.0,0.0,0.0,16.5,23.8,0.1,21.6,0.1,1.2,0.2,40.7,17.0,49.9,42.7,0.5,0.3,6.0,18.1,36.5,0.0,0.0,5.4,0.4,0.0,0.0,0.0,0.0,67.7,0.0,41.9,98.7,99.8,51.4,81.4,48.4,56.4,99.4,99.6,28.3,56.6,0.0,1596.1,16.00,22,22,22,52,74,560,1,2,Yes,No,No,No,No,No,No,No,No,No,Yes,No,No,No,No,No,No,No,No,No,No,No,No,No,No,No,No,No,No,No,No,No,No,No,No,No,No,No,47.0,54,54,63,88.0,100.0,No,No,21506,55883,11.7,0.0,11.7,2.290,0.000,2378,866,12.429,41.633,100.0,0.000,22.9,24.8,61.6,12.0,12.0,12.0,12.0,24.8,60.5,12.0,12.0,12.0,12.0,40.26,83.56,16.23,16.23,83.61,83.61,0.87,3.82,40.26,0.00,47.22,0,
1.2.2026,21:37:42.253,6382,2013,76.0,5422,2462,68.7,0.3,1.110,1.162,1.094,1.014,1.014,1.104,1.159,1.169,1.169,1.179,1.039,1.086,0.766,2563.7,4588.8,4289.5,997.6,997.6,997.6,3192.2,997.6,3192.2,3192.2,3192.2,99.8,3990.2,597.8,2419.6,8.2,1918.8,2.5,7.5,4.9,1176.6,692.8,795.6,122.7,19.4,5.6,778.9,24.9,59.3,28.9,48.7,0.0,11.2,0.0,71.9,28.4,45.0,5.0,0.0,0.0,71.9,24.9,100.0,53.2,185.5,0.6,146.6,0.1,0.7,0.4,127.5,75.5,86.5,13.0,1.9,0.6,53.2,25.7,46.0,43.0,10.0,10.0,10.0,32.0,10.0,32.0,32.0,32.0,40.0,55,54,55,58,58,58,58,53,53,53,53,45,46,45,42,42,42,42,47,47,47,47,58,58,No,No,No,No,No,No,No,No,No,No,No,No,No,No,No,No,No,No,No,No,No,No,No,No,No,No,No,No,No,No,No,No,No,No,No,No,58,58,49,54,0.222,0.000,0.000,0.000,0.000,0.000,0.000,0.000,1.200,11.563,10.708,7.202,0.013,18.781,2.830,0.214,0.122,45.0,40.0,55.0,55.0,15.000,300.0,4.4,0.0,0.0,0.0,0.0,638,0,0.0,0.0,0.0,0.0,22.6,60.9,0.2,50.5,0.1,0.3,0.2,74.5,30.5,46.4,6.9,0.7,0.2,2.7,11.7,11.0,0.0,0.0,0.1,0.0,4.6,0.0,0.0,0.0,63.7,0.0,9.8,99.7,99.8,23.5,66.9,46.3,92.4,99.2,99.7,25.4,24.4,26.3,1596.1,16.00,22,22,22,52,74,560,1,2,Yes,No,No,No,No,No,No,No,No,No,Yes,No,No,No,No,No,No,No,No,No,No,No,No,No,No,No,No,No,No,No,No,No,No,No,No,No,No,No,47.0,54,54,65,88.0,100.0,No,No,21506,55883,8.0,0.9,8.8,2.099,0.639,2378,866,12.430,41.633,100.0,0.000,22.9,24.8,61.4,12.0,12.0,12.0,12.0,24.8,60.5,12.0,12.0,12.0,12.0,40.32,83.61,16.28,16.23,83.61,83.61,0.87,3.84,40.32,0.00,47.23,0,
1.2.2026,21:37:42.360,6382,2013,76.0,5422,2462,68.7,0.3,1.110,1.162,1.094,1.014,1.014,1.104,1.159,1.169,1.169,1.179,1.039,1.086,0.766,2563.7,4588.8,4289.5,997.6,997.6,997.6,3192.2,997.6,3192.2,3192.2,3192.2,99.8,3990.2,597.8,2419.6,8.2,1918.8,2.5,7.5,4.9,1176.6,692.8,795.6,122.7,19.4,5.6,778.9,24.9,59.3,28.9,48.7,0.0,11.2,0.0,71.9,28.4,45.0,5.0,0.0,0.0,71.9,24.9,100.0,53.2,185.5,0.6,146.6,0.1,0.7,0.4,127.5,75.5,86.5,13.0,1.9,0.6,53.2,25.7,46.0,43.0,10.0,10.0,10.0,32.0,10.0,32.0,32.0,32.0,40.0,55,54,55,58,58,58,58,53,53,53,53,45,46,45,42,42,42,42,47,47,47,47,58,58,No,No,No,No,No,No,No,No,No,No,No,No,No,No,No,No,No,No,No,No,No,No,No,No,No,No,No,No,No,No,No,No,No,No,No,No,60,60,50,53,0.222,0.000,0.000,0.000,0.000,0.000,0.000,0.000,1.200,9.375,15.729,11.942,0.014,23.875,3.045,0.248,0.126,45.0,40.0,55.0,55.0,9.000,300.0,4.1,0.0,0.0,0.0,0.0,638,0,0.0,0.0,0.0,0.0,22.6,60.9,0.2,50.5,0.1,0.3,0.2,74.5,30.5,46.4,6.9,0.7,0.2,2.7,11.7,11.0,0.0,0.0,0.1,0.0,4.6,0.0,0.0,0.0,63.7,0.0,9.8,99.7,99.8,23.5,66.9,46.3,92.4,99.2,99.7,25.4,24.4,26.3,1596.1,16.00,22,22,22,52,74,560,1,2,Yes,No,No,No,No,No,No,No,No,No,Yes,No,No,No,No,No,No,No,No,No,No,No,No,No,No,No,No,No,No,No,No,No,No,No,No,No,No,No,47.0,54,54,65,88.0,100.0,No,No,21506,55883,8.0,0.9,8.8,2.099,0.639,2378,866,12.430,41.633,100.0,0.000,22.9,24.8,61.4,12.0,12.0,12.0,12.0,24.8,60.5,12.0,12.0,12.0,12.0,40.32,83.61,16.28,16.23,83.61,83.61,0.87,3.84,40.32,0.00,47.23,0,
1.2.2026,21:37:42.475,6400,1995,76.2,5423,2461,68.7,0.3,0.734,0.717,0.736,0.736,0.736,0.736,0.736,0.681,0.751,0.759,0.754,0.698,0.766,1406.6,1596.1,1396.6,1396.6,1396.6,1396.6,1396.6,997.6,1496.3,1496.3,1496.3,99.8,997.6,313.3,1140.6,1.4,686.2,1.9,1.5,1.3,796.0,334.0,633.3,154.1,5.6,4.2,370.3,16.1,30.8,0.0,32.3,0.0,0.0,0.0,51.3,20.5,39.5,15.2,2.9,0.0,51.3,16.1,100.0,32.9,86.6,0.1,104.5,0.1,0.1,0.1,94.3,30.4,58.4,14.4,4.7,0.6,32.9,14.1,16.0,14.0,14.0,14.0,14.0,14.0,10.0,15.0,15.0,15.0,10.0,51,48,44,54,54,54,54,50,50,50,50,49,52,56,46,46,46,46,50,50,50,50,55,54,No,No,No,No,No,No,No,No,No,No,No,No,No,No,No,No,No,No,No,No,No,No,No,No,No,No,No,No,No,No,No,No,No,No,No,No,55,55,50,53,0.222,0.000,0.000,0.000,0.000,0.000,0.000,0.000,1.200,2.188,9.804,6.249,0.003,17.900,2.880,0.193,0.131,45.0,40.0,55.0,55.0,1.000,300.0,3.1,0.0,0.0,0.0,0.0,638,0,0.0,0.0,0.0,0.0,15.0,32.3,0.1,19.3,0.2,0.1,0.1,46.4,26.2,49.8,4.6,0.2,0.2,9.5,17.5,23.9,0.0,0.0,53.6,0.1,0.0,0.0,0.0,0.0,65.6,0.0,39.7,99.9,99.9,0.0,72.5,48.7,95.3,99.7,99.8,31.8,48.4,15.3,1596.1,16.00,22,22,22,52,74,560,1,2,Yes,No,No,No,No,No,No,No,No,No,Yes,No,No,No,No,No,No,No,No,No,No,No,No,No,No,No,No,No,No,No,No,No,No,No,No,No,No,No,47.0,54,54,65,88.0,100.0,No,No,21506,55883,8.0,0.0,8.0,1.764,0.000,2379,866,12.430,41.633,100.0,0.000,22.9,24.8,63.2,11.9,11.9,11.9,11.9,24.8,60.6,12.0,12.0,12.0,12.0,40.30,84.08,15.82,15.73,84.22,84.22,0.83,3.31,40.30,0.00,44.56,0,
1.2.2026,21:37:42.583,6402,1993,76.2,5429,2455,68.8,0.3,0.734,1.112,1.117,1.127,1.177,1.112,1.127,1.123,1.118,1.118,1.133,1.033,0.766,1406.6,4289.5,4289.5,3192.2,3192.2,997.6,3192.2,3192.2,3192.2,3192.2,3192.2,99.8,3691.0,313.3,2337.3,6.9,2108.2,5.7,18.2,21.0,951.9,268.4,740.1,62.8,12.6,10.3,714.7,16.1,59.6,13.1,55.0,21.8,13.7,13.5,60.7,4.0,54.2,4.9,13.3,13.2,60.7,27.3,100.0,32.9,179.5,0.4,160.6,0.3,1.9,2.2,103.3,29.0,79.7,6.8,1.3,1.0,47.2,14.1,43.0,43.0,32.0,32.0,10.0,32.0,32.0,32.0,32.0,32.0,37.0,51,48,44,54,54,54,54,50,50,50,50,49,52,56,46,46,46,46,50,50,50,50,55,54,No,No,No,No,No,No,No,No,No,No,No,No,No,No,No,No,No,No,No,No,No,No,No,No,No,No,No,No,No,No,No,No,No,No,No,No,61,61,50,53,0.222,0.000,0.000,0.000,0.000,0.000,0.000,0.000,1.200,17.500,11.194,7.766,0.017,19.214,2.737,0.199,0.123,45.0,40.0,55.0,55.0,19.000,300.0,4.7,0.0,0.0,0.0,0.0,638,0,0.0,0.0,0.0,0.0,15.0,32.3,0.1,19.3,0.2,0.1,0.1,46.4,26.2,49.8,4.6,0.2,0.2,9.5,17.5,23.9,0.0,0.0,53.6,0.1,0.0,0.0,0.0,0.0,65.6,0.0,39.7,99.9,99.9,0.0,72.5,48.7,95.3,99.7,99.8,31.8,48.4,15.3,1596.1,16.00,22,22,22,52,74,560,1,2,Yes,No,No,No,No,No,No,No,No,No,Yes,No,No,No,No,No,No,No,No,No,No,No,No,No,No,No,No,No,No,No,No,No,No,No,No,No,No,No,47.0,54,54,64,88.0,100.0,No,No,21506,55883,8.0,0.0,8.0,1.764,0.000,2379,866,12.430,41.633,100.0,0.000,22.9,24.8,63.2,11.9,11.9,11.9,11.9,24.8,60.6,12.0,12.0,12.0,12.0,40.30,84.08,15.82,15.73,84.22,84.22,0.83,3.31,40.30,0.00,44.56,0,
1.2.2026,21:37:42.692,6402,1993,76.2,5430,2454,68.8,0.3,0.865,0.773,0.775,0.905,0.905,0.895,0.897,0.897,0.867,0.867,0.867,0.726,0.766,2114.8,1995.1,1995.1,997.6,2593.7,2593.7,997.6,2593.7,2593.7,2394.1,2394.1,99.8,1396.6,327.6,747.6,1.7,817.0,1.8,2.7,3.9,1093.1,612.8,607.4,36.5,2.8,4.1,410.1,13.5,14.4,0.0,15.1,0.0,0.0,0.0,55.8,48.2,28.2,0.0,0.0,0.0,55.8,13.5,100.0,31.5,56.0,0.1,62.4,0.1,0.2,0.4,121.3,65.3,67.0,3.9,0.2,0.4,31.5,21.2,20.0,20.0,10.0,26.0,26.0,10.0,26.0,26.0,24.0,24.0,14.0,52,48,46,55,55,55,55,51,51,51,51,48,52,54,45,45,45,45,49,49,49,49,55,55,No,No,No,No,No,No,No,No,No,No,No,No,No,No,No,No,No,No,No,No,No,No,No,No,No,No,No,No,No,No,No,No,No,No,No,No,55,55,50,54,0.222,0.000,0.000,0.000,0.000,0.000,0.000,0.000,1.200,3.750,16.756,12.857,0.019,24.511,3.156,0.253,0.123,45.0,40.0,55.0,55.0,2.000,300.0,2.9,0.0,0.0,0.0,0.0,638,0,0.0,0.0,0.0,0.0,14.8,20.0,0.1,20.2,0.1,0.1,0.2,58.1,44.6,32.6,1.1,0.1,0.1,8.6,24.3,13.6,0.0,0.0,41.9,3.0,3.0,0.0,0.0,0.0,69.0,34.2,43.8,99.8,99.8,0.0,51.4,62.5,98.8,99.8,99.8,21.6,21.2,22.0,1596.1,16.00,22,22,22,52,74,560,1,2,Yes,No,No,No,No,No,No,No,No,No,Yes,No,No,No,No,No,No,No,No,No,No,No,No,No,No,No,No,No,No,No,No,No,No,No,No,No,No,No,48.0,54,54,64,88.0,100.0,No,No,21506,55883,10.7,0.0,10.7,1.289,0.000,2379,867,12.430,41.633,100.0,0.000,22.9,23.2,63.2,10.4,10.1,10.0,10.0,23.2,60.6,10.4,10.0,10.0,10.0,43.18,96.49,15.81,15.73,99.75,99.75,0.92,4.41,43.18,0.00,50.15,0,
1.2.2026,21:37:42.801,6402,1993,76.2,5430,2454,68.8,0.3,0.865,0.773,0.775,0.905,0.905,0.895,0.897,0.897,0.867,0.867,0.867,0.726,0.766,2114.8,1995.1,1995.1,997.6,2593.7,2593.7,997.6,2593.7,2593.7,2394.1,2394.1,99.8,1396.6,327.6,747.6,1.7,817.0,1.8,2.7,3.9,1093.1,612.8,607.4,36.5,2.8,4.1,410.1,13.5,14.4,0.0,15.1,0.0,0.0,0.0,55.8,48.2,28.2,0.0,0.0,0.0,55.8,13.5,100.0,31.5,56.0,0.1,62.4,0.1,0.2,0.4,121.3,65.3,67.0,3.9,0.2,0.4,31.5,21.2,20.0,20.0,10.0,26.0,26.0,10.0,26.0,26.0,24.0,24.0,14.0,52,48,46,55,55,55,55,51,51,51,51,48,52,54,45,45,45,45,49,49,49,49,55,55,No,No,No,No,No,No,No,No,No,No,No,No,No,No,No,No,No,No,No,No,No,No,No,No,No,No,No,No,No,No,No,No,No,No,No,No,61,61,49,54,0.222,0.000,0.000,0.000,0.000,0.000,0.000,0.000,1.200,19.375,9.396,5.946,0.012,17.432,2.785,0.187,0.123,45.0,40.0,55.0,55.0,15.000,300.0,4.0,0.0,0.0,0.0,0.0,638,0,0.0,0.0,0.0,0.0,14.8,20.0,0.1,20.2,0.1,0.1,0.2,58.1,44.6,32.6,1.1,0.1,0.1,8.6,24.3,13.6,0.0,0.0,41.9,3.0,3.0,0.0,0.0,0.0,69.0,34.2,43.8,99.8,99.8,0.0,51.4,62.5,98.8,99.8,99.8,21.6,21.2,22.0,1596.1,16.00,22,22,22,52,74,560,1,2,Yes,No,No,No,No,No,No,No,No,No,Yes,No,No,No,No,No,No,No,No,No,No,No,No,No,No,No,No,No,No,No,No,No,No,No,No,No,No,No,48.0,55,55,64,88.0,100.0,No,No,21506,55883,10.7,0.0,10.7,1.289,0.000,2379,867,12.430,41.633,100.0,0.000,22.9,23.2,63.2,10.4,10.1,10.0,10.0,23.2,60.6,10.4,10.0,10.0,10.0,43.18,96.49,15.81,15.73,99.75,99.75,0.92,4.41,43.18,0.00,50.15,0,
1.2.2026,21:37:42.914,6403,1992,76.2,5432,2452,68.8,0.3,0.869,0.905,0.872,0.872,0.882,0.882,0.872,0.872,0.847,0.847,0.838,0.843,0.766,2204.6,3391.7,1396.6,2294.4,2294.4,2294.4,2294.4,1895.4,1895.4,2194.6,2094.9,99.8,2793.2,397.3,964.4,8.6,1147.9,17.2,6.2,5.2,1052.4,764.6,689.2,52.7,16.9,42.1,495.8,16.9,22.9,0.0,33.5,0.0,0.0,0.0,65.2,50.4,30.9,0.0,0.0,0.0,65.2,16.9,100.0,38.0,73.3,0.6,90.1,0.9,0.6,0.5,117.8,82.8,77.9,5.8,1.7,4.5,38.0,22.1,34.0,14.0,23.0,23.0,23.0,23.0,19.0,19.0,22.0,21.0,28.0,52,48,47,55,55,55,55,51,51,51,51,48,52,53,45,45,45,45,49,49,49,49,55,55,No,No,No,No,No,No,No,No,No,No,No,No,No,No,No,No,No,No,No,No,No,No,No,No,No,No,No,No,No,No,No,No,No,No,No,No,55,55,49,54,0.222,0.000,0.000,0.000,0.000,0.000,0.000,0.000,1.200,3.438,17.834,13.928,0.021,25.135,3.185,0.242,0.117,45.0,40.0,55.0,55.0,3.000,300.0,3.6,0.0,0.0,0.0,0.0,638,0,0.9,0.2,0.0,0.0,17.4,25.2,0.3,35.1,0.8,0.3,0.2,66.1,44.8,32.4,1.7,0.6,1.3,8.3,49.1,10.6,0.0,0.0,17.7,4.6,0.6,0.0,0.0,0.0,69.0,25.7,39.5,99.6,99.7,15.6,48.9,65.1,98.0,99.2,98.5,6.9,0.0,13.9,1596.1,16.00,22,22,22,52,74,560,1,2,Yes,No,No,No,No,No,No,No,No,No,Yes,No,No,No,No,No,No,No,No,No,No,No,No,No,No,No,No,No,No,No,No,No,No,No,No,No,No,No,47.0,55,55,64,88.0,100.0,No,No,21506,55883,8.5,0.0,8.5,1.838,0.000,2379,867,12.430,41.633,100.0,0.000,22.9,21.7,63.3,10.0,10.0,10.0,10.0,21.7,60.6,10.0,10.0,10.0,10.0,46.00,100.34,15.81,15.73,100.49,100.49,0.93,4.70,46.00,0.00,55.56,0,
1.2.2026,21:37:43.010,6403,1992,76.2,5432,2452,68.8,0.3,0.869,0.905,0.872,0.872,0.882,0.882,0.872,0.872,0.847,0.847,0.838,0.843,0.766,2204.6,3391.7,1396.6,2294.4,2294.4,2294.4,2294.4,1895.4,1895.4,2194.6,2094.9,99.8,2793.2,397.3,964.4,8.6,1147.9,17.2,6.2,5.2,1052.4,764.6,689.2,52.7,16.9,42.1,495.8,16.9,22.9,0.0,33.5,0.0,0.0,0.0,65.2,50.4,30.9,0.0,0.0,0.0,65.2,16.9,100.0,38.0,73.3,0.6,90.1,0.9,0.6,0.5,117.8,82.8,77.9,5.8,1.7,4.5,38.0,22.1,34.0,14.0,23.0,23.0,23.0,23.0,19.0,19.0,22.0,21.0,28.0,52,48,47,55,55,55,55,51,51,51,51,48,52,53,45,45,45,45,49,49,49,49,55,55,No,No,No,No,No,No,No,No,No,No,No,No,No,No,No,No,No,No,No,No,No,No,No,No,No,No,No,No,No,No,No,No,No,No,No,No,61,61,50,54,0.215,0.000,0.000,0.000,0.000,0.000,0.000,0.000,1.200,18.125,10.162,6.686,0.011,18.359,2.809,0.201,0.124,45.0,40.0,55.0,55.0,17.000,300.0,4.5,0.0,0.0,0.0,0.0,638,0,0.9,0.2,0.0,0.0,17.4,25.2,0.3,35.1,0.8,0.3,0.2,66.1,44.8,32.4,1.7,0.6,1.3,8.3,49.1,10.6,0.0,0.0,17.7,4.6,0.6,0.0,0.0,0.0,69.0,25.7,39.5,99.6,99.7,15.6,48.9,65.1,98.0,99.2,98.5,6.9,0.0,13.9,1596.1,16.00,22,22,22,52,74,560,1,2,Yes,No,No,No,No,No,No,No,No,No,Yes,No,No,No,No,No,No,No,No,No,No,No,No,No,No,No,No,No,No,No,No,No,No,No,No,No,No,No,47.0,55,55,64,88.0,100.0,No,No,21506,55883,8.5,0.0,8.5,1.838,0.000,2379,867,12.430,41.633,100.0,0.000,22.9,21.7,63.3,10.0,10.0,10.0,10.0,21.7,60.6,10.0,10.0,10.0,10.0,46.00,100.34,15.81,15.73,100.49,100.49,0.93,4.70,46.00,0.00,55.56,0,
1.2.2026,21:37:43.121,6404,1992,76.2,5432,2452,68.8,0.3,1.111,1.131,1.087,1.147,1.147,1.094,1.094,1.096,1.111,1.101,1.101,1.031,0.763,2813.1,4289.5,4289.5,997.6,1596.1,997.6,3192.2,3192.2,3192.2,3192.2,3192.2,99.8,3691.0,576.6,1978.9,6.3,3345.0,4.8,6.7,4.1,918.5,80.3,491.8,61.0,12.8,9.4,793.1,24.5,56.0,0.0,83.4,11.1,21.0,11.1,49.8,1.6,22.7,14.4,11.3,11.2,83.4,24.5,100.0,46.7,150.7,0.4,253.4,0.3,0.6,0.4,91.0,8.4,46.3,7.0,1.4,1.0,46.7,28.2,43.0,43.0,10.0,16.0,10.0,32.0,32.0,32.0,32.0,32.0,37.0,56,54,67,57,57,57,57,54,54,54,54,44,46,33,43,43,43,43,46,46,46,46,65,67,No,No,No,No,No,No,No,No,No,No,No,No,No,No,No,No,No,No,No,No,No,No,No,No,No,No,No,No,No,No,No,No,No,No,No,No,53,53,49,54,0.222,0.000,0.000,0.000,0.000,0.000,0.000,0.000,1.200,2.188,18.075,14.257,0.023,25.690,3.069,0.252,0.123,45.0,40.0,55.0,55.0,1.000,300.0,3.9,0.0,0.0,0.0,0.0,638,0,0.0,0.0,0.0,0.0,19.6,58.0,0.2,85.1,0.1,0.2,0.2,54.3,3.5,29.1,3.7,0.4,0.3,2.7,10.2,5.5,0.0,0.0,2.9,0.0,8.4,0.0,0.0,0.0,71.1,15.8,3.1,99.7,99.8,40.2,96.1,60.9,96.1,99.5,99.6,10.1,14.6,5.7,1596.1,16.00,22,22,22,52,74,560,1,2,Yes,No,No,No,No,No,No,No,No,No,Yes,No,No,No,No,No,No,No,No,No,No,No,No,No,No,No,No,No,No,No,No,No,No,No,No,No,No,No,48.0,55,55,63,88.0,100.0,No,No,21506,55883,7.7,0.0,7.7,1.922,0.000,2379,867,12.430,41.633,100.0,0.000,22.9,20.7,63.3,10.0,10.0,10.0,10.0,20.7,60.6,10.0,10.0,10.0,10.0,48.32,100.39,15.80,15.73,100.49,100.49,0.97,5.19,48.32,0.00,59.05,0,
1.2.2026,21:37:43.229,6404,1992,76.2,5432,2452,68.8,0.3,0.809,0.773,0.821,0.821,0.803,0.805,0.815,0.815,0.815,0.810,0.810,0.763,0.763,1895.4,1895.4,1895.4,1895.4,1895.4,1895.4,1895.4,1895.4,1895.4,1895.4,1895.4,99.8,1296.8,316.4,852.2,5.5,830.7,52.1,4.6,4.6,797.2,447.7,781.0,7.8,7.0,6.3,374.3,14.3,23.1,0.0,23.6,0.0,0.0,0.0,49.6,23.3,51.4,0.0,0.0,0.0,51.4,14.3,100.0,31.5,64.2,0.4,78.2,3.8,0.4,0.4,94.0,43.6,90.6,0.8,0.7,0.6,31.5,19.0,19.0,19.0,19.0,19.0,19.0,19.0,19.0,19.0,19.0,19.0,13.0,51,47,46,54,54,54,54,51,51,51,51,49,53,54,46,46,46,46,49,49,49,49,54,54,No,No,No,No,No,No,No,No,No,No,No,No,No,No,No,No,No,No,No,No,No,No,No,No,No,No,No,No,No,No,No,No,No,No,No,No,66,66,50,54,0.217,0.000,0.000,0.000,0.000,0.000,0.000,0.000,1.200,18.750,9.574,6.068,0.017,17.556,2.846,0.197,0.125,45.0,40.0,55.0,55.0,20.000,300.0,4.4,0.0,0.0,0.0,0.0,638,0,0.0,0.0,0.0,0.0,14.6,24.9,0.2,21.0,1.2,0.2,0.2,49.8,27.7,49.7,0.3,0.2,0.2,10.3,20.9,33.4,0.0,0.0,48.8,0.0,0.1,0.0,0.0,0.0,67.7,11.5,45.6,99.8,99.8,1.2,71.3,48.3,99.7,99.7,99.7,21.0,42.0,0.0,1596.1,16.00,22,22,22,52,74,560,1,2,Yes,No,No,No,No,No,No,No,No,No,Yes,No,No,No,No,No,No,No,No,No,No,No,No,No,No,No,No,No,No,No,No,No,No,No,No,No,No,No,48.0,55,55,64,88.0,100.0,No,No,21506,55883,10.4,0.0,10.4,1.577,0.000,2380,867,12.430,41.633,100.0,0.000,22.9,21.7,63.3,10.0,10.0,10.0,10.0,21.7,60.6,10.0,10.0,10.0,10.0,46.03,100.39,15.79,15.73,100.49,100.49,0.94,4.25,46.03,0.00,58.71,0,
1.2.2026,21:37:43.341,6382,2014,76.0,5418,2466,68.7,0.3,1.117,1.155,1.095,1.132,1.117,1.117,1.122,1.112,1.112,1.112,1.102,1.031,0.763,3411.7,4289.5,4289.5,3192.2,3192.2,3192.2,3192.2,3192.2,3192.2,3192.2,3192.2,99.8,3691.0,651.9,2194.3,6.8,2654.9,2.0,8.4,4.8,1139.0,670.1,901.5,189.4,31.5,20.7,835.0,25.3,55.9,0.0,64.4,0.0,0.0,0.0,58.5,29.6,57.5,18.3,9.7,9.4,64.4,25.3,100.0,57.3,172.3,0.4,196.6,0.1,0.9,0.5,123.7,77.1,89.4,21.6,3.5,2.2,57.3,34.2,43.0,43.0,32.0,32.0,32.0,32.0,32.0,32.0,32.0,32.0,37.0,58,63,65,59,59,59,59,55,55,55,55,42,37,35,41,41,41,41,45,45,45,45,63,65,No,No,No,No,No,No,No,No,No,No,No,No,No,No,No,No,No,No,No,No,No,No,No,No,No,No,No,No,No,No,No,No,No,No,No,No,54,54,50,54,0.222,0.000,0.000,0.000,0.000,0.000,0.000,0.000,1.200,2.813,19.056,15.233,0.017,26.809,3.044,0.269,0.122,45.0,40.0,55.0,55.0,1.000,300.0,3.0,0.0,0.0,0.0,0.0,638,0,0.0,0.0,0.0,0.0,22.8,52.8,0.2,63.8,0.1,0.3,0.2,56.8,30.9,57.0,10.2,1.0,0.7,8.1,16.4,0.5,0.0,0.0,43.2,16.7,4.0,0.0,0.0,0.0,59.9,2.6,22.0,99.7,99.8,0.0,50.5,36.5,89.6,98.8,99.2,19.5,25.9,13.1,1596.1,16.00,22,22,22,52,74,560,1,2,Yes,No,No,No,No,No,No,No,No,No,Yes,No,No,No,No,No,No,No,No,No,No,No,No,No,No,No,No,No,No,No,No,No,No,No,No,No,No,No,48.0,55,55,64,88.0,100.0,No,No,21506,55883,7.8,0.0,7.8,2.215,0.000,2380,867,12.430,41.633,100.0,0.000,22.9,21.0,62.3,10.0,10.0,10.0,10.0,21.0,60.6,10.0,10.0,10.0,10.0,47.53,100.39,16.06,16.04,100.49,100.49,0.99,4.68,47.53,0.00,58.30,0,
1.2.2026,21:37:43.448,6397,1998,76.1,5418,2466,68.7,0.3,0.920,0.769,0.759,0.804,0.800,1.100,1.125,1.115,0.795,0.800,1.130,0.718,0.766,2324.3,1895.4,1895.4,1895.4,1895.4,3391.7,3391.7,1895.4,1795.6,1795.6,3391.7,99.8,1296.8,239.7,773.9,1.5,647.3,1.4,1.3,1.2,828.9,17.9,591.7,8.5,1.3,1.5,284.2,11.8,9.3,1.9,22.1,1.9,1.9,1.9,66.7,0.0,36.3,0.0,0.0,0.0,66.7,11.8,100.0,23.7,49.6,0.1,58.0,0.1,0.1,0.2,95.4,3.4,76.7,0.9,0.1,0.1,23.8,23.3,19.0,19.0,19.0,19.0,34.0,34.0,19.0,18.0,18.0,34.0,13.0,51,48,51,54,54,54,54,49,50,50,50,49,52,49,46,46,46,46,51,50,50,50,55,54,No,No,No,No,No,No,No,No,No,No,No,No,No,No,No,No,No,No,No,No,No,No,No,No,No,No,No,No,No,No,No,No,No,No,No,No,66,66,50,54,0.222,0.000,0.000,0.000,0.000,0.000,0.000,0.000,1.200,19.688,8.415,4.943,0.016,16.683,2.823,0.172,0.123,45.0,40.0,55.0,55.0,24.000,300.0,4.4,0.0,0.0,0.0,0.0,638,0,1.1,0.1,0.0,0.0,12.6,22.0,0.1,20.5,0.1,0.1,0.1,66.1,0.6,41.4,0.3,0.1,0.1,5.1,19.8,0.1,0.0,0.0,31.5,0.0,0.0,0.0,0.0,0.0,69.9,7.9,33.0,99.9,99.9,2.2,99.4,57.7,99.6,99.9,99.9,47.2,49.0,45.4,1596.1,16.00,22,22,22,52,74,560,1,2,Yes,No,No,No,No,No,No,No,No,No,Yes,No,No,No,No,No,No,No,No,No,No,No,No,No,No,No,No,No,No,No,No,No,No,No,No,No,No,No,48.0,55,55,64,88.0,100.0,No,No,21506,55883,7.6,0.0,7.6,3.100,0.000,2380,867,12.430,41.633,100.0,0.000,22.9,20.7,62.2,10.0,10.0,10.0,10.0,20.7,60.6,10.0,10.0,10.0,10.0,48.34,100.39,16.07,16.04,100.49,100.49,0.96,5.13,48.34,0.00,63.27,0,
1.2.2026,21:37:43.558,6401,1995,76.2,5421,2462,68.7,0.3,1.107,1.147,1.095,1.110,1.105,1.091,1.107,1.097,1.107,1.107,1.107,1.033,0.763,3411.7,4289.5,4289.5,3192.2,3192.2,3192.2,3192.2,3192.2,3192.2,3192.2,3192.2,99.8,3691.0,653.9,1761.6,10.2,3787.3,1.3,9.0,6.8,1299.8,205.1,663.8,54.9,29.7,17.8,885.1,31.6,49.2,29.0,86.3,0.0,11.3,11.2,65.5,26.6,45.2,22.2,21.6,11.5,86.3,31.6,100.0,55.0,136.2,0.6,288.5,0.1,0.8,0.6,139.3,21.0,63.2,5.5,2.8,1.7,55.0,34.2,43.0,43.0,32.0,32.0,32.0,32.0,32.0,32.0,32.0,32.0,37.0,57,52,67,57,57,57,57,55,55,55,55,43,48,33,43,43,43,43,45,45,45,45,69,67,No,No,No,No,No,No,No,No,No,No,No,No,No,No,No,No,No,No,No,No,No,No,No,No,No,No,No,No,No,No,No,No,No,No,No,No,55,55,50,54,0.222,0.000,0.000,0.000,0.000,0.000,0.000,0.000,1.200,5.313,20.325,16.551,0.012,27.915,3.039,0.274,0.123,45.0,40.0,55.0,55.0,2.000,300.0,3.8,0.0,0.0,0.0,0.0,638,0,0.0,0.0,0.0,0.0,20.9,44.0,0.3,86.7,0.0,0.3,0.2,66.0,7.7,42.5,1.8,1.0,0.6,6.8,21.5,1.8,0.0,0.0,34.0,0.0,10.2,0.0,0.0,0.0,65.5,19.4,2.7,99.6,99.7,0.0,91.8,45.6,97.9,98.7,99.2,11.2,13.9,8.4,1596.1,16.00,22,22,22,52,74,560,1,2,Yes,No,No,No,No,No,No,No,No,No,Yes,No,No,No,No,No,No,No,No,No,No,No,No,No,No,No,No,No,No,No,No,No,No,No,No,No,No,No,47.0,55,55,65,88.0,100.0,No,No,21506,55883,12.5,0.0,12.5,3.185,0.000,2380,867,12.430,41.633,100.0,0.000,22.9,21.7,62.2,10.0,10.0,10.0,10.0,21.7,60.6,10.0,10.0,10.0,10.0,46.01,100.39,16.07,16.04,100.49,100.49,0.96,5.06,46.01,0.00,58.63,0,
1.2.2026,21:37:43.674,6402,1993,76.2,5430,2454,68.8,0.3,1.126,1.150,1.137,1.127,1.137,1.121,1.126,1.101,1.126,1.126,1.111,1.028,0.766,2783.2,4289.5,4588.8,997.6,997.6,3192.2,3192.2,997.6,3192.2,3192.2,3192.2,99.8,3691.0,295.0,678.8,3.2,1290.1,1.2,4.1,38.9,999.0,37.9,477.4,2.7,3.1,3.3,381.6,11.2,16.8,0.0,24.2,0.0,0.0,0.0,70.4,0.0,23.5,0.0,0.0,0.0,70.4,11.2,100.0,26.9,72.3,0.1,81.6,0.1,0.1,0.1,109.4,4.7,53.7,0.1,0.1,0.1,26.9,27.9,43.0,46.0,10.0,10.0,32.0,32.0,10.0,32.0,32.0,32.0,37.0,55,48,64,57,57,57,57,53,53,53,53,45,52,36,43,43,43,43,47,47,47,47,53,64,No,No,No,No,No,No,No,No,No,No,No,No,No,No,No,No,No,No,No,No,No,No,No,No,No,No,No,No,No,No,No,No,No,No,No,No,55,55,49,54,0.222,0.000,0.000,0.000,0.000,0.000,0.000,0.000,1.200,1.875,8.417,4.873,0.017,16.607,2.875,0.173,0.123,45.0,40.0,55.0,55.0,1.000,300.0,3.5,0.0,0.0,0.0,0.0,638,0,0.0,0.0,0.0,0.0,15.1,34.3,0.1,35.8,0.1,0.2,1.2,74.0,1.7,33.8,0.1,0.1,0.1,8.4,9.0,49.2,0.0,0.0,26.1,0.0,0.0,0.0,0.0,0.0,67.6,0.0,14.9,99.8,98.7,0.0,98.2,64.8,99.8,99.8,99.8,27.6,55.3,0.0,1596.1,16.00,22,22,22,52,74,560,1,2,Yes,No,No,No,No,No,No,No,No,No,Yes,No,No,No,No,No,No,No,No,No,No,No,No,No,No,No,No,No,No,No,No,No,No,No,No,No,No,No,47.0,55,55,65,88.0,100.0,No,No,21506,55883,5.2,4.8,10.0,1.885,17.171,2381,869,12.430,41.633,100.0,0.000,22.9,24.4,62.2,10.0,10.0,10.0,10.0,24.4,60.6,10.0,10.0,10.0,10.0,40.91,100.38,16.07,16.04,100.49,100.49,0.89,4.08,40.91,0.00,51.45,0,
1.2.2026,21:37:43.783,6402,1993,76.2,5430,2454,68.8,0.3,0.836,0.843,0.831,0.821,0.821,0.820,0.840,0.845,0.840,0.855,0.845,0.781,0.766,2064.9,2793.2,2693.4,1995.1,1995.1,1995.1,997.6,1995.1,1995.1,2094.9,2094.9,99.8,2194.6,392.4,1817.2,3.6,651.5,2.3,5.6,1.9,940.9,630.0,630.4,10.0,8.2,7.1,506.6,19.7,41.8,0.0,33.8,0.0,9.3,10.7,59.3,37.4,44.6,0.0,0.0,0.0,59.3,19.7,100.0,36.7,119.6,0.4,89.4,0.1,0.9,6.4,107.9,46.5,67.4,0.9,0.9,0.8,36.8,20.7,28.0,27.0,20.0,20.0,20.0,10.0,20.0,20.0,21.0,21.0,22.0,52,47,47,55,55,55,55,51,51,51,51,48,53,53,45,45,45,45,49,49,49,49,55,55,No,No,No,No,No,No,No,No,No,No,No,No,No,No,No,No,No,No,No,No,No,No,No,No,No,No,No,No,No,No,No,No,No,No,No,No,57,57,49,54,0.215,0.000,0.000,0.000,0.000,0.000,0.000,0.000,1.200,13.750,13.872,10.085,0.008,21.745,3.097,0.218,0.123,45.0,40.0,55.0,55.0,15.000,300.0,5.0,0.0,0.0,0.0,0.0,638,0,0.0,0.0,0.0,0.0,14.7,25.1,0.1,16.7,0.1,0.2,0.1,49.2,46.5,37.7,0.4,0.3,0.3,14.0,15.1,58.2,0.0,0.0,50.8,0.0,15.8,0.0,0.0,0.0,62.0,0.0,25.0,99.7,99.9,0.0,52.0,44.5,99.4,99.6,99.6,28.6,57.1,0.0,1596.1,16.00,22,22,22,52,74,560,1,2,Yes,No,No,No,No,No,No,No,No,No,Yes,No,No,No,No,No,No,No,No,No,No,No,No,No,No,No,No,No,No,No,No,No,No,No,No,No,No,No,47.0,55,55,65,88.0,100.0,No,No,21506,55883,9.2,0.0,9.2,3.544,0.000,2381,869,12.430,41.633,100.0,0.000,22.9,23.8,62.2,10.0,10.0,10.0,10.0,23.8,60.6,10.0,10.0,10.0,10.0,42.05,100.37,16.07,16.04,100.49,100.49,0.89,3.94,42.05,0.00,50.70,0,
1.2.2026,21:37:43.898,6403,1992,76.2,5430,2454,68.8,0.3,1.129,1.134,1.102,1.117,1.157,1.113,1.128,1.123,1.138,1.138,1.138,1.031,0.763,3102.4,4588.8,4289.5,3192.2,997.6,997.6,3391.7,3391.7,3391.7,3391.7,3391.7,99.8,3691.0,467.9,1370.5,3.9,1583.5,1.2,4.1,4.0,1028.1,623.0,930.7,27.4,6.5,32.1,577.3,25.2,34.3,32.6,44.9,25.8,7.4,7.4,62.6,9.3,54.7,8.1,7.5,8.3,62.6,25.2,100.0,42.8,104.9,0.2,120.4,0.1,0.4,0.4,112.9,71.5,96.3,3.0,0.7,3.5,42.8,31.1,46.0,43.0,32.0,10.0,10.0,34.0,34.0,34.0,34.0,34.0,37.0,56,61,53,58,58,58,58,53,53,54,54,44,39,47,42,42,42,42,47,47,46,46,61,61,No,No,No,No,No,No,No,No,No,No,No,No,No,No,No,No,No,No,No,No,No,No,No,No,No,No,No,No,No,No,No,No,No,No,No,No,56,56,50,54,0.222,0.000,0.000,0.000,0.000,0.000,0.000,0.000,1.200,5.000,11.304,7.511,0.013,19.332,3.113,0.211,0.120,45.0,40.0,55.0,55.0,3.000,300.0,2.9,0.0,0.0,0.0,0.0,638,0,0.0,0.0,0.0,0.0,20.1,38.8,0.1,49.0,0.0,0.1,0.2,65.3,25.5,59.6,0.9,0.2,1.2,4.7,6.8,3.7,0.0,0.0,34.7,1.2,0.9,0.0,0.0,0.0,62.6,0.0,18.3,99.8,99.8,0.0,72.8,37.2,99.1,99.7,98.8,39.9,52.5,27.2,1596.1,16.00,22,22,22,52,74,560,1,2,Yes,No,No,No,No,No,No,No,No,No,Yes,No,No,No,No,No,No,No,No,No,No,No,No,No,No,No,No,No,No,No,No,No,No,No,No,No,No,No,47.0,55,55,65,88.0,100.0,No,No,21506,55883,6.4,0.0,6.4,1.371,0.000,2381,869,12.430,41.633,100.0,0.000,22.9,24.5,62.2,10.0,10.0,10.0,10.0,24.4,60.5,10.0,10.0,10.0,10.0,40.88,99.99,16.07,16.04,100.00,100.00,0.88,3.77,40.88,0.00,48.57,0,
1.2.2026,21:37:44.005,6404,1992,76.2,5430,2454,68.8,0.3,0.872,0.738,0.995,0.995,0.950,0.905,0.893,0.893,0.893,0.728,0.728,0.818,0.766,2404.1,1695.9,3890.5,2693.4,2593.7,2493.9,2493.9,2493.9,2493.9,1596.1,1596.1,99.8,2593.7,485.3,1543.8,9.5,1860.3,4.8,7.0,7.6,670.6,719.5,757.5,212.8,20.2,10.3,602.9,19.4,46.0,0.0,44.3,3.3,3.4,3.3,41.7,39.1,45.2,0.0,3.6,3.5,46.0,19.4,100.0,43.6,121.6,0.6,141.3,0.3,0.7,0.5,72.1,75.5,85.1,22.7,1.4,1.0,43.6,24.1,17.0,39.0,27.0,26.0,25.0,25.0,25.0,25.0,16.0,16.0,26.0,52,50,48,56,55,55,55,51,51,51,51,48,50,52,44,45,45,45,49,49,49,49,55,56,No,No,No,No,No,No,No,No,No,No,No,No,No,No,No,No,No,No,No,No,No,No,No,No,No,No,No,No,No,No,No,No,No,No,No,No,67,67,50,53,0.222,0.000,0.000,0.000,0.000,0.000,0.000,0.000,1.200,15.938,15.547,11.940,0.017,23.610,2.860,0.240,0.124,45.0,40.0,55.0,55.0,18.000,300.0,5.0,0.0,0.0,0.0,0.0,638,0,0.0,0.0,0.0,0.0,19.1,45.3,0.3,43.8,0.1,0.2,0.3,41.0,46.6,44.1,6.7,0.7,0.3,9.6,24.7,7.0,0.0,0.0,51.3,5.3,7.8,0.0,0.0,0.0,64.1,6.8,44.0,99.7,99.7,7.2,46.6,45.5,93.1,99.1,99.5,13.5,22.6,4.4,1596.1,16.00,22,22,22,52,74,560,1,2,Yes,No,No,No,No,No,No,No,No,No,Yes,No,No,No,No,No,No,No,No,No,No,No,No,No,No,No,No,No,No,No,No,No,No,No,No,No,No,No,48.0,55,55,65,88.0,100.0,No,No,21506,55883,6.9,18.1,24.9,2.373,1.426,2381,869,12.430,41.633,100.0,0.000,22.9,24.8,62.2,10.0,10.0,10.0,10.0,24.8,60.5,10.0,10.0,10.0,10.0,40.26,99.99,16.07,16.04,100.00,100.00,0.86,3.70,40.26,0.00,45.28,0,
1.2.2026,21:37:44.116,6404,1992,76.2,5429,2454,68.8,0.3,0.795,0.807,0.810,0.790,0.795,0.810,0.795,0.788,0.783,0.783,0.788,0.748,0.763,1616.0,1795.6,2394.1,1795.6,1795.6,1795.6,1795.6,1795.6,997.6,997.6,997.6,99.8,1197.1,558.0,1414.5,2.3,2769.6,2.6,11.9,4.0,995.1,576.0,839.5,63.9,8.4,7.6,722.0,20.0,31.6,0.0,63.4,0.0,0.0,0.0,51.8,37.5,55.6,0.0,0.0,0.0,63.4,20.0,100.0,50.3,105.3,0.1,215.7,0.2,1.3,0.7,114.5,60.2,95.1,8.0,1.2,1.0,50.3,16.2,18.0,24.0,18.0,18.0,18.0,18.0,18.0,10.0,10.0,10.0,12.0,53,48,48,55,55,55,55,53,53,53,51,47,52,52,45,45,45,45,47,47,47,49,55,55,No,No,No,No,No,No,No,No,No,No,No,No,No,No,No,No,No,No,No,No,No,No,No,No,No,No,No,No,No,No,No,No,No,No,No,No,56,56,49,54,0.222,0.000,0.000,0.000,0.000,0.000,0.000,0.000,1.200,2.500,11.589,8.029,0.017,19.427,2.906,0.198,0.117,45.0,40.0,55.0,55.0,2.000,300.0,4.5,0.0,0.0,0.0,0.0,638,0,0.0,0.0,0.0,0.0,20.0,32.0,0.2,63.9,0.1,0.4,0.1,52.3,29.9,55.6,4.2,0.4,0.3,10.6,26.3,9.5,0.0,0.0,39.0,3.4,27.4,0.0,0.0,0.0,64.3,41.6,19.4,99.5,99.8,8.2,64.6,15.3,95.5,99.4,99.6,2.7,0.0,5.4,1596.1,16.00,22,22,22,52,74,560,1,2,Yes,No,No,No,No,No,No,No,No,No,Yes,No,No,No,No,No,No,No,No,No,No,No,No,No,No,No,No,No,No,No,No,No,No,No,No,No,No,No,48.0,55,55,64,88.0,100.0,No,No,21506,55883,8.6,0.0,8.6,2.620,0.000,2382,869,12.430,41.633,100.0,0.000,22.9,24.8,61.6,10.0,10.0,10.0,10.0,24.8,60.5,10.0,10.0,10.0,10.0,40.28,99.75,16.24,16.18,100.00,100.00,0.83,3.82,40.28,0.00,47.23,0,
1.2.2026,21:37:44.227,6380,2015,75.9,5419,2465,68.7,0.3,1.139,1.142,1.117,1.172,1.172,1.112,1.127,1.112,1.127,1.162,1.147,1.031,0.763,3222.1,4588.8,4289.5,3192.2,3192.2,3192.2,3192.2,997.6,3192.2,3192.2,3192.2,99.8,3691.0,380.7,1077.8,6.0,1638.7,1.4,3.7,4.0,978.7,270.9,552.3,27.8,3.7,3.5,497.7,28.3,31.9,41.4,47.0,36.4,4.7,15.3,65.4,4.5,46.5,16.2,15.3,15.3,65.4,28.3,100.0,34.0,81.3,0.4,124.8,0.1,0.3,0.4,107.8,29.7,59.3,2.9,0.3,0.3,34.0,32.3,46.0,43.0,32.0,32.0,32.0,32.0,10.0,32.0,32.0,32.0,37.0,56,60,55,57,57,57,57,53,53,53,53,44,40,45,43,43,43,43,47,47,47,47,60,60,No,No,No,No,No,No,No,No,No,No,No,No,No,No,No,No,No,No,No,No,No,No,No,No,No,No,No,No,No,No,No,No,No,No,No,No,56,56,50,54,0.222,0.000,0.000,0.000,0.000,0.000,0.000,0.000,1.200,7.813,17.347,13.547,0.020,24.941,3.050,0.250,0.123,45.0,40.0,55.0,55.0,6.000,300.0,3.8,0.0,0.0,0.0,0.0,638,0,0.0,0.0,0.0,0.0,16.6,29.8,0.2,45.4,0.1,0.1,0.1,64.3,12.4,45.9,1.2,0.1,0.1,4.9,7.4,4.8,0.0,0.0,26.8,4.2,5.8,0.0,0.0,0.0,65.1,0.0,15.4,99.8,99.8,8.6,82.7,46.6,98.7,99.8,99.8,46.3,59.6,32.9,1596.1,16.00,22,22,22,52,74,560,1,2,Yes,No,No,No,No,No,No,No,No,No,Yes,No,No,No,No,No,No,No,No,No,No,No,No,No,No,No,No,No,No,No,No,No,No,No,No,No,No,No,48.0,55,55,65,88.0,100.0,No,No,21506,55883,7.7,0.0,7.7,2.563,0.000,2382,869,12.430,41.633,100.0,0.000,22.9,25.4,60.8,10.0,10.0,10.0,10.0,25.4,60.5,10.0,10.0,10.0,10.0,39.34,99.74,16.44,16.43,100.00,100.00,0.81,3.25,39.34,0.00,45.32,0,
1.2.2026,21:37:44.339,6382,2013,76.0,5419,2465,68.7,0.3,0.903,0.778,0.907,0.917,0.917,0.857,0.937,0.932,0.937,0.922,0.927,0.773,0.766,2314.3,1995.1,3391.7,2394.1,2394.1,2394.1,2394.1,997.6,2094.9,2493.9,2593.7,99.8,1396.6,520.1,2061.7,5.8,1898.1,1.2,6.4,4.2,1251.8,70.3,879.8,42.7,11.6,7.6,662.4,16.4,41.3,0.0,37.8,4.9,0.0,0.0,65.9,0.0,46.3,0.0,0.0,0.0,65.9,16.4,100.0,45.8,157.3,0.4,145.6,0.1,0.6,0.4,136.5,7.5,95.1,4.6,1.2,0.7,45.8,23.2,20.0,34.0,24.0,24.0,24.0,24.0,10.0,21.0,25.0,26.0,14.0,52,49,47,55,55,55,55,51,51,51,51,48,51,53,45,45,45,45,49,49,49,49,55,55,No,No,No,No,No,No,No,No,No,No,No,No,No,No,No,No,No,No,No,No,No,No,No,No,No,No,No,No,No,No,No,No,No,No,No,No,57,57,50,54,0.222,0.000,0.000,0.000,0.000,0.000,0.000,0.000,1.200,4.375,11.283,7.723,0.018,19.410,2.884,0.210,0.123,45.0,40.0,55.0,55.0,4.000,300.0,5.0,0.0,0.0,0.0,0.0,638,0,0.0,0.0,0.0,0.0,18.4,48.0,0.1,44.7,0.0,0.2,0.1,70.7,2.2,52.7,1.5,0.4,0.2,8.5,11.7,33.9,0.0,0.0,29.3,0.0,10.0,0.0,0.0,0.0,67.7,31.5,16.7,99.7,99.8,0.0,97.4,34.6,98.4,99.5,99.7,6.1,8.1,4.1,1596.1,16.00,22,22,22,52,74,560,1,2,Yes,No,No,No,No,No,No,No,No,No,Yes,No,No,No,No,No,No,No,No,No,No,No,No,No,No,No,No,No,No,No,No,No,No,No,No,No,No,No,49.0,55,55,65,88.0,100.0,No,No,21506,55883,5.7,8.9,14.6,1.921,11.586,2382,871,12.430,41.633,100.0,0.000,22.9,25.4,60.8,10.0,10.0,10.0,10.0,25.4,60.6,10.0,10.0,10.0,10.0,39.33,99.74,16.45,16.43,100.00,100.00,0.82,3.28,39.33,0.00,45.26,0,
1.2.2026,21:37:44.449,6400,1996,76.2,5419,2465,68.7,0.3,1.119,1.164,1.116,1.123,1.123,1.108,1.123,1.108,1.103,1.103,1.123,1.033,0.766,2753.3,4289.5,4289.5,3192.2,3192.2,3192.2,3192.2,3192.2,997.6,997.6,997.6,99.8,3691.0,536.2,2392.4,10.1,2139.4,16.3,4.6,3.8,1071.3,141.0,613.5,30.5,6.4,5.4,722.4,24.7,63.5,4.2,53.3,15.0,4.1,4.1,67.6,21.2,39.5,15.4,4.1,4.1,67.6,24.7,100.0,47.3,197.4,0.7,164.9,1.2,0.4,0.4,118.3,15.4,64.9,3.2,0.6,0.5,47.3,27.6,43.0,43.0,32.0,32.0,32.0,32.0,32.0,10.0,10.0,10.0,37.0,58,67,51,62,62,62,62,53,53,53,53,42,33,49,38,38,38,38,47,47,47,47,67,67,No,No,No,No,No,No,No,No,No,No,No,No,No,No,No,No,No,No,No,No,No,No,No,No,No,No,No,No,No,No,No,No,No,No,No,No,65,65,50,54,0.222,0.000,0.000,0.000,0.000,0.000,0.000,0.000,1.200,18.438,16.697,12.940,0.016,24.704,3.004,0.246,0.123,45.0,40.0,55.0,55.0,20.000,300.0,4.9,0.0,0.0,0.0,0.0,638,0,0.0,0.0,0.0,0.0,19.2,62.8,0.2,51.9,0.4,0.1,0.1,66.7,7.8,38.6,1.0,0.2,0.2,6.9,1.1,34.5,0.0,0.0,33.3,0.0,0.0,0.0,0.0,0.0,66.5,1.6,13.6,99.8,99.8,0.0,92.0,59.5,98.9,99.7,99.8,16.2,32.4,0.0,1596.1,16.00,22,22,22,52,74,560,1,2,Yes,No,No,No,No,No,No,No,No,No,Yes,No,No,No,No,No,No,No,No,No,No,No,No,No,No,No,No,No,No,No,No,No,No,No,No,No,No,No,47.0,55,55,65,88.0,100.0,No,No,21506,55883,5.7,8.9,14.6,1.921,11.586,2382,871,12.430,41.633,100.0,0.000,22.9,25.4,60.8,10.0,10.0,10.0,10.0,25.4,60.6,10.0,10.0,10.0,10.0,39.33,99.74,16.45,16.43,100.00,100.00,0.82,3.28,39.33,0.00,45.26,0,
1.2.2026,21:37:44.565,6400,1996,76.2,5419,2464,68.7,0.3,0.807,0.832,0.830,0.800,0.805,0.800,0.805,0.800,0.800,0.800,0.802,0.776,0.766,1825.5,1995.1,1995.1,1895.4,1895.4,1895.4,1895.4,997.6,1895.4,1895.4,1895.4,99.8,1396.6,547.4,1851.9,44.1,2152.3,6.1,7.5,93.5,978.7,428.2,966.6,18.8,11.5,9.8,695.3,22.4,42.7,0.0,53.4,0.0,0.0,0.0,48.6,33.0,64.2,8.0,19.2,0.0,64.2,22.4,100.0,46.9,120.9,2.6,166.1,0.4,0.7,10.3,106.8,45.5,105.3,1.9,1.1,1.0,46.9,18.3,20.0,20.0,19.0,19.0,19.0,19.0,10.0,19.0,19.0,19.0,14.0,52,49,47,55,55,55,55,52,52,52,52,48,51,53,45,45,45,45,48,48,48,48,55,55,No,No,No,No,No,No,No,No,No,No,No,No,No,No,No,No,No,No,No,No,No,No,No,No,No,No,No,No,No,No,No,No,No,No,No,No,57,57,50,54,0.222,0.000,0.000,0.000,0.000,0.000,0.000,0.000,1.200,2.188,15.882,12.082,0.009,23.509,3.117,0.238,0.137,45.0,40.0,55.0,55.0,2.000,300.0,3.3,0.0,0.0,0.0,0.0,638,0,0.0,0.0,0.0,0.0,19.5,39.2,1.1,50.4,0.2,0.3,3.6,45.8,29.1,63.3,0.8,0.4,0.3,5.8,13.7,7.6,0.0,0.0,27.6,6.1,3.3,0.0,0.0,0.0,68.0,40.3,26.4,99.6,96.3,25.5,63.3,30.9,99.0,99.4,99.5,11.0,6.7,15.3,1596.1,16.00,22,22,22,52,74,560,1,2,Yes,No,No,No,No,No,No,No,No,No,Yes,No,No,No,No,No,No,No,No,No,No,No,No,No,No,No,No,No,No,No,No,No,No,No,No,No,No,No,48.0,55,55,64,88.0,100.0,No,No,21506,55883,8.9,0.9,9.8,2.843,0.118,2383,871,12.430,41.633,100.0,0.000,22.9,26.4,65.1,10.0,10.0,10.0,10.0,26.4,60.7,10.0,10.0,10.0,10.0,37.81,99.72,15.36,15.11,100.00,100.00,0.79,3.22,37.81,0.00,42.37,0,
1.2.2026,21:37:44.673,6402,1994,76.2,5430,2454,68.8,0.3,1.104,1.112,1.095,1.110,1.110,1.091,1.106,1.106,1.106,1.106,1.096,1.033,0.763,3571.3,4289.5,4289.5,3391.7,3391.7,3391.7,3391.7,3391.7,3391.7,3391.7,3391.7,99.8,3691.0,446.0,1931.2,5.7,1195.0,4.4,5.1,3.6,1323.1,540.3,322.3,7.9,6.9,7.0,626.0,16.5,44.2,8.0,29.6,0.0,0.0,0.0,76.1,10.6,21.8,0.0,0.0,8.1,76.1,16.5,100.0,40.0,148.5,0.4,89.7,0.3,0.5,0.3,143.7,60.2,34.7,0.7,0.6,0.7,40.0,35.8,43.0,43.0,34.0,34.0,34.0,34.0,34.0,34.0,34.0,34.0,37.0,56,67,46,60,60,60,60,52,52,52,52,44,33,54,40,40,40,40,48,48,48,48,67,67,No,No,No,No,No,No,No,No,No,No,No,No,No,No,No,No,No,No,No,No,No,No,No,No,No,No,No,No,No,No,No,No,No,No,No,No,57,57,50,54,0.222,0.000,0.000,0.000,0.000,0.000,0.000,0.000,1.200,19.063,15.278,11.495,0.020,23.326,3.038,0.214,0.113,45.0,40.0,55.0,55.0,20.000,300.0,4.3,0.0,0.0,0.0,0.0,638,0,0.0,0.0,0.0,0.0,17.9,47.8,0.2,34.2,0.1,0.2,0.1,78.7,27.0,26.3,0.3,0.2,0.2,4.1,15.3,19.0,0.0,0.0,6.8,0.0,0.0,0.0,0.0,0.0,65.6,0.0,0.0,99.8,99.8,13.3,72.5,71.4,99.5,99.6,99.7,39.1,34.7,43.5,1596.1,16.00,22,22,22,52,74,560,1,2,Yes,No,No,No,No,No,No,No,No,No,Yes,No,No,No,No,No,No,No,No,No,No,No,No,No,No,No,No,No,No,No,No,No,No,No,No,No,No,No,47.0,55,55,65,88.0,100.0,No,No,21506,55883,7.6,0.0,7.6,2.619,0.000,2383,871,12.430,41.633,100.0,0.000,22.9,26.0,65.1,10.0,10.0,10.0,10.0,26.0,60.7,10.0,10.0,10.0,10.0,38.47,99.72,15.36,15.11,100.00,100.00,0.78,3.55,38.47,0.00,43.68,0,
1.2.2026,21:37:44.782,6402,1994,76.2,5430,2454,68.8,0.3,0.773,0.781,0.755,0.780,0.680,0.775,0.790,0.790,0.790,0.790,0.795,0.726,0.766,1675.9,1596.1,1795.6,1695.9,997.6,1695.9,1795.6,1795.6,1795.6,1795.6,1795.6,99.8,1197.1,464.8,1513.4,1.7,1565.9,1.4,6.1,4.2,1031.4,471.6,850.8,113.5,8.5,9.1,574.4,19.0,36.6,0.0,37.4,1.8,1.9,1.9,62.7,36.4,49.8,0.0,0.0,0.0,62.7,19.0,100.0,42.3,114.7,0.1,120.2,0.1,0.6,0.4,115.9,50.1,91.8,12.4,0.9,0.9,42.4,16.8,16.0,18.0,17.0,10.0,17.0,18.0,18.0,18.0,18.0,18.0,12.0,52,48,47,55,55,55,55,51,51,51,51,48,52,53,45,45,45,45,49,49,49,49,55,55,No,No,No,No,No,No,No,No,No,No,No,No,No,No,No,No,No,No,No,No,No,No,No,No,No,No,No,No,No,No,No,No,No,No,No,No,56,56,50,54,0.222,0.000,0.000,0.000,0.000,0.000,0.000,0.000,1.200,2.813,13.356,9.569,0.011,21.250,3.132,0.227,0.122,45.0,40.0,55.0,55.0,2.000,300.0,4.3,0.0,0.0,0.0,0.0,638,0,0.0,0.0,0.0,0.0,18.2,36.5,0.1,36.8,0.1,0.2,0.2,61.9,27.5,50.6,4.1,0.3,0.3,8.4,17.5,7.7,0.0,0.0,38.1,7.0,13.4,0.0,0.0,0.0,61.2,19.7,0.0,99.7,99.8,0.0,64.4,33.6,95.7,99.6,99.6,39.4,25.7,53.1,1596.1,16.00,22,22,22,52,74,560,1,2,Yes,No,No,No,No,No,No,No,No,No,Yes,No,No,No,No,No,No,No,No,No,No,No,No,No,No,No,No,No,No,No,No,No,No,No,No,No,No,No,48.0,55,55,64,88.0,100.0,No,No,21506,55883,9.0,0.0,9.0,1.735,0.000,2383,871,12.430,41.633,100.0,0.000,22.9,27.5,65.6,10.5,10.2,10.1,10.1,27.5,60.7,10.5,10.0,10.0,10.0,36.41,94.98,15.25,15.10,98.91,98.91,0.76,2.93,36.41,0.00,39.65,0,
1.2.2026,21:37:44.893,6403,1993,76.2,5430,2454,68.8,0.3,1.099,1.114,1.086,1.109,1.119,1.082,1.097,1.097,1.097,1.097,1.097,1.028,0.763,3571.3,4289.5,4289.5,3391.7,3391.7,3391.7,3391.7,3391.7,3391.7,3391.7,3391.7,99.8,3691.0,432.4,1800.0,2.2,1584.1,2.5,3.6,3.7,1138.1,433.5,182.5,6.8,7.1,24.6,621.0,24.9,44.3,38.4,32.8,12.0,12.1,12.1,78.1,18.7,14.1,12.1,12.1,12.1,78.1,24.9,100.0,36.3,139.0,0.1,95.2,0.1,0.4,0.4,125.5,54.1,19.4,0.4,0.5,0.4,36.3,35.8,43.0,43.0,34.0,34.0,34.0,34.0,34.0,34.0,34.0,34.0,37.0,55,50,64,57,57,57,57,53,53,53,53,45,50,36,43,43,43,43,47,47,47,47,60,64,No,No,No,No,No,No,No,No,No,No,No,No,No,No,No,No,No,No,No,No,No,No,No,No,No,No,No,No,No,No,No,No,No,No,No,No,60,60,49,54,0.222,0.000,0.000,0.000,0.000,0.000,0.000,0.000,1.200,18.438,13.900,10.094,0.015,21.937,3.045,0.224,0.123,45.0,40.0,55.0,55.0,19.000,300.0,3.9,0.0,0.0,0.0,0.0,638,0,0.0,0.0,0.0,0.0,17.2,47.2,0.1,42.2,0.1,0.1,0.1,79.4,18.1,16.4,0.3,0.3,1.9,2.9,7.0,0.1,0.0,0.0,20.6,0.0,1.2,0.0,0.0,0.0,65.9,1.2,0.0,99.8,99.8,0.0,81.4,79.6,99.6,99.6,97.9,47.9,42.0,53.8,1596.1,16.00,22,22,22,52,74,560,1,2,Yes,No,No,No,No,No,No,No,No,No,Yes,No,No,No,No,No,No,No,No,No,No,No,No,No,No,No,No,No,No,No,No,No,No,No,No,No,No,No,47.0,55,55,65,88.0,100.0,No,No,21506,55883,11.9,0.0,11.9,1.635,0.000,2384,871,12.430,41.633,100.0,0.000,22.9,28.0,65.5,10.5,10.2,10.1,10.1,28.0,60.7,10.5,10.1,10.0,10.0,35.67,94.83,15.26,15.10,98.91,98.91,0.75,2.91,35.67,0.00,38.29,0,
1.2.2026,21:37:45.012,6403,1993,76.2,5430,2453,68.8,0.3,0.798,0.820,0.755,0.790,0.790,0.795,0.792,0.797,0.787,0.828,0.823,0.768,0.766,1646.0,2593.7,1895.4,1795.6,1795.6,1795.6,1795.6,1795.6,997.6,997.6,997.6,99.8,1995.1,516.4,1320.4,34.0,1996.6,26.0,24.0,23.4,895.3,284.6,1024.9,483.3,32.1,51.9,575.5,18.4,29.7,0.0,50.4,0.0,0.0,0.0,49.7,8.0,45.4,37.8,0.0,0.0,50.4,18.4,100.0,47.3,98.3,2.5,171.3,1.8,2.4,2.3,102.5,28.6,99.7,47.0,3.4,7.3,47.3,16.5,26.0,19.0,18.0,18.0,18.0,18.0,18.0,10.0,10.0,10.0,20.0,52,48,48,55,55,55,55,51,51,51,51,48,52,52,45,45,45,45,49,49,49,49,55,55,No,No,No,No,No,No,No,No,No,No,No,No,No,No,No,No,No,No,No,No,No,No,No,No,No,No,No,No,No,No,No,No,No,No,No,No,55,55,50,54,0.222,0.000,0.000,0.000,0.000,0.000,0.000,0.000,1.200,2.188,12.144,8.480,0.009,20.086,2.978,0.213,0.123,45.0,40.0,55.0,55.0,1.000,300.0,3.8,0.0,0.0,0.0,0.0,638,0,0.0,0.0,0.0,0.0,19.6,32.1,1.0,48.0,0.6,0.8,0.8,47.4,11.2,54.7,35.5,1.0,2.1,9.0,27.7,9.2,0.0,0.0,52.6,0.0,0.8,0.0,0.0,0.0,64.5,30.0,26.0,99.0,99.2,0.0,88.1,42.2,63.7,98.8,97.8,13.0,9.9,16.1,1596.1,16.00,22,22,22,52,74,560,1,2,Yes,No,No,No,No,No,No,No,No,No,Yes,No,No,No,No,No,No,No,No,No,No,No,No,No,No,No,No,No,No,No,No,No,No,No,No,No,No,No,47.0,55,55,65,88.0,100.0,No,No,21506,55883,8.6,0.0,8.6,1.614,0.000,2384,871,12.430,41.633,100.0,0.000,22.9,27.9,65.6,11.9,11.9,11.9,11.9,27.9,60.7,12.0,12.0,12.0,12.0,35.81,83.79,15.25,15.10,83.81,83.81,0.74,3.19,35.81,0.00,36.10,0,
1.2.2026,21:37:45.116,6404,1992,76.2,5430,2453,68.8,0.3,1.103,1.141,1.077,1.107,1.082,1.082,1.102,1.092,1.092,1.105,1.150,1.031,0.766,2533.8,4289.5,4289.5,997.6,997.6,997.6,3192.2,997.6,3192.2,3192.2,3192.2,99.8,3691.0,421.6,822.4,1.7,1650.1,1.6,4.8,1.8,1026.2,579.5,698.8,218.2,5.0,49.4,511.0,22.6,28.2,12.4,41.3,0.0,12.5,0.0,65.2,22.8,37.8,13.4,12.7,25.2,65.2,22.6,100.0,36.0,61.9,0.1,109.6,0.1,0.4,0.1,106.8,56.4,63.5,26.6,0.5,5.7,35.9,25.4,43.0,43.0,10.0,10.0,10.0,32.0,10.0,32.0,32.0,32.0,37.0,55,49,66,55,55,55,55,54,54,54,54,45,51,34,45,45,45,45,46,46,46,46,64,66,No,No,No,No,No,No,No,No,No,No,No,No,No,No,No,No,No,No,No,No,No,No,No,No,No,No,No,No,No,No,No,No,No,No,No,No,65,65,50,54,0.222,0.000,0.000,0.000,0.000,0.000,0.000,0.000,1.200,16.250,9.529,5.826,0.015,17.499,3.023,0.202,0.125,45.0,40.0,55.0,55.0,19.000,300.0,2.8,0.0,0.0,0.0,0.0,638,0,0.0,0.0,0.0,0.0,19.6,30.8,0.1,46.8,0.1,0.2,0.1,69.1,29.8,42.3,13.3,0.2,2.2,5.3,6.0,0.0,0.0,0.0,24.9,18.1,3.6,0.0,0.0,0.0,59.2,0.0,0.0,99.7,99.9,5.7,51.2,52.0,85.8,99.8,97.8,56.2,60.9,51.4,1596.1,16.00,22,22,22,52,74,560,1,2,Yes,No,No,No,No,No,No,No,No,No,Yes,No,No,No,No,No,No,No,No,No,No,No,No,No,No,No,No,No,No,No,No,No,No,No,No,No,No,No,47.0,55,55,65,88.0,100.0,No,No,21506,55883,8.0,0.0,8.0,1.789,0.000,2384,871,12.430,41.633,100.0,0.000,22.9,28.3,65.6,11.9,11.9,11.9,11.9,28.3,60.7,12.0,12.0,12.0,12.0,35.31,83.79,15.24,15.10,83.81,83.81,0.75,3.26,35.31,0.00,37.67,0,
1.2.2026,21:37:45.236,6404,1991,76.2,5430,2454,68.8,0.3,0.858,0.782,0.761,0.761,0.761,0.746,0.756,0.756,1.075,1.090,1.090,0.756,0.766,1865.4,1396.6,1995.1,1496.3,1496.3,1496.3,1496.3,1496.3,3391.7,997.6,3391.7,99.8,1795.6,530.6,1199.7,5.3,2393.5,4.5,6.8,7.2,912.6,868.8,756.9,175.7,26.0,9.7,674.8,21.8,28.9,0.0,58.3,4.7,0.0,4.8,48.0,50.0,52.1,8.8,5.4,0.0,58.3,21.8,100.0,49.6,94.0,0.3,194.7,0.3,0.7,0.7,103.7,97.2,91.6,8.6,2.7,1.0,49.6,18.7,14.0,20.0,15.0,15.0,15.0,15.0,15.0,34.0,10.0,34.0,18.0,52,49,48,55,55,55,55,51,52,52,52,48,51,52,45,45,45,45,49,48,48,48,55,55,No,No,No,No,No,No,No,No,No,No,No,No,No,No,No,No,No,No,No,No,No,No,No,No,No,No,No,No,No,No,No,No,No,No,No,No,56,56,49,54,0.222,0.000,0.000,0.000,0.000,0.000,0.000,0.000,1.200,5.313,16.632,12.830,0.020,24.417,3.056,0.254,0.124,45.0,40.0,55.0,55.0,3.000,300.0,4.9,0.0,0.0,0.0,0.0,638,0,0.0,0.0,0.0,0.0,20.8,35.7,0.2,60.2,0.1,0.3,0.3,44.0,46.2,48.9,12.9,1.0,0.3,13.8,39.5,31.7,0.0,0.0,47.0,4.6,15.2,0.0,0.0,0.0,58.2,0.0,8.0,99.6,99.7,8.9,47.2,33.6,86.8,98.9,99.6,11.9,23.9,0.0,1596.1,16.00,22,22,22,52,74,560,1,2,Yes,No,No,No,No,No,No,No,No,No,Yes,No,No,No,No,No,No,No,No,No,No,No,No,No,No,No,No,No,No,No,No,No,No,No,No,No,No,No,47.0,55,55,65,88.0,100.0,No,No,21506,55883,7.0,0.0,7.0,1.388,0.000,2384,871,12.430,41.633,100.0,0.000,22.9,25.4,65.6,9.2,8.6,8.5,8.5,25.4,60.6,9.2,8.6,8.6,8.6,39.34,109.25,15.24,15.10,117.28,117.28,0.80,4.30,39.34,0.00,40.36,0,
1.2.2026,21:37:45.341,6403,1993,76.2,5419,2465,68.7,0.3,1.113,1.149,1.088,1.103,1.153,1.103,1.103,1.097,1.097,1.097,1.137,1.028,0.766,3411.7,4289.5,4289.5,3192.2,3192.2,3192.2,3192.2,3192.2,3192.2,3192.2,3192.2,99.8,3691.0,514.9,1708.7,1.6,1781.5,2.3,9.5,4.4,1021.6,700.8,620.5,288.1,31.1,8.4,653.8,30.7,56.0,26.7,53.9,5.7,17.6,17.6,57.7,45.6,45.6,24.0,0.0,17.6,57.7,30.7,100.0,44.7,130.4,0.1,115.0,0.1,0.5,0.4,104.4,77.6,62.4,44.2,0.9,0.4,44.7,34.2,43.0,43.0,32.0,32.0,32.0,32.0,32.0,32.0,32.0,32.0,37.0,56,54,65,57,57,57,57,53,53,53,53,44,46,35,43,43,43,43,47,47,47,47,57,65,No,No,No,No,No,No,No,No,No,No,No,No,No,No,No,No,No,No,No,No,No,No,No,No,No,No,No,No,No,No,No,No,No,No,No,No,61,61,49,54,0.222,0.000,0.000,0.000,0.000,0.000,0.000,0.000,1.200,16.563,12.727,9.048,0.013,20.550,2.997,0.232,0.125,45.0,40.0,55.0,55.0,18.000,300.0,3.8,0.0,0.0,0.0,0.0,638,0,0.0,0.0,0.0,0.0,22.2,47.9,0.1,50.2,0.1,0.3,0.2,58.7,41.2,45.1,21.1,1.3,0.3,2.6,19.1,0.1,0.0,0.0,3.2,0.0,3.4,0.0,0.0,0.0,66.7,0.0,49.7,99.6,99.8,35.9,56.8,48.5,78.6,98.6,99.7,15.3,30.5,0.0,1596.1,16.00,22,22,22,52,74,560,1,2,Yes,No,No,No,No,No,No,No,No,No,Yes,No,No,No,No,No,No,No,No,No,No,No,No,No,No,No,No,No,No,No,No,No,No,No,No,No,No,No,47.0,55,55,63,88.0,100.0,No,No,21506,55883,10.3,9.9,20.1,1.282,18.971,2384,873,12.430,41.633,100.0,0.000,22.9,24.8,65.6,9.1,8.6,8.5,8.5,24.8,60.8,9.2,8.6,8.6,8.6,40.30,109.58,15.23,15.10,117.28,117.28,0.81,3.93,40.30,0.00,39.30,0,
1.2.2026,21:37:45.450,6403,1993,76.2,5423,2460,68.7,0.3,0.778,0.778,0.728,0.780,0.780,0.787,0.782,0.787,0.787,0.787,0.782,0.671,0.766,1616.0,1596.1,1695.9,1695.9,1695.9,1695.9,997.6,1695.9,1695.9,1695.9,1695.9,99.8,997.6,491.7,1161.5,2.4,2207.1,1.6,4.1,1.7,722.5,521.4,1076.9,22.0,22.1,157.3,577.8,17.4,26.8,0.0,54.3,0.0,0.0,0.0,35.2,33.5,58.6,0.0,0.0,0.0,58.6,17.4,100.0,46.0,85.6,0.1,186.4,0.2,0.9,0.1,84.0,55.1,116.0,2.8,4.4,16.5,46.0,16.2,16.0,17.0,17.0,17.0,17.0,10.0,17.0,17.0,17.0,17.0,10.0,52,48,48,55,55,55,55,51,51,51,51,48,52,52,45,45,45,45,49,49,49,49,54,55,No,No,No,No,No,No,No,No,No,No,No,No,No,No,No,No,No,No,No,No,No,No,No,No,No,No,No,No,No,No,No,No,No,No,No,No,54,54,49,54,0.222,0.000,0.000,0.000,0.000,0.000,0.000,0.000,1.200,12.500,15.458,11.844,0.017,23.269,2.878,0.238,0.121,45.0,40.0,55.0,55.0,16.000,300.0,4.7,0.0,0.0,0.0,0.0,638,0,0.8,0.0,0.0,0.0,22.2,29.2,0.2,51.8,0.1,0.2,0.1,34.5,38.1,62.4,0.8,0.7,5.0,2.6,34.0,31.2,0.0,0.0,20.6,0.0,5.1,0.0,0.0,0.0,66.7,0.0,16.9,99.8,99.9,42.5,60.8,30.5,99.1,99.2,94.9,15.3,34.6,0.0,1596.1,16.00,22,22,22,52,74,560,1,2,Yes,No,No,No,No,No,No,No,No,No,Yes,No,No,No,No,No,No,No,No,No,No,No,No,No,No,No,No,No,No,No,No,No,No,No,No,No,No,No,47.0,55,55,64,88.0,100.0,No,No,21506,55883,10.3,9.9,20.1,1.282,18.971,2384,873,12.430,41.633,100.0,0.000,22.9,24.8,65.6,9.1,8.6,8.5,8.5,24.8,60.8,9.2,8.6,8.6,8.6,40.30,109.58,15.23,15.10,117.28,117.28,0.81,3.93,40.30,0.00,39.30,0,
1.2.2026,21:37:45.562,6405,1990,76.2,5428,2456,68.8,0.3,1.095,1.106,1.092,1.107,1.092,1.082,1.084,1.084,1.084,1.109,1.109,1.031,0.766,3411.7,4289.5,4289.5,3192.2,3192.2,3192.2,3192.2,3192.2,3192.2,3192.2,3192.2,99.8,3691.0,778.1,1722.9,3.2,2590.9,1.3,5.6,5.4,1772.1,1810.4,1389.6,21.4,7.9,5.9,989.0,29.4,38.9,0.0,58.2,41.0,11.6,11.6,55.4,64.0,60.8,0.0,0.0,11.7,64.0,29.4,100.0,63.9,129.9,0.1,196.3,0.1,0.5,0.5,153.1,160.9,122.9,1.0,0.7,0.6,63.8,34.2,43.0,43.0,32.0,32.0,32.0,32.0,32.0,32.0,32.0,32.0,37.0,56,49,60,59,59,59,59,54,54,54,54,44,51,40,41,41,41,41,46,46,46,46,60,60,No,No,No,No,No,No,No,No,No,No,No,No,No,No,No,No,No,No,No,No,No,No,No,No,No,No,No,No,No,No,No,No,No,No,No,No,61,61,50,54,0.222,0.000,0.000,0.000,0.000,0.000,0.000,0.000,1.200,19.375,18.514,14.622,0.022,25.966,3.155,0.224,0.124,45.0,40.0,55.0,55.0,19.000,300.0,3.2,0.0,0.0,0.0,0.0,638,0,0.0,0.0,0.0,0.0,26.4,41.3,0.1,59.6,0.1,0.2,0.2,68.5,75.9,69.8,0.7,0.3,0.2,12.9,45.4,7.4,0.0,0.0,29.1,18.3,29.1,0.0,0.0,0.0,52.9,0.0,21.5,99.7,99.7,2.1,5.9,0.9,99.2,99.7,99.7,11.3,11.6,10.9,1596.1,16.00,22,22,22,52,74,560,1,2,Yes,No,No,No,No,No,No,No,No,No,Yes,No,No,No,No,No,No,No,No,No,No,No,No,No,No,No,No,No,No,No,No,No,No,No,No,No,No,No,47.0,55,55,65,88.0,100.0,No,No,21506,55883,9.1,0.0,9.1,2.227,0.000,2385,873,12.430,41.633,100.0,0.000,22.9,23.8,63.2,9.1,8.6,8.5,8.5,23.8,60.7,9.1,8.6,8.6,8.6,42.05,109.92,15.81,15.74,117.28,117.28,0.86,3.89,42.05,0.00,42.29,0,
1.2.2026,21:37:45.674,6406,1990,76.2,5428,2456,68.8,0.3,0.832,0.838,0.843,0.838,0.826,0.826,0.831,0.831,0.826,0.831,0.831,0.766,0.763,1586.1,1895.4,1995.1,997.6,997.6,997.6,997.6,1995.1,1995.1,1995.1,1995.1,99.8,1296.8,596.8,1928.0,1.8,1385.5,1.5,6.7,1.2,1379.8,412.7,1445.4,560.3,18.4,19.8,639.7,21.3,43.1,10.7,29.2,0.0,0.0,0.0,55.8,21.7,55.1,29.1,11.4,0.0,55.8,21.3,100.0,52.6,142.5,0.1,97.9,0.1,0.6,0.1,134.9,42.7,148.8,59.1,1.9,2.1,52.6,15.9,19.0,20.0,10.0,10.0,10.0,10.0,20.0,20.0,20.0,20.0,13.0,52,48,47,55,55,55,55,51,51,51,51,48,52,53,45,45,45,45,49,49,49,49,55,55,No,No,No,No,No,No,No,No,No,No,No,No,No,No,No,No,No,No,No,No,No,No,No,No,No,No,No,No,No,No,No,No,No,No,No,No,55,55,49,54,0.222,0.000,0.000,0.000,0.000,0.000,0.000,0.000,1.200,18.438,15.703,11.768,0.023,23.435,3.217,0.234,0.125,45.0,40.0,55.0,55.0,18.000,300.0,5.5,0.0,0.0,0.0,0.0,638,0,0.0,0.0,0.0,0.0,21.0,46.6,0.1,33.9,0.1,0.2,0.1,62.3,25.3,59.7,22.3,1.0,0.9,10.4,17.3,28.4,0.0,0.0,16.0,0.0,40.3,2.0,0.0,0.0,61.9,36.1,16.9,99.7,99.9,20.7,73.1,0.0,74.6,98.9,99.0,10.0,0.0,20.1,1596.1,16.00,22,22,22,52,74,560,1,2,Yes,No,No,No,No,No,No,No,No,No,Yes,No,No,No,No,No,No,No,No,No,No,No,No,No,No,No,No,No,No,No,No,No,No,No,No,No,No,No,47.0,55,55,65,88.0,100.0,No,No,21506,55883,9.1,0.0,9.1,2.227,0.000,2385,873,12.430,41.633,100.0,0.000,22.9,23.8,63.2,9.1,8.6,8.5,8.5,23.8,60.7,9.1,8.6,8.6,8.6,42.05,109.92,15.81,15.74,117.28,117.28,0.86,3.89,42.05,0.00,42.29,0,
1.2.2026,21:37:45.784,6407,1989,76.3,5428,2456,68.8,0.3,0.814,0.842,0.808,0.813,0.813,0.808,0.808,0.811,0.811,0.811,0.811,0.778,0.763,1975.2,2793.2,2693.4,1895.4,1895.4,1895.4,1895.4,997.6,1895.4,1895.4,1895.4,99.8,2194.6,625.8,1851.6,16.3,2012.3,2.1,5.9,3.5,1198.5,411.3,1507.8,417.7,8.1,74.1,687.7,24.1,38.9,36.0,45.0,0.0,11.8,11.7,60.3,4.4,64.5,0.0,0.0,16.7,64.5,24.1,100.0,52.8,130.7,1.2,150.7,0.1,0.6,0.3,119.0,36.6,146.0,39.8,0.8,8.2,52.9,19.8,28.0,27.0,19.0,19.0,19.0,19.0,10.0,19.0,19.0,19.0,22.0,54,53,51,56,56,56,56,53,53,53,53,46,47,49,44,44,44,44,47,47,47,47,56,56,No,No,No,No,No,No,No,No,No,No,No,No,No,No,No,No,No,No,No,No,No,No,No,No,No,No,No,No,No,No,No,No,No,No,No,No,56,56,49,54,0.222,0.000,0.000,0.000,0.000,0.000,0.000,0.000,1.200,12.188,16.988,13.054,0.017,24.589,3.216,0.233,0.122,45.0,40.0,55.0,55.0,13.000,300.0,3.5,0.0,0.0,0.0,0.0,638,0,0.0,0.0,0.0,0.0,23.4,43.6,0.5,47.8,0.1,0.2,0.1,65.2,22.6,72.8,22.1,0.3,5.7,16.7,34.2,18.6,0.0,0.0,27.4,32.5,27.4,27.4,0.0,0.0,50.6,4.1,6.1,99.7,99.8,6.9,44.8,0.0,50.3,99.6,94.2,21.9,16.9,26.9,1596.1,16.00,22,22,22,52,74,560,1,2,Yes,No,No,No,No,No,No,No,No,No,Yes,No,No,No,No,No,No,No,No,No,No,No,No,No,No,No,No,No,No,No,No,No,No,No,No,No,No,No,48.0,55,55,65,88.0,100.0,No,No,21506,55883,7.4,0.0,7.4,1.675,0.000,2385,873,12.430,41.633,100.0,0.000,22.9,22.7,61.6,8.8,8.6,8.5,8.5,22.8,60.7,8.8,8.6,8.6,8.6,43.96,113.68,16.24,16.22,117.28,117.28,0.91,4.29,42.77,0.00,46.61,0,
1.2.2026,21:37:45.895,6407,1989,76.3,5428,2456,68.8,0.3,1.105,1.087,1.089,1.154,1.099,1.088,1.108,1.108,1.108,1.105,1.105,1.028,0.766,3042.6,3790.7,4289.5,1795.6,1795.6,1795.6,3391.7,3391.7,3391.7,3391.7,3391.7,99.8,3192.2,392.1,1896.8,1.2,821.4,1.4,3.1,3.4,1144.9,37.6,784.6,4.1,3.2,3.2,488.7,15.5,43.3,0.0,0.0,0.0,0.0,0.0,89.7,13.1,17.2,11.0,11.0,1.1,89.7,15.5,100.0,34.0,163.8,0.1,54.8,0.1,0.3,0.3,120.7,4.1,63.4,0.4,0.3,0.3,34.0,30.5,38.0,43.0,18.0,18.0,18.0,34.0,34.0,34.0,34.0,34.0,32.0,55,53,48,62,62,62,62,51,51,51,51,45,47,52,38,38,38,38,49,49,49,49,56,62,No,No,No,No,No,No,No,No,No,No,No,No,No,No,No,No,No,No,No,No,No,No,No,No,No,No,No,No,No,No,No,No,No,No,No,No,56,56,50,54,0.222,0.000,0.000,0.000,0.000,0.000,0.000,0.000,1.200,16.250,11.564,8.169,0.005,18.544,2.764,0.164,0.124,45.0,40.0,55.0,55.0,18.000,300.0,2.0,0.0,0.0,0.0,0.0,638,0,0.0,0.0,0.0,0.0,17.9,62.9,0.1,23.0,0.1,0.1,0.1,93.4,2.5,31.7,0.1,0.1,0.1,10.6,29.3,47.3,0.0,0.0,6.5,0.0,22.8,0.0,0.0,0.0,64.4,0.0,1.6,99.8,99.8,0.1,97.5,45.3,99.8,99.8,99.8,17.4,7.6,27.3,1596.1,16.00,22,22,22,52,74,560,1,2,Yes,No,No,No,No,No,No,No,No,No,Yes,No,No,No,No,No,No,No,No,No,No,No,No,No,No,No,No,No,No,No,No,No,No,No,No,No,No,No,47.0,55,55,65,88.0,100.0,No,No,21506,55883,5.3,0.0,5.3,1.576,0.000,2385,873,12.430,41.633,100.0,0.000,22.9,21.7,61.6,8.8,8.6,8.5,8.5,21.7,60.7,8.8,8.6,8.6,8.6,46.03,113.85,16.23,16.22,117.28,117.28,0.91,4.64,46.03,0.00,49.30,0,
1.2.2026,21:37:46.009,6407,1989,76.3,5428,2456,68.8,0.3,0.812,0.838,0.801,0.811,0.801,0.806,0.806,0.816,0.821,0.821,0.806,0.768,0.763,1665.9,2593.7,2493.9,1895.4,997.6,1895.4,997.6,1895.4,997.6,997.6,1895.4,99.8,1995.1,700.1,3114.7,11.2,2296.8,6.5,9.5,6.2,1113.8,786.4,841.0,136.4,68.9,10.2,918.1,35.9,70.3,52.7,64.4,56.6,13.2,13.2,50.9,36.0,55.6,17.0,0.9,0.0,70.3,35.9,100.0,58.5,202.2,0.7,174.9,0.4,1.0,0.6,124.8,83.1,90.7,15.2,7.6,1.0,58.5,16.7,26.0,25.0,19.0,10.0,19.0,10.0,19.0,10.0,10.0,19.0,20.0,54,51,53,56,56,56,57,53,53,53,53,46,49,47,44,44,44,43,47,47,47,47,57,57,No,No,No,No,No,No,No,No,No,No,No,No,No,No,No,No,No,No,No,No,No,No,No,No,No,No,No,No,No,No,No,No,No,No,No,No,56,56,50,54,0.215,0.000,0.000,0.000,0.000,0.000,0.000,0.000,1.200,15.625,19.590,15.788,0.018,26.966,3.041,0.270,0.122,45.0,40.0,55.0,55.0,18.000,300.0,5.0,0.0,0.0,0.0,0.0,638,0,0.0,0.0,0.0,0.0,21.9,61.2,0.3,54.3,0.2,0.3,0.2,43.1,42.0,50.3,4.9,5.2,0.4,12.1,19.7,20.5,0.0,0.0,56.9,14.6,9.2,0.0,0.0,0.0,58.5,17.7,0.0,99.5,99.7,0.0,41.5,38.0,94.8,94.7,99.5,11.5,0.9,22.1,1596.1,16.00,22,22,22,52,74,560,1,2,Yes,No,No,No,No,No,No,No,No,No,Yes,No,No,No,No,No,No,No,No,No,No,No,No,No,No,No,No,No,No,No,No,No,No,No,No,No,No,No,47.0,55,55,64,88.0,100.0,No,No,21506,55883,7.3,0.0,7.3,3.549,0.000,2386,873,12.430,41.633,100.0,0.000,22.9,22.4,61.3,8.8,8.6,8.5,8.5,22.4,60.7,8.8,8.6,8.6,8.6,44.71,113.68,16.30,16.30,117.28,117.28,0.88,3.74,44.71,0.00,50.04,0,
1.2.2026,21:37:46.116,6407,1989,76.3,5428,2456,68.8,0.3,1.084,0.867,1.109,1.106,1.106,1.101,1.111,1.101,1.111,1.111,1.111,0.803,0.763,3291.9,3092.4,4289.5,3192.2,3192.2,3192.2,3192.2,3192.2,3192.2,3192.2,3192.2,99.8,2493.9,560.9,1686.3,1.7,1967.9,2.3,3.8,1.1,1312.7,453.0,1289.8,6.3,3.4,3.1,678.6,19.1,38.8,0.0,42.1,0.0,0.0,0.0,62.3,22.0,64.2,0.0,0.0,0.0,64.2,19.1,100.0,47.7,124.4,0.1,126.2,0.1,0.1,0.1,135.0,52.1,133.4,0.2,0.1,0.1,47.7,33.0,31.0,43.0,32.0,32.0,32.0,32.0,32.0,32.0,32.0,32.0,25.0,56,56,66,57,57,56,56,53,53,53,53,44,44,34,43,43,44,44,47,47,47,47,56,66,No,No,No,No,No,No,No,No,No,No,No,No,No,No,No,No,No,No,No,No,No,No,No,No,No,No,No,No,No,No,No,No,No,No,No,No,58,58,50,54,0.222,0.000,0.000,0.000,0.000,0.000,0.000,0.000,1.200,11.250,13.063,9.289,0.003,20.469,3.154,0.181,0.105,45.0,40.0,55.0,55.0,9.000,300.0,3.3,0.0,0.0,0.0,0.0,638,0,0.0,0.0,0.0,0.0,21.1,41.6,0.1,53.1,0.1,0.1,0.0,68.0,20.4,69.5,0.2,0.1,0.1,12.8,43.9,19.5,0.0,0.0,32.1,21.6,11.1,0.0,0.0,0.0,58.9,13.7,0.0,99.8,99.9,0.0,57.9,18.6,99.7,99.9,99.9,13.6,0.6,26.6,1596.1,16.00,22,22,22,52,74,560,1,2,Yes,No,No,No,No,No,No,No,No,No,Yes,No,No,No,No,No,No,No,No,No,No,No,No,No,No,No,No,No,No,No,No,No,No,No,No,No,No,No,47.0,55,55,66,88.0,100.0,No,No,21506,55883,6.9,0.0,6.9,3.273,0.000,2386,873,12.430,41.633,100.0,0.000,22.9,23.8,61.5,10.4,10.0,10.0,10.0,23.8,60.7,10.4,10.0,10.0,10.0,41.99,96.48,16.27,16.26,100.13,100.13,0.84,2.51,41.99,0.00,46.43,0,
1.2.2026,21:37:46.209,6406,1989,76.3,5428,2456,68.8,0.3,0.786,0.838,0.759,0.789,0.789,0.782,0.775,0.770,0.790,0.790,0.779,0.763,0.763,1596.1,1895.4,1895.4,1695.9,1695.9,1695.9,997.6,997.6,1695.9,1695.9,1695.9,99.8,1296.8,674.3,1827.1,2.2,3099.3,27.6,6.4,5.2,1086.2,950.9,938.0,116.6,22.9,9.2,875.6,28.3,43.0,21.5,74.8,21.7,0.0,0.0,45.3,40.1,47.3,24.0,22.0,0.0,74.8,28.3,100.0,58.0,138.3,0.1,250.5,1.2,0.8,0.4,110.2,80.8,99.8,11.0,2.2,0.9,58.0,16.0,19.0,19.0,17.0,17.0,17.0,10.0,10.0,17.0,17.0,17.0,13.0,56,49,51,55,55,55,55,53,53,53,53,44,51,49,45,45,45,45,47,47,47,47,56,66,No,No,No,No,No,No,No,No,No,No,No,No,No,No,No,No,No,No,No,No,No,No,No,No,No,No,No,No,No,No,No,No,No,No,No,No,55,55,49,54,0.222,0.000,0.000,0.000,0.000,0.000,0.000,0.000,1.200,13.125,18.514,14.797,0.013,25.823,2.944,0.269,0.125,45.0,40.0,55.0,55.0,8.000,300.0,3.3,0.0,0.0,0.0,0.0,638,0,0.0,0.0,0.0,0.0,21.1,41.6,0.1,53.1,0.1,0.1,0.0,68.0,20.4,69.5,0.2,0.1,0.1,12.8,43.9,19.5,0.0,0.0,32.1,21.6,11.1,0.0,0.0,0.0,58.9,13.7,0.0,99.8,99.9,0.0,57.9,18.6,99.7,99.9,99.9,13.6,0.6,26.6,1596.1,16.00,22,22,22,52,74,560,1,2,Yes,No,No,No,No,No,No,No,No,No,Yes,No,No,No,No,No,No,No,No,No,No,No,No,No,No,No,No,No,No,No,No,No,No,No,No,No,No,No,47.0,55,55,65,88.0,100.0,No,No,21506,55883,6.9,0.0,6.9,3.273,0.000,2386,873,12.430,41.633,100.0,0.000,22.9,23.8,61.5,10.4,10.0,10.0,10.0,23.8,60.7,10.4,10.0,10.0,10.0,41.99,96.48,16.27,16.26,100.13,100.13,0.84,2.51,41.99,0.00,46.43,0,
1.2.2026,21:37:46.320,6403,1993,76.2,5421,2463,68.7,0.3,1.128,1.211,1.095,1.125,1.140,1.125,1.128,1.115,1.115,1.115,1.109,1.033,0.766,3411.7,4289.5,4289.5,3192.2,3192.2,3192.2,3192.2,3192.2,3192.2,3192.2,3192.2,99.8,3691.0,663.6,1715.0,3.1,2380.0,6.2,4.5,5.3,1655.9,451.8,1545.0,152.4,39.6,5.1,777.7,30.2,36.4,41.1,48.1,41.1,21.5,21.5,55.5,16.4,59.8,0.0,0.0,20.5,59.8,30.2,100.0,51.6,121.6,0.1,156.7,0.1,0.1,0.1,145.4,43.9,142.3,7.0,1.7,0.1,51.6,34.2,43.0,43.0,32.0,32.0,32.0,32.0,32.0,32.0,32.0,32.0,37.0,57,51,70,57,57,57,57,55,55,55,55,43,49,30,43,43,43,43,45,45,45,45,69,70,No,No,No,No,No,No,No,No,No,No,No,No,No,No,No,No,No,No,No,No,No,No,No,No,No,No,No,No,No,No,No,No,No,No,No,No,67,67,50,54,0.222,0.000,0.000,0.000,0.000,0.000,0.000,0.000,1.200,20.000,16.704,12.757,0.011,23.746,3.268,0.196,0.135,45.0,40.0,55.0,55.0,21.000,300.0,3.6,0.0,0.0,0.0,0.0,638,0,0.0,0.0,0.0,0.0,22.1,42.2,0.1,56.7,0.2,0.2,0.2,67.8,20.4,69.3,5.7,2.0,0.2,16.6,57.7,43.3,0.0,0.0,24.9,24.6,15.1,0.0,0.0,0.0,56.8,0.1,0.0,99.7,99.7,6.8,55.0,14.8,94.1,97.9,99.7,0.0,0.0,0.0,1596.1,16.00,22,22,22,52,74,560,1,2,Yes,No,No,No,No,No,No,No,No,No,Yes,No,No,No,No,No,No,No,No,No,No,No,No,No,No,No,No,No,No,No,No,No,No,No,No,No,No,No,48.0,55,55,66,88.0,100.0,No,No,21506,55883,8.6,0.0,8.6,3.440,0.000,2387,873,12.430,41.633,100.0,0.000,22.9,24.2,61.5,10.4,10.0,10.0,10.0,24.2,60.4,10.4,10.0,10.0,10.0,41.29,96.57,16.27,16.26,100.13,100.13,0.77,2.77,41.29,0.00,49.30,0,
1.2.2026,21:37:46.429,6402,1993,76.2,5425,2459,68.8,0.3,0.979,0.701,0.954,0.984,0.984,0.974,0.974,1.040,1.050,1.045,1.080,0.648,0.763,2304.4,1496.3,3790.7,2693.4,2693.4,2693.4,2693.4,997.6,1496.3,1496.3,2992.7,99.8,997.6,781.4,2127.2,20.1,2708.6,17.3,135.8,54.0,1605.1,1206.3,1201.9,108.7,160.6,31.8,984.3,26.6,49.4,0.0,67.6,0.0,0.0,0.0,71.0,59.2,62.7,8.9,0.0,0.0,71.0,26.6,100.0,71.9,158.4,0.4,225.5,0.4,12.5,5.6,165.0,122.6,131.1,21.0,18.5,2.2,72.0,23.1,15.0,38.0,27.0,27.0,27.0,27.0,10.0,15.0,15.0,30.0,10.0,54,52,51,55,55,55,55,54,54,54,54,46,48,49,45,45,45,45,46,46,46,46,56,55,No,No,No,No,No,No,No,No,No,No,No,No,No,No,No,No,No,No,No,No,No,No,No,No,No,No,No,No,No,No,No,No,No,No,No,No,56,56,50,54,0.222,0.000,0.000,0.000,0.000,0.000,0.000,0.000,1.200,16.875,20.467,16.233,0.010,27.908,3.414,0.315,0.133,45.0,40.0,55.0,55.0,18.000,300.0,4.0,0.0,0.0,0.0,0.0,638,0,0.0,0.0,0.0,0.0,22.1,50.6,0.5,63.8,0.5,4.3,1.7,75.7,64.0,65.8,5.1,9.1,1.0,16.6,35.9,26.0,0.0,0.0,18.2,4.7,9.2,0.0,0.0,0.0,56.8,0.0,9.9,95.5,98.1,5.3,29.0,23.1,94.4,90.7,98.8,0.0,11.9,0.1,1596.1,16.00,22,22,22,52,74,560,1,2,Yes,No,No,No,No,No,No,No,No,No,Yes,No,No,No,No,No,No,No,No,No,No,No,No,No,No,No,No,No,No,No,No,No,No,No,No,No,No,No,48.0,55,55,66,88.0,100.0,No,No,21506,55883,8.6,0.0,8.6,3.440,0.000,2387,873,12.430,41.633,100.0,0.000,22.9,24.2,61.5,10.4,10.0,10.0,10.0,24.2,60.4,10.4,10.0,10.0,10.0,41.29,96.57,16.27,16.26,100.13,100.13,0.77,2.77,41.29,0.00,49.30,0,
1.2.2026,21:37:46.542,6408,1988,76.3,5427,2457,68.8,0.3,1.102,1.092,1.101,1.111,1.111,1.096,1.106,1.101,1.101,1.101,1.101,1.031,0.763,3192.2,4289.5,4289.5,3192.2,3192.2,3192.2,3192.2,997.6,3192.2,3192.2,3192.2,99.8,3691.0,556.0,2158.5,1.3,1547.4,1.3,4.1,1.0,1148.4,856.5,895.6,41.3,12.8,3.6,714.8,22.4,48.1,0.0,35.0,0.0,9.3,0.0,65.0,42.4,50.4,0.0,9.6,9.3,65.0,22.4,100.0,46.8,147.9,0.1,105.8,0.1,0.4,0.1,120.0,88.1,92.7,4.4,1.4,0.3,46.8,32.0,43.0,43.0,32.0,32.0,32.0,32.0,10.0,32.0,32.0,32.0,37.0,56,65,50,60,60,60,60,53,52,52,52,44,35,50,40,40,40,40,47,48,48,48,65,65,No,No,No,No,No,No,No,No,No,No,No,No,No,No,No,No,No,No,No,No,No,No,No,No,No,No,No,No,No,No,No,No,No,No,No,No,59,59,50,54,0.222,0.000,0.000,0.000,0.000,0.000,0.000,0.000,1.200,16.250,20.467,16.233,0.010,27.908,3.414,0.315,0.133,45.0,40.0,55.0,55.0,16.000,300.0,4.3,0.0,0.0,0.0,0.0,638,0,0.0,0.0,0.0,0.0,21.6,55.5,0.1,40.6,0.1,0.1,0.0,68.0,45.4,47.2,1.7,0.4,0.1,15.0,29.1,34.5,0.0,0.0,32.1,28.8,25.1,0.0,0.0,0.0,55.0,0.0,0.5,99.8,100.0,0.0,25.1,26.8,98.2,99.5,99.8,19.3,15.1,23.4,1596.1,16.00,22,22,22,52,74,560,1,2,Yes,No,No,No,No,No,No,No,No,No,Yes,No,No,No,No,No,No,No,No,No,No,No,No,No,No,No,No,No,No,No,No,No,No,No,No,No,No,No,48.0,55,55,65,88.0,100.0,No,No,21506,55883,7.0,0.0,7.0,1.110,0.000,2387,873,12.430,41.633,100.0,0.000,22.9,23.8,61.5,10.4,10.0,10.0,10.0,23.8,60.4,10.4,10.0,10.0,10.0,42.02,96.57,16.27,16.26,100.13,100.13,0.73,2.93,42.02,0.00,47.92,0,
1.2.2026,21:37:46.651,6408,1988,76.3,5429,2455,68.8,0.3,0.828,0.840,0.834,0.834,0.829,0.824,0.829,0.820,0.820,0.820,0.830,0.776,0.763,1945.2,2394.1,2094.9,1995.1,1995.1,1995.1,997.6,1995.1,1995.1,1995.1,1995.1,99.8,1795.6,573.4,1776.2,2.1,2422.4,2.2,1.4,1.6,1070.9,525.7,839.2,226.3,8.8,4.5,725.3,22.4,40.9,14.3,55.7,14.3,0.0,0.0,67.4,36.9,38.7,0.0,0.0,0.0,67.4,22.4,100.0,50.7,133.7,0.1,186.8,0.1,0.1,0.1,117.6,55.1,88.7,25.2,0.8,0.4,50.7,19.5,24.0,21.0,20.0,20.0,20.0,10.0,20.0,20.0,20.0,20.0,18.0,53,49,50,55,55,55,55,53,53,53,51,47,51,50,45,45,45,45,47,47,47,49,55,55,No,No,No,No,No,No,No,No,No,No,No,No,No,No,No,No,No,No,No,No,No,No,No,No,No,No,No,No,No,No,No,No,No,No,No,No,55,55,50,54,0.222,0.000,0.000,0.000,0.000,0.000,0.000,0.000,1.200,9.375,17.704,13.802,0.031,24.720,3.144,0.260,0.121,45.0,40.0,55.0,55.0,11.000,300.0,4.3,0.0,0.0,0.0,0.0,638,0,0.0,0.0,0.0,0.0,21.6,42.1,0.1,56.3,0.2,0.1,0.1,62.9,28.4,40.6,13.9,0.3,0.2,15.0,27.4,14.7,0.0,0.0,37.2,21.7,33.0,0.0,0.0,0.0,55.0,24.6,26.0,99.9,99.9,0.0,48.4,24.3,85.9,99.6,99.8,19.3,4.5,2.4,1596.1,16.00,22,22,22,52,74,560,1,2,Yes,No,No,No,No,No,No,No,No,No,Yes,No,No,No,No,No,No,No,No,No,No,No,No,No,No,No,No,No,No,No,No,No,No,No,No,No,No,No,48.0,55,55,65,88.0,100.0,No,No,21506,55883,7.0,0.0,7.0,1.110,0.000,2387,873,12.430,41.633,100.0,0.000,22.9,23.8,61.5,10.4,10.0,10.0,10.0,23.8,60.4,10.4,10.0,10.0,10.0,42.02,96.57,16.27,16.26,100.13,100.13,0.73,2.93,42.02,0.00,47.92,0,
1.2.2026,21:37:46.764,6409,1987,76.3,5430,2454,68.8,0.3,1.135,1.085,1.110,1.125,1.165,1.143,1.163,1.158,1.123,1.158,1.123,1.028,0.763,2952.8,4289.5,4289.5,3092.4,3092.4,3391.7,3391.7,997.6,1795.6,1795.6,3391.7,99.8,3691.0,488.8,1365.4,1.7,1992.7,2.0,1.2,1.7,1557.1,434.2,481.0,19.4,4.6,4.3,669.5,19.0,36.8,0.0,45.1,0.0,8.8,8.8,91.1,0.0,10.9,8.8,8.8,8.8,91.1,19.0,100.0,38.4,92.3,0.1,102.6,0.1,0.1,0.1,175.1,47.3,43.0,0.1,0.1,0.1,38.4,29.6,43.0,43.0,31.0,31.0,34.0,34.0,10.0,18.0,18.0,34.0,37.0,56,57,70,56,56,56,56,54,53,53,53,44,43,30,44,44,44,44,46,47,47,47,61,70,No,No,No,No,No,No,No,No,No,No,No,No,No,No,No,No,No,No,No,No,No,No,No,No,No,No,No,No,No,No,No,No,No,No,No,No,57,57,50,54,0.222,0.000,0.000,0.000,0.000,0.000,0.000,0.000,1.200,18.125,17.704,13.802,0.031,24.720,3.144,0.260,0.121,45.0,40.0,55.0,55.0,19.000,300.0,3.3,0.0,0.0,0.0,0.0,638,0,0.0,0.0,0.0,0.0,18.6,35.3,0.1,53.1,0.1,0.0,0.1,94.6,18.9,19.7,0.6,0.2,0.2,14.3,46.2,34.1,0.0,0.0,5.5,25.3,31.5,0.0,0.0,0.0,60.5,0.1,2.8,99.9,99.9,0.0,55.5,47.6,99.4,99.8,99.8,13.7,17.9,9.5,1596.1,16.00,22,22,22,52,74,560,1,2,Yes,No,No,No,No,No,No,No,No,No,Yes,No,No,No,No,No,No,No,No,No,No,No,No,No,No,No,No,No,No,No,No,No,No,No,No,No,No,No,48.0,55,55,66,88.0,100.0,No,No,21506,55883,6.7,0.0,6.7,1.433,0.000,2387,874,12.430,41.633,100.0,0.000,22.9,23.2,62.2,11.9,11.9,11.9,11.9,23.2,60.4,12.0,12.0,12.0,12.0,43.19,83.92,16.09,16.04,83.96,83.96,0.78,2.87,43.19,0.00,50.08,0,
1.2.2026,21:37:46.871,6410,1986,76.3,5430,2454,68.8,0.3,0.800,0.811,0.783,0.803,0.803,0.798,0.793,0.803,0.803,0.803,0.803,0.748,0.763,1885.4,2294.4,2294.4,1895.4,1895.4,1895.4,997.6,1895.4,1895.4,1895.4,1895.4,99.8,1695.9,594.9,2640.1,5.0,1816.5,1.9,9.7,9.4,1455.7,49.3,1026.7,95.3,16.6,12.9,748.5,27.7,61.1,32.4,55.3,3.4,0.0,0.0,75.0,39.7,47.5,18.0,0.0,0.0,75.0,27.7,100.0,54.1,201.6,0.3,179.5,0.1,0.8,0.8,154.0,4.7,93.1,10.7,1.7,1.4,54.1,18.9,23.0,23.0,19.0,19.0,19.0,10.0,19.0,19.0,19.0,19.0,17.0,54,52,51,57,57,57,57,53,53,53,53,46,48,49,43,43,43,43,47,47,47,47,57,57,No,No,No,No,No,No,No,No,No,No,No,No,No,No,No,No,No,No,No,No,No,No,No,No,No,No,No,No,No,No,No,No,No,No,No,No,56,56,50,54,0.222,0.000,0.000,0.000,0.000,0.000,0.000,0.000,1.200,16.563,19.513,15.473,0.014,26.120,3.299,0.266,0.124,45.0,40.0,55.0,55.0,17.000,300.0,3.0,0.0,0.0,0.0,0.0,638,0,0.0,0.0,0.0,0.0,20.0,60.8,0.2,44.6,0.1,0.3,0.3,70.5,2.6,56.9,3.1,0.5,0.4,7.8,18.2,23.4,0.0,0.0,29.5,0.0,7.1,0.0,0.0,0.0,66.5,7.6,31.9,99.5,99.6,0.0,97.1,33.3,96.6,99.3,99.5,6.0,12.0,0.0,1596.1,16.00,22,22,22,52,74,560,1,2,Yes,No,No,No,No,No,No,No,No,No,Yes,No,No,No,No,No,No,No,No,No,No,No,No,No,No,No,No,No,No,No,No,No,No,No,No,No,No,No,48.0,55,55,66,88.0,100.0,No,No,21506,55883,6.5,0.2,6.7,1.992,0.868,2388,874,12.430,41.633,100.0,0.000,22.9,22.8,62.2,10.3,10.0,9.9,9.9,22.8,60.3,10.4,10.0,10.0,10.0,43.95,97.05,16.09,16.04,100.53,100.53,0.77,2.96,43.95,0.00,50.80,0,
1.2.2026,21:37:46.982,6410,1986,76.3,5429,2454,68.8,0.3,1.081,1.175,0.935,0.950,0.952,1.152,1.132,1.157,1.117,1.117,1.117,1.028,0.766,3062.5,4588.8,3691.0,997.6,997.6,3391.7,3391.7,3391.7,3391.7,3391.7,3391.7,99.8,3691.0,441.3,1934.3,1.4,1379.1,1.6,1.1,1.0,1372.9,5.8,594.1,1.4,1.3,1.3,587.2,15.7,42.1,0.0,31.1,0.0,0.6,0.6,89.8,0.9,22.8,0.0,0.5,0.5,89.8,15.7,100.0,32.7,117.7,0.1,80.8,0.1,0.1,0.1,144.1,0.6,49.1,0.1,0.1,0.1,32.7,30.7,46.0,37.0,10.0,10.0,34.0,34.0,34.0,34.0,34.0,34.0,37.0,54,47,56,58,58,56,56,53,53,53,53,46,53,44,42,42,44,44,47,47,47,47,56,58,No,No,No,No,No,No,No,No,No,No,No,No,No,No,No,No,No,No,No,No,No,No,No,No,No,No,No,No,No,No,No,No,No,No,No,No,61,61,50,54,0.215,0.000,0.000,0.000,0.000,0.000,0.000,0.000,1.200,10.000,12.609,9.081,0.017,19.248,2.853,0.173,0.123,45.0,40.0,55.0,55.0,7.000,300.0,3.3,0.0,0.0,0.0,0.0,638,0,0.0,0.0,0.0,0.0,17.6,52.3,0.1,38.6,0.1,0.1,0.1,92.8,0.2,26.9,0.0,0.0,0.0,11.4,41.9,34.0,0.0,0.0,7.2,0.0,30.9,0.0,0.0,0.0,66.1,5.8,13.6,99.9,99.9,0.0,99.8,41.7,99.9,99.9,99.9,6.6,0.0,13.3,1596.1,16.00,22,22,22,52,74,560,1,2,Yes,No,No,No,No,No,No,No,No,No,Yes,No,No,No,No,No,No,No,No,No,No,No,No,No,No,No,No,No,No,No,No,No,No,No,No,No,No,No,48.0,55,55,67,88.0,100.0,No,No,21506,55883,9.8,1.2,11.0,2.322,0.882,2388,874,12.430,41.633,100.0,0.000,22.9,22.1,62.1,10.3,10.0,9.9,9.9,22.1,60.1,10.4,10.0,10.0,10.0,45.23,97.21,16.11,16.05,100.53,100.53,0.78,3.39,45.23,0.00,54.05,0,
1.2.2026,21:37:47.092,6411,1985,76.3,5433,2450,68.9,0.3,0.814,0.833,0.828,0.823,0.791,0.786,0.806,0.835,0.810,0.805,0.821,0.766,0.763,1865.4,2593.7,2493.9,1795.6,1795.6,1795.6,1795.6,997.6,1695.9,1695.9,1995.1,99.8,1995.1,627.7,2581.7,1.8,2748.1,1.7,16.0,6.6,1390.7,101.4,599.6,38.4,30.3,15.9,856.0,19.6,59.4,0.0,64.2,0.0,0.4,0.1,74.0,3.8,30.7,1.2,0.9,0.4,74.0,19.6,100.0,53.9,196.7,0.1,214.5,0.1,1.5,0.6,154.2,9.6,61.0,3.9,3.1,1.6,53.9,18.7,26.0,25.0,18.0,18.0,18.0,18.0,10.0,17.0,17.0,20.0,20.0,53,49,47,56,56,56,58,53,53,53,53,47,51,53,44,44,44,42,47,47,47,47,56,58,No,No,No,No,No,No,No,No,No,No,No,No,No,No,No,No,No,No,No,No,No,No,No,No,No,No,No,No,No,No,No,No,No,No,No,No,57,57,50,54,0.215,0.000,0.000,0.000,0.000,0.000,0.000,0.000,1.200,12.813,19.556,15.746,0.006,26.051,3.076,0.266,0.123,45.0,40.0,55.0,55.0,13.000,300.0,3.4,0.0,0.0,0.0,0.0,638,0,0.0,0.0,0.0,0.0,17.6,60.4,0.1,63.5,0.1,0.5,0.2,73.1,4.8,34.8,1.4,1.0,0.5,11.4,27.3,15.3,0.0,0.0,26.9,0.0,3.8,0.0,0.0,0.0,66.1,8.1,11.9,99.3,99.7,0.0,95.0,59.4,98.4,98.8,99.3,6.6,2.9,7.6,1596.1,16.00,22,22,22,52,74,560,1,2,Yes,No,No,No,No,No,No,No,No,No,Yes,No,No,No,No,No,No,No,No,No,No,No,No,No,No,No,No,No,No,No,No,No,No,No,No,No,No,No,48.0,55,55,65,88.0,100.0,No,No,21506,55883,9.8,1.2,11.0,2.322,0.882,2388,874,12.429,41.633,100.0,0.000,22.9,22.1,62.1,10.3,10.0,9.9,9.9,22.1,60.1,10.4,10.0,10.0,10.0,45.23,97.21,16.11,16.05,100.53,100.53,0.78,3.39,45.23,0.00,54.05,0,
1.2.2026,21:37:47.205,6412,1984,76.3,5432,2451,68.9,0.3,1.100,1.106,1.082,1.092,1.092,1.117,1.092,1.122,1.098,1.098,1.098,1.031,0.763,3411.7,4289.5,4289.5,3192.2,3192.2,3192.2,3192.2,3192.2,3192.2,3192.2,3192.2,99.8,3691.0,555.8,1821.9,1.6,2171.4,2.4,3.5,1.2,1459.9,22.8,1172.8,4.3,4.2,3.8,685.6,20.1,35.7,0.0,45.6,0.0,11.7,11.7,65.1,0.0,71.9,0.0,0.0,0.0,71.9,20.1,100.0,43.0,117.0,0.1,131.8,0.1,0.1,0.1,137.5,1.3,128.0,0.1,0.1,0.1,43.0,34.2,43.0,43.0,32.0,32.0,32.0,32.0,32.0,32.0,32.0,32.0,37.0,55,49,65,56,56,56,56,53,53,53,53,45,51,35,44,44,44,44,47,47,47,47,61,65,No,No,No,No,No,No,No,No,No,No,No,No,No,No,No,No,No,No,No,No,No,No,No,No,No,No,No,No,No,No,No,No,No,No,No,No,62,62,49,54,0.222,0.000,0.000,0.000,0.000,0.000,0.000,0.000,1.200,18.750,14.114,10.379,0.009,20.505,3.085,0.179,0.120,45.0,40.0,55.0,55.0,19.000,300.0,4.1,0.0,0.0,0.0,0.0,638,0,0.0,0.0,0.0,0.0,20.5,43.8,0.1,56.1,0.1,0.1,0.0,75.3,1.5,68.1,0.2,0.2,0.1,11.9,36.0,39.3,0.0,0.0,24.8,0.0,18.4,0.0,0.0,0.0,62.9,14.2,4.5,99.8,99.9,0.0,98.5,13.1,99.7,99.7,99.8,2.8,5.6,0.0,1596.1,16.00,22,22,22,52,74,560,1,2,Yes,No,No,No,No,No,No,No,No,No,Yes,No,No,No,No,No,No,No,No,No,No,No,No,No,No,No,No,No,No,No,No,No,No,No,No,No,No,No,47.0,55,55,65,88.0,100.0,No,No,21506,55883,4.7,12.1,16.8,1.377,23.890,2388,876,12.429,41.633,100.0,0.000,22.9,22.8,62.5,10.3,10.0,9.9,9.9,22.8,60.3,10.4,10.0,10.0,10.0,43.93,97.10,16.00,15.99,100.53,100.53,0.78,3.49,43.93,0.00,54.59,0,
1.2.2026,21:37:47.312,6384,2011,76.0,5422,2462,68.7,0.3,0.792,0.792,0.786,0.786,0.786,0.781,0.775,0.801,0.806,0.806,0.796,0.751,0.763,1685.9,1795.6,1995.1,1695.9,1695.9,1695.9,1695.9,1695.9,997.6,1795.6,1795.6,99.8,1197.1,604.9,1861.5,4.4,2761.5,5.5,5.8,3.8,1183.9,714.1,470.6,149.5,88.7,9.3,817.6,25.5,43.8,8.4,67.0,18.6,0.0,0.0,59.5,36.4,18.1,23.7,21.9,8.5,67.0,25.5,100.0,53.3,141.2,0.3,231.2,0.4,0.7,0.3,130.2,67.9,42.7,14.8,8.8,1.1,53.3,16.9,18.0,20.0,17.0,17.0,17.0,17.0,17.0,10.0,18.0,18.0,12.0,55,51,50,56,56,56,56,53,53,53,53,45,49,50,44,44,44,44,47,47,47,47,61,65,No,No,No,No,No,No,No,No,No,No,No,No,No,No,No,No,No,No,No,No,No,No,No,No,No,No,No,No,No,No,No,No,No,No,No,No,56,56,50,54,0.222,0.000,0.000,0.000,0.000,0.000,0.000,0.000,1.200,9.688,18.700,14.715,0.015,25.592,3.233,0.266,0.124,45.0,40.0,55.0,55.0,8.000,300.0,4.7,0.0,0.0,0.0,0.0,638,0,0.0,0.0,0.0,0.0,20.5,43.8,0.1,56.1,0.1,0.1,0.0,75.3,1.5,68.1,0.2,0.2,0.1,11.9,36.0,39.3,0.0,0.0,24.8,0.0,18.4,0.0,0.0,0.0,62.9,14.2,4.5,99.8,99.9,0.0,98.5,13.1,99.7,99.7,99.8,2.8,5.6,0.0,1596.1,16.00,22,22,22,52,74,560,1,2,Yes,No,No,No,No,No,No,No,No,No,Yes,No,No,No,No,No,No,No,No,No,No,No,No,No,No,No,No,No,No,No,No,No,No,No,No,No,No,No,47.0,55,55,67,88.0,100.0,No,No,21506,55883,4.7,12.1,16.8,1.377,23.890,2388,876,12.429,41.633,100.0,0.000,22.9,22.8,62.5,10.3,10.0,9.9,9.9,22.8,60.3,10.4,10.0,10.0,10.0,43.93,97.10,16.00,15.99,100.53,100.53,0.78,3.49,43.93,0.00,54.59,0,
1.2.2026,21:37:47.424,6406,1990,76.2,5421,2462,68.7,0.3,1.120,1.135,1.100,1.155,1.115,1.099,1.115,1.155,1.109,1.109,1.109,1.031,0.763,3361.8,4588.8,4289.5,997.6,3391.7,3391.7,3391.7,3391.7,3391.7,3391.7,3391.7,99.8,3691.0,517.1,1634.5,1.2,1303.7,1.3,1.0,1.4,1864.3,778.3,598.6,12.2,4.5,4.4,698.2,16.0,39.6,0.0,32.6,0.0,0.0,2.2,85.0,13.4,17.0,0.0,0.0,2.4,85.0,16.0,100.0,42.8,119.5,0.1,96.2,0.1,0.1,0.1,182.6,63.7,49.5,1.3,0.4,0.4,42.8,33.7,46.0,43.0,10.0,34.0,34.0,34.0,34.0,34.0,34.0,34.0,37.0,57,66,52,60,60,60,60,53,53,53,53,43,34,48,40,40,40,40,47,47,47,47,66,66,No,No,No,No,No,No,No,No,No,No,No,No,No,No,No,No,No,No,No,No,No,No,No,No,No,No,No,No,No,No,No,No,No,No,No,No,62,62,50,54,0.215,0.000,0.000,0.000,0.000,0.000,0.000,0.000,1.200,17.813,18.700,14.715,0.015,25.592,3.233,0.266,0.124,45.0,40.0,55.0,55.0,20.000,300.0,2.2,0.0,0.0,0.0,0.0,638,0,0.0,0.0,0.0,0.0,18.9,40.8,0.1,33.0,0.1,0.1,0.1,92.4,28.4,30.8,0.4,0.1,0.1,16.2,52.1,44.6,0.0,0.0,7.6,29.4,28.0,0.0,0.0,0.0,60.4,0.0,22.3,99.9,99.9,0.1,42.0,40.8,99.5,99.8,99.8,3.4,6.8,0.0,1596.1,16.00,22,22,22,52,74,560,1,2,Yes,No,No,No,No,No,No,No,No,No,Yes,No,No,No,No,No,No,No,No,No,No,No,No,No,No,No,No,No,No,No,No,No,No,No,No,No,No,No,48.0,55,55,67,88.0,100.0,No,No,21506,55883,7.0,0.0,7.0,1.366,0.000,2389,876,12.429,41.633,100.0,0.000,22.9,22.7,62.5,10.3,10.0,9.9,9.9,22.6,60.3,10.3,10.0,10.0,10.0,44.14,97.43,16.00,15.99,100.53,100.53,0.79,3.85,44.14,0.00,54.99,0,
1.2.2026,21:37:47.534,6394,2002,76.1,5434,2450,68.9,0.3,0.771,0.788,0.774,0.774,0.769,0.769,0.769,0.764,0.764,0.764,0.779,0.726,0.766,1616.0,1596.1,1695.9,1596.1,1596.1,1596.1,1596.1,1596.1,1596.1,1596.1,1695.9,99.8,997.6,642.1,2278.1,8.8,2027.2,6.2,27.7,5.7,1467.7,767.4,780.3,298.4,26.2,11.9,823.6,27.6,52.1,33.1,46.5,24.7,0.2,0.0,63.8,34.8,50.2,26.0,0.0,0.0,63.8,27.6,100.0,58.1,174.4,0.6,155.7,0.4,3.0,0.6,164.2,82.7,82.2,29.9,2.7,1.2,58.2,16.2,16.0,17.0,16.0,16.0,16.0,16.0,16.0,16.0,16.0,17.0,10.0,53,51,46,56,56,56,56,53,53,53,53,47,49,54,44,44,44,44,47,47,47,47,57,56,No,No,No,No,No,No,No,No,No,No,No,No,No,No,No,No,No,No,No,No,No,No,No,No,No,No,No,No,No,No,No,No,No,No,No,No,56,56,50,54,0.217,0.000,0.000,0.000,0.000,0.000,0.000,0.000,1.200,18.125,18.385,14.434,0.013,24.707,3.220,0.273,0.120,45.0,40.0,55.0,55.0,6.000,300.0,4.0,0.0,0.0,0.0,0.0,638,0,0.0,0.0,0.0,0.0,21.1,53.0,0.2,47.4,0.2,0.9,0.2,63.8,25.4,44.7,16.1,0.9,0.4,11.4,45.8,16.6,0.0,0.0,36.2,15.1,0.5,0.0,0.0,0.0,62.7,1.1,36.0,99.1,99.7,0.0,57.8,52.2,82.9,98.8,99.5,0.0,0.1,0.0,1596.1,16.00,22,22,22,52,74,560,1,2,Yes,No,No,No,No,No,No,No,No,No,Yes,No,No,No,No,No,No,No,No,No,No,No,No,No,No,No,No,No,No,No,No,No,No,No,No,No,No,No,48.0,55,55,65,88.0,100.0,No,No,21506,55883,10.8,0.0,10.8,2.845,0.000,2389,876,12.429,41.633,100.0,0.000,22.9,20.3,62.5,8.8,8.6,8.6,8.6,20.3,60.3,8.8,8.6,8.6,8.6,49.16,113.37,16.00,15.99,116.39,116.39,0.80,4.04,49.16,0.00,53.33,0,
1.2.2026,21:37:47.645,6395,2001,76.1,5434,2449,68.9,0.3,1.123,1.181,1.096,1.116,1.116,1.106,1.116,1.141,1.100,1.130,1.130,1.031,0.763,3601.2,4588.8,4289.5,3391.7,3391.7,3391.7,3391.7,3391.7,3391.7,3391.7,3391.7,99.8,3691.0,461.7,1135.4,1.6,1574.3,1.3,1.3,1.0,1094.6,522.5,605.2,597.8,4.0,1.2,541.5,15.1,30.1,0.0,19.5,0.0,6.6,6.6,59.9,5.1,29.4,10.1,6.8,6.6,59.9,15.1,100.0,38.3,86.8,0.1,59.4,0.1,0.1,0.1,101.6,68.4,72.6,70.3,0.5,0.1,38.3,36.1,46.0,43.0,34.0,34.0,34.0,34.0,34.0,34.0,34.0,34.0,37.0,56,61,56,57,57,57,57,53,53,53,53,44,39,44,43,43,43,43,47,47,47,47,61,61,No,No,No,No,No,No,No,No,No,No,No,No,No,No,No,No,No,No,No,No,No,No,No,No,No,No,No,No,No,No,No,No,No,No,No,No,63,63,50,54,0.222,0.000,0.000,0.000,0.000,0.000,0.000,0.000,1.200,17.500,18.385,14.434,0.013,24.707,3.220,0.273,0.120,45.0,40.0,55.0,55.0,19.000,300.0,4.4,0.0,0.0,0.0,0.0,638,0,0.0,0.0,0.0,0.0,19.0,35.3,0.1,42.3,0.1,0.0,0.0,70.9,20.3,34.2,25.0,0.1,0.0,9.7,19.0,4.0,0.0,0.0,29.2,16.1,10.1,18.3,0.0,0.0,63.0,37.8,17.6,99.9,99.9,0.0,63.1,54.8,56.6,99.8,99.9,21.0,7.4,34.6,1596.1,16.00,22,22,22,52,74,560,1,2,Yes,No,No,No,No,No,No,No,No,No,Yes,No,No,No,No,No,No,No,No,No,No,No,No,No,No,No,No,No,No,No,No,No,No,No,No,No,No,No,48.0,55,55,65,88.0,100.0,No,No,21506,55883,6.7,0.0,6.7,1.912,0.000,2389,876,12.429,41.633,100.0,0.000,22.9,20.3,62.2,8.8,8.6,8.6,8.6,20.3,60.4,8.8,8.6,8.6,8.6,49.19,113.37,16.07,16.00,116.39,116.39,0.79,4.14,49.19,0.00,58.37,0,
1.2.2026,21:37:47.754,6395,2001,76.1,5434,2449,68.9,0.3,0.816,0.791,0.811,0.815,0.815,0.810,0.815,0.823,0.828,0.828,0.823,0.736,0.766,1985.1,2094.9,2593.7,1795.6,1795.6,1795.6,1795.6,1995.1,1995.1,1995.1,1995.1,99.8,1496.3,576.7,2019.0,1.3,2957.4,2.1,1.8,1.6,773.8,50.7,1104.5,4.4,1.7,1.6,726.0,33.2,49.8,38.9,93.3,44.0,4.0,4.0,65.6,16.5,57.6,16.2,4.0,4.0,93.3,33.2,100.0,51.9,155.6,0.1,263.2,0.1,0.2,0.1,106.7,1.8,94.7,0.3,0.1,0.2,51.9,19.9,21.0,26.0,18.0,18.0,18.0,18.0,20.0,20.0,20.0,20.0,15.0,56,49,51,55,55,55,55,51,53,53,53,44,51,49,45,45,45,45,49,47,47,47,61,61,No,No,No,No,No,No,No,No,No,No,No,No,No,No,No,No,No,No,No,No,No,No,No,No,No,No,No,No,No,No,No,No,No,No,No,No,55,55,50,54,0.217,0.000,0.000,0.000,0.000,0.000,0.000,0.000,1.200,13.438,15.220,11.046,0.005,21.432,3.353,0.365,0.113,45.0,40.0,55.0,55.0,24.000,300.0,1.8,0.0,0.0,0.0,0.0,638,0,0.0,0.0,0.0,0.0,19.0,35.3,0.1,42.3,0.1,0.0,0.0,70.9,20.3,34.2,25.0,0.1,0.0,9.7,19.0,4.0,0.0,0.0,29.2,16.1,10.1,18.3,0.0,0.0,63.0,37.8,17.6,99.9,99.9,0.0,63.1,54.8,56.6,99.8,99.9,21.0,7.4,34.6,1596.1,16.00,22,22,22,52,74,560,1,2,Yes,No,No,No,No,No,No,No,No,No,Yes,No,No,No,No,No,No,No,No,No,No,No,No,No,No,No,No,No,No,No,No,No,No,No,No,No,No,No,48.0,55,55,65,88.0,100.0,No,No,21506,55883,6.7,0.0,6.7,1.912,0.000,2389,876,12.429,41.633,100.0,0.000,22.9,20.3,62.2,8.8,8.6,8.6,8.6,20.3,60.4,8.8,8.6,8.6,8.6,49.19,113.37,16.07,16.00,116.39,116.39,0.79,4.14,49.19,0.00,58.37,0,
1.2.2026,21:37:47.866,6397,1999,76.1,5438,2446,68.9,0.3,0.778,0.813,0.721,0.777,0.777,0.775,0.785,0.785,0.785,0.780,0.780,0.708,0.763,1496.3,1795.6,1695.9,1695.9,1695.9,997.6,1695.9,997.6,997.6,1695.9,1695.9,99.8,1197.1,828.3,1892.6,6.8,2977.4,26.2,4.8,4.4,1800.7,1670.7,1404.8,75.5,69.4,6.6,1047.9,24.0,45.4,0.0,71.4,0.0,0.0,0.0,60.1,53.7,57.1,0.0,0.0,0.0,71.4,24.0,100.0,69.9,142.0,0.4,228.1,1.6,0.4,0.4,162.5,153.8,133.3,7.8,7.3,0.6,69.9,15.0,18.0,17.0,17.0,17.0,10.0,17.0,10.0,10.0,17.0,17.0,12.0,54,51,50,55,55,56,56,53,53,53,53,46,49,50,45,45,44,44,47,47,47,47,56,56,No,No,No,No,No,No,No,No,No,No,No,No,No,No,No,No,No,No,No,No,No,No,No,No,No,No,No,No,No,No,No,No,No,No,No,No,55,55,50,54,0.222,0.000,0.000,0.000,0.000,0.000,0.000,0.000,1.200,3.750,18.922,14.893,0.018,25.581,3.262,0.278,0.124,45.0,40.0,55.0,55.0,3.000,300.0,5.0,0.0,0.0,0.0,0.0,638,0,0.0,0.0,0.0,0.0,27.4,49.6,0.2,72.4,0.6,0.2,0.2,71.6,64.3,64.6,2.7,2.4,0.2,16.2,49.3,26.7,0.0,0.0,28.6,24.8,32.5,0.0,0.0,0.0,50.9,1.0,0.9,99.7,99.7,0.0,10.9,3.0,97.0,97.4,99.6,0.0,0.0,0.0,1596.1,16.00,22,22,22,52,74,560,1,2,Yes,No,No,No,No,No,No,No,No,No,Yes,No,No,No,No,No,No,No,No,No,No,No,No,No,No,No,No,No,No,No,No,No,No,No,No,No,No,No,48.0,55,55,66,88.0,100.0,No,No,21506,55883,7.7,0.0,7.7,3.395,0.000,2390,876,12.429,41.633,100.0,0.000,22.9,22.4,62.2,9.1,8.6,8.6,8.6,22.4,60.5,9.1,8.6,8.6,8.6,44.69,109.63,16.08,16.00,116.39,116.39,0.77,3.63,44.69,0.00,48.36,0,
1.2.2026,21:37:47.977,6397,1999,76.1,5437,2447,68.9,0.3,1.118,1.101,1.140,1.140,1.160,1.115,1.115,1.125,1.090,1.100,1.090,1.031,0.763,3411.7,4289.5,4289.5,3192.2,3192.2,3192.2,3192.2,3192.2,3192.2,3192.2,3192.2,99.8,3691.0,390.4,1871.7,6.1,1524.2,5.5,4.0,3.8,647.3,19.3,580.3,8.1,8.3,6.1,510.2,30.3,48.5,47.6,43.5,33.3,18.4,18.4,52.4,8.4,37.7,18.5,18.5,18.4,52.4,30.3,100.0,30.0,127.1,0.4,90.4,0.3,0.4,0.3,73.5,0.7,65.1,0.4,0.4,0.4,30.0,34.2,43.0,43.0,32.0,32.0,32.0,32.0,32.0,32.0,32.0,32.0,37.0,57,62,64,58,58,58,58,53,53,53,53,43,38,36,42,42,42,42,47,47,47,47,62,64,No,No,No,No,No,No,No,No,No,No,No,No,No,No,No,No,No,No,No,No,No,No,No,No,No,No,No,No,No,No,No,No,No,No,No,No,57,57,50,54,0.222,0.000,0.000,0.000,0.000,0.000,0.000,0.000,1.200,14.063,18.922,14.893,0.018,25.581,3.262,0.278,0.124,45.0,40.0,55.0,55.0,15.000,300.0,3.4,0.0,0.0,0.0,0.0,638,0,0.0,0.0,0.0,0.0,14.8,51.6,0.2,46.4,0.2,0.1,0.1,45.9,0.7,31.9,0.3,0.3,0.2,10.2,25.6,31.9,0.0,0.0,44.4,0.0,0.0,0.0,0.0,0.0,69.5,0.0,21.7,99.8,99.8,9.3,99.2,66.2,99.6,99.6,99.7,10.9,21.9,0.0,1596.1,16.00,22,22,22,52,74,560,1,2,Yes,No,No,No,No,No,No,No,No,No,Yes,No,No,No,No,No,No,No,No,No,No,No,No,No,No,No,No,No,No,No,No,No,No,No,No,No,No,No,48.0,55,55,66,88.0,100.0,No,No,21506,55883,2.3,0.0,2.3,0.791,0.000,2390,876,12.429,41.633,100.0,0.000,22.9,22.8,62.2,9.1,8.6,8.6,8.6,22.8,60.5,9.1,8.6,8.6,8.6,43.94,109.63,16.08,16.00,116.39,116.39,0.79,3.51,43.94,0.00,45.36,0,
1.2.2026,21:37:48.091,6398,1997,76.2,5437,2447,68.9,0.3,1.115,1.120,1.116,1.106,1.106,1.096,1.106,1.101,1.101,1.146,1.146,1.031,0.763,3441.6,4289.5,4588.8,3192.2,3192.2,3192.2,3192.2,3192.2,3192.2,3192.2,3192.2,99.8,3691.0,566.4,2322.1,8.9,3151.6,6.7,9.5,9.0,903.2,29.2,305.9,16.7,23.3,11.2,805.0,11.5,48.0,0.0,76.4,0.0,0.0,0.0,13.3,0.0,0.0,0.0,0.0,0.0,76.4,11.5,100.0,48.2,191.5,0.6,250.5,0.5,0.8,0.8,91.3,4.3,32.5,2.0,2.7,1.2,48.2,34.5,43.0,46.0,32.0,32.0,32.0,32.0,32.0,32.0,32.0,32.0,37.0,56,53,53,60,60,60,60,54,54,54,54,44,47,47,40,40,40,40,46,46,46,46,66,60,No,No,No,No,No,No,No,No,No,No,No,No,No,No,No,No,No,No,No,No,No,No,No,No,No,No,No,No,No,No,No,No,No,No,No,No,64,64,50,54,0.222,0.000,0.000,0.000,0.000,0.000,0.000,0.000,1.200,15.000,10.995,7.759,0.012,16.895,2.580,0.168,0.122,45.0,40.0,55.0,55.0,17.000,300.0,7.0,0.0,0.0,0.0,0.0,638,0,0.0,0.0,0.0,0.0,14.6,58.1,0.2,71.8,0.1,0.3,0.3,31.4,1.0,10.7,0.6,0.8,0.4,7.1,12.5,26.9,0.0,0.0,31.4,0.0,0.0,0.0,0.0,0.0,72.0,0.3,1.2,99.6,99.6,34.7,98.8,87.8,99.2,99.0,99.5,13.4,26.7,0.0,1596.1,16.00,22,22,22,52,74,560,1,2,Yes,No,No,No,No,No,No,No,No,No,Yes,No,No,No,No,No,No,No,No,No,No,No,No,No,No,No,No,No,No,No,No,No,No,No,No,No,No,No,49.0,55,55,62,88.0,100.0,No,No,21506,55883,0.0,6.6,6.6,0.000,4.191,2390,876,12.429,41.633,100.0,0.000,22.9,24.4,60.9,9.2,8.6,8.6,8.6,24.4,60.8,9.2,8.6,8.6,8.6,40.98,108.92,16.42,16.42,116.39,116.39,0.78,2.67,40.98,0.00,40.15,0,
1.2.2026,21:37:48.199,6397,1998,76.1,5437,2447,68.9,0.3,0.753,0.670,0.707,0.760,0.760,0.760,0.760,0.775,0.780,0.780,0.780,0.631,0.763,1616.0,1396.6,1596.1,1596.1,1596.1,1596.1,1596.1,1695.9,1695.9,1695.9,1695.9,99.8,798.0,157.2,945.5,1.3,755.9,1.2,1.5,1.4,138.8,4.8,31.7,1.4,1.2,1.9,231.3,9.2,42.0,0.0,38.9,0.0,0.0,7.6,13.0,0.0,9.0,0.0,0.0,0.0,42.0,9.2,100.0,10.1,42.3,0.1,58.4,0.1,0.1,0.2,15.9,0.5,3.1,0.2,0.1,0.1,10.1,16.2,14.0,16.0,16.0,16.0,16.0,16.0,17.0,17.0,17.0,17.0,8.0,51,49,48,53,53,53,53,50,50,50,50,49,51,52,47,47,47,47,50,50,50,50,52,53,No,No,No,No,No,No,No,No,No,No,No,No,No,No,No,No,No,No,No,No,No,No,No,No,No,No,No,No,No,No,No,No,No,No,No,No,56,56,50,54,0.215,0.000,0.000,0.000,0.000,0.000,0.000,0.000,1.200,2.500,19.931,16.751,0.014,25.240,2.445,0.250,0.125,45.0,40.0,55.0,55.0,2.000,300.0,2.7,0.0,0.0,0.0,0.0,638,0,6.0,0.1,15.5,0.0,6.0,29.5,0.1,33.9,0.1,0.1,0.1,6.1,0.3,2.0,0.1,0.1,0.1,4.5,2.6,33.0,0.0,0.0,9.8,0.0,0.0,0.0,0.0,0.0,87.4,61.1,33.1,99.8,99.9,83.4,99.7,97.3,99.9,99.9,99.9,3.3,6.6,0.0,1596.1,16.00,22,22,22,52,74,560,1,2,Yes,No,No,No,No,No,No,No,No,No,Yes,No,No,No,No,No,No,No,No,No,No,No,No,No,No,No,No,No,No,No,No,No,No,No,No,No,No,No,48.0,55,55,61,88.0,100.0,No,No,21506,55883,0.0,0.0,0.0,0.000,0.000,2390,876,12.429,41.633,100.0,0.000,22.9,25.1,60.9,9.2,8.6,8.6,8.6,25.1,60.8,9.2,8.6,8.6,8.6,39.88,109.24,16.42,16.42,116.39,116.39,0.77,2.58,39.88,0.00,36.83,0,
1.2.2026,21:37:48.311,6397,1999,76.1,5437,2447,68.9,0.3,1.122,1.160,1.111,1.111,1.111,1.111,1.126,1.111,1.126,1.126,1.126,1.031,0.763,3441.6,4588.8,4289.5,3192.2,3192.2,3192.2,3192.2,3192.2,3192.2,3192.2,3192.2,99.8,3691.0,534.4,2727.9,18.6,2241.8,11.1,12.2,10.6,705.6,41.4,561.7,51.6,14.8,15.0,721.1,20.5,68.6,0.0,57.7,0.0,11.8,0.0,31.6,12.7,27.0,13.0,11.9,11.9,68.6,20.5,100.0,44.1,209.8,1.2,170.4,0.7,1.1,1.0,74.2,4.1,58.6,5.4,1.4,1.5,44.1,34.5,46.0,43.0,32.0,32.0,32.0,32.0,32.0,32.0,32.0,32.0,37.0,57,66,55,59,59,59,59,53,53,53,53,43,34,45,41,41,41,41,47,47,47,47,66,66,No,No,No,No,No,No,No,No,No,No,No,No,No,No,No,No,No,No,No,No,No,No,No,No,No,No,No,No,No,No,No,No,No,No,No,No,66,66,50,54,0.215,0.000,0.000,0.000,0.000,0.000,0.000,0.000,1.200,15.625,6.162,3.683,0.012,10.839,1.948,0.110,0.136,45.0,40.0,55.0,55.0,17.000,300.0,4.5,0.0,0.0,0.0,0.0,638,0,0.0,0.0,0.0,0.0,14.8,69.9,0.5,58.8,0.3,0.4,0.3,24.2,1.5,18.8,1.8,0.5,0.5,6.2,15.2,11.6,0.0,0.0,15.2,0.0,20.2,0.0,0.0,0.0,74.7,11.2,25.1,99.5,99.5,57.9,98.0,59.0,97.9,99.2,99.3,3.3,3.3,3.4,1596.1,16.00,22,22,22,52,74,560,1,2,Yes,No,No,No,No,No,No,No,No,No,Yes,No,No,No,No,No,No,No,No,No,No,No,No,No,No,No,No,No,No,No,No,No,No,No,No,No,No,No,47.0,55,55,60,88.0,100.0,No,No,21506,55883,0.0,0.0,0.0,0.000,0.000,2390,876,12.429,41.633,100.0,0.000,22.9,24.8,61.0,9.2,8.6,8.6,8.6,24.8,60.8,9.2,8.6,8.6,8.6,40.27,108.92,16.39,16.39,116.39,116.39,0.80,3.16,40.27,0.00,35.26,0,
1.2.2026,21:37:48.422,6391,2005,76.1,5421,2463,68.7,0.3,1.092,0.771,1.150,1.136,1.136,1.087,1.087,1.171,1.151,1.115,1.115,0.736,0.763,3222.1,2094.9,4588.8,3192.2,3192.2,3192.2,3192.2,3192.2,3192.2,3192.2,3192.2,99.8,1496.3,173.8,653.8,1.9,1091.8,1.9,1.7,1.4,156.8,1.2,172.2,1.2,1.1,1.1,238.8,6.0,22.4,0.0,33.0,0.0,0.0,10.9,5.3,0.0,0.0,0.0,0.0,0.0,33.0,6.0,100.0,12.5,48.9,0.1,63.8,0.1,0.1,0.1,15.9,0.1,20.7,0.1,0.1,0.1,12.5,32.3,21.0,46.0,32.0,32.0,32.0,32.0,32.0,32.0,32.0,32.0,15.0,53,48,61,55,55,55,55,51,51,51,51,47,52,39,45,45,45,45,49,49,49,49,54,61,No,No,No,No,No,No,No,No,No,No,No,No,No,No,No,No,No,No,No,No,No,No,No,No,No,No,No,No,No,No,No,No,No,No,No,No,55,55,50,54,0.222,0.000,0.000,0.000,0.000,0.000,0.000,0.000,1.200,2.813,17.053,14.019,0.012,22.228,2.324,0.234,0.109,45.0,40.0,55.0,55.0,2.000,300.0,3.3,0.0,0.0,0.0,0.0,638,0,4.3,0.2,26.2,0.0,7.2,25.0,0.1,41.3,0.1,0.1,0.0,7.5,0.0,12.7,0.0,0.0,0.0,3.4,6.4,11.5,0.0,0.0,9.0,0.0,7.0,0.0,0.0,0.0,79.7,24.1,10.7,99.9,99.9,83.0,99.9,79.5,99.9,99.9,100.0,39.7,43.4,35.9,1596.1,16.00,22,22,22,52,74,560,1,2,Yes,No,No,No,No,No,No,No,No,No,Yes,No,No,No,No,No,No,No,No,No,No,No,No,No,No,No,No,No,No,No,No,No,No,No,No,No,No,No,49.0,55,55,59,88.0,100.0,No,No,21506,55883,0.0,0.0,0.0,0.000,0.000,2390,876,12.429,41.633,100.0,0.000,22.9,26.8,61.0,9.2,8.7,8.6,8.6,26.8,60.8,9.2,8.6,8.6,8.6,37.31,108.42,16.39,16.39,116.39,116.39,0.77,3.03,37.31,0.00,33.78,0,
1.2.2026,21:37:48.538,6392,2004,76.1,5422,2462,68.7,0.3,1.118,1.133,1.079,1.104,1.104,1.092,1.106,1.146,1.146,1.156,1.116,1.028,0.763,3411.7,4289.5,4289.5,3192.2,3192.2,3192.2,3192.2,3192.2,3192.2,3192.2,3192.2,99.8,3691.0,534.6,1629.7,26.4,3819.4,14.6,13.2,11.9,358.2,57.8,421.7,20.5,18.2,23.4,741.4,19.2,38.0,46.3,87.7,22.2,0.0,0.0,10.8,1.3,22.8,0.3,0.1,0.3,87.7,19.2,100.0,42.3,124.3,1.9,291.9,1.0,1.2,1.1,35.9,5.4,39.4,1.8,1.6,2.1,42.3,34.2,43.0,43.0,32.0,32.0,32.0,32.0,32.0,32.0,32.0,32.0,37.0,54,51,57,55,55,55,55,54,54,54,54,46,49,43,45,45,45,45,46,46,46,46,56,57,No,No,No,No,No,No,No,No,No,No,No,No,No,No,No,No,No,No,No,No,No,No,No,No,No,No,No,No,No,No,No,No,No,No,No,No,67,67,49,54,0.215,0.000,0.000,0.000,0.000,0.000,0.000,0.000,1.200,15.625,4.956,2.775,0.008,9.039,1.706,0.107,0.126,45.0,40.0,55.0,55.0,18.000,300.0,4.9,0.0,0.0,0.0,0.0,638,0,0.0,0.0,0.0,0.0,13.2,39.0,0.6,86.7,0.3,0.4,0.4,12.5,1.9,14.5,0.7,0.6,0.8,4.3,13.9,6.5,0.0,0.0,9.5,0.0,13.0,0.0,0.0,0.0,74.7,0.0,6.7,99.5,99.5,76.2,97.8,70.7,99.0,99.2,99.0,22.5,45.0,0.0,1596.1,16.00,22,22,22,52,74,560,1,2,Yes,No,No,No,No,No,No,No,No,No,Yes,No,No,No,No,No,No,No,No,No,No,No,No,No,No,No,No,No,No,No,No,No,No,No,No,No,No,No,48.0,55,55,58,88.0,100.0,No,No,21506,55883,0.0,0.0,0.0,0.000,0.000,2390,876,12.429,41.633,100.0,0.000,22.9,26.9,61.0,12.0,12.0,12.0,12.0,26.9,60.8,12.0,12.0,12.0,12.0,37.17,83.07,16.39,16.39,83.20,83.20,0.75,2.97,37.17,0.00,29.37,0,
1.2.2026,21:37:48.643,6395,2001,76.1,5433,2451,68.9,0.3,0.892,0.781,0.885,0.885,0.880,0.895,0.920,0.910,0.925,0.920,0.920,0.736,0.766,2454.0,2194.6,3291.9,2294.4,2294.4,2294.4,2394.1,2394.1,2394.1,2493.9,2493.9,99.8,1496.3,156.0,540.5,1.2,502.2,1.1,1.1,1.2,402.1,3.5,415.2,1.5,1.1,1.1,181.6,6.4,25.3,0.0,17.2,0.0,0.0,0.0,16.6,0.0,17.2,0.0,0.0,0.0,25.3,6.4,100.0,13.4,42.3,0.1,32.4,0.1,0.1,0.1,45.3,0.3,40.2,0.1,0.1,0.1,13.4,24.6,22.0,33.0,23.0,23.0,23.0,24.0,24.0,24.0,25.0,25.0,15.0,53,49,51,55,55,55,55,52,52,52,52,47,51,49,45,45,45,45,48,48,48,48,54,55,No,No,No,No,No,No,No,No,No,No,No,No,No,No,No,No,No,No,No,No,No,No,No,No,No,No,No,No,No,No,No,No,No,No,No,No,55,55,50,54,0.222,0.000,0.000,0.000,0.000,0.000,0.000,0.000,1.200,7.188,17.899,15.054,0.016,23.170,2.121,0.230,0.119,45.0,40.0,55.0,55.0,4.000,300.0,1.2,0.0,0.0,0.0,0.0,638,0,1.6,0.0,4.0,1.3,8.3,29.7,0.1,24.5,0.0,0.0,0.0,20.0,0.2,25.4,0.1,0.0,0.0,7.0,34.8,24.3,0.0,0.0,7.4,0.0,3.0,0.0,0.0,0.0,77.9,0.0,37.5,99.9,99.9,71.6,99.7,70.0,99.9,99.9,99.9,23.6,34.3,13.0,1596.1,16.00,22,22,22,52,74,560,1,2,Yes,No,No,No,No,No,No,No,No,No,Yes,No,No,No,No,No,No,No,No,No,No,No,No,No,No,No,No,No,No,No,No,No,No,No,No,No,No,No,48.0,55,55,57,88.0,100.0,No,No,21506,55883,0.0,0.0,0.0,0.000,0.000,2390,876,12.429,41.633,100.0,0.000,22.9,27.8,61.0,12.7,12.2,12.1,12.1,27.8,60.8,12.6,12.1,12.0,12.0,35.97,78.83,16.39,16.39,82.69,82.69,0.74,2.84,35.97,0.00,27.14,0,
1.2.2026,21:37:48.753,6394,2001,76.1,5433,2451,68.9,0.3,1.109,1.116,1.086,1.096,1.096,1.141,1.136,1.126,1.096,1.096,1.096,1.031,0.763,3411.7,4289.5,4289.5,3192.2,3192.2,3192.2,3192.2,3192.2,3192.2,3192.2,3192.2,99.8,3691.0,616.3,2709.9,8.8,3226.9,1.4,10.9,2.7,878.2,52.9,461.5,14.5,12.9,15.2,861.5,21.7,63.7,31.5,75.6,0.0,2.2,2.0,28.5,15.6,22.1,14.6,2.3,2.4,75.6,21.7,100.0,50.4,209.0,0.6,245.0,0.1,1.0,0.2,88.9,5.4,50.9,1.4,1.2,1.4,50.4,34.2,43.0,43.0,32.0,32.0,32.0,32.0,32.0,32.0,32.0,32.0,37.0,56,53,62,57,57,57,57,53,53,53,53,44,47,38,43,43,43,43,47,47,47,47,62,62,No,No,No,No,No,No,No,No,No,No,No,No,No,No,No,No,No,No,No,No,No,No,No,No,No,No,No,No,No,No,No,No,No,No,No,No,61,61,50,54,0.222,0.000,0.000,0.000,0.000,0.000,0.000,0.000,1.200,15.000,4.601,2.315,0.010,10.139,1.712,0.118,0.125,45.0,40.0,55.0,55.0,17.000,300.0,7.5,0.0,0.0,0.0,0.0,638,0,0.0,0.0,0.0,0.0,15.9,63.9,0.3,75.0,0.0,0.3,0.1,30.0,1.7,18.0,0.6,0.4,0.5,6.0,25.6,0.6,0.0,0.0,16.8,0.0,16.9,0.0,0.0,0.0,72.5,2.6,14.9,99.5,99.9,50.1,97.9,62.4,99.2,99.4,99.3,7.7,6.9,8.6,1596.1,16.00,22,22,22,52,74,560,1,2,Yes,No,No,No,No,No,No,No,No,No,Yes,No,No,No,No,No,No,No,No,No,No,No,No,No,No,No,No,No,No,No,No,No,No,No,No,No,No,No,47.0,55,55,58,88.0,100.0,No,No,21506,55883,0.0,0.0,0.0,0.000,0.000,2390,876,12.429,41.633,100.0,0.000,22.9,28.5,60.9,12.7,12.1,12.0,12.0,28.5,60.7,12.7,12.1,12.0,12.0,35.13,78.90,16.43,16.39,83.44,83.44,0.74,2.64,35.13,0.00,26.01,0,
1.2.2026,21:37:48.868,6394,2001,76.1,5433,2450,68.9,0.3,1.094,0.859,1.129,1.099,1.099,1.099,1.104,1.125,1.130,1.140,1.155,0.786,0.766,2912.9,2294.4,4588.8,3192.2,3192.2,3192.2,3192.2,997.6,2094.9,3192.2,3192.2,99.8,2094.9,140.5,320.2,2.2,915.0,2.3,1.6,1.2,337.8,13.5,88.2,1.1,1.2,1.5,199.2,5.2,7.7,0.0,29.7,7.1,0.0,0.0,17.8,0.0,0.0,0.0,0.0,0.0,29.7,5.2,100.0,11.7,27.2,0.1,61.4,0.1,0.1,0.1,38.6,1.4,11.4,0.1,0.1,0.1,11.7,29.2,23.0,46.0,32.0,32.0,32.0,32.0,10.0,21.0,32.0,32.0,21.0,52,48,56,54,54,54,54,51,51,51,52,48,52,44,46,46,46,46,49,49,49,48,55,56,No,No,No,No,No,No,No,No,No,No,No,No,No,No,No,No,No,No,No,No,No,No,No,No,No,No,No,No,No,No,No,No,No,No,No,No,54,54,50,54,0.222,0.000,0.000,0.000,0.000,0.000,0.000,0.000,1.200,1.250,18.124,15.153,0.026,23.294,2.242,0.229,0.115,45.0,40.0,55.0,55.0,1.000,300.0,3.5,0.0,0.0,0.0,0.0,638,0,11.3,0.1,11.9,0.0,6.7,14.7,0.1,37.2,0.1,0.1,0.0,22.3,0.6,4.7,0.0,0.0,0.0,4.2,20.1,3.8,0.0,0.0,10.1,0.0,7.8,0.0,0.0,0.0,79.4,9.0,33.1,99.9,99.9,66.6,99.3,86.2,99.9,99.9,99.9,39.8,54.5,25.0,1596.1,16.00,22,22,22,52,74,560,1,2,Yes,No,No,No,No,No,No,No,No,No,Yes,No,No,No,No,No,No,No,No,No,No,No,No,No,No,No,No,No,No,No,No,No,No,No,No,No,No,No,48.0,55,55,58,88.0,100.0,No,No,21506,55883,0.0,0.0,0.0,0.000,0.000,2390,876,12.429,41.633,100.0,0.000,22.9,28.4,61.6,12.6,12.0,12.0,12.0,28.4,60.8,12.6,12.1,12.0,12.0,35.18,79.07,16.24,16.20,83.44,83.44,0.75,2.54,35.18,0.00,25.21,0,
1.2.2026,21:37:48.963,6395,2001,76.1,5434,2450,68.9,0.3,0.876,0.862,0.869,0.874,0.874,0.864,0.884,0.879,0.884,0.884,0.884,0.831,0.763,2623.6,3291.9,3291.9,2394.1,2394.1,2394.1,2493.9,2493.9,2493.9,2493.9,2493.9,99.8,2693.4,538.6,2163.7,9.3,3098.1,1.9,12.6,10.4,779.9,118.2,221.3,22.6,12.6,12.2,774.3,15.5,49.6,12.9,72.0,0.3,0.6,0.5,24.7,15.8,7.7,0.9,0.6,0.6,72.0,15.5,100.0,43.7,164.0,0.7,241.0,0.2,1.2,1.0,78.8,12.3,20.7,2.1,1.1,1.1,43.7,26.3,33.0,33.0,24.0,24.0,24.0,25.0,25.0,25.0,25.0,25.0,27.0,55,54,51,57,58,58,58,53,53,53,53,45,46,49,43,42,42,42,47,47,47,47,57,58,No,No,No,No,No,No,No,No,No,No,No,No,No,No,No,No,No,No,No,No,No,No,No,No,No,No,No,No,No,No,No,No,No,No,No,No,65,65,50,54,0.222,0.000,0.000,0.000,0.000,0.000,0.000,0.000,1.200,19.063,4.769,2.506,0.006,9.815,1.719,0.115,0.126,45.0,40.0,55.0,55.0,20.000,300.0,4.6,0.0,0.0,0.0,0.0,638,0,0.0,0.0,0.0,0.0,13.7,50.7,0.2,71.0,0.1,0.4,0.3,27.3,3.8,9.1,0.8,0.5,0.4,7.5,15.4,12.2,0.0,0.0,39.8,0.0,7.8,0.0,0.0,0.0,70.9,0.0,6.2,99.4,99.6,30.1,95.9,80.2,98.9,99.3,99.4,20.2,30.8,9.6,1596.1,16.00,22,22,22,52,74,560,1,2,Yes,No,No,No,No,No,No,No,No,No,Yes,No,No,No,No,No,No,No,No,No,No,No,No,No,No,No,No,No,No,No,No,No,No,No,No,No,No,No,47.0,55,55,57,88.0,100.0,No,No,21506,55883,0.0,0.0,0.0,0.000,0.000,2390,876,12.429,41.633,100.0,0.000,22.9,28.4,61.6,12.6,12.0,12.0,12.0,28.4,60.5,12.6,12.1,12.0,12.0,35.18,79.07,16.24,16.20,83.44,83.44,0.76,2.76,35.18,0.00,25.16,0,
1.2.2026,21:37:49.073,6395,2001,76.1,5434,2450,68.9,0.3,0.820,0.823,0.795,0.830,0.830,0.812,0.827,0.827,0.822,0.818,0.818,0.776,0.766,2074.9,2194.6,2394.1,2094.9,2094.9,1995.1,1995.1,1995.1,1995.1,1995.1,1995.1,99.8,1695.9,151.8,456.6,1.3,444.2,1.4,1.2,1.1,490.0,1.1,421.0,1.4,1.2,1.2,174.6,8.4,19.4,11.5,22.0,0.0,0.0,0.0,26.5,0.0,21.3,0.0,0.0,0.0,26.5,8.4,100.0,13.5,33.6,0.1,32.2,0.1,0.1,0.1,49.3,0.1,46.3,0.1,0.1,0.1,13.5,20.8,22.0,24.0,21.0,21.0,20.0,20.0,20.0,20.0,20.0,20.0,17.0,51,47,48,53,53,53,53,51,51,51,51,49,53,52,47,47,47,47,49,49,49,49,53,53,No,No,No,No,No,No,No,No,No,No,No,No,No,No,No,No,No,No,No,No,No,No,No,No,No,No,No,No,No,No,No,No,No,No,No,No,55,55,49,54,0.222,0.000,0.000,0.000,0.000,0.000,0.000,0.000,1.200,2.813,17.937,14.806,0.009,22.989,2.435,0.231,0.121,45.0,40.0,55.0,55.0,1.000,300.0,3.7,0.0,0.0,0.0,0.0,638,0,4.8,0.7,13.5,0.0,8.3,21.8,0.1,24.5,0.1,0.1,0.1,30.2,0.1,23.0,0.1,0.1,0.1,1.6,5.8,6.1,0.0,0.0,1.9,0.0,2.6,0.0,0.0,0.0,77.3,0.0,35.0,99.9,99.9,65.6,99.9,72.7,99.9,99.9,99.9,51.4,69.6,33.3,1596.1,16.00,22,22,22,52,74,560,1,2,No,No,No,No,No,No,No,No,No,No,No,No,No,No,No,No,No,No,No,No,No,No,No,No,No,No,No,No,No,No,No,No,No,No,No,No,No,No,47.0,55,55,57,88.0,100.0,No,No,21506,55883,0.0,0.0,0.0,0.000,0.000,2390,876,12.429,41.633,100.0,0.000,22.9,27.9,61.6,12.6,12.0,12.0,12.0,27.9,60.5,12.6,12.1,12.0,12.0,35.79,79.07,16.24,16.20,83.44,83.44,0.75,2.86,35.79,0.00,25.73,0,
1.2.2026,21:37:49.192,6394,2001,76.1,5434,2450,68.9,0.3,0.791,0.815,0.793,0.793,0.788,0.788,0.798,0.796,0.786,0.791,0.761,0.756,0.766,1745.7,2394.1,2294.4,1596.1,1596.1,1596.1,1596.1,1596.1,1596.1,1596.1,1596.1,99.8,1795.6,522.4,1971.6,12.5,2916.7,6.3,13.9,11.5,958.1,22.5,312.9,15.7,13.5,13.6,739.1,17.2,51.7,0.0,71.6,10.9,0.0,0.0,40.5,11.4,20.4,0.0,0.0,0.0,71.6,17.2,100.0,43.4,149.7,0.8,224.1,0.4,1.4,1.2,104.6,2.2,31.8,1.6,1.3,1.3,43.4,17.5,24.0,23.0,16.0,16.0,16.0,16.0,16.0,16.0,16.0,16.0,18.0,54,48,51,58,58,58,58,53,53,52,52,46,52,49,42,42,42,42,47,47,48,48,57,58,No,No,No,No,No,No,No,No,No,No,No,No,No,No,No,No,No,No,No,No,No,No,No,No,No,No,No,No,No,No,No,No,No,No,No,No,60,60,49,54,0.222,0.000,0.000,0.000,0.000,0.000,0.000,0.000,1.200,15.000,4.357,1.939,0.001,9.177,1.893,0.113,0.124,45.0,40.0,55.0,55.0,16.000,300.0,6.6,0.0,0.0,0.0,0.0,638,0,0.3,0.1,0.0,0.0,13.8,47.1,0.4,68.9,0.2,0.5,0.4,33.8,0.8,12.2,0.6,0.5,0.5,7.0,16.2,11.6,0.0,0.0,24.1,0.0,17.7,0.0,0.0,0.0,72.5,5.6,16.8,99.4,99.5,39.2,98.9,67.6,99.2,99.3,99.3,15.3,28.5,2.1,1596.1,16.00,22,22,22,52,74,560,1,2,Yes,No,No,No,No,No,No,No,No,No,Yes,No,No,No,No,No,No,No,No,No,No,No,No,No,No,No,No,No,No,No,No,No,No,No,No,No,No,No,48.0,55,55,57,88.0,100.0,No,No,21506,55883,0.0,0.0,0.0,0.000,0.000,2390,876,12.429,41.633,100.0,0.000,22.9,28.4,61.3,12.6,12.0,12.0,12.0,28.4,60.5,12.6,12.1,12.0,12.0,35.16,79.07,16.30,16.21,83.44,83.44,0.73,2.39,35.16,0.00,25.60,0,
1.2.2026,21:37:49.296,6394,2002,76.1,5434,2450,68.9,0.3,1.129,1.144,1.112,1.127,1.127,1.142,1.142,1.106,1.151,1.106,1.136,1.031,0.766,3441.6,4588.8,4289.5,3192.2,3192.2,3192.2,3192.2,3192.2,3192.2,3192.2,3192.2,99.8,3691.0,266.2,1296.5,2.1,1381.6,1.5,1.5,1.3,387.4,1.0,117.2,1.5,1.5,1.6,384.1,11.0,40.8,0.0,40.2,5.5,5.5,5.5,17.3,0.0,0.0,5.5,5.5,5.5,40.8,11.0,100.0,20.2,99.5,0.1,88.9,0.1,0.1,0.1,40.2,0.1,12.8,0.1,0.1,0.1,20.2,34.5,46.0,43.0,32.0,32.0,32.0,32.0,32.0,32.0,32.0,32.0,37.0,55,62,62,56,56,56,56,51,51,51,51,45,38,38,44,44,44,44,49,49,49,49,62,62,No,No,No,No,No,No,No,No,No,No,No,No,No,No,No,No,No,No,No,No,No,No,No,No,No,No,No,No,No,No,No,No,No,No,No,No,55,55,50,54,0.222,0.000,0.000,0.000,0.000,0.000,0.000,0.000,1.200,1.875,17.503,14.314,0.020,22.414,2.476,0.226,0.123,45.0,40.0,55.0,55.0,1.000,300.0,3.0,0.0,0.0,0.0,0.0,638,0,2.7,0.4,1.0,0.0,10.7,46.4,0.1,49.0,0.1,0.1,0.1,24.3,0.0,7.6,0.1,0.1,0.1,1.7,16.5,0.0,0.0,0.0,0.1,0.0,0.0,0.0,0.0,0.0,81.1,12.4,35.1,99.9,99.9,73.5,99.9,90.7,99.9,99.9,99.9,19.4,23.5,15.4,1596.1,16.00,22,22,22,52,74,560,1,2,Yes,No,No,No,No,No,No,No,No,No,Yes,No,No,No,No,No,No,No,No,No,No,No,No,No,No,No,No,No,No,No,No,No,No,No,No,No,No,No,49.0,55,55,58,88.0,100.0,No,No,21506,55883,0.0,1.1,1.1,0.000,0.033,2390,876,12.429,41.633,100.0,0.000,22.9,28.4,61.8,12.6,12.0,12.0,12.0,28.4,60.5,12.6,12.1,12.0,12.0,35.20,79.07,16.18,16.17,83.44,83.44,0.74,2.33,35.20,0.00,22.67,0,
1.2.2026,21:37:49.406,6367,2029,75.8,5418,2466,68.7,0.3,0.925,0.913,0.910,0.880,0.935,0.935,0.935,0.935,0.935,0.935,0.935,0.856,0.763,2783.2,3491.5,3591.2,2593.7,2593.7,2593.7,2593.7,2593.7,2593.7,2593.7,2593.7,99.8,2892.9,571.0,2770.9,24.2,2760.0,2.9,10.6,5.2,1101.2,38.7,88.9,18.0,17.9,13.5,839.2,21.2,65.3,17.3,67.8,0.0,0.0,0.0,37.2,17.9,8.8,17.5,17.5,5.5,67.8,21.2,100.0,47.3,212.1,1.2,221.9,0.1,1.0,0.5,114.3,3.7,8.0,1.6,1.6,1.3,47.3,27.9,35.0,36.0,26.0,26.0,26.0,26.0,26.0,26.0,26.0,26.0,29.0,54,52,53,56,56,56,56,53,53,53,53,46,48,47,44,44,44,44,47,47,47,47,55,56,No,No,No,No,No,No,No,No,No,No,No,No,No,No,No,No,No,No,No,No,No,No,No,No,No,No,No,No,No,No,No,No,No,No,No,No,65,65,50,54,0.222,0.000,0.000,0.000,0.000,0.000,0.000,0.000,1.200,15.938,7.001,3.972,0.014,12.407,2.425,0.118,0.116,45.0,40.0,55.0,55.0,16.000,300.0,5.8,0.0,0.0,0.0,0.0,638,0,0.0,0.0,0.0,0.0,14.6,64.3,0.6,64.6,0.1,0.4,0.2,36.4,1.2,4.8,0.8,0.7,0.5,6.7,16.5,19.0,0.0,0.0,31.1,0.0,0.0,0.0,0.0,0.0,74.6,12.0,16.3,99.5,99.8,30.4,98.4,93.2,98.8,98.9,99.2,3.3,6.6,0.0,1596.1,16.00,22,22,22,52,74,560,1,2,Yes,No,No,No,No,No,No,No,No,No,Yes,No,No,No,No,No,No,No,No,No,No,No,No,No,No,No,No,No,No,No,No,No,No,No,No,No,No,No,48.0,55,55,57,88.0,100.0,No,No,21506,55883,0.0,60.3,60.3,0.000,20.178,2390,878,12.429,41.633,100.0,0.000,22.9,29.5,62.2,13.4,12.1,12.0,12.0,29.5,60.5,13.5,12.1,12.0,12.0,33.91,74.36,16.07,16.03,83.44,83.44,0.73,2.34,33.91,0.00,22.20,0,
1.2.2026,21:37:49.517,6387,2009,76.0,5417,2466,68.7,0.3,1.136,1.127,1.116,1.171,1.186,1.126,1.126,1.126,1.151,1.121,1.116,1.031,0.766,3411.7,4289.5,4289.5,3192.2,3192.2,3192.2,3192.2,3192.2,3192.2,3192.2,3192.2,99.8,3691.0,160.8,485.0,1.8,1183.2,2.1,2.0,1.7,228.5,1.4,19.1,2.1,1.6,1.5,238.2,6.0,15.2,0.0,46.8,0.0,0.0,0.0,9.7,0.0,0.0,0.0,0.0,0.0,46.8,6.0,100.0,13.0,35.9,0.1,94.1,0.1,0.1,0.1,23.4,0.1,1.5,0.1,0.2,0.1,13.0,34.2,43.0,43.0,32.0,32.0,32.0,32.0,32.0,32.0,32.0,32.0,37.0,53,47,60,54,54,54,54,51,51,51,51,47,53,40,46,46,46,46,49,49,49,49,61,60,No,No,No,No,No,No,No,No,No,No,No,No,No,No,No,No,No,No,No,No,No,No,No,No,No,No,No,No,No,No,No,No,No,No,No,No,55,55,49,54,0.215,0.000,0.000,0.000,0.000,0.000,0.000,0.000,1.200,1.875,18.753,15.667,0.022,23.723,2.372,0.226,0.123,45.0,40.0,55.0,55.0,2.000,300.0,3.1,0.0,0.0,0.0,0.0,638,0,9.0,0.1,11.0,0.0,6.5,17.5,0.1,47.1,0.1,0.1,0.1,11.6,0.0,1.5,0.1,0.1,0.0,1.3,13.0,0.0,0.0,0.0,0.0,0.0,0.0,0.0,0.0,0.0,84.6,9.1,52.8,99.9,99.9,87.2,99.9,97.7,99.9,99.9,99.9,29.3,58.6,0.0,1596.1,16.00,22,22,22,52,74,560,1,2,Yes,No,No,No,No,No,No,No,No,No,Yes,No,No,No,No,No,No,No,No,No,No,No,No,No,No,No,No,No,No,No,No,No,No,No,No,No,No,No,47.0,55,55,58,88.0,100.0,No,No,21506,55883,0.0,0.0,0.0,0.000,0.000,2390,878,12.429,41.633,100.0,0.000,22.9,29.5,62.2,13.4,12.1,12.0,12.0,29.5,60.5,13.4,12.1,12.0,12.0,33.94,74.69,16.07,16.03,83.44,83.44,0.74,2.68,33.94,0.00,23.02,0,
1.2.2026,21:37:49.636,6387,2008,76.0,5418,2465,68.7,0.3,0.734,0.764,0.757,0.757,0.718,0.718,0.683,0.738,0.738,0.738,0.728,0.708,0.763,1406.6,1795.6,1895.4,1296.8,1296.8,1296.8,997.6,1396.6,1396.6,1396.6,1296.8,99.8,1197.1,489.6,2398.7,33.1,2084.8,6.7,13.9,14.2,1113.7,25.5,143.2,13.6,17.0,10.7,711.3,15.2,54.8,0.0,46.4,0.0,0.0,0.0,34.1,21.1,3.6,11.0,11.1,0.0,54.8,15.2,100.0,41.1,182.7,2.4,160.6,0.5,1.5,1.5,122.3,2.6,14.5,1.4,1.8,1.1,41.1,14.1,18.0,19.0,13.0,13.0,13.0,10.0,14.0,14.0,14.0,13.0,12.0,53,51,50,56,56,56,55,52,52,52,52,47,49,50,44,44,44,45,48,48,48,48,55,56,No,No,No,No,No,No,No,No,No,No,No,No,No,No,No,No,No,No,No,No,No,No,No,No,No,No,No,No,No,No,No,No,No,No,No,No,61,61,50,54,0.215,0.000,0.000,0.000,0.000,0.000,0.000,0.000,1.200,15.000,5.886,3.317,0.004,11.043,2.034,0.120,0.123,45.0,40.0,55.0,55.0,17.000,300.0,4.5,0.0,0.0,0.0,0.0,638,0,0.0,0.0,0.0,0.0,12.7,56.7,0.9,48.0,0.2,0.5,0.5,36.5,0.9,6.5,0.5,0.7,0.4,9.0,14.3,30.2,0.0,0.0,29.3,0.0,16.5,0.0,0.0,0.0,72.4,0.0,21.7,99.4,99.4,31.7,98.9,75.2,99.2,99.2,99.4,13.1,26.1,0.0,1596.1,16.00,22,22,22,52,74,560,1,2,Yes,No,No,No,No,No,No,No,No,No,Yes,No,No,No,No,No,No,No,No,No,No,No,No,No,No,No,No,No,No,No,No,No,No,No,No,No,No,No,48.0,55,55,57,88.0,100.0,No,No,21506,55883,0.0,0.0,0.0,0.000,0.000,2390,878,12.429,41.633,100.0,0.000,22.9,30.0,62.2,19.6,19.6,19.6,19.6,30.0,61.0,19.9,19.9,19.9,19.9,33.34,51.01,16.07,16.03,51.02,51.02,0.74,2.26,33.34,0.00,22.01,0,
1.2.2026,21:37:49.738,6390,2006,76.1,5433,2451,68.9,0.3,1.102,1.099,1.097,1.117,1.102,1.092,1.107,1.102,1.102,1.102,1.102,1.028,0.766,3411.7,4289.5,4289.5,3192.2,3192.2,3192.2,3192.2,3192.2,3192.2,3192.2,3192.2,99.8,3691.0,220.0,535.1,1.3,1379.6,1.5,1.6,1.6,535.9,6.6,163.8,4.4,4.3,4.8,307.9,11.1,21.7,12.8,36.8,22.4,0.3,0.3,30.1,0.0,8.4,0.0,0.0,0.3,36.8,11.1,100.0,15.3,38.8,0.1,72.5,0.1,0.1,0.1,54.7,0.1,17.1,0.1,0.1,0.1,15.3,34.2,43.0,43.0,32.0,32.0,32.0,32.0,32.0,32.0,32.0,32.0,37.0,54,47,65,54,54,54,54,53,53,53,53,46,53,35,46,46,46,46,47,47,47,47,60,65,No,No,No,No,No,No,No,No,No,No,No,No,No,No,No,No,No,No,No,No,No,No,No,No,No,No,No,No,No,No,No,No,No,No,No,No,55,55,50,54,0.222,0.000,0.000,0.000,0.000,0.000,0.000,0.000,1.200,4.375,17.066,13.951,0.013,21.959,2.418,0.212,0.122,45.0,40.0,55.0,55.0,3.000,300.0,3.0,0.0,0.0,0.0,0.0,638,0,0.9,0.4,3.7,0.0,9.0,22.6,0.1,45.3,0.1,0.1,0.1,30.5,0.2,8.8,0.2,0.1,0.2,3.4,0.1,8.7,0.0,0.0,10.5,0.0,14.3,0.0,0.0,0.0,76.2,0.0,30.9,99.9,99.9,56.8,99.7,75.5,99.8,99.8,99.8,44.6,74.7,14.6,1596.1,16.00,22,22,22,52,74,560,1,2,No,No,No,No,No,No,No,No,No,No,No,No,No,No,No,No,No,No,No,No,No,No,No,No,No,No,No,No,No,No,No,No,No,No,No,No,No,No,47.0,55,55,56,88.0,100.0,No,No,21506,55883,0.0,0.0,0.0,0.000,0.000,2390,878,12.429,41.633,100.0,0.000,22.9,27.9,62.3,19.6,19.6,19.6,19.6,27.9,61.0,19.9,19.9,19.9,19.9,35.87,51.02,16.06,16.03,51.02,51.02,0.76,2.32,35.87,0.00,19.78,0,
1.2.2026,21:37:49.849,6391,2004,76.1,5433,2451,68.9,0.3,0.704,0.640,0.694,0.704,0.699,0.714,0.714,0.713,0.713,0.728,0.723,0.603,0.766,1167.1,997.6,1097.3,1097.3,1097.3,1197.1,1197.1,1197.1,1197.1,1296.8,1296.8,99.8,399.0,441.2,1708.6,5.3,2572.5,1.5,4.0,4.5,701.3,27.4,244.1,11.2,9.0,4.9,628.1,17.8,39.2,0.0,63.1,19.4,9.4,9.5,20.0,20.1,4.3,9.7,9.6,9.6,63.1,17.8,100.0,37.6,129.0,0.3,219.1,0.1,0.4,0.4,73.3,3.0,22.2,1.3,1.1,0.8,37.6,11.7,10.0,11.0,11.0,11.0,12.0,12.0,12.0,12.0,13.0,13.0,4.0,53,48,48,55,55,55,55,52,53,53,53,47,52,52,45,45,45,45,48,47,47,47,55,55,No,No,No,No,No,No,No,No,No,No,No,No,No,No,No,No,No,No,No,No,No,No,No,No,No,No,No,No,No,No,No,No,No,No,No,No,67,67,49,54,0.222,0.000,0.000,0.000,0.000,0.000,0.000,0.000,1.200,20.313,5.888,3.163,0.020,11.102,2.111,0.133,0.124,45.0,40.0,55.0,55.0,21.000,300.0,5.7,0.0,0.0,0.0,0.0,638,0,0.0,0.0,0.0,0.0,11.6,42.5,0.3,59.5,0.1,0.2,0.2,25.0,1.0,9.8,0.5,0.3,0.2,10.1,16.1,33.9,0.0,0.0,40.2,0.0,10.8,0.0,0.0,0.0,73.3,20.2,6.6,99.8,99.7,33.0,98.7,76.7,99.4,99.5,99.7,9.8,19.6,0.0,1596.1,16.00,22,22,22,52,74,560,1,2,Yes,No,No,No,No,No,No,No,No,No,Yes,No,No,No,No,No,No,No,No,No,No,No,No,No,No,No,No,No,No,No,No,No,No,No,No,No,No,No,48.0,55,55,57,88.0,100.0,No,No,21506,55883,0.0,0.0,0.0,0.000,0.000,2390,878,12.429,41.633,100.0,0.000,22.9,28.4,62.2,19.6,19.6,19.6,19.6,28.4,61.1,19.9,19.9,19.9,19.9,35.16,51.02,16.07,16.03,51.02,51.02,0.76,2.43,35.16,0.00,20.25,0,
1.2.2026,21:37:49.947,6392,2003,76.1,5433,2451,68.9,0.3,1.109,1.120,1.102,1.147,1.147,1.102,1.117,1.118,1.118,1.108,1.008,1.033,0.766,3411.7,4289.5,4289.5,3192.2,3192.2,3192.2,3192.2,3192.2,3192.2,3192.2,3192.2,99.8,3691.0,239.9,409.0,8.2,1894.6,1.2,5.3,3.9,230.7,6.1,305.1,4.4,4.7,5.3,319.9,15.2,19.8,22.0,52.9,0.0,12.1,12.1,10.8,0.0,16.3,12.1,12.1,12.1,52.9,15.2,100.0,19.0,31.6,0.6,133.8,0.1,0.5,0.4,24.3,0.5,34.9,0.4,0.4,0.5,19.0,34.2,43.0,43.0,32.0,32.0,32.0,32.0,32.0,32.0,32.0,32.0,37.0,56,50,69,55,55,55,55,54,54,54,54,44,50,31,45,45,45,45,46,46,46,46,67,69,No,No,No,No,No,No,No,No,No,No,No,No,No,No,No,No,No,No,No,No,No,No,No,No,No,No,No,No,No,No,No,No,No,No,No,No,53,53,49,54,0.217,0.000,0.000,0.000,0.000,0.000,0.000,0.000,1.200,2.500,16.347,13.290,0.007,21.148,2.383,0.205,0.121,45.0,40.0,55.0,55.0,1.000,300.0,3.0,0.0,0.0,0.0,0.0,638,0,7.7,0.1,5.6,0.0,9.0,21.3,0.2,56.4,0.1,0.2,0.1,12.1,0.2,16.5,0.2,0.2,0.2,1.8,2.1,9.8,0.0,0.0,5.7,0.0,0.0,0.0,0.0,0.0,79.2,0.8,30.9,99.8,99.8,79.8,99.7,82.3,99.8,99.7,99.7,37.9,73.3,2.5,1596.1,16.00,22,22,22,52,74,560,1,2,Yes,No,No,No,No,No,No,No,No,No,Yes,No,No,No,No,No,No,No,No,No,No,No,No,No,No,No,No,No,No,No,No,No,No,No,No,No,No,No,47.0,55,55,57,88.0,100.0,No,No,21506,55883,0.0,0.0,0.0,0.000,0.000,2390,878,12.429,41.633,100.0,0.000,22.9,27.9,62.3,19.6,19.6,19.6,19.6,27.9,61.1,19.9,19.9,19.9,19.9,35.87,51.02,16.06,16.03,51.02,51.02,0.78,2.25,35.87,0.00,18.43,0,
1.2.2026,21:37:50.055,6392,2004,76.1,5433,2451,68.9,0.3,0.738,0.662,0.695,0.715,0.766,0.710,0.760,0.770,0.770,0.770,0.770,0.626,0.766,1476.4,1296.8,1496.3,997.6,1596.1,997.6,1596.1,1695.9,1695.9,1695.9,1695.9,99.8,698.3,405.6,1638.4,6.3,1889.2,1.5,5.0,4.9,571.2,140.8,572.1,15.3,13.2,9.9,532.2,10.6,46.0,0.0,54.1,0.0,0.0,0.0,13.7,0.0,13.9,0.0,0.0,0.0,54.1,10.6,100.0,34.6,122.4,0.2,157.2,0.1,0.6,0.5,57.1,14.8,58.7,1.3,1.3,1.0,34.6,14.8,13.0,15.0,10.0,16.0,10.0,16.0,17.0,17.0,17.0,17.0,7.0,56,48,47,54,54,54,54,51,51,51,51,44,52,53,46,46,46,46,49,49,49,49,67,69,No,No,No,No,No,No,No,No,No,No,No,No,No,No,No,No,No,No,No,No,No,No,No,No,No,No,No,No,No,No,No,No,No,No,No,No,67,67,49,54,0.222,0.000,0.000,0.000,0.000,0.000,0.000,0.000,1.200,15.313,7.726,5.225,0.007,12.881,1.920,0.142,0.124,45.0,40.0,55.0,55.0,18.000,300.0,6.4,0.0,0.0,0.0,0.0,638,0,7.7,0.1,5.6,0.0,9.0,21.3,0.2,56.4,0.1,0.2,0.1,12.1,0.2,16.5,0.2,0.2,0.2,1.8,2.1,9.8,0.0,0.0,5.7,0.0,0.0,0.0,0.0,0.0,79.2,0.8,30.9,99.8,99.8,79.8,99.7,82.3,99.8,99.7,99.7,37.9,73.3,2.5,1596.1,16.00,22,22,22,52,74,560,1,2,Yes,No,No,No,No,No,No,No,No,No,Yes,No,No,No,No,No,No,No,No,No,No,No,No,No,No,No,No,No,No,No,No,No,No,No,No,No,No,No,47.0,55,55,56,88.0,100.0,No,No,21506,55883,0.0,0.0,0.0,0.000,0.000,2390,878,12.429,41.633,100.0,0.000,22.9,27.9,62.3,19.6,19.6,19.6,19.6,27.9,61.1,19.9,19.9,19.9,19.9,35.87,51.02,16.06,16.03,51.02,51.02,0.78,2.25,35.87,0.00,18.43,0,
1.2.2026,21:37:50.166,6421,1974,76.4,5460,2424,69.2,0.3,1.108,1.109,1.097,1.102,1.090,1.100,1.155,1.110,1.110,1.110,1.100,1.031,0.766,3192.2,4289.5,4289.5,997.6,3192.2,3192.2,3192.2,3192.2,3192.2,3192.2,3192.2,99.8,3691.0,302.0,1337.1,7.2,1797.2,1.6,2.8,2.9,282.8,76.4,102.6,5.1,5.0,3.3,438.5,22.6,37.8,32.5,54.8,24.8,15.4,15.4,18.5,16.2,9.3,15.5,15.4,15.4,54.8,22.6,100.0,22.8,103.0,0.5,128.7,0.1,0.2,0.2,25.9,3.0,10.8,0.7,0.4,0.2,22.8,32.0,43.0,43.0,10.0,32.0,32.0,32.0,32.0,32.0,32.0,32.0,37.0,56,62,58,58,58,58,58,53,53,53,53,44,38,42,42,42,42,42,47,47,47,47,62,62,No,No,No,No,No,No,No,No,No,No,No,No,No,No,No,No,No,No,No,No,No,No,No,No,No,No,No,No,No,No,No,No,No,No,No,No,55,55,50,54,0.222,0.000,0.000,0.000,0.000,0.000,0.000,0.000,1.200,4.375,14.217,11.228,0.013,19.455,2.302,0.191,0.127,45.0,40.0,55.0,55.0,2.000,300.0,2.5,0.0,0.0,0.0,0.0,638,0,11.3,0.2,10.8,0.0,11.5,46.5,0.3,61.8,0.1,0.1,0.1,17.3,4.2,6.9,0.2,0.2,0.1,0.9,0.1,8.6,0.0,0.0,0.0,0.0,0.0,0.0,0.0,0.0,79.8,0.0,29.5,99.8,99.8,82.1,95.7,92.0,99.7,99.7,99.8,25.5,51.0,0.0,1596.1,16.00,22,22,22,52,74,560,1,2,Yes,No,No,No,No,No,No,No,No,No,Yes,No,No,No,No,No,No,No,No,No,No,No,No,No,No,No,No,No,No,No,No,No,No,No,No,No,No,No,47.0,55,55,56,88.0,100.0,No,No,21506,55883,0.0,0.0,0.0,0.000,0.000,2390,878,12.429,41.633,100.0,0.000,22.9,26.8,62.2,15.7,14.9,14.8,14.8,26.8,61.1,15.9,15.1,15.0,15.0,37.37,63.52,16.08,16.03,67.47,67.47,0.78,2.69,37.37,0.00,20.55,0,
1.2.2026,21:37:50.277,6421,1975,76.4,5460,2424,69.2,0.3,0.785,0.807,0.744,0.789,0.784,0.790,0.785,0.785,0.790,0.790,0.790,0.748,0.766,1556.2,1795.6,1795.6,1795.6,997.6,997.6,1795.6,997.6,1795.6,1795.6,1795.6,99.8,1197.1,558.3,2425.6,8.6,1693.0,9.9,61.2,194.4,919.9,536.1,625.6,110.9,91.3,23.5,731.1,17.4,55.2,0.0,41.5,0.0,0.0,0.0,55.6,29.6,26.5,0.0,0.0,0.0,55.6,17.4,100.0,50.4,186.0,0.6,139.0,0.6,6.5,21.1,101.6,61.3,64.5,11.5,9.7,2.4,50.4,15.6,18.0,18.0,18.0,10.0,10.0,18.0,10.0,18.0,18.0,18.0,12.0,52,49,48,55,55,55,55,51,51,51,51,48,51,52,45,45,45,45,49,49,49,49,56,55,No,No,No,No,No,No,No,No,No,No,No,No,No,No,No,No,No,No,No,No,No,No,No,No,No,No,No,No,No,No,No,No,No,No,No,No,63,63,50,54,0.215,0.000,0.000,0.000,0.000,0.000,0.000,0.000,1.200,15.625,9.321,6.600,0.016,13.950,2.121,0.159,0.120,45.0,40.0,55.0,55.0,17.000,300.0,4.9,0.0,0.0,0.0,0.0,638,0,0.0,0.0,0.0,0.0,20.0,56.5,0.3,41.3,0.3,2.2,13.1,58.5,29.2,30.0,4.5,3.1,0.8,10.9,37.4,43.7,0.0,0.0,8.7,0.5,18.7,0.0,0.0,0.0,64.2,3.4,15.0,97.6,86.8,31.3,68.2,48.7,95.0,96.6,99.0,1.1,2.2,0.0,1596.1,16.00,22,22,22,52,74,560,1,2,Yes,No,No,No,No,No,No,No,No,No,Yes,No,No,No,No,No,No,No,No,No,No,No,No,No,No,No,No,No,No,No,No,No,No,No,No,No,No,No,47.0,55,55,56,88.0,100.0,No,No,21506,55883,0.0,0.0,0.0,0.000,0.000,2390,878,12.429,41.633,100.0,0.000,22.9,26.2,61.5,14.9,14.8,14.8,14.8,26.2,61.1,15.0,15.0,15.0,15.0,38.16,67.23,16.26,16.26,67.47,67.47,0.79,3.78,38.16,0.00,22.02,0,
1.2.2026,21:37:50.389,6421,1975,76.4,5460,2424,69.2,0.3,0.785,0.807,0.744,0.789,0.784,0.790,0.785,0.785,0.790,0.790,0.790,0.748,0.766,1556.2,1795.6,1795.6,1795.6,997.6,997.6,1795.6,997.6,1795.6,1795.6,1795.6,99.8,1197.1,558.3,2425.6,8.6,1693.0,9.9,61.2,194.4,919.9,536.1,625.6,110.9,91.3,23.5,731.1,17.4,55.2,0.0,41.5,0.0,0.0,0.0,55.6,29.6,26.5,0.0,0.0,0.0,55.6,17.4,100.0,50.4,186.0,0.6,139.0,0.6,6.5,21.1,101.6,61.3,64.5,11.5,9.7,2.4,50.4,15.6,18.0,18.0,18.0,10.0,10.0,18.0,10.0,18.0,18.0,18.0,12.0,52,49,48,55,55,55,55,51,51,51,51,48,51,52,45,45,45,45,49,49,49,49,56,55,No,No,No,No,No,No,No,No,No,No,No,No,No,No,No,No,No,No,No,No,No,No,No,No,No,No,No,No,No,No,No,No,No,No,No,No,55,55,50,54,0.222,0.000,0.000,0.000,0.000,0.000,0.000,0.000,1.200,3.125,16.508,13.157,0.009,22.023,2.557,0.334,0.121,45.0,40.0,55.0,55.0,2.000,300.0,3.3,0.0,0.0,0.0,0.0,638,0,0.0,0.0,0.0,0.0,20.0,56.5,0.3,41.3,0.3,2.2,13.1,58.5,29.2,30.0,4.5,3.1,0.8,10.9,37.4,43.7,0.0,0.0,8.7,0.5,18.7,0.0,0.0,0.0,64.2,3.4,15.0,97.6,86.8,31.3,68.2,48.7,95.0,96.6,99.0,1.1,2.2,0.0,1596.1,16.00,22,22,22,52,74,560,1,2,Yes,No,No,No,No,No,No,No,No,No,Yes,No,No,No,No,No,No,No,No,No,No,No,No,No,No,No,No,No,No,No,No,No,No,No,No,No,No,No,47.0,55,55,56,88.0,100.0,No,No,21506,55883,0.0,0.0,0.0,0.000,0.000,2390,878,12.429,41.633,100.0,0.000,22.9,26.2,61.5,14.9,14.8,14.8,14.8,26.2,61.1,15.0,15.0,15.0,15.0,38.16,67.23,16.26,16.26,67.47,67.47,0.79,3.78,38.16,0.00,22.02,0,
1.2.2026,21:37:50.504,6396,1999,76.1,5448,2436,69.1,0.3,0.763,0.745,0.750,0.675,0.675,0.791,0.796,0.791,0.801,0.791,0.816,0.708,0.763,1406.6,1795.6,1795.6,1795.6,997.6,997.6,1795.6,997.6,997.6,997.6,1895.4,99.8,1197.1,614.9,1600.0,7.8,2793.9,8.4,32.2,11.4,1150.6,856.5,473.5,186.4,178.2,80.4,807.6,24.7,36.9,21.6,62.8,37.3,0.0,0.0,68.0,36.4,17.6,16.0,0.0,0.0,68.0,24.7,100.0,55.6,122.9,0.5,216.4,0.6,3.3,1.1,127.8,93.6,53.1,18.8,19.8,9.1,55.6,14.1,18.0,18.0,18.0,10.0,10.0,18.0,10.0,10.0,10.0,19.0,12.0,53,49,50,55,55,55,55,53,53,53,53,47,51,50,45,45,45,45,47,47,47,47,55,55,No,No,No,No,No,No,No,No,No,No,No,No,No,No,No,No,No,No,No,No,No,No,No,No,No,No,No,No,No,No,No,No,No,No,No,No,65,65,50,54,0.222,0.000,0.000,0.000,0.000,0.000,0.000,0.000,1.200,16.563,10.664,7.120,0.013,16.472,2.763,0.291,0.119,45.0,40.0,55.0,55.0,13.000,300.0,5.5,0.0,0.0,0.0,0.0,638,0,0.0,0.0,0.0,0.0,21.5,40.2,0.3,64.7,0.3,1.1,0.4,70.2,40.2,21.5,7.3,9.7,2.6,12.7,59.7,9.5,0.0,0.0,29.8,0.0,18.8,9.6,0.0,0.0,60.2,0.0,21.1,98.7,99.5,0.0,57.4,57.7,81.0,89.9,97.0,1.9,0.0,3.8,1596.1,16.00,22,22,22,52,74,560,1,2,Yes,No,No,No,No,No,No,No,No,No,Yes,No,No,No,No,No,No,No,No,No,No,No,No,No,No,No,No,No,No,No,No,No,No,No,No,No,No,No,48.0,55,55,56,88.0,100.0,No,No,21506,55883,0.0,0.0,0.0,0.000,0.000,2390,878,12.429,41.633,100.0,0.000,22.9,26.3,61.4,14.8,14.8,14.8,14.8,26.3,60.7,15.0,15.0,15.0,15.0,38.02,67.42,16.29,16.27,67.47,67.47,0.79,3.09,38.02,0.00,25.21,0,
1.2.2026,21:37:50.608,6417,1979,76.4,5448,2436,69.1,0.3,1.109,1.135,1.095,1.114,1.114,1.114,1.104,1.093,1.093,1.093,1.138,1.031,0.766,2314.3,4289.5,4289.5,997.6,997.6,997.6,997.6,997.6,3192.2,3192.2,3192.2,99.8,3691.0,339.6,393.6,1.5,1385.1,1.4,1.4,1.1,543.6,799.0,554.9,367.6,25.2,1.2,390.8,23.8,15.1,22.2,41.5,22.2,0.0,12.5,35.4,62.9,32.5,18.1,23.3,0.1,62.9,23.8,100.0,32.1,28.6,0.1,105.0,0.1,0.1,0.1,61.3,87.1,59.5,40.5,2.6,0.1,32.1,23.2,43.0,43.0,10.0,10.0,10.0,10.0,10.0,32.0,32.0,32.0,37.0,55,48,65,56,56,56,56,53,53,53,53,45,52,35,44,44,44,44,47,47,47,47,64,65,No,No,No,No,No,No,No,No,No,No,No,No,No,No,No,No,No,No,No,No,No,No,No,No,No,No,No,No,No,No,No,No,No,No,No,No,56,56,49,54,0.222,0.000,0.000,0.000,0.000,0.000,0.000,0.000,1.200,4.375,17.662,14.043,0.016,23.134,2.781,0.349,0.124,45.0,40.0,55.0,55.0,2.000,300.0,2.7,0.0,0.0,0.0,0.0,638,0,0.0,0.0,0.0,0.0,17.7,16.4,0.1,43.0,0.1,0.1,0.1,34.8,64.2,33.9,18.3,1.4,0.0,7.4,8.5,0.1,0.0,0.0,65.2,0.0,0.0,0.0,0.0,0.0,63.3,30.5,24.2,99.9,99.9,0.0,35.5,63.9,81.0,98.4,99.9,37.2,43.0,31.3,1596.1,16.00,22,22,22,52,74,560,1,2,Yes,No,No,No,No,No,No,No,No,No,Yes,No,No,No,No,No,No,No,No,No,No,No,No,No,No,No,No,No,No,No,No,No,No,No,No,No,No,No,48.0,55,55,56,88.0,100.0,No,No,21506,55883,0.0,0.0,0.0,0.000,0.000,2390,878,12.429,41.633,100.0,0.000,22.9,26.4,61.4,14.8,14.8,14.8,14.8,26.4,60.7,15.0,15.0,15.0,15.0,37.83,67.42,16.29,16.27,67.47,67.47,0.80,3.65,37.83,0.00,25.47,0,
1.2.2026,21:37:50.718,6418,1978,76.4,5452,2432,69.1,0.3,0.795,0.831,0.815,0.781,0.796,0.796,0.796,0.796,0.781,0.781,0.781,0.773,0.763,1895.4,2793.2,2593.7,1795.6,1795.6,1795.6,1795.6,997.6,1795.6,1795.6,1795.6,99.8,2094.9,612.3,2409.1,10.0,2178.7,1.8,24.8,5.2,1066.8,588.6,801.8,167.8,32.5,61.1,785.6,22.2,55.3,0.0,49.8,0.0,13.5,0.2,61.2,38.6,32.7,0.0,0.0,14.7,61.2,22.2,100.0,54.1,184.5,0.7,166.5,0.1,2.6,0.5,115.8,65.6,84.8,18.0,3.2,6.5,54.1,19.0,28.0,26.0,18.0,18.0,18.0,18.0,10.0,18.0,18.0,18.0,21.0,53,51,50,56,55,55,55,53,53,53,53,47,49,50,44,45,45,45,47,47,47,47,55,56,No,No,No,No,No,No,No,No,No,No,No,No,No,No,No,No,No,No,No,No,No,No,No,No,No,No,No,No,No,No,No,No,No,No,No,No,67,67,50,54,0.222,0.000,0.000,0.000,0.000,0.000,0.000,0.000,1.200,15.938,8.929,5.560,0.012,14.399,2.598,0.292,0.123,45.0,40.0,55.0,55.0,15.000,300.0,5.8,0.0,0.0,0.0,0.0,638,0,0.0,0.0,0.0,0.0,21.2,56.3,0.3,50.9,0.1,1.2,0.2,62.3,38.1,35.2,6.2,1.1,2.6,8.0,30.0,5.3,0.0,0.0,10.2,0.0,34.6,0.0,0.0,0.0,65.2,12.3,39.3,98.7,99.7,25.4,60.3,27.7,93.3,98.4,97.3,2.3,0.8,3.7,1596.1,16.00,22,22,22,52,74,560,1,2,Yes,No,No,No,No,No,No,No,No,No,Yes,No,No,No,No,No,No,No,No,No,No,No,No,No,No,No,No,No,No,No,No,No,No,No,No,No,No,No,47.0,55,55,56,88.0,100.0,No,No,21506,55883,0.0,0.0,0.0,0.000,0.000,2390,878,12.429,41.633,100.0,0.000,22.9,28.0,61.8,14.8,14.8,14.8,14.8,27.9,60.5,15.0,15.0,15.0,15.0,35.77,67.42,16.19,16.16,67.47,67.47,0.78,3.46,35.77,0.00,26.99,0,
1.2.2026,21:37:50.828,6420,1976,76.4,5459,2425,69.2,0.3,1.077,0.765,1.048,1.098,1.108,1.113,1.123,1.113,1.128,1.138,1.138,0.718,0.766,2683.4,1895.4,4189.8,997.6,3092.4,3092.4,3092.4,997.6,3092.4,3192.2,3192.2,99.8,1296.8,273.2,564.7,1.7,869.3,2.1,2.4,1.3,761.8,367.1,639.4,54.1,4.3,10.1,321.3,20.8,21.1,39.7,27.1,13.8,0.0,0.0,54.0,23.9,54.2,2.5,13.9,0.0,54.2,20.8,100.0,25.1,41.5,0.1,52.1,0.1,0.3,0.1,79.1,44.0,76.1,6.2,0.4,1.1,25.1,26.9,19.0,42.0,10.0,31.0,31.0,31.0,10.0,31.0,32.0,32.0,13.0,53,47,52,55,55,55,55,52,52,52,52,47,53,48,45,45,45,45,48,48,48,48,55,55,No,No,No,No,No,No,No,No,No,No,No,No,No,No,No,No,No,No,No,No,No,No,No,No,No,No,No,No,No,No,No,No,No,No,No,No,55,55,49,55,0.222,0.000,0.000,0.000,0.000,0.000,0.000,0.000,1.200,2.188,18.129,14.645,0.006,23.349,2.672,0.341,0.123,45.0,40.0,55.0,55.0,1.000,300.0,3.6,0.0,0.0,0.0,0.0,638,0,0.0,0.0,0.0,0.0,16.1,23.0,0.1,34.2,0.1,0.1,0.1,59.9,22.6,50.2,2.9,0.1,0.3,6.4,10.9,12.8,0.0,0.0,40.1,0.0,0.0,0.0,0.0,0.0,63.8,0.1,16.4,99.8,99.9,0.0,77.1,48.0,96.9,99.8,99.6,49.4,63.1,35.7,1596.1,16.00,22,22,22,52,74,560,1,2,Yes,No,No,No,No,No,No,No,No,No,Yes,No,No,No,No,No,No,No,No,No,No,No,No,No,No,No,No,No,No,No,No,No,No,No,No,No,No,No,47.0,55,55,56,88.0,100.0,No,No,21506,55883,0.0,12.0,12.0,0.000,0.343,2390,878,12.429,41.633,100.0,0.000,22.9,28.4,62.1,14.8,14.8,14.8,14.8,28.4,60.5,15.0,15.0,15.0,15.0,35.18,67.42,16.10,16.08,67.47,67.47,0.77,3.35,35.18,0.00,27.10,0,
1.2.2026,21:37:50.940,6420,1976,76.4,5459,2425,69.2,0.3,1.121,1.127,1.147,1.152,1.112,1.137,1.112,1.127,1.112,1.092,1.092,1.031,0.766,3411.7,4289.5,4289.5,3192.2,3192.2,3192.2,3192.2,3192.2,3192.2,3192.2,3192.2,99.8,3691.0,815.4,2795.7,17.7,3328.9,19.7,15.7,12.8,1362.4,551.0,1131.2,363.4,47.1,139.4,1013.0,34.4,68.5,12.8,78.3,30.3,0.5,12.9,75.7,25.2,46.3,31.8,13.8,17.1,78.3,34.4,100.0,70.6,214.9,1.0,248.4,1.3,1.3,1.2,153.5,57.3,117.8,36.8,4.3,9.2,70.6,34.2,43.0,43.0,32.0,32.0,32.0,32.0,32.0,32.0,32.0,32.0,37.0,57,52,66,56,56,56,56,56,56,56,56,43,48,34,44,44,44,44,44,44,44,44,65,66,No,No,No,No,No,No,No,No,No,No,No,No,No,No,No,No,No,No,No,No,No,No,No,No,No,No,No,No,No,No,No,No,No,No,No,No,61,61,50,54,0.222,0.000,0.000,0.000,0.000,0.000,0.000,0.000,1.200,17.813,6.648,3.402,0.004,12.374,2.521,0.274,0.120,45.0,40.0,55.0,55.0,18.000,300.0,5.1,0.0,0.0,0.0,0.0,638,0,0.0,0.0,0.0,0.0,26.8,69.4,0.4,78.6,0.5,0.5,0.4,70.6,26.8,49.1,13.7,1.7,10.4,8.3,20.5,9.9,0.0,0.0,29.5,0.0,13.3,9.6,0.0,0.0,57.7,6.3,3.7,99.4,99.5,0.0,71.2,35.7,74.6,97.8,89.3,4.7,2.7,6.6,1596.1,16.00,22,22,22,52,74,560,1,2,Yes,No,No,No,No,No,No,No,No,No,Yes,No,No,No,No,No,No,No,No,No,No,No,No,No,No,No,No,No,No,No,No,No,No,No,No,No,No,No,48.0,55,55,56,88.0,100.0,No,No,21506,55883,0.0,0.0,0.0,0.000,0.000,2390,878,12.429,41.633,100.0,0.000,22.9,28.0,62.1,14.8,14.8,14.8,14.8,27.9,60.5,15.0,15.0,15.0,15.0,35.77,67.42,16.10,16.08,67.47,67.47,0.76,3.72,35.77,0.00,27.87,0,
1.2.2026,21:37:51.055,6420,1976,76.4,5459,2425,69.2,0.3,1.121,1.127,1.147,1.152,1.112,1.137,1.112,1.127,1.112,1.092,1.092,1.031,0.766,3411.7,4289.5,4289.5,3192.2,3192.2,3192.2,3192.2,3192.2,3192.2,3192.2,3192.2,99.8,3691.0,815.4,2795.7,17.7,3328.9,19.7,15.7,12.8,1362.4,551.0,1131.2,363.4,47.1,139.4,1013.0,34.4,68.5,12.8,78.3,30.3,0.5,12.9,75.7,25.2,46.3,31.8,13.8,17.1,78.3,34.4,100.0,70.6,214.9,1.0,248.4,1.3,1.3,1.2,153.5,57.3,117.8,36.8,4.3,9.2,70.6,34.2,43.0,43.0,32.0,32.0,32.0,32.0,32.0,32.0,32.0,32.0,37.0,57,52,66,56,56,56,56,56,56,56,56,43,48,34,44,44,44,44,44,44,44,44,65,66,No,No,No,No,No,No,No,No,No,No,No,No,No,No,No,No,No,No,No,No,No,No,No,No,No,No,No,No,No,No,No,No,No,No,No,No,58,58,50,54,0.222,0.000,0.000,0.000,0.000,0.000,0.000,0.000,1.200,9.063,19.481,15.640,0.027,24.717,2.967,0.359,0.129,45.0,40.0,55.0,55.0,7.000,300.0,3.8,0.0,0.0,0.0,0.0,638,0,0.0,0.0,0.0,0.0,26.8,69.4,0.4,78.6,0.5,0.5,0.4,70.6,26.8,49.1,13.7,1.7,10.4,8.3,20.5,9.9,0.0,0.0,29.5,0.0,13.3,9.6,0.0,0.0,57.7,6.3,3.7,99.4,99.5,0.0,71.2,35.7,74.6,97.8,89.3,4.7,2.7,6.6,1596.1,16.00,22,22,22,52,74,560,1,2,Yes,No,No,No,No,No,No,No,No,No,Yes,No,No,No,No,No,No,No,No,No,No,No,No,No,No,No,No,No,No,No,No,No,No,No,No,No,No,No,48.0,55,55,55,88.0,100.0,No,No,21506,55883,0.0,0.0,0.0,0.000,0.000,2390,878,12.429,41.633,100.0,0.000,22.9,28.0,62.1,14.8,14.8,14.8,14.8,27.9,60.5,15.0,15.0,15.0,15.0,35.77,67.42,16.10,16.08,67.47,67.47,0.76,3.72,35.77,0.00,27.87,0,
1.2.2026,21:37:51.161,6431,1965,76.5,5473,2411,69.4,0.3,1.133,1.141,1.143,1.168,1.148,1.123,1.108,1.133,1.123,1.123,1.118,1.033,0.763,3222.1,4289.5,4588.8,3192.2,997.6,3192.2,3192.2,3192.2,3192.2,3192.2,3192.2,99.8,3691.0,951.9,2037.4,9.1,3728.1,8.8,27.7,11.6,958.2,1499.9,1578.1,891.8,596.8,75.6,1035.1,35.3,54.4,0.0,90.0,0.0,0.0,0.0,42.1,56.2,73.2,41.3,44.4,21.9,90.0,35.3,100.0,84.4,149.8,0.5,280.8,0.5,2.7,1.0,100.3,155.8,180.0,69.4,63.7,7.7,84.3,32.3,43.0,46.0,32.0,10.0,32.0,32.0,32.0,32.0,32.0,32.0,37.0,57,52,65,56,56,56,56,58,58,58,58,43,48,35,44,44,44,44,42,42,42,42,73,65,No,No,No,No,No,No,No,No,No,No,No,No,No,No,No,No,No,No,No,No,No,No,No,No,No,No,No,No,No,No,No,No,No,No,No,No,59,59,49,54,0.222,0.000,0.000,0.000,0.000,0.000,0.000,0.000,1.200,19.688,8.266,5.017,0.013,13.671,2.500,0.280,0.123,45.0,40.0,55.0,55.0,21.000,300.0,3.9,0.0,0.0,0.0,0.0,638,0,0.0,0.0,0.0,0.0,30.7,52.5,0.3,90.0,0.2,1.1,0.5,40.5,59.5,65.6,34.9,21.3,2.6,10.0,27.6,1.3,0.0,0.0,22.9,13.6,29.2,5.7,0.0,0.0,49.7,0.0,2.4,98.6,99.3,34.4,25.0,4.4,58.2,78.0,96.9,11.7,17.6,5.7,1596.1,16.00,22,22,22,52,74,560,1,2,Yes,No,No,No,No,No,No,No,No,No,Yes,No,No,No,No,No,No,No,No,No,No,No,No,No,No,No,No,No,No,No,No,No,No,No,No,No,No,No,48.0,55,55,55,88.0,100.0,No,No,21506,55883,0.0,0.0,0.0,0.000,0.000,2390,878,12.429,41.633,100.0,0.000,22.9,29.0,62.1,14.9,14.8,14.8,14.8,29.0,60.5,15.0,15.0,15.0,15.0,34.46,67.33,16.10,16.08,67.35,67.35,0.74,2.87,34.46,0.00,27.10,0,
1.2.2026,21:37:51.272,6431,1965,76.5,5473,2411,69.4,0.3,1.054,1.163,1.143,0.673,1.088,1.088,1.064,1.069,1.084,1.084,1.084,1.028,0.763,2912.9,4588.8,4588.8,997.6,997.6,3391.7,997.6,3391.7,3391.7,3391.7,3391.7,99.8,3691.0,777.1,1852.4,6.7,1194.6,2.4,37.2,7.2,1420.1,1711.9,1298.2,1023.8,598.7,171.6,779.1,30.1,46.9,11.8,37.4,11.8,12.7,11.9,46.8,61.6,54.4,44.7,21.3,0.0,61.6,30.1,100.0,77.0,138.4,0.3,105.0,0.1,3.6,0.6,148.7,182.5,136.4,127.2,63.4,17.7,77.1,29.2,46.0,46.0,10.0,10.0,34.0,10.0,34.0,34.0,34.0,34.0,37.0,56,56,47,59,59,59,59,55,55,55,55,44,44,53,41,41,41,41,45,45,45,45,59,59,No,No,No,No,No,No,No,No,No,No,No,No,No,No,No,No,No,No,No,No,No,No,No,No,No,No,No,No,No,No,No,No,No,No,No,No,60,60,51,54,0.222,0.000,0.000,0.000,0.000,0.000,0.000,0.000,1.200,20.000,21.495,17.598,0.020,27.779,3.017,0.403,0.097,45.0,40.0,55.0,55.0,8.000,300.0,7.1,0.0,0.0,0.0,0.0,639,0,0.0,0.0,0.0,0.0,27.6,48.8,0.2,35.2,0.1,1.4,0.3,49.9,62.3,58.3,42.4,23.3,9.6,18.7,14.7,58.8,0.0,0.0,22.4,37.1,41.7,12.5,0.0,0.0,44.0,0.0,5.9,98.3,99.6,26.2,0.5,0.0,43.7,75.9,90.0,16.7,33.5,0.0,1596.1,16.00,22,22,22,52,74,560,1,2,Yes,No,No,No,No,No,No,No,No,No,Yes,No,No,No,No,No,No,No,No,No,No,No,No,No,No,No,No,No,No,No,No,No,No,No,No,No,No,No,48.0,55,55,55,88.0,100.0,No,No,21506,55883,0.0,0.0,0.0,0.000,0.000,2390,878,12.429,41.633,100.0,0.000,22.9,33.0,66.9,14.9,14.8,14.8,14.8,33.0,60.5,15.0,15.0,15.0,15.0,30.31,67.33,14.94,14.46,67.35,67.35,0.79,2.71,30.31,0.00,21.48,0,
1.2.2026,21:37:51.382,6433,1963,76.6,5473,2411,69.4,0.3,1.111,1.121,1.111,1.121,1.106,1.106,1.106,1.041,1.125,1.150,1.125,1.083,0.766,3162.3,4289.5,4289.5,3192.2,2892.9,2892.9,2892.9,2892.9,3391.7,1496.3,3391.7,99.8,3990.2,685.4,1291.4,2.0,1253.8,1.7,33.1,23.0,1484.0,1589.6,1412.6,496.0,603.1,34.7,709.8,25.5,29.6,0.0,28.9,0.0,12.5,12.2,53.4,62.0,59.8,14.2,20.8,12.6,62.0,25.5,100.0,66.4,96.8,0.1,92.3,0.1,3.5,2.4,161.6,173.8,152.5,48.7,61.4,3.7,66.3,31.7,43.0,43.0,32.0,29.0,29.0,29.0,29.0,34.0,15.0,34.0,40.0,58,52,52,62,62,62,62,55,57,57,57,42,48,48,38,38,38,38,45,43,43,43,62,62,No,No,No,No,No,No,No,No,No,No,No,No,No,No,No,No,No,No,No,No,No,No,No,No,No,No,No,No,No,No,No,No,No,No,No,No,61,61,51,54,0.222,0.000,0.000,0.000,0.000,0.000,0.000,0.000,1.200,12.500,17.701,14.145,0.022,24.630,2.847,0.297,0.056,45.0,40.0,55.0,55.0,18.000,300.0,6.5,0.0,0.0,0.0,0.0,639,0,0.0,0.0,0.0,0.0,24.0,31.7,0.1,31.3,0.0,1.1,0.7,55.0,63.0,62.0,17.8,24.1,1.2,12.0,24.9,19.7,0.0,0.0,0.0,37.0,38.0,0.0,0.0,0.0,56.8,33.7,38.1,98.8,99.2,43.1,0.0,0.0,80.9,75.7,98.7,9.2,8.7,9.7,1596.1,16.00,22,22,22,52,74,560,1,2,Yes,No,No,No,No,No,No,No,No,No,Yes,No,No,No,No,No,No,No,No,No,No,No,No,No,No,No,No,No,No,No,No,No,No,No,No,No,No,No,47.0,55,55,56,88.0,100.0,No,No,21506,55883,3.4,0.0,3.4,1.836,0.000,2390,878,12.429,41.633,100.0,0.000,22.9,36.6,66.7,14.9,14.8,14.8,14.8,36.6,60.4,15.0,15.0,15.0,15.0,27.35,67.32,14.99,14.46,67.35,67.35,0.79,2.61,27.35,0.00,16.93,0,
1.2.2026,21:37:51.475,6441,1955,76.7,5490,2394,69.6,0.3,1.148,1.146,1.126,1.141,1.141,1.181,1.181,1.181,1.181,1.030,1.170,1.026,0.763,3411.7,4289.5,4289.5,3192.2,3192.2,3192.2,3192.2,3192.2,3192.2,3192.2,3192.2,99.8,3691.0,1012.1,1475.6,8.6,1190.7,1.7,40.1,63.6,1274.2,1381.5,1742.6,1230.8,2343.4,1392.3,679.5,35.1,34.5,21.3,27.4,0.0,0.0,0.0,48.8,56.3,65.0,43.4,80.0,44.4,80.0,35.1,100.0,103.2,110.9,0.6,89.0,0.1,4.2,6.9,140.4,154.5,190.9,137.4,258.1,145.7,103.2,34.2,43.0,43.0,32.0,32.0,32.0,32.0,32.0,32.0,32.0,32.0,37.0,59,47,52,56,56,56,56,66,68,66,66,41,53,48,44,44,44,44,34,32,34,34,66,68,No,No,No,No,No,No,No,No,No,No,No,No,No,No,No,No,No,No,No,No,No,No,No,No,No,No,No,No,No,No,No,No,No,No,No,No,62,62,51,54,0.222,0.000,0.000,0.000,0.000,0.000,0.000,0.000,1.200,10.938,15.375,11.881,0.042,22.275,2.819,0.240,0.056,45.0,40.0,55.0,55.0,10.000,300.0,9.7,0.0,0.0,0.0,0.0,639,0,0.0,0.0,0.0,0.0,34.6,36.8,0.3,29.7,0.1,1.3,2.0,50.2,56.8,66.4,43.4,80.3,47.9,17.6,28.2,18.6,0.0,0.0,43.9,43.2,33.6,8.4,0.0,0.0,31.8,0.0,0.0,98.3,97.8,5.0,0.0,0.0,46.3,19.4,51.6,39.5,31.6,47.5,1596.1,16.00,22,22,22,52,74,560,1,2,Yes,No,No,No,No,No,No,No,No,No,Yes,No,No,No,No,No,No,No,No,No,No,No,No,No,No,No,No,No,No,No,No,No,No,No,No,No,No,No,48.0,55,55,58,88.0,100.0,No,No,21506,55883,1.5,0.0,1.5,1.606,0.000,2390,878,12.429,41.633,100.0,0.000,22.9,40.0,67.4,14.9,14.9,14.8,14.8,40.0,60.3,15.0,15.0,15.0,15.0,25.00,67.23,14.83,14.45,67.35,67.35,0.80,2.44,25.00,0.00,12.80,0,
1.2.2026,21:37:51.592,6446,1949,76.7,5490,2394,69.6,0.3,1.117,1.139,1.134,1.144,1.144,1.144,1.134,1.149,0.970,1.105,1.105,1.026,0.766,3341.8,4289.5,4289.5,3092.4,3092.4,3092.4,3092.4,3092.4,2992.7,3192.2,3192.2,99.8,3691.0,847.6,733.3,11.8,737.5,5.9,241.4,22.8,764.2,981.4,2015.4,2685.8,700.0,1271.4,437.3,33.6,16.7,21.4,16.0,41.0,0.0,0.0,33.5,59.1,63.3,97.9,22.5,31.4,97.9,33.6,100.0,89.8,53.7,0.7,53.6,0.3,26.5,2.3,81.2,106.2,223.9,299.6,83.2,146.8,89.9,33.5,43.0,43.0,31.0,31.0,31.0,31.0,31.0,30.0,32.0,32.0,37.0,56,51,50,57,57,57,57,56,57,57,57,44,49,50,43,43,43,43,44,43,43,43,57,57,No,No,No,No,No,No,No,No,No,No,No,No,No,No,No,No,No,No,No,No,No,No,No,No,No,No,No,No,No,No,No,No,No,No,No,No,62,62,54,54,0.222,0.000,0.000,0.000,0.000,0.000,0.000,0.000,1.200,18.125,19.655,15.847,0.016,27.200,3.026,0.341,0.057,45.0,40.0,55.0,55.0,20.000,300.0,6.4,0.0,0.0,0.0,0.0,639,0,0.0,0.0,0.0,0.0,31.3,19.2,0.4,18.5,0.2,14.3,0.7,36.5,60.8,64.4,98.4,22.0,40.5,18.5,40.5,30.0,0.0,0.0,37.3,28.9,35.7,1.6,10.4,1.1,34.3,0.0,0.0,85.3,99.0,24.9,9.6,0.0,0.0,66.7,57.9,42.4,37.4,47.3,1596.1,16.00,22,22,22,52,74,560,1,2,Yes,No,No,No,No,No,No,No,No,No,Yes,No,No,No,No,No,No,No,No,No,No,No,No,No,No,No,No,No,No,No,No,No,No,No,No,No,No,No,48.0,55,55,56,88.0,100.0,No,No,21506,55883,0.0,0.0,0.0,0.000,0.000,2390,878,12.429,41.633,100.0,0.000,22.9,44.5,67.3,14.9,14.9,14.8,14.8,44.5,60.3,15.1,15.0,15.0,15.0,22.48,67.22,14.86,14.45,67.35,67.35,0.77,2.09,22.48,0.00,9.62,0,
1.2.2026,21:37:51.702,6441,1955,76.7,5420,2463,68.7,0.3,1.111,1.016,1.108,1.118,1.118,1.133,1.133,1.133,1.107,1.075,1.170,0.973,0.766,2693.4,1396.6,4289.5,997.6,997.6,3092.4,3092.4,3092.4,3391.7,3391.7,3192.2,99.8,2593.7,591.1,446.9,25.4,933.6,27.7,604.3,34.3,1040.2,1338.6,961.8,891.5,757.5,31.7,556.4,31.2,15.6,11.8,23.2,11.8,45.0,12.0,51.5,70.8,46.0,38.9,35.6,12.0,70.8,31.2,100.0,59.0,29.3,0.6,67.8,0.7,67.0,2.0,114.1,148.2,105.6,93.4,77.8,1.6,58.9,27.0,14.0,43.0,10.0,10.0,31.0,31.0,31.0,34.0,34.0,32.0,26.0,57,51,62,57,57,57,57,57,57,57,57,43,49,38,43,43,43,43,43,43,43,43,62,62,No,No,No,No,No,No,No,No,No,No,No,No,No,No,No,No,No,No,No,No,No,No,No,No,No,No,No,No,No,No,No,No,No,No,No,No,56,56,51,54,0.222,0.000,0.000,0.000,0.000,0.000,0.000,0.000,1.200,4.063,17.495,14.212,0.020,24.412,2.601,0.278,0.056,45.0,40.0,55.0,55.0,3.000,300.0,4.1,0.0,0.0,0.0,0.0,639,0,0.0,0.0,0.0,0.0,28.9,20.9,1.5,27.5,1.6,38.2,1.6,53.4,71.9,47.5,41.7,39.3,1.7,21.7,57.9,45.5,4.6,16.4,4.9,18.0,43.8,2.4,6.7,16.8,38.1,0.0,0.0,56.7,80.9,39.9,9.3,8.0,53.9,52.5,80.0,22.1,19.4,24.8,1596.1,16.00,22,22,22,52,74,560,1,2,Yes,No,No,No,No,No,No,No,No,No,Yes,No,No,No,No,No,No,No,No,No,No,No,No,No,No,No,No,No,No,No,No,No,No,No,No,No,No,No,48.0,55,55,56,88.0,100.0,No,No,21506,55883,0.0,0.0,0.0,0.000,0.000,2390,878,12.429,41.633,100.0,0.000,22.9,44.5,67.3,14.9,14.9,14.8,14.8,44.5,60.3,15.1,15.0,15.0,15.0,22.48,67.22,14.86,14.45,67.35,67.35,0.76,2.05,22.48,0.00,9.61,0,
1.2.2026,21:37:51.814,6443,1953,76.7,5353,2530,67.9,0.3,1.100,1.116,1.146,1.146,1.146,1.141,1.116,1.046,1.032,1.057,1.057,1.026,0.766,3282.0,4289.5,4289.5,3192.2,3192.2,3192.2,3192.2,1895.4,3192.2,3192.2,3192.2,99.8,3691.0,905.9,879.4,45.2,1540.0,304.0,243.4,789.5,1194.6,1564.2,1487.8,1240.3,889.1,693.0,820.0,49.6,43.0,11.8,57.4,18.6,25.6,37.8,68.5,98.7,83.1,69.9,47.2,33.7,98.7,49.6,100.0,89.0,64.1,1.5,117.5,21.6,24.0,85.1,130.6,173.8,163.2,132.5,91.3,62.7,89.0,32.9,43.0,43.0,32.0,32.0,32.0,32.0,19.0,32.0,32.0,32.0,37.0,59,51,50,64,64,64,64,55,59,59,59,41,49,50,36,36,36,36,45,41,41,41,64,64,No,No,No,No,No,No,No,No,No,No,No,No,No,No,No,No,No,No,No,No,No,No,No,No,No,No,No,No,No,No,No,No,No,No,No,No,61,61,50,54,0.215,0.000,0.000,0.000,0.000,0.000,0.000,0.000,1.200,17.500,12.342,9.156,0.015,19.507,2.529,0.228,0.057,45.0,40.0,55.0,55.0,21.000,300.0,3.3,0.0,0.0,0.0,0.0,638,0,0.0,0.0,0.0,0.0,45.3,38.8,2.4,53.7,10.0,18.4,32.0,65.9,98.6,81.9,67.5,43.3,30.9,26.6,52.7,28.3,26.4,32.7,31.2,0.0,16.0,10.9,30.7,36.6,16.5,0.0,0.0,52.6,33.7,2.3,1.4,2.1,19.5,23.9,30.0,11.9,7.7,16.1,1596.1,16.00,22,22,22,52,74,560,1,2,Yes,No,No,No,No,No,No,No,No,No,Yes,No,No,No,No,No,No,No,No,No,No,No,No,No,No,No,No,No,No,No,No,No,No,No,No,No,No,No,47.0,55,55,55,88.0,100.0,No,No,21506,55883,0.0,1.0,1.0,0.000,0.037,2390,878,12.429,41.633,100.0,0.000,22.9,43.4,67.3,14.8,14.8,14.8,14.8,43.5,60.3,15.0,15.0,15.0,15.0,23.02,67.34,14.85,14.45,67.35,67.35,0.77,2.11,23.02,0.00,10.62,0,
1.2.2026,21:37:51.925,6413,1983,76.3,5314,2570,67.3,0.3,0.947,0.932,0.938,0.903,0.898,0.898,0.888,0.686,1.111,1.111,1.104,0.871,0.763,2783.2,3591.2,3591.2,2394.1,2394.1,2394.1,2294.4,997.6,3391.7,3391.7,3391.7,99.8,2992.7,724.2,2436.0,28.5,462.5,22.3,56.5,29.8,707.9,874.3,1972.1,1347.4,497.1,256.0,577.2,20.4,54.7,0.0,10.3,0.0,0.0,0.0,25.6,15.8,97.1,36.2,5.2,0.0,97.1,20.4,100.0,73.2,185.8,1.2,33.0,0.8,4.8,2.4,75.0,94.5,222.4,155.0,64.5,39.5,73.3,27.9,36.0,36.0,24.0,24.0,24.0,23.0,10.0,34.0,34.0,34.0,30.0,55,51,48,57,57,57,57,56,56,56,56,45,49,52,43,43,43,43,44,44,44,44,58,57,No,No,No,No,No,No,No,No,No,No,No,No,No,No,No,No,No,No,No,No,No,No,No,No,No,No,No,No,No,No,No,No,No,No,No,No,69,69,52,55,0.222,0.000,0.000,0.000,0.000,0.000,0.000,0.000,1.200,19.063,15.673,12.083,0.017,23.101,2.863,0.310,0.055,45.0,40.0,55.0,55.0,22.000,300.0,5.7,0.0,0.0,0.0,0.0,638,0,0.0,0.0,0.0,0.0,25.0,56.7,1.0,13.0,1.0,2.1,1.4,28.0,29.8,97.4,44.8,17.0,8.4,26.0,35.5,49.4,23.9,22.5,30.2,62.4,2.6,17.1,9.3,6.6,39.6,7.7,0.0,73.5,75.4,39.3,7.8,0.0,36.1,72.2,84.2,18.0,0.0,36.1,1596.1,16.00,22,22,22,52,74,560,1,2,Yes,No,No,No,No,No,No,No,No,No,Yes,No,No,No,No,No,No,No,No,No,No,No,No,No,No,No,No,No,No,No,No,No,No,No,No,No,No,No,48.0,55,55,56,88.0,100.0,No,No,21506,55883,0.0,0.0,0.0,0.000,0.000,2390,878,12.429,41.633,100.0,0.000,22.9,43.5,67.3,13.0,12.1,12.0,12.0,43.5,60.3,13.1,12.1,12.0,12.0,23.01,76.72,14.85,14.45,83.22,83.22,0.77,2.06,23.01,0.00,11.45,0,
1.2.2026,21:37:52.033,6415,1981,76.4,5318,2566,67.4,0.3,1.129,1.126,1.122,1.167,1.127,1.127,1.147,1.117,1.101,1.146,1.106,1.031,0.763,3172.2,4289.5,4289.5,3391.7,3391.7,3391.7,3391.7,997.6,1795.6,3391.7,3391.7,99.8,3691.0,423.0,1027.3,3.8,809.1,1.4,1.6,1.3,1243.1,606.0,974.9,362.2,18.4,27.3,461.7,21.6,25.4,0.0,19.9,0.0,0.0,0.0,58.8,40.0,68.9,34.6,12.0,0.0,68.9,21.6,100.0,40.7,77.5,0.1,60.8,0.1,0.1,0.1,135.7,67.0,107.2,34.8,1.7,3.0,40.6,31.8,43.0,43.0,34.0,34.0,34.0,34.0,10.0,18.0,34.0,34.0,37.0,56,48,47,64,64,64,64,53,53,53,53,44,52,53,36,36,36,36,47,47,47,47,64,64,No,No,No,No,No,No,No,No,No,No,No,No,No,No,No,No,No,No,No,No,No,No,No,No,No,No,No,No,No,No,No,No,No,No,No,No,56,56,51,54,0.222,0.000,0.000,0.000,0.000,0.000,0.000,0.000,1.200,5.625,19.485,16.087,0.010,26.338,2.764,0.240,0.056,45.0,40.0,55.0,55.0,3.000,300.0,2.3,0.0,0.0,0.0,0.0,638,0,0.0,0.0,0.0,0.0,20.2,27.3,0.1,21.8,0.1,0.1,0.0,60.4,32.2,68.8,29.8,0.6,0.8,5.3,14.5,7.0,0.0,0.0,0.0,0.0,31.1,0.0,0.0,0.0,57.4,0.0,0.0,99.9,99.9,38.3,67.4,0.1,70.0,99.3,99.1,61.6,55.0,68.2,1596.1,16.00,22,22,22,52,74,560,1,2,Yes,No,No,No,No,No,No,No,No,No,Yes,No,No,No,No,No,No,No,No,No,No,No,No,No,No,No,No,No,No,No,No,No,No,No,No,No,No,No,48.0,55,55,55,88.0,100.0,No,No,21506,55883,2.0,0.1,2.0,0.094,0.035,2390,878,12.430,41.633,100.0,0.000,22.9,43.5,67.3,11.9,11.9,11.9,11.9,43.5,60.3,12.0,12.0,12.0,12.0,23.01,83.84,14.85,14.45,84.27,84.27,0.76,2.19,23.01,0.00,12.29,0,
1.2.2026,21:37:52.144,6415,1981,76.4,5318,2566,67.4,0.3,1.129,1.126,1.122,1.167,1.127,1.127,1.147,1.117,1.101,1.146,1.106,1.031,0.763,3172.2,4289.5,4289.5,3391.7,3391.7,3391.7,3391.7,997.6,1795.6,3391.7,3391.7,99.8,3691.0,423.0,1027.3,3.8,809.1,1.4,1.6,1.3,1243.1,606.0,974.9,362.2,18.4,27.3,461.7,21.6,25.4,0.0,19.9,0.0,0.0,0.0,58.8,40.0,68.9,34.6,12.0,0.0,68.9,21.6,100.0,40.7,77.5,0.1,60.8,0.1,0.1,0.1,135.7,67.0,107.2,34.8,1.7,3.0,40.6,31.8,43.0,43.0,34.0,34.0,34.0,34.0,10.0,18.0,34.0,34.0,37.0,56,48,47,64,64,64,64,53,53,53,53,44,52,53,36,36,36,36,47,47,47,47,64,64,No,No,No,No,No,No,No,No,No,No,No,No,No,No,No,No,No,No,No,No,No,No,No,No,No,No,No,No,No,No,No,No,No,No,No,No,58,58,52,54,0.222,0.000,0.000,0.000,0.000,0.000,0.000,0.000,1.200,13.750,10.083,6.917,0.010,17.440,2.606,0.132,0.057,45.0,40.0,55.0,55.0,16.000,300.0,4.6,0.0,0.0,0.0,0.0,638,0,0.0,0.0,0.0,0.0,20.2,27.3,0.1,21.8,0.1,0.1,0.0,60.4,32.2,68.8,29.8,0.6,0.8,5.3,14.5,7.0,0.0,0.0,0.0,0.0,31.1,0.0,0.0,0.0,57.4,0.0,0.0,99.9,99.9,38.3,67.4,0.1,70.0,99.3,99.1,61.6,55.0,68.2,1596.1,16.00,22,22,22,52,74,560,1,2,Yes,No,No,No,No,No,No,No,No,No,Yes,No,No,No,No,No,No,No,No,No,No,No,No,No,No,No,No,No,No,No,No,No,No,No,No,No,No,No,48.0,55,55,56,88.0,100.0,No,No,21506,55883,2.0,0.1,2.0,0.094,0.035,2390,878,12.430,41.633,100.0,0.000,22.9,43.5,67.3,11.9,11.9,11.9,11.9,43.5,60.3,12.0,12.0,12.0,12.0,23.01,83.84,14.85,14.45,84.27,84.27,0.76,2.19,23.01,0.00,12.29,0,
1.2.2026,21:37:52.254,6417,1979,76.4,5317,2567,67.4,0.3,0.911,0.873,0.783,0.848,0.838,0.838,0.838,0.835,1.090,1.085,1.085,1.028,0.766,2314.3,2194.6,2194.6,997.6,2194.6,2194.6,2194.6,997.6,3391.7,3391.7,3391.7,99.8,2793.2,619.9,1058.8,7.2,1310.6,7.6,29.8,3.8,1123.6,1012.9,1569.8,941.3,244.6,129.0,569.3,21.7,24.4,0.0,29.4,21.3,0.0,0.0,33.0,30.5,84.4,31.8,6.1,0.0,84.4,21.7,100.0,59.2,79.2,0.4,99.6,0.5,3.2,0.4,122.2,111.8,165.7,90.3,24.3,12.4,59.2,23.2,22.0,22.0,10.0,22.0,22.0,22.0,10.0,34.0,34.0,34.0,28.0,53,49,48,55,55,55,55,53,53,53,53,47,51,52,45,45,45,45,47,47,47,47,56,55,No,No,No,No,No,No,No,No,No,No,No,No,No,No,No,No,No,No,No,No,No,No,No,No,No,No,No,No,No,No,No,No,No,No,No,No,61,61,52,55,0.222,0.000,0.000,0.000,0.000,0.000,0.000,0.000,1.200,22.188,16.924,13.597,0.027,23.576,2.678,0.224,0.056,45.0,40.0,55.0,55.0,23.000,300.0,4.4,0.0,0.0,0.0,0.0,638,0,0.0,0.0,0.0,0.0,21.8,26.7,0.3,31.2,0.2,1.0,0.1,34.9,31.9,83.1,38.2,8.3,5.7,8.3,18.7,9.4,0.0,0.0,24.7,3.9,15.5,11.2,0.0,0.0,53.4,0.0,0.0,98.9,99.8,38.2,62.1,1.0,48.3,91.5,94.1,54.2,51.2,57.1,1596.1,16.00,22,22,22,52,74,560,1,2,Yes,No,No,No,No,No,No,No,No,No,Yes,No,No,No,No,No,No,No,No,No,No,No,No,No,No,No,No,No,No,No,No,No,No,No,No,No,No,No,47.0,55,55,56,88.0,100.0,No,No,21506,55883,0.0,0.0,0.0,0.000,0.000,2390,879,12.430,41.633,100.0,0.000,22.9,38.6,64.5,11.9,11.9,11.9,11.9,38.6,60.3,12.0,12.0,12.0,12.0,25.92,84.27,15.51,15.50,84.27,84.27,0.69,2.65,25.92,0.00,18.90,0,
1.2.2026,21:37:52.365,6421,1974,76.4,5317,2567,67.4,0.3,1.124,1.110,1.133,1.083,1.083,1.083,1.178,1.073,1.123,1.188,1.188,1.028,0.766,2853.0,4289.5,4289.5,3391.7,3391.7,3391.7,3391.7,3391.7,997.6,997.6,997.6,99.8,3691.0,336.3,541.9,2.0,961.3,2.3,8.2,1.7,895.6,244.2,1151.8,186.7,13.1,27.3,332.1,17.3,14.4,0.0,27.0,0.0,12.6,0.0,54.3,17.1,67.9,0.9,0.0,13.2,67.9,17.3,100.0,31.1,39.5,0.1,71.9,0.1,0.9,0.1,97.2,27.0,122.8,9.6,1.4,3.1,31.1,28.6,43.0,43.0,34.0,34.0,34.0,34.0,34.0,10.0,10.0,10.0,37.0,55,48,53,57,57,57,57,55,55,55,55,45,52,47,43,43,43,43,45,45,45,45,57,57,No,No,No,No,No,No,No,No,No,No,No,No,No,No,No,No,No,No,No,No,No,No,No,No,No,No,No,No,No,No,No,No,No,No,No,No,55,55,50,54,0.222,0.000,0.000,0.000,0.000,0.000,0.000,0.000,1.200,3.125,15.278,12.141,0.023,22.150,2.516,0.208,0.056,45.0,40.0,55.0,55.0,2.000,300.0,4.8,0.0,0.0,0.0,0.0,638,0,0.0,0.0,0.0,0.0,16.7,17.6,0.1,29.8,0.2,0.3,0.1,56.4,19.0,69.3,6.6,0.5,1.0,4.8,12.8,16.2,0.0,0.0,2.1,0.0,7.9,8.6,0.0,0.0,62.4,0.0,0.0,99.7,99.9,39.4,80.7,21.8,84.1,99.4,98.9,58.3,65.3,51.2,1596.1,16.00,22,22,22,52,74,560,1,2,Yes,No,No,No,No,No,No,No,No,No,Yes,No,No,No,No,No,No,No,No,No,No,No,No,No,No,No,No,No,No,No,No,No,No,No,No,No,No,No,48.0,55,55,56,88.0,100.0,No,No,21506,55883,0.0,0.0,0.0,0.000,0.000,2390,879,12.430,41.633,100.0,0.000,22.9,35.8,63.9,11.9,11.9,11.9,11.9,35.8,60.3,12.0,12.0,12.0,12.0,27.93,84.27,15.64,15.55,84.27,84.27,0.65,2.76,27.93,0.00,21.96,0,
1.2.2026,21:37:52.463,6418,1978,76.4,5312,2572,67.3,0.3,1.129,1.152,1.151,1.135,1.135,1.135,1.161,1.141,1.086,1.096,1.096,1.028,0.763,3092.4,4289.5,4289.5,997.6,997.6,3391.7,3391.7,3391.7,3391.7,3391.7,3391.7,99.8,3691.0,724.8,919.8,4.4,2857.0,4.8,10.6,9.0,876.3,843.7,1519.2,1399.5,227.8,25.0,690.7,29.5,20.5,35.5,63.0,35.5,0.0,0.0,26.7,32.9,62.1,60.7,17.2,0.0,63.0,29.5,100.0,68.7,67.6,0.3,218.0,0.2,1.0,0.9,93.2,90.4,169.5,156.1,24.9,2.5,68.4,31.0,43.0,43.0,10.0,10.0,34.0,34.0,34.0,34.0,34.0,34.0,37.0,57,52,56,56,56,56,56,59,59,59,59,43,48,44,44,44,44,44,41,41,41,41,59,59,No,No,No,No,No,No,No,No,No,No,No,No,No,No,No,No,No,No,No,No,No,No,No,No,No,No,No,No,No,No,No,No,No,No,No,No,65,65,51,54,0.222,0.000,0.000,0.000,0.000,0.000,0.000,0.000,1.200,18.438,8.686,5.828,0.008,15.886,2.277,0.157,0.057,45.0,40.0,55.0,55.0,19.000,300.0,5.3,0.0,0.0,0.0,0.0,638,0,0.0,0.0,0.0,0.0,23.8,22.9,0.2,64.9,0.1,0.4,0.3,29.3,35.2,63.1,61.2,6.9,0.8,10.2,34.3,4.9,0.0,0.0,39.1,20.0,3.4,0.0,0.0,0.0,54.6,0.0,12.3,99.4,99.6,29.8,43.4,31.1,38.5,92.8,99.0,27.9,39.8,15.9,1596.1,16.00,22,22,22,52,74,560,1,2,Yes,No,No,No,No,No,No,No,No,No,Yes,No,No,No,No,No,No,No,No,No,No,No,No,No,No,No,No,No,No,No,No,No,No,No,No,No,No,No,48.0,55,55,55,88.0,100.0,No,No,21506,55883,0.0,0.0,0.0,0.000,0.000,2390,879,12.430,41.633,100.0,0.000,22.9,34.3,64.0,11.9,11.9,11.9,11.9,34.3,60.3,12.0,12.0,12.0,12.0,29.16,84.27,15.63,15.55,84.27,84.27,0.64,2.99,29.16,0.00,24.32,0,
1.2.2026,21:37:52.574,6421,1974,76.4,5319,2564,67.4,0.3,1.134,1.131,1.126,1.101,1.101,1.141,1.141,1.151,1.151,1.152,1.137,1.033,0.763,3032.6,4588.8,4588.8,3192.2,3192.2,3192.2,3192.2,997.6,3192.2,997.6,3192.2,99.8,3691.0,922.0,2476.1,23.6,3283.4,20.6,20.3,16.5,832.4,820.5,1321.5,714.5,1232.5,302.1,936.7,27.9,58.0,0.0,75.1,0.0,0.0,0.0,32.2,26.3,45.4,27.5,62.0,8.4,75.1,27.9,100.0,85.9,190.2,1.6,250.8,1.4,2.0,1.6,91.7,90.4,147.7,86.5,133.9,33.6,86.2,30.4,46.0,46.0,32.0,32.0,32.0,32.0,10.0,32.0,10.0,32.0,37.0,61,70,65,58,58,58,58,61,61,61,61,39,30,35,42,42,42,42,39,39,39,39,70,70,No,No,No,No,No,No,No,No,No,No,No,No,No,No,No,No,No,No,No,No,No,No,No,No,No,No,No,No,No,No,No,No,No,No,No,No,69,69,52,54,0.222,0.000,0.000,0.000,0.000,0.000,0.000,0.000,1.200,21.250,19.949,16.754,0.014,26.550,2.545,0.249,0.056,45.0,40.0,55.0,55.0,18.000,300.0,5.5,0.0,0.0,0.0,0.0,638,0,0.0,0.0,0.0,0.0,29.0,59.9,0.7,76.6,0.5,0.8,0.6,33.4,27.9,46.2,26.3,65.8,9.9,15.1,24.4,18.1,0.0,0.0,29.3,36.4,42.7,0.0,0.0,0.0,48.8,8.5,5.3,98.9,99.1,36.0,34.2,9.7,72.5,34.1,89.8,2.9,5.9,0.0,1596.1,16.00,22,22,22,52,74,560,1,2,Yes,No,No,No,No,No,No,No,No,No,Yes,No,No,No,No,No,No,No,No,No,No,No,No,No,No,No,No,No,No,No,No,No,No,No,No,No,No,No,47.0,55,55,59,88.0,100.0,No,No,21506,55883,13.4,0.0,13.4,17.681,0.000,2392,879,12.430,41.633,100.0,0.000,22.9,31.1,64.0,11.9,11.9,11.9,11.9,31.1,60.3,12.0,12.0,12.0,12.0,32.19,84.27,15.62,15.55,84.27,84.27,0.65,3.43,32.19,0.00,27.96,0,
1.2.2026,21:37:52.680,6421,1974,76.4,5319,2564,67.4,0.3,1.134,1.131,1.126,1.101,1.101,1.141,1.141,1.151,1.151,1.152,1.137,1.033,0.763,3032.6,4588.8,4588.8,3192.2,3192.2,3192.2,3192.2,997.6,3192.2,997.6,3192.2,99.8,3691.0,922.0,2476.1,23.6,3283.4,20.6,20.3,16.5,832.4,820.5,1321.5,714.5,1232.5,302.1,936.7,27.9,58.0,0.0,75.1,0.0,0.0,0.0,32.2,26.3,45.4,27.5,62.0,8.4,75.1,27.9,100.0,85.9,190.2,1.6,250.8,1.4,2.0,1.6,91.7,90.4,147.7,86.5,133.9,33.6,86.2,30.4,46.0,46.0,32.0,32.0,32.0,32.0,10.0,32.0,10.0,32.0,37.0,61,70,65,58,58,58,58,61,61,61,61,39,30,35,42,42,42,42,39,39,39,39,70,70,No,No,No,No,No,No,No,No,No,No,No,No,No,No,No,No,No,No,No,No,No,No,No,No,No,No,No,No,No,No,No,No,No,No,No,No,77,77,51,55,0.222,0.000,0.000,0.000,0.000,0.000,0.000,0.000,1.200,27.500,22.967,18.840,0.014,31.029,3.440,0.252,0.059,45.0,40.0,55.0,55.0,29.000,300.0,2.9,0.0,0.0,0.0,0.0,638,0,0.0,0.0,0.0,0.0,29.0,59.9,0.7,76.6,0.5,0.8,0.6,33.4,27.9,46.2,26.3,65.8,9.9,15.1,24.4,18.1,0.0,0.0,29.3,36.4,42.7,0.0,0.0,0.0,48.8,8.5,5.3,98.9,99.1,36.0,34.2,9.7,72.5,34.1,89.8,2.9,5.9,0.0,1596.1,16.00,22,22,22,52,74,560,1,2,Yes,No,No,No,No,No,No,No,No,No,Yes,No,No,No,No,No,No,No,No,No,No,No,No,No,No,No,No,No,No,No,No,No,No,No,No,No,No,No,47.0,55,55,59,88.0,100.0,No,No,21506,55883,13.4,0.0,13.4,17.681,0.000,2392,879,12.430,41.633,100.0,0.000,22.9,31.1,64.0,11.9,11.9,11.9,11.9,31.1,60.3,12.0,12.0,12.0,12.0,32.19,84.27,15.62,15.55,84.27,84.27,0.65,3.43,32.19,0.00,27.96,0,
1.2.2026,21:37:52.797,6402,1993,76.2,5316,2568,67.4,0.3,1.143,1.163,1.148,1.118,1.118,1.118,1.118,1.158,1.158,1.167,1.167,1.099,0.763,3551.3,4588.8,4588.8,3192.2,3192.2,3192.2,3192.2,3391.7,3391.7,3391.7,3391.7,99.8,3990.2,1089.6,3980.7,19.7,935.7,3.0,12.5,6.1,430.3,505.9,936.3,1322.5,1848.3,3073.6,736.7,37.0,90.4,13.2,45.0,0.0,13.5,13.1,27.6,21.9,32.5,45.2,55.5,86.4,90.4,37.0,100.0,109.3,301.6,1.5,88.8,0.1,2.4,1.0,60.4,72.7,122.6,167.3,182.9,310.8,109.4,35.6,46.0,46.0,32.0,32.0,32.0,32.0,34.0,34.0,34.0,34.0,40.0,67,77,62,62,62,62,62,71,71,71,72,33,23,38,38,38,38,38,29,29,29,28,77,77,No,No,No,No,No,No,No,No,No,No,No,No,No,No,No,No,No,No,No,No,No,No,No,No,No,No,No,No,No,No,No,No,No,No,No,No,75,75,51,55,0.222,0.000,0.000,0.000,0.000,0.000,0.000,0.000,1.200,16.875,26.315,22.982,0.018,33.593,2.737,0.171,0.056,45.0,40.0,55.0,55.0,22.000,300.0,4.5,0.0,0.0,0.0,0.0,638,0,0.0,0.0,0.0,0.0,30.0,87.7,0.5,23.4,0.1,0.5,0.2,13.6,16.7,28.6,40.0,55.2,93.0,21.0,12.2,76.6,0.0,0.0,13.3,24.6,71.4,11.0,0.4,0.0,42.5,0.0,0.0,99.2,99.7,71.5,56.4,0.0,48.0,43.4,6.9,0.0,0.0,0.0,1596.1,16.00,22,22,22,52,74,560,1,2,Yes,No,No,No,No,No,No,No,No,No,Yes,No,No,No,No,No,No,No,No,No,No,No,No,No,No,No,No,No,No,No,No,No,No,No,No,No,No,No,48.0,55,55,56,88.0,100.0,No,No,21506,55883,12.1,0.0,12.1,5.489,0.000,2393,879,12.430,41.633,100.0,0.000,22.9,26.9,62.8,9.3,8.7,8.6,8.6,26.9,60.3,9.2,8.6,8.6,8.6,37.17,108.08,15.92,15.86,116.01,116.01,0.74,5.43,37.17,0.00,31.02,0,
1.2.2026,21:37:52.906,6403,1993,76.2,5316,2568,67.4,0.3,0.854,0.897,0.802,0.877,0.872,0.872,0.872,0.862,0.847,0.852,0.787,0.826,0.763,1685.9,2394.1,2394.1,2394.1,997.6,2394.1,997.6,2294.4,997.6,997.6,997.6,99.8,1795.6,759.1,1976.9,14.1,1895.0,48.1,10.4,9.5,659.9,763.9,1076.9,683.1,1596.7,374.7,672.2,26.6,44.8,0.0,34.8,22.2,0.0,0.0,29.1,33.5,42.2,29.5,83.2,0.0,83.2,26.6,100.0,73.3,151.8,1.0,148.7,3.6,1.0,0.9,70.8,81.1,115.2,73.7,181.7,49.9,73.3,16.9,24.0,24.0,24.0,10.0,24.0,10.0,23.0,10.0,10.0,10.0,18.0,56,52,51,58,58,58,58,57,57,58,58,44,48,49,42,42,42,42,43,43,42,42,58,58,No,No,No,No,No,No,No,No,No,No,No,No,No,No,No,No,No,No,No,No,No,No,No,No,No,No,No,No,No,No,No,No,No,No,No,No,73,73,54,55,0.222,0.000,0.000,0.000,0.000,0.000,0.000,0.000,1.200,24.688,29.255,25.352,0.024,37.175,3.247,0.240,0.055,45.0,40.0,55.0,55.0,27.000,300.0,3.7,0.0,0.0,0.0,0.0,638,0,0.0,0.0,0.0,0.0,24.4,46.1,0.4,44.5,1.2,0.4,0.3,20.7,26.9,36.4,21.3,83.5,11.2,9.3,33.5,6.3,0.0,0.0,10.1,13.8,21.0,8.5,0.0,0.0,59.2,20.3,33.2,99.5,99.6,67.7,57.6,40.7,68.7,16.2,88.6,7.8,0.0,15.6,1596.1,16.00,22,22,22,52,74,560,1,2,Yes,No,No,No,No,No,No,No,No,No,Yes,No,No,No,No,No,No,No,No,No,No,No,No,No,No,No,No,No,No,No,No,No,No,No,No,No,No,No,48.0,55,55,62,88.0,100.0,No,No,21506,55883,3.0,0.0,3.0,1.790,0.000,2393,879,12.430,41.633,100.0,0.000,22.9,26.4,62.8,8.9,8.6,8.6,8.6,26.4,60.3,8.9,8.6,8.6,8.6,37.85,112.28,15.92,15.86,116.01,116.01,0.78,5.45,37.85,0.00,34.91,0,
1.2.2026,21:37:53.016,6421,1974,76.4,5325,2559,67.5,0.3,1.136,1.122,1.152,1.162,1.152,1.174,1.136,1.146,1.106,1.106,1.106,1.031,0.763,3092.4,4289.5,4289.5,997.6,3391.7,3391.7,997.6,3391.7,3391.7,3391.7,3391.7,99.8,3691.0,444.7,1098.3,2.6,865.1,2.2,1.9,1.7,1022.1,630.5,1023.0,250.9,436.2,1.7,453.0,19.2,29.7,0.0,34.1,0.0,13.2,13.2,49.3,25.1,50.3,7.4,7.6,0.0,50.3,19.2,100.0,43.1,83.2,0.1,64.6,0.1,0.1,0.1,109.4,68.0,112.2,27.9,51.5,0.1,43.1,31.0,43.0,43.0,10.0,34.0,34.0,10.0,34.0,34.0,34.0,34.0,37.0,57,51,46,65,65,65,65,55,55,53,53,43,49,54,35,35,35,35,45,45,47,47,65,65,No,No,No,No,No,No,No,No,No,No,No,No,No,No,No,No,No,No,No,No,No,No,No,No,No,No,No,No,No,No,No,No,No,No,No,No,56,56,51,55,0.222,0.000,0.000,0.000,0.000,0.000,0.000,0.000,1.200,7.813,21.440,17.847,0.016,29.571,2.986,0.187,0.056,45.0,40.0,55.0,55.0,6.000,300.0,4.3,0.0,0.0,0.0,0.0,638,0,0.0,0.0,0.0,0.0,18.1,31.8,0.1,25.2,0.1,0.1,0.1,51.5,26.4,51.5,8.5,21.8,0.1,3.6,27.4,9.0,0.0,0.0,0.0,0.0,0.0,0.0,0.0,0.0,66.6,3.8,27.3,99.9,99.8,46.6,73.0,46.9,90.9,78.1,99.9,35.9,34.7,37.0,1596.1,16.00,22,22,22,52,74,560,1,2,Yes,No,No,No,No,No,No,No,No,No,Yes,No,No,No,No,No,No,No,No,No,No,No,No,No,No,No,No,No,No,No,No,No,No,No,No,No,No,No,48.0,55,55,57,88.0,100.0,No,No,21506,55883,1.6,0.0,1.6,0.120,0.000,2393,879,12.430,41.633,100.0,0.000,22.9,26.9,62.0,8.9,8.6,8.6,8.6,26.9,60.3,8.9,8.6,8.6,8.6,37.21,112.28,16.12,16.11,116.01,116.01,0.81,4.90,37.21,0.00,33.57,0,
1.2.2026,21:37:53.152,6421,1974,76.4,5325,2559,67.5,0.3,1.136,1.122,1.152,1.162,1.152,1.174,1.136,1.146,1.106,1.106,1.106,1.031,0.763,3092.4,4289.5,4289.5,997.6,3391.7,3391.7,997.6,3391.7,3391.7,3391.7,3391.7,99.8,3691.0,444.7,1098.3,2.6,865.1,2.2,1.9,1.7,1022.1,630.5,1023.0,250.9,436.2,1.7,453.0,19.2,29.7,0.0,34.1,0.0,13.2,13.2,49.3,25.1,50.3,7.4,7.6,0.0,50.3,19.2,100.0,43.1,83.2,0.1,64.6,0.1,0.1,0.1,109.4,68.0,112.2,27.9,51.5,0.1,43.1,31.0,43.0,43.0,10.0,34.0,34.0,10.0,34.0,34.0,34.0,34.0,37.0,57,51,46,65,65,65,65,55,55,53,53,43,49,54,35,35,35,35,45,45,47,47,65,65,No,No,No,No,No,No,No,No,No,No,No,No,No,No,No,No,No,No,No,No,No,No,No,No,No,No,No,No,No,No,No,No,No,No,No,No,62,62,52,55,0.220,0.000,0.000,0.000,0.000,0.000,0.000,0.000,1.200,23.125,11.680,8.497,0.015,18.591,2.602,0.165,0.056,45.0,40.0,55.0,55.0,24.000,300.0,3.8,0.0,0.0,0.0,0.0,638,0,0.0,0.0,0.0,0.0,18.1,31.8,0.1,25.2,0.1,0.1,0.1,51.5,26.4,51.5,8.5,21.8,0.1,3.6,27.4,9.0,0.0,0.0,0.0,0.0,0.0,0.0,0.0,0.0,66.6,3.8,27.3,99.9,99.8,46.6,73.0,46.9,90.9,78.1,99.9,35.9,34.7,37.0,1596.1,16.00,22,22,22,52,74,560,1,2,Yes,No,No,No,No,No,No,No,No,No,Yes,No,No,No,No,No,No,No,No,No,No,No,No,No,No,No,No,No,No,No,No,No,No,No,No,No,No,No,48.0,55,55,57,88.0,100.0,No,No,21506,55883,1.6,0.0,1.6,0.120,0.000,2393,879,12.430,41.633,100.0,0.000,22.9,26.9,62.0,8.9,8.6,8.6,8.6,26.9,60.3,8.9,8.6,8.6,8.6,37.21,112.28,16.12,16.11,116.01,116.01,0.81,4.90,37.21,0.00,33.57,0,
1.2.2026,21:37:53.235,6484,1912,77.2,5354,2530,67.9,0.3,1.134,1.097,1.141,1.141,1.146,1.146,1.146,1.146,1.123,1.126,1.126,1.036,0.763,3411.7,4289.5,4289.5,3192.2,3192.2,3192.2,3192.2,3192.2,3192.2,3192.2,3192.2,99.8,3691.0,1916.5,2612.9,1582.5,2907.4,1887.2,1406.7,1384.7,2308.5,1859.3,2257.4,1978.0,1474.4,1338.6,1993.6,60.5,60.4,61.0,62.5,60.6,41.3,39.2,76.8,58.4,85.9,72.5,53.0,53.9,85.9,60.5,100.0,171.3,213.0,119.7,217.8,119.3,138.6,132.7,249.6,194.7,237.9,199.3,124.2,109.2,171.1,34.2,43.0,43.0,32.0,32.0,32.0,32.0,32.0,32.0,32.0,32.0,37.0,74,75,80,73,73,73,73,72,73,74,74,26,25,20,27,27,27,27,28,27,26,26,75,80,No,No,No,No,No,No,No,No,No,No,No,No,No,No,No,No,No,No,No,No,No,No,No,No,No,No,No,No,No,No,No,No,No,No,No,No,79,79,55,55,0.215,0.000,0.000,0.000,0.000,0.000,0.000,0.000,1.200,35.626,27.262,23.556,0.010,35.937,2.998,0.320,0.056,45.0,40.0,55.0,55.0,42.000,300.0,2.6,0.0,0.0,0.0,0.0,638,0,0.0,0.0,0.0,0.0,60.6,66.5,37.7,69.9,44.7,47.1,46.2,79.4,62.4,87.9,76.5,56.5,52.0,3.0,16.9,0.0,1.9,1.2,6.3,0.9,1.2,1.0,0.0,0.8,27.4,0.0,0.0,50.6,52.3,13.2,36.1,9.6,22.1,43.1,46.6,21.4,14.6,28.1,1596.1,16.00,22,22,22,52,74,560,1,2,Yes,No,No,No,No,No,No,No,No,No,Yes,No,No,No,No,No,No,No,No,No,No,No,No,No,No,No,No,No,No,No,No,No,No,No,No,No,No,No,47.0,55,55,61,88.0,100.0,No,No,21506,55883,17.0,0.0,17.0,15.916,0.023,2396,879,12.430,41.633,100.0,0.000,22.9,27.2,62.0,8.9,8.6,8.6,8.6,27.2,60.3,8.9,8.6,8.6,8.6,36.78,112.58,16.12,16.11,116.01,116.01,0.85,5.20,36.78,0.00,32.14,0,
1.2.2026,21:37:53.385,6491,1904,77.3,5374,2509,68.1,0.3,1.116,1.117,1.118,1.116,1.116,1.114,1.109,1.114,1.118,1.119,1.119,1.033,0.763,3411.7,4289.5,4289.5,3192.2,3192.2,3192.2,3192.2,3192.2,3192.2,3192.2,3192.2,99.8,3691.0,2757.6,2888.3,4170.5,4138.1,1790.1,2294.4,2215.4,2681.7,2366.3,2635.3,2638.8,2527.4,2744.8,2818.1,81.2,66.7,96.5,95.6,71.5,72.6,71.9,86.5,72.5,87.4,85.2,82.9,85.3,96.5,81.2,100.0,273.6,206.4,321.6,315.1,224.0,238.2,235.4,299.0,253.1,301.3,297.3,292.0,299.9,273.7,34.2,43.0,43.0,32.0,32.0,32.0,32.0,32.0,32.0,32.0,32.0,37.0,72,69,67,73,73,74,74,74,73,73,73,28,31,33,27,27,26,26,26,27,27,27,74,74,No,No,No,No,No,No,No,No,No,No,No,No,No,No,No,No,No,No,No,No,No,No,No,No,No,No,No,No,No,No,No,No,No,No,No,No,77,77,56,56,0.220,0.000,0.000,0.000,0.000,0.000,0.000,0.000,1.200,34.376,45.672,40.744,0.028,57.382,4.090,0.357,0.057,45.0,40.0,55.0,55.0,40.000,300.0,5.4,0.0,0.0,0.0,0.0,647,0,0.0,0.0,0.0,0.0,81.4,63.4,97.4,96.8,42.0,74.9,72.6,87.0,77.0,91.4,91.4,87.4,95.2,12.4,0.0,0.0,25.2,27.5,13.1,23.1,8.8,8.8,12.6,4.9,0.0,0.0,0.0,0.0,0.0,0.0,0.0,0.0,0.0,0.1,0.0,0.0,0.0,0.0,1596.1,16.00,22,22,22,52,74,560,1,2,Yes,No,No,No,No,No,No,No,No,No,Yes,No,No,No,No,No,No,No,No,No,No,No,No,No,No,No,No,No,No,No,No,No,No,No,No,No,No,No,48.0,55,55,63,88.0,100.0,No,No,21506,55883,29.2,1.4,30.6,38.895,29.797,2399,881,12.430,41.633,100.0,0.000,22.9,25.3,61.9,8.6,8.6,8.6,8.6,25.3,60.2,8.6,8.6,8.6,8.6,39.56,116.56,16.15,16.14,116.72,116.72,0.87,4.70,39.56,0.00,39.00,0,
1.2.2026,21:37:53.458,6574,1822,78.2,5449,2435,69.1,0.3,1.123,1.111,1.133,1.120,1.117,1.122,1.120,1.142,1.130,1.113,1.125,1.038,0.763,3411.7,4289.5,4289.5,3192.2,3192.2,3192.2,3192.2,3192.2,3192.2,3192.2,3192.2,99.8,3691.0,3177.2,2718.5,3842.8,4179.9,3918.8,3002.6,3006.6,3011.5,3012.0,2838.8,2859.4,2867.2,2867.6,3336.6,85.6,65.7,89.6,98.0,58.1,85.7,84.6,90.0,85.5,91.6,91.4,89.0,97.9,98.0,85.6,100.0,279.1,224.4,299.5,326.3,201.1,287.4,283.0,302.9,286.6,282.2,281.5,275.4,298.6,278.9,34.2,43.0,43.0,32.0,32.0,32.0,32.0,32.0,32.0,32.0,32.0,37.0,74,79,77,75,76,76,77,72,70,70,72,26,21,23,25,24,24,23,28,30,30,28,82,79,No,No,No,No,No,No,No,No,No,No,No,No,No,No,No,No,No,No,No,No,No,No,No,No,No,No,No,No,No,No,No,No,No,No,No,No,87,87,58,56,0.220,0.000,0.000,0.000,0.000,0.000,0.000,0.000,1.200,37.813,41.050,36.311,0.036,52.223,3.948,0.380,0.055,45.0,40.0,55.0,55.0,43.000,300.0,11.6,0.0,0.0,0.0,0.0,693,0,0.0,0.0,0.0,0.0,95.3,69.0,90.0,97.7,91.5,99.1,99.2,99.3,99.3,98.9,99.7,99.9,99.8,0.5,0.4,0.0,0.9,0.8,0.7,0.7,1.1,0.3,0.1,0.2,0.0,0.0,0.0,0.0,0.0,0.0,0.0,0.0,0.0,0.0,0.0,0.0,0.0,0.0,1596.1,16.00,22,22,22,52,74,560,1,2,Yes,No,No,No,No,No,No,No,No,No,Yes,No,No,No,No,No,No,No,No,No,No,No,No,No,No,No,No,No,No,No,No,No,No,No,No,No,No,No,49.0,55,55,64,88.0,100.0,No,No,21506,55883,26.4,0.0,26.5,49.076,0.025,2407,881,12.430,41.633,100.0,0.000,22.9,21.7,65.6,8.6,8.6,8.6,8.6,21.7,60.1,8.6,8.6,8.6,8.6,46.04,116.58,15.24,15.04,116.72,116.72,0.91,4.90,46.04,0.00,48.63,0,
1.2.2026,21:37:53.556,6574,1822,78.2,5449,2435,69.1,0.3,1.123,1.111,1.133,1.120,1.117,1.122,1.120,1.142,1.130,1.113,1.125,1.038,0.763,3411.7,4289.5,4289.5,3192.2,3192.2,3192.2,3192.2,3192.2,3192.2,3192.2,3192.2,99.8,3691.0,3177.2,2718.5,3842.8,4179.9,3918.8,3002.6,3006.6,3011.5,3012.0,2838.8,2859.4,2867.2,2867.6,3336.6,85.6,65.7,89.6,98.0,58.1,85.7,84.6,90.0,85.5,91.6,91.4,89.0,97.9,98.0,85.6,100.0,279.1,224.4,299.5,326.3,201.1,287.4,283.0,302.9,286.6,282.2,281.5,275.4,298.6,278.9,34.2,43.0,43.0,32.0,32.0,32.0,32.0,32.0,32.0,32.0,32.0,37.0,74,79,77,75,76,76,77,72,70,70,72,26,21,23,25,24,24,23,28,30,30,28,82,79,No,No,No,No,No,No,No,No,No,No,No,No,No,No,No,No,No,No,No,No,No,No,No,No,No,No,No,No,No,No,No,No,No,No,No,No,83,83,58,57,0.220,0.000,0.000,0.000,0.000,0.000,0.000,0.000,1.200,32.500,45.871,40.694,0.038,58.138,4.140,0.540,0.056,45.0,40.0,55.0,55.0,39.000,300.0,5.8,0.0,0.0,0.0,0.0,693,0,0.0,0.0,0.0,0.0,95.3,69.0,90.0,97.7,91.5,99.1,99.2,99.3,99.3,98.9,99.7,99.9,99.8,0.5,0.4,0.0,0.9,0.8,0.7,0.7,1.1,0.3,0.1,0.2,0.0,0.0,0.0,0.0,0.0,0.0,0.0,0.0,0.0,0.0,0.0,0.0,0.0,0.0,1596.1,16.00,22,22,22,52,74,560,1,2,Yes,No,No,No,No,No,No,No,No,No,Yes,No,No,No,No,No,No,No,No,No,No,No,No,No,No,No,No,No,No,No,No,No,No,No,No,No,No,No,49.0,55,55,65,88.0,100.0,No,No,21506,55883,26.4,0.0,26.5,49.076,0.025,2407,881,12.430,41.633,100.0,0.000,22.9,21.7,65.6,8.6,8.6,8.6,8.6,21.7,60.1,8.6,8.6,8.6,8.6,46.04,116.58,15.24,15.04,116.72,116.72,0.91,4.90,46.04,0.00,48.63,0,
1.2.2026,21:37:53.669,6603,1793,78.6,5464,2420,69.3,0.3,1.121,1.099,1.100,1.133,1.136,1.120,1.106,1.128,1.138,1.111,1.144,1.038,0.763,3411.7,4289.5,4289.5,3192.2,3192.2,3192.2,3192.2,3192.2,3192.2,3192.2,3192.2,99.8,3691.0,3108.3,4220.9,4253.3,4221.2,4257.6,3020.1,3023.6,3033.4,3049.7,2025.7,2113.9,2034.2,2045.9,3635.0,99.3,97.5,98.5,97.0,98.3,100.0,100.0,100.0,100.0,100.0,100.0,100.0,100.0,100.0,99.3,100.0,329.5,323.0,326.9,320.7,325.8,353.3,353.3,353.3,353.3,311.0,310.9,310.9,310.8,329.6,34.2,43.0,43.0,32.0,32.0,32.0,32.0,32.0,32.0,32.0,32.0,37.0,75,82,80,78,78,79,79,66,70,69,69,25,18,20,22,22,21,21,34,30,31,31,82,82,No,No,No,No,No,No,No,No,No,No,No,No,No,No,No,No,No,No,No,No,No,No,No,No,No,No,No,No,No,No,No,No,No,No,No,No,86,86,58,58,0.215,0.000,0.000,0.000,0.000,0.000,0.000,0.000,1.200,39.688,42.216,37.135,0.020,53.717,4.157,0.487,0.057,45.0,40.0,55.0,55.0,37.000,300.0,3.8,0.0,0.0,0.0,0.0,693,0,0.0,0.0,0.0,0.0,99.7,98.4,99.4,98.7,99.5,100.0,100.0,100.0,100.0,100.0,100.0,100.0,100.0,0.0,0.0,0.0,0.0,0.0,0.0,0.0,0.0,0.0,0.0,0.0,0.0,0.0,0.0,0.0,0.0,0.0,0.0,0.0,0.0,0.0,0.0,0.0,0.0,0.0,1596.1,16.00,22,22,22,52,74,560,1,2,Yes,No,No,No,No,No,No,No,No,No,Yes,No,No,No,No,No,No,No,No,No,No,No,No,No,No,No,No,No,No,No,No,No,No,No,No,No,No,No,49.0,55,55,66,88.0,100.0,No,No,21506,55883,22.0,17.1,39.0,43.469,111.726,2414,901,12.430,41.633,100.0,0.000,22.9,23.4,65.8,8.6,8.6,8.6,8.6,23.4,60.1,8.6,8.6,8.6,8.6,42.76,116.56,15.20,15.03,116.72,116.72,0.86,4.32,42.76,0.00,46.59,0,
1.2.2026,21:37:53.776,5513,2883,65.6,5108,2776,64.7,0.3,1.133,1.124,1.129,1.147,1.104,1.140,1.127,1.137,1.134,1.148,1.137,1.038,0.763,3411.7,4289.5,4289.5,3192.2,3192.2,3192.2,3192.2,3192.2,3192.2,3192.2,3192.2,99.8,3691.0,2951.8,4257.4,4208.4,4227.6,4164.1,2797.9,2802.2,2769.3,2718.0,1951.0,1779.8,1861.1,1884.5,3493.1,99.6,99.5,98.6,99.1,98.3,100.0,100.0,100.0,100.0,100.0,100.0,100.0,100.0,100.0,99.6,100.0,284.6,330.3,327.5,329.8,326.9,307.1,307.1,307.1,307.1,218.8,218.8,218.8,215.7,284.8,34.2,43.0,43.0,32.0,32.0,32.0,32.0,32.0,32.0,32.0,32.0,37.0,76,78,83,78,80,79,78,72,70,70,70,24,22,17,22,20,21,22,28,30,30,30,86,83,No,No,No,No,No,No,No,No,No,No,No,No,No,No,No,No,No,No,No,No,No,No,No,No,No,No,No,No,No,No,No,No,No,No,No,No,84,84,58,58,0.220,0.000,0.000,0.000,0.000,0.000,0.000,0.000,1.200,39.063,42.216,37.135,0.020,53.717,4.157,0.487,0.057,45.0,40.0,55.0,55.0,42.000,300.0,15.6,0.0,0.0,0.0,0.0,695,0,0.0,0.0,0.0,0.0,99.5,99.7,98.5,98.8,97.3,100.0,100.0,100.0,100.0,100.0,100.0,100.0,100.0,0.0,0.0,0.0,0.0,0.0,0.0,0.0,0.0,0.0,0.0,0.0,0.0,0.0,0.0,0.0,0.0,0.0,0.0,0.0,0.0,0.0,0.0,0.0,0.0,0.0,1596.1,16.00,22,22,22,52,74,560,1,2,Yes,No,No,No,No,No,No,No,No,No,Yes,No,No,No,No,No,No,No,No,No,No,No,No,No,No,No,No,No,No,No,No,No,No,No,No,No,No,No,48.0,55,55,65,88.0,100.0,No,No,21506,55883,34.0,9.9,43.9,48.694,61.067,2420,909,12.430,41.633,100.0,0.000,22.9,27.8,83.2,8.9,8.6,8.6,8.6,27.9,60.1,8.9,8.6,8.6,8.6,35.92,112.66,12.02,11.07,116.72,116.72,1.12,3.81,35.92,0.00,38.97,0,
1.2.2026,21:37:53.889,5365,3030,63.9,5020,2863,63.6,0.3,1.167,1.159,1.147,1.164,1.164,1.164,1.171,1.171,1.177,1.177,1.177,1.036,0.763,3411.7,4289.5,4289.5,3192.2,3192.2,3192.2,3192.2,3192.2,3192.2,3192.2,3192.2,99.8,3691.0,3030.0,3952.7,3803.6,4139.0,3899.8,2818.0,2591.9,2610.4,2658.3,2413.0,2358.6,2538.6,2575.8,3309.2,95.0,91.9,89.2,97.8,93.9,98.5,94.4,97.0,97.8,94.6,93.6,96.3,95.1,98.5,95.0,100.0,281.3,303.7,294.6,324.1,311.7,316.6,310.6,312.8,317.5,218.7,214.8,227.1,223.3,281.1,34.2,43.0,43.0,32.0,32.0,32.0,32.0,32.0,32.0,32.0,32.0,37.0,74,76,77,75,75,75,75,73,73,73,73,26,24,23,25,25,25,25,27,27,27,27,77,77,No,No,No,No,No,No,No,No,No,No,No,No,No,No,No,No,No,No,No,No,No,No,No,No,No,No,No,No,No,No,No,No,No,No,No,No,82,82,59,58,0.215,0.000,0.000,0.000,0.000,0.000,0.000,0.000,1.200,32.813,42.640,37.632,0.109,54.455,3.999,0.498,0.056,45.0,40.0,55.0,55.0,41.000,300.0,20.8,0.0,0.0,0.0,0.0,657,0,0.0,0.0,0.0,0.0,91.0,92.4,89.2,97.1,91.1,97.9,87.9,93.1,93.5,86.3,84.7,90.6,88.3,7.8,0.1,0.0,2.1,12.1,6.9,6.5,13.7,15.3,9.4,11.7,0.0,0.0,0.0,0.0,0.0,0.0,0.0,0.0,0.0,0.0,0.0,0.0,0.0,0.0,1596.1,16.00,22,22,22,52,74,560,1,2,Yes,No,No,No,No,No,No,No,No,No,Yes,No,No,No,No,No,No,No,No,No,No,No,No,No,No,No,No,No,No,No,No,No,No,No,No,No,No,No,49.0,55,55,66,88.0,100.0,No,No,21506,55883,60.7,9.3,70.1,44.644,90.599,2426,913,12.430,41.633,100.0,0.000,22.9,32.5,82.1,9.4,8.6,8.6,8.6,32.6,60.1,9.4,8.6,8.6,8.6,30.76,106.70,12.18,11.08,116.72,116.72,1.68,3.35,30.76,0.00,28.71,0,
1.2.2026,21:37:53.999,5365,3030,63.9,5020,2863,63.6,0.3,1.167,1.159,1.147,1.164,1.164,1.164,1.171,1.171,1.177,1.177,1.177,1.036,0.763,3411.7,4289.5,4289.5,3192.2,3192.2,3192.2,3192.2,3192.2,3192.2,3192.2,3192.2,99.8,3691.0,3030.0,3952.7,3803.6,4139.0,3899.8,2818.0,2591.9,2610.4,2658.3,2413.0,2358.6,2538.6,2575.8,3309.2,95.0,91.9,89.2,97.8,93.9,98.5,94.4,97.0,97.8,94.6,93.6,96.3,95.1,98.5,95.0,100.0,281.3,303.7,294.6,324.1,311.7,316.6,310.6,312.8,317.5,218.7,214.8,227.1,223.3,281.1,34.2,43.0,43.0,32.0,32.0,32.0,32.0,32.0,32.0,32.0,32.0,37.0,74,76,77,75,75,75,75,73,73,73,73,26,24,23,25,25,25,25,27,27,27,27,77,77,No,No,No,No,No,No,No,No,No,No,No,No,No,No,No,No,No,No,No,No,No,No,No,No,No,No,No,No,No,No,No,No,No,No,No,No,73,73,56,59,0.220,0.000,0.000,0.000,0.000,0.000,0.000,0.000,1.200,22.188,40.970,35.964,0.120,52.486,4.026,0.463,0.056,45.0,40.0,55.0,55.0,25.000,300.0,12.6,0.0,0.0,0.0,0.0,638,0,0.0,0.0,0.0,0.0,91.0,92.4,89.2,97.1,91.1,97.9,87.9,93.1,93.5,86.3,84.7,90.6,88.3,7.8,0.1,0.0,2.1,12.1,6.9,6.5,13.7,15.3,9.4,11.7,0.0,0.0,0.0,0.0,0.0,0.0,0.0,0.0,0.0,0.0,0.0,0.0,0.0,0.0,1596.1,16.00,22,22,22,52,74,560,1,2,Yes,No,No,No,No,No,No,No,No,No,Yes,No,No,No,No,No,No,No,No,No,No,No,No,No,No,No,No,No,No,No,No,No,No,No,No,No,No,No,49.0,55,55,66,88.0,100.0,No,No,21506,55883,60.7,9.3,70.1,44.644,90.599,2426,913,12.430,41.633,100.0,0.000,22.9,32.5,82.1,9.4,8.6,8.6,8.6,32.6,60.1,9.4,8.6,8.6,8.6,30.76,106.70,12.18,11.08,116.72,116.72,1.68,3.35,30.76,0.00,28.71,0,
1.2.2026,21:37:54.111,5370,3026,63.9,5031,2853,63.8,0.3,1.111,1.120,1.113,1.128,1.128,1.111,1.111,1.111,1.111,1.124,1.120,1.033,0.763,3192.2,4289.5,4289.5,3192.2,3192.2,3192.2,997.6,3192.2,3192.2,3192.2,3192.2,99.8,3691.0,1511.2,3217.6,766.7,3599.7,537.9,1594.9,266.6,1328.3,1226.7,917.2,1307.2,2627.5,744.0,1567.3,39.0,76.5,0.0,81.5,0.0,61.6,0.0,46.7,39.1,28.5,42.0,79.7,12.2,81.5,39.0,100.0,143.7,259.0,59.2,274.6,46.3,191.8,31.7,141.1,119.5,88.4,138.1,281.3,93.1,143.9,32.0,43.0,43.0,32.0,32.0,32.0,10.0,32.0,32.0,32.0,32.0,37.0,70,69,73,69,69,69,69,72,72,71,71,30,31,27,31,31,31,31,28,28,29,29,73,73,No,No,No,No,No,No,No,No,No,No,No,No,No,No,No,No,No,No,No,No,No,No,No,No,No,No,No,No,No,No,No,No,No,No,No,No,75,75,56,58,0.220,0.000,0.000,0.000,0.000,0.000,0.000,0.000,1.200,29.063,32.650,28.259,0.051,42.258,3.648,0.244,0.057,45.0,40.0,55.0,55.0,31.000,300.0,8.1,0.0,0.0,0.0,0.0,638,0,0.0,0.0,0.0,0.0,43.4,78.1,17.9,84.0,12.6,57.6,8.8,45.8,40.8,28.9,41.0,81.9,23.3,27.6,4.5,3.9,26.0,18.5,42.1,56.5,36.8,53.4,18.1,15.7,20.3,0.0,0.0,16.4,72.6,11.4,2.5,33.7,5.3,0.0,60.9,0.0,0.0,0.0,1596.1,16.00,22,22,22,52,74,560,1,2,Yes,No,No,No,No,No,No,No,No,No,Yes,No,No,No,No,No,No,No,No,No,No,No,No,No,No,No,No,No,No,No,No,No,No,No,No,No,No,No,49.0,55,55,67,88.0,100.0,No,No,21506,55883,32.3,2.7,34.9,59.740,53.776,2435,921,12.430,41.633,100.0,0.000,22.9,37.4,82.4,9.6,8.7,8.6,8.6,37.4,60.1,9.6,8.7,8.6,8.6,26.76,104.37,12.13,11.08,116.72,116.72,1.74,2.77,26.76,0.00,20.96,0,
1.2.2026,21:37:54.223,5376,3019,64.0,5039,2845,63.9,0.3,1.113,1.118,1.115,1.115,1.115,1.115,1.105,1.115,1.113,1.101,1.121,1.033,0.763,3431.6,4289.5,4289.5,3192.2,3192.2,3192.2,3391.7,3192.2,3192.2,3192.2,3192.2,99.8,3691.0,1528.4,4270.4,2.2,4280.5,2.8,164.9,4.0,1153.7,2554.3,1204.3,1782.9,1121.6,1798.8,1554.1,48.7,99.7,0.0,99.8,12.5,16.3,12.5,49.1,73.0,45.9,48.7,51.0,75.7,99.8,48.7,100.0,148.6,331.2,0.1,332.3,0.1,18.3,0.3,127.5,277.8,131.3,173.6,135.1,255.8,148.4,34.4,43.0,43.0,32.0,32.0,32.0,34.0,32.0,32.0,32.0,32.0,37.0,68,69,71,68,68,68,68,68,68,66,66,32,31,29,32,32,32,32,32,32,34,34,71,71,No,No,No,No,No,No,No,No,No,No,No,No,No,No,No,No,No,No,No,No,No,No,No,No,No,No,No,No,No,No,No,No,No,No,No,No,71,71,55,59,0.220,0.000,0.000,0.000,0.000,0.000,0.000,0.000,1.200,22.188,33.281,29.010,0.047,43.245,3.578,0.240,0.056,45.0,40.0,55.0,55.0,26.000,300.0,8.3,0.0,0.0,0.0,0.0,638,0,0.0,0.0,0.0,0.0,42.0,99.6,0.1,99.8,0.1,5.2,0.1,36.2,79.1,37.2,55.4,35.0,55.8,20.3,0.4,0.2,0.0,0.0,63.8,21.0,62.5,22.9,25.5,6.3,29.2,0.0,0.0,94.6,99.8,0.0,0.0,0.3,21.2,38.4,37.2,0.0,0.0,0.0,1596.1,16.00,22,22,22,52,74,560,1,2,Yes,No,No,No,No,No,No,No,No,No,Yes,No,No,No,No,No,No,No,No,No,No,No,No,No,No,No,No,No,No,No,No,No,No,No,No,No,No,No,49.0,55,55,67,88.0,100.0,No,No,21506,55883,39.8,5.1,45.0,22.691,31.703,2447,925,12.430,41.633,100.0,0.000,22.9,46.3,81.2,15.0,14.9,14.9,14.9,46.3,60.8,15.0,15.0,15.0,15.0,21.62,66.62,12.32,11.10,67.18,67.18,1.70,2.61,21.62,0.00,10.68,0,
1.2.2026,21:37:54.334,5376,3019,64.0,5039,2845,63.9,0.3,1.113,1.118,1.115,1.115,1.115,1.115,1.105,1.115,1.113,1.101,1.121,1.033,0.763,3431.6,4289.5,4289.5,3192.2,3192.2,3192.2,3391.7,3192.2,3192.2,3192.2,3192.2,99.8,3691.0,1528.4,4270.4,2.2,4280.5,2.8,164.9,4.0,1153.7,2554.3,1204.3,1782.9,1121.6,1798.8,1554.1,48.7,99.7,0.0,99.8,12.5,16.3,12.5,49.1,73.0,45.9,48.7,51.0,75.7,99.8,48.7,100.0,148.6,331.2,0.1,332.3,0.1,18.3,0.3,127.5,277.8,131.3,173.6,135.1,255.8,148.4,34.4,43.0,43.0,32.0,32.0,32.0,34.0,32.0,32.0,32.0,32.0,37.0,68,69,71,68,68,68,68,68,68,66,66,32,31,29,32,32,32,32,32,32,34,34,71,71,No,No,No,No,No,No,No,No,No,No,No,No,No,No,No,No,No,No,No,No,No,No,No,No,No,No,No,No,No,No,No,No,No,No,No,No,71,71,55,58,0.220,0.000,0.000,0.000,0.000,0.000,0.000,0.000,1.200,26.563,29.848,25.859,0.061,39.100,3.326,0.197,0.078,45.0,40.0,55.0,55.0,28.000,300.0,6.1,0.0,0.0,0.0,0.0,638,0,0.0,0.0,0.0,0.0,42.0,99.6,0.1,99.8,0.1,5.2,0.1,36.2,79.1,37.2,55.4,35.0,55.8,20.3,0.4,0.2,0.0,0.0,63.8,21.0,62.5,22.9,25.5,6.3,29.2,0.0,0.0,94.6,99.8,0.0,0.0,0.3,21.2,38.4,37.2,0.0,0.0,0.0,1596.1,16.00,22,22,22,52,74,560,1,2,Yes,No,No,No,No,No,No,No,No,No,Yes,No,No,No,No,No,No,No,No,No,No,No,No,No,No,No,No,No,No,No,No,No,No,No,No,No,No,No,49.0,55,55,67,88.0,100.0,No,No,21506,55883,39.8,5.1,45.0,22.691,31.703,2447,925,12.430,41.633,100.0,0.000,22.9,46.3,81.2,15.0,14.9,14.9,14.9,46.3,60.8,15.0,15.0,15.0,15.0,21.62,66.62,12.32,11.10,67.18,67.18,1.70,2.61,21.62,0.00,10.68,0,
1.2.2026,21:37:54.439,5383,3013,64.1,5060,2824,64.1,0.3,1.113,1.134,1.106,1.111,1.121,1.116,1.112,1.117,1.107,1.103,1.113,1.033,0.763,3431.6,4289.5,4289.5,3192.2,3192.2,3192.2,3192.2,3192.2,3192.2,3192.2,3192.2,99.8,3691.0,1528.4,4285.6,1.7,4287.9,9.0,299.3,160.9,1112.1,2199.6,1574.2,1324.4,2017.3,2465.2,1544.5,48.7,99.9,0.0,99.9,0.0,0.0,0.0,6.8,64.8,25.2,21.7,38.8,53.3,99.9,34.2,100.0,148.6,332.8,0.1,332.8,0.3,31.4,18.1,109.7,235.1,159.4,145.9,196.6,212.0,148.0,34.4,43.0,43.0,32.0,32.0,32.0,32.0,32.0,32.0,32.0,32.0,37.0,68,69,71,68,68,68,68,68,68,66,66,32,31,29,32,32,32,32,32,32,34,34,71,71,No,No,No,No,No,No,No,No,No,No,No,No,No,No,No,No,No,No,No,No,No,No,No,No,No,No,No,No,No,No,No,No,No,No,No,No,71,71,56,58,0.220,0.000,0.000,0.000,0.000,0.000,0.000,0.000,1.200,28.438,29.790,25.927,0.036,39.138,3.136,0.183,0.123,45.0,40.0,55.0,55.0,33.000,300.0,7.1,0.0,0.0,0.0,0.0,638,0,0.0,0.0,0.0,0.0,42.0,99.6,0.1,99.8,0.1,5.2,0.1,36.2,79.1,37.2,55.4,35.0,55.8,20.3,0.4,0.2,0.0,0.0,63.8,21.0,62.5,22.9,25.5,6.3,29.2,0.0,0.0,94.6,99.8,0.0,0.0,0.3,21.2,38.4,37.2,0.0,0.0,0.0,1596.1,16.00,22,22,22,52,74,560,1,2,Yes,No,No,No,No,No,No,No,No,No,Yes,No,No,No,No,No,No,No,No,No,No,No,No,No,No,No,No,No,No,No,No,No,No,No,No,No,No,No,49.0,55,55,67,88.0,100.0,No,No,21506,55883,39.8,5.1,45.0,22.691,31.703,2447,925,12.430,41.633,100.0,0.000,22.9,46.3,81.2,15.0,14.9,14.9,14.9,46.3,60.8,15.0,15.0,15.0,15.0,21.62,66.62,12.32,11.10,67.18,67.18,1.70,2.61,21.62,0.00,10.68,0,
1.2.2026,21:37:54.554,5380,3016,64.0,5057,2827,64.1,0.3,1.111,1.117,1.114,1.117,1.114,1.099,1.106,1.106,1.102,1.125,1.115,1.033,0.761,3431.6,4289.5,4289.5,3192.2,3192.2,3192.2,3192.2,3192.2,3192.2,3192.2,3391.7,99.8,3691.0,1856.1,4276.4,2.8,4285.2,1.7,1418.1,100.0,2067.6,2704.9,1879.0,2065.3,2258.5,1213.2,1857.1,67.9,99.6,30.8,99.9,30.7,55.9,29.7,72.3,88.3,72.2,74.2,71.6,89.4,99.9,67.9,100.0,196.5,331.2,0.1,332.6,0.1,184.4,13.7,217.7,297.6,219.0,230.7,221.2,309.8,196.5,34.4,43.0,43.0,32.0,32.0,32.0,32.0,32.0,32.0,32.0,34.0,37.0,70,68,71,68,68,68,69,72,73,72,72,30,32,29,32,32,32,31,28,27,28,28,73,73,No,No,No,No,No,No,No,No,No,No,No,No,No,No,No,No,No,No,No,No,No,No,No,No,No,No,No,No,No,No,No,No,No,No,No,No,74,74,58,58,0.220,0.000,0.000,0.000,0.000,0.000,0.000,0.000,1.200,24.063,33.372,29.077,0.049,43.374,3.501,0.287,0.122,45.0,40.0,55.0,55.0,30.000,300.0,9.7,0.0,0.0,0.0,0.0,638,0,0.0,0.0,0.0,0.0,52.5,99.6,0.1,100.0,0.0,45.3,3.1,65.6,85.8,58.9,64.6,69.7,38.0,14.2,0.4,0.0,4.6,0.0,22.5,14.2,24.6,24.9,30.4,20.0,22.1,0.0,0.0,48.5,96.6,10.5,0.0,15.4,9.7,0.0,40.7,0.0,0.0,0.0,1596.1,16.00,22,22,22,52,74,560,1,2,Yes,No,No,No,No,No,No,No,No,No,Yes,No,No,No,No,No,No,No,No,No,No,No,No,No,No,No,No,No,No,No,No,No,No,No,No,No,No,No,50.0,55,55,67,88.0,100.0,No,No,21506,55883,16.9,1.6,18.5,8.069,8.787,2450,928,12.430,41.633,100.0,0.000,22.9,51.9,79.7,16.4,15.3,15.2,15.2,51.9,60.9,17.1,15.2,15.0,15.0,19.25,60.81,12.54,11.12,65.75,65.75,1.71,2.27,19.25,0.00,5.36,0,
